{
	"data" : 
	[
		1.5786296129226685,
		1.5786296129226685,
		3.3825564384460449,
		0.78931480646133423,
		7.1034455299377441,
		0.11264865845441818,
		16.574836730957031,
		1.5786296129226685,
		10.486001968383789,
		0.11303576081991196,
		1.8039268255233765,
		19.619058609008789,
		35.179283142089844
	],
	"end" : 13.738333702087402,
	"labels" : 
	[
		"Prep",
		"Scan",
		"Break",
		"Prep",
		"Scan",
		"Break",
		"Scan",
		"Break",
		"Scan",
		"Prep",
		"Break",
		"Scan",
		"Dead"
	],
	"start" : 13.492221832275391
}