{
	"data" : 
	[
		1.043784499168396,
		1.043784499168396,
		1.5654207468032837,
		1.043784499168396,
		5.5168538093566895,
		1.2674891948699951,
		12.52490234375,
		0.074482902884483337,
		1.4164549112319946,
		22.216636657714844,
		0.67085802555084229,
		13.046792984008789,
		0.074482902884483337,
		10.735520362854004,
		27.65875244140625
	],
	"end" : 15.351943969726562,
	"labels" : 
	[
		"Prep",
		"Scan",
		"Break",
		"Prep",
		"Scan",
		"Prep",
		"Scan",
		"Break",
		"Prep",
		"Scan",
		"Prep",
		"Scan",
		"Break",
		"Scan",
		"Dead"
	],
	"start" : 14.979722023010254
}