{
	"data" : 
	[
		0.99667030572891235,
		0.99691480398178101,
		3.916276216506958,
		0.92577642202377319,
		0.99667030572891235,
		2.207489013671875,
		0.56959569454193115,
		4.5570101737976074,
		1.2105742692947388,
		10.538254737854004,
		0.21365951001644135,
		21.219030380249023,
		0.56959569454193115,
		11.606307029724121,
		0.071138352155685425,
		10.182317733764648,
		29.122720718383789
	],
	"end" : 14.128055572509766,
	"labels" : 
	[
		"Prep",
		"Scan",
		"Break",
		"Prep",
		"Scan",
		"Break",
		"Prep",
		"Scan",
		"Prep",
		"Scan",
		"Prep",
		"Scan",
		"Prep",
		"Scan",
		"Break",
		"Scan",
		"Dead"
	],
	"start" : 13.738333702087402
}