{
	"data" : 
	[
		1.1492736339569092,
		1.1492736339569092,
		2.0522339344024658,
		0.57435500621795654,
		7.2236833572387695,
		0.082292273640632629,
		1.4773154258728027,
		13.790719032287598,
		0.2463131844997406,
		24.461660385131836,
		0.65664726495742798,
		14.365638732910156,
		0.081728629767894745,
		11.820777893066406,
		20.768089294433594
	],
	"end" : 16.982778549194336,
	"labels" : 
	[
		"Prep",
		"Scan",
		"Break",
		"Prep",
		"Scan",
		"Break",
		"Prep",
		"Scan",
		"Prep",
		"Scan",
		"Prep",
		"Scan",
		"Prep",
		"Scan",
		"Dead"
	],
	"start" : 16.644721984863281
}