{
	"data" : 
	[
		0.95472407341003418,
		0.95472407341003418,
		2.7274484634399414,
		1.0909794569015503,
		5.1144928932189941,
		1.5685755014419556,
		10.023900032043457,
		0.068361803889274597,
		0.61338329315185547,
		20.593757629394531,
		0.54595792293548584,
		11.114879608154297,
		0.068361803889274597,
		0.13625536859035492,
		9.8876447677612305,
		2.7279167175292969,
		0.067893572151660919,
		9.8876447677612305,
		21.75309944152832
	],
	"end" : 16.644721984863281,
	"labels" : 
	[
		"Prep",
		"Scan",
		"Break",
		"Prep",
		"Scan",
		"Prep",
		"Scan",
		"Break",
		"Prep",
		"Scan",
		"Prep",
		"Scan",
		"Break",
		"Prep",
		"Scan",
		"Break",
		"Break",
		"Scan",
		"Dead"
	],
	"start" : 16.237777709960938
}