{
	"data" : 
	[
		0.58859479427337646,
		1.0166302919387817,
		2.8895153999328613,
		1.7657843828201294,
		0.053458515554666519,
		0.053458515554666519,
		0.37457701563835144,
		1.0702725648880005,
		0.85607105493545532,
		1.5517665147781372,
		0.10691703110933304,
		0.053642220795154572,
		0.37457701563835144,
		1.1771895885467529,
		2.4078376293182373,
		1.2841066122055054,
		1.5517665147781372,
		4.7622165679931641,
		0.10710073262453079,
		1.1771895885467529,
		1.2306480407714844,
		18.085878372192383,
		0.48149403929710388,
		0.53513628244400024,
		0.10691703110933304,
		4.5481991767883301,
		0.053642220795154572,
		0.21401776373386383,
		0.37457701563835144,
		4.5481991767883301,
		0.053458515554666519,
		0.10710073262453079,
		0.90952956676483154,
		0.96317183971405029,
		0.053458515554666519,
		0.053642220795154572,
		0.053458515554666519,
		0.37457701563835144,
		1.0166302919387817,
		8.8823795318603516,
		0.10691703110933304,
		1.1771895885467529,
		0.053642220795154572,
		1.0166302919387817,
		0.053458515554666519,
		0.90971332788467407,
		0.96317183971405029,
		0.053458515554666519,
		0.90952956676483154,
		0.90971332788467407,
		0.053458515554666519,
		0.90971332788467407,
		0.96317183971405029,
		1.391207218170166,
		0.37457701563835144,
		0.90952956676483154,
		0.21401776373386383,
		0.69569551944732666,
		0.90971332788467407,
		21.456705093383789
	],
	"end" : 10.504444122314453,
	"labels" : 
	[
		"Prep",
		"Scan",
		"Break",
		"Prep",
		"Break",
		"Prep",
		"Break",
		"Scan",
		"Break",
		"Prep",
		"Break",
		"Prep",
		"Break",
		"Scan",
		"Break",
		"Prep",
		"Scan",
		"Break",
		"Prep",
		"Scan",
		"Break",
		"Scan",
		"Break",
		"Prep",
		"Break",
		"Scan",
		"Break",
		"Prep",
		"Break",
		"Scan",
		"Break",
		"Prep",
		"Break",
		"Scan",
		"Prep",
		"Break",
		"Prep",
		"Break",
		"Scan",
		"Break",
		"Break",
		"Scan",
		"Prep",
		"Scan",
		"Break",
		"Break",
		"Scan",
		"Prep",
		"Break",
		"Scan",
		"Break",
		"Break",
		"Scan",
		"Prep",
		"Break",
		"Scan",
		"Prep",
		"Break",
		"Scan",
		"Dead"
	],
	"start" : 9.9858331680297852
}