{
	"data" : 
	[
		0.6004941463470459,
		0.054726682603359222,
		1.3647935390472412,
		2.4017891883850098,
		1.5831379890441895,
		0.054726682603359222,
		0.38196226954460144,
		1.146449089050293,
		0.49141564965248108,
		0.10907852649688721,
		0.43668895959854126,
		1.2009882926940918,
		1.3647935390472412,
		0.43668895959854126,
		0.054726682603359222,
		32.644844055175781,
		0.21834447979927063,
		0.49122822284698486,
		4.6401481628417969,
		0.43668895959854126,
		0.38214969635009766,
		4.6401481628417969,
		0.054726682603359222,
		0.10907852649688721,
		0.92810457944869995,
		0.98264390230178833,
		0.54576748609542847,
		0.054726682603359222,
		0.054539263248443604,
		0.38214969635009766,
		0.98264390230178833,
		2.7293996810913086,
		0.054539263248443604,
		0.10926595330238342,
		1.3647935390472412,
		0.054539263248443604,
		0.054539263248443604,
		0.98264390230178833,
		0.054539263248443604,
		0.98264390230178833,
		0.92810457944869995,
		0.054539263248443604,
		0.92810457944869995,
		0.98264390230178833,
		0.054539263248443604,
		0.92810457944869995,
		0.92791718244552612,
		0.054726682603359222,
		0.92791718244552612,
		0.98264390230178833,
		1.0917223691940308,
		0.38214969635009766,
		0.92810457944869995,
		25.111490249633789
	],
	"end" : 15.860278129577637,
	"labels" : 
	[
		"Prep",
		"Break",
		"Scan",
		"Break",
		"Prep",
		"Break",
		"Break",
		"Scan",
		"Prep",
		"Break",
		"Break",
		"Scan",
		"Prep",
		"Break",
		"Prep",
		"Scan",
		"Break",
		"Break",
		"Scan",
		"Prep",
		"Break",
		"Scan",
		"Break",
		"Prep",
		"Break",
		"Scan",
		"Prep",
		"Break",
		"Prep",
		"Break",
		"Scan",
		"Break",
		"Prep",
		"Break",
		"Scan",
		"Prep",
		"Break",
		"Scan",
		"Break",
		"Break",
		"Scan",
		"Break",
		"Break",
		"Scan",
		"Prep",
		"Break",
		"Scan",
		"Break",
		"Break",
		"Scan",
		"Prep",
		"Break",
		"Scan",
		"Dead"
	],
	"start" : 15.351943969726562
}