{
	"data" : 
	[
		0.81318086385726929,
		0.81318086385726929,
		1.5099080801010132,
		4.2980136871337891,
		0.058226775377988815,
		0.98746228218078613,
		9.7577705383300781,
		0.057827964425086975,
		0.46461775898933411,
		17.308507919311523,
		0.46461775898933411,
		10.919116020202637,
		0.11645355075597763,
		8.2474641799926758,
		44.083652496337891
	],
	"end" : 17.914443969726562,
	"labels" : 
	[
		"Prep",
		"Scan",
		"Break",
		"Scan",
		"Break",
		"Prep",
		"Scan",
		"Break",
		"Prep",
		"Scan",
		"Prep",
		"Scan",
		"Prep",
		"Scan",
		"Dead"
	],
	"start" : 17.436666488647461
}