{
	"data" : 
	[
		1.0289393663406372,
		1.0291918516159058,
		3.7490546703338623,
		0.073441594839096069,
		5.8074383735656738,
		0.073441594839096069,
		1.2497689723968506,
		12.349544525146484,
		0.073441594839096069,
		2.2055191993713379,
		21.832344055175781,
		0.07369396835565567,
		0.58803749084472656,
		11.981831550598145,
		0.07369396835565567,
		0.58803749084472656,
		10.365107536315918,
		26.757472991943359
	],
	"end" : 16.237777709960938,
	"labels" : 
	[
		"Prep",
		"Scan",
		"Break",
		"Prep",
		"Scan",
		"Break",
		"Prep",
		"Scan",
		"Break",
		"Prep",
		"Scan",
		"Break",
		"Prep",
		"Scan",
		"Break",
		"Prep",
		"Scan",
		"Dead"
	],
	"start" : 15.860278129577637
}