{
	"data" : 
	[
		0.47395554184913635,
		0.90040171146392822,
		0.71085196733474731,
		0.42644608020782471,
		1.3270105123519897,
		0.42644608020782471,
		0.90056431293487549,
		0.37909936904907227,
		6.7769298553466797,
		0.047346740961074829,
		0.33175262808799744,
		6.8242764472961426,
		0.047346740961074829,
		0.33175262808799744,
		6.6820735931396484,
		1.6112536191940308,
		7.7721877098083496,
		10.33119010925293,
		0.52130228281021118,
		0.33175262808799744,
		0.90040171146392822,
		2.9382638931274414,
		0.094693481922149658,
		0.047509446740150452,
		1.0899512767791748,
		0.047346740961074829,
		0.33175262808799744,
		0.85305494070053101,
		0.047346740961074829,
		0.80570811033248901,
		0.90040171146392822,
		0.047346740961074829,
		0.80570811033248901,
		0.85305494070053101,
		0.047346740961074829,
		0.80570811033248901,
		0.90040171146392822,
		0.42644608020782471,
		0.80570811033248901,
		0.85305494070053101,
		39.144855499267578
	],
	"end" : 13.016944885253906,
	"labels" : 
	[
		"Prep",
		"Scan",
		"Break",
		"Prep",
		"Scan",
		"Break",
		"Prep",
		"Break",
		"Scan",
		"Prep",
		"Break",
		"Scan",
		"Break",
		"Break",
		"Scan",
		"Prep",
		"Scan",
		"Break",
		"Prep",
		"Break",
		"Scan",
		"Break",
		"Prep",
		"Break",
		"Scan",
		"Prep",
		"Break",
		"Scan",
		"Break",
		"Break",
		"Scan",
		"Prep",
		"Break",
		"Scan",
		"Break",
		"Break",
		"Scan",
		"Prep",
		"Break",
		"Scan",
		"Dead"
	],
	"start" : 12.431388854980469
}