{
	"data" : 
	[
		0.48615515232086182,
		0.44891661405563354,
		1.1594016551971436,
		0.63587963581085205,
		0.44878822565078735,
		0.97243869304656982,
		0.52365046739578247,
		1.1220347881317139,
		0.52365046739578247,
		0.44878822565078735,
		0.33655905723571777,
		0.29932054877281189,
		10.809055328369141,
		0.037366919219493866,
		0.86020952463150024,
		2.3189318180084229,
		0.33668747544288635,
		0.074733838438987732,
		12.978390693664551,
		0.074862241744995117,
		9.3504610061645508,
		0.86020952463150024,
		10.809055328369141,
		4.5256342887878418,
		0.22445830702781677,
		7.1436295509338379,
		0.03749532625079155,
		9.3878278732299805,
		0.037366919219493866,
		10.846549987792969,
		11.781493186950684
	],
	"end" : 12.431388854980469,
	"labels" : 
	[
		"Prep",
		"Scan",
		"Break",
		"Prep",
		"Scan",
		"Break",
		"Prep",
		"Scan",
		"Prep",
		"Scan",
		"Break",
		"Prep",
		"Scan",
		"Break",
		"Prep",
		"Break",
		"Break",
		"Break",
		"Scan",
		"Prep",
		"Scan",
		"Prep",
		"Scan",
		"Break",
		"Prep",
		"Scan",
		"Break",
		"Scan",
		"Prep",
		"Scan",
		"Dead"
	],
	"start" : 11.689444541931152
}