{
	"data" : 
	[
		0.81725865602493286,
		0.81745916604995728,
		1.7515835762023926,
		0.40872958302497864,
		4.3206267356872559,
		0.17519845068454742,
		0.35039690136909485,
		10.684700012207031,
		4.3791594505310059,
		5.1378850936889648,
		0.058533117175102234,
		9.0499820709228516,
		0.46706223487854004,
		7.0648674964904785,
		4.8460216522216797,
		8.8164510726928711,
		0.058332666754722595,
		1.0509902238845825,
		11.385494232177734,
		28.259269714355469
	],
	"end" : 13.492221832275391,
	"labels" : 
	[
		"Prep",
		"Scan",
		"Break",
		"Prep",
		"Scan",
		"Break",
		"Prep",
		"Scan",
		"Break",
		"Scan",
		"Break",
		"Scan",
		"Break",
		"Scan",
		"Break",
		"Scan",
		"Break",
		"Prep",
		"Scan",
		"Dead"
	],
	"start" : 13.016944885253906
}