{
	"data" : 
	[
		0.020884402096271515,
		0.020884402096271515,
		0.04176880419254303,
		0.022369561716914177,
		0.10889796912670135,
		0.0074565205723047256,
		0.035797443240880966,
		0.0044759609736502171,
		0.020884402096271515,
		0.18496881425380707,
		0.017893601208925247,
		0.019399244338274002,
		0.020884402096271515,
		0.053691040724515915,
		0.001495401025749743,
		0.21330973505973816,
		0.034312281757593155,
		0.48031052947044373,
		0.001495401025749743,
		0.026845520362257957,
		0.24910719692707062,
		0.011942722834646702,
		0.25059235095977783,
		98.050338745117188
	],
	"end" : 18.258888244628906,
	"labels" : 
	[
		"Prep",
		"Scan",
		"Break",
		"Prep",
		"Scan",
		"Break",
		"Prep",
		"Break",
		"Scan",
		"Break",
		"Break",
		"Prep",
		"Scan",
		"Break",
		"Prep",
		"Scan",
		"Prep",
		"Scan",
		"Break",
		"Prep",
		"Scan",
		"Prep",
		"Scan",
		"Dead"
	],
	"start" : 17.914443969726562
}