{
	"data" : 
	[
		0.67252659797668457,
		1.3450531959533691,
		1.3450531959533691,
		0.54994374513626099,
		0.85598111152648926,
		1.2228901386260986,
		0.55036348104476929,
		5.4410839080810547,
		0.55036348104476929,
		0.42778065800666809,
		9.7209892272949219,
		1.9567080736160278,
		13.022331237792969,
		0.061291437596082687,
		0.060871634632349014,
		9.171046257019043,
		0.48907208442687988,
		0.61123514175415039,
		8.8041372299194336,
		0.42778065800666809,
		6.1749024391174316,
		0.48907208442687988,
		0.61165493726730347,
		0.060871634632349014,
		10.454807281494141,
		0.061291437596082687,
		0.54994374513626099,
		0.18345449864864349,
		13.328368186950684,
		10.699132919311523
	],
	"end" : 17.436666488647461,
	"labels" : 
	[
		"Prep",
		"Scan",
		"Break",
		"Prep",
		"Scan",
		"Break",
		"Prep",
		"Scan",
		"Break",
		"Prep",
		"Scan",
		"Prep",
		"Scan",
		"Prep",
		"Break",
		"Scan",
		"Break",
		"Prep",
		"Scan",
		"Break",
		"Scan",
		"Prep",
		"Break",
		"Prep",
		"Scan",
		"Prep",
		"Break",
		"Break",
		"Scan",
		"Dead"
	],
	"start" : 16.982778549194336
}