{
	"data" : 
	[
		0.30518397688865662,
		0.56330496072769165,
		0.75115388631820679,
		0.21121922135353088,
		0.21129980683326721,
		0.46942082047462463,
		0.28173309564590454,
		0.21121922135353088,
		0.46942082047462463,
		1.3145395517349243,
		0.18776832520961761,
		4.9527320861816406,
		0.6102873682975769,
		0.18776832520961761,
		5.375251293182373,
		0.18776832520961761,
		4.3894271850585938,
		0.02345089428126812,
		0.42251899838447571,
		10.680150032043457,
		0.02345089428126812,
		3.6382730007171631,
		0.79805564880371094,
		4.3189940452575684,
		0.23475068807601929,
		0.21121922135353088,
		1.5257587432861328,
		0.21121922135353088,
		1.5257587432861328,
		1.478776216506958,
		0.21121922135353088,
		0.21129980683326721,
		0.02345089428126812,
		2.3002827167510986,
		51.381874084472656
	],
	"end" : 11.689444541931152,
	"labels" : 
	[
		"Prep",
		"Scan",
		"Break",
		"Prep",
		"Break",
		"Scan",
		"Break",
		"Prep",
		"Scan",
		"Break",
		"Prep",
		"Scan",
		"Break",
		"Prep",
		"Scan",
		"Prep",
		"Scan",
		"Break",
		"Prep",
		"Scan",
		"Prep",
		"Scan",
		"Prep",
		"Scan",
		"Break",
		"Prep",
		"Break",
		"Scan",
		"Break",
		"Prep",
		"Prep",
		"Break",
		"Prep",
		"Scan",
		"Dead"
	],
	"start" : 10.504444122314453
}