{
	"data" : 
	[
		1.0092175006866455,
		1.6301513910293579,
		3.3375861644744873,
		9.4699077606201172,
		0.15536671876907349,
		0.077550113201141357,
		11.332976341247559,
		0.077550113201141357,
		6.5978889465332031,
		0.077550113201141357,
		1.1643177270889282,
		10.168658256530762,
		54.801277160644531
	],
	"end" : 14.979722023010254,
	"labels" : 
	[
		"Prep",
		"Scan",
		"Break",
		"Scan",
		"Break",
		"Prep",
		"Scan",
		"Prep",
		"Scan",
		"Break",
		"Prep",
		"Scan",
		"Dead"
	],
	"start" : 14.622221946716309
}