{
	"data" : 
	[
		0.78621190786361694,
		0.78621190786361694,
		1.235420823097229,
		0.89841771125793457,
		5.1101846694946289,
		0.954520583152771,
		9.4341573715209961,
		0.05610290914773941,
		1.7407324314117432,
		16.734283447265625,
		0.44920885562896729,
		9.2095527648925781,
		0.16850152611732483,
		8.7040481567382812,
		3.3131563663482666,
		0.05610290914773941,
		8.7040481567382812,
		31.559139251708984
	],
	"end" : 14.622221946716309,
	"labels" : 
	[
		"Prep",
		"Scan",
		"Break",
		"Prep",
		"Scan",
		"Prep",
		"Scan",
		"Break",
		"Prep",
		"Scan",
		"Prep",
		"Scan",
		"Prep",
		"Scan",
		"Break",
		"Prep",
		"Scan",
		"Dead"
	],
	"start" : 14.128055572509766
}