{
	"data" : 
	[
		0.44923520088195801,
		0.8534388542175293,
		2.6502254009246826,
		1.1230108737945557,
		0.35932645201683044,
		0.045031469315290451,
		22.414567947387695,
		0.044877249747514725,
		0.35932645201683044,
		0.40435791015625,
		4.1774401664733887,
		0.35932645201683044,
		0.31444919109344482,
		0.8534388542175293,
		1.6620005369186401,
		0.044877249747514725,
		0.31444919109344482,
		3.8181133270263672,
		0.1347859650850296,
		0.76368439197540283,
		0.80856162309646606,
		2.4705619812011719,
		0.13463175296783447,
		0.53914386034011841,
		0.044877249747514725,
		17.428567886352539,
		0.044877249747514725,
		0.31444919109344482,
		0.76368439197540283,
		1.0779793262481689,
		0.17966322600841522,
		0.045031469315290451,
		0.044877249747514725,
		1.0331020355224609,
		0.045031469315290451,
		0.44908097386360168,
		0.80856162309646606,
		0.76368439197540283,
		0.80856162309646606,
		0.044877249747514725,
		0.76353013515472412,
		0.80856162309646606,
		0.80856162309646606,
		0.76368439197540283,
		0.044877249747514725,
		0.35932645201683044,
		0.76368439197540283,
		0.80856162309646606,
		25.783447265625
	],
	"end" : 11.870277404785156,
	"labels" : 
	[
		"Prep",
		"Scan",
		"Break",
		"Prep",
		"Break",
		"Prep",
		"Scan",
		"Break",
		"Prep",
		"Break",
		"Scan",
		"Prep",
		"Break",
		"Scan",
		"Break",
		"Prep",
		"Break",
		"Scan",
		"Prep",
		"Break",
		"Scan",
		"Break",
		"Prep",
		"Scan",
		"Prep",
		"Break",
		"Prep",
		"Break",
		"Scan",
		"Break",
		"Prep",
		"Break",
		"Prep",
		"Scan",
		"Break",
		"Break",
		"Scan",
		"Break",
		"Scan",
		"Break",
		"Break",
		"Scan",
		"Break",
		"Scan",
		"Break",
		"Prep",
		"Break",
		"Scan",
		"Dead"
	],
	"start" : 11.252499580383301
}