{
	"data" : 
	[
		0.72920042276382446,
		1.2594865560531616,
		5.7673745155334473,
		1.7235438823699951,
		16.970296859741211,
		1.9224581718444824,
		0.66297155618667603,
		0.46405729651451111,
		6.4963474273681641,
		0.066456466913223267,
		0.53028619289398193,
		0.46405729651451111,
		5.7009181976318359,
		0.1326853483915329,
		1.1268012523651123,
		1.1932576894760132,
		3.5133166313171387,
		0.19891421496868134,
		1.7900004386901855,
		0.46405729651451111,
		1.1930301189422607,
		0.066456466913223267,
		1.1268012523651123,
		1.1932576894760132,
		0.066228881478309631,
		1.1270288228988647,
		1.1270288228988647,
		0.066228881478309631,
		1.1270288228988647,
		1.1930301189422607,
		1.6573151350021362,
		0.46405729651451111,
		0.99434345960617065,
		37.321678161621094
	],
	"end" : 12.803055763244629,
	"labels" : 
	[
		"Prep",
		"Scan",
		"Break",
		"Prep",
		"Scan",
		"Break",
		"Prep",
		"Break",
		"Scan",
		"Break",
		"Prep",
		"Break",
		"Scan",
		"Prep",
		"Break",
		"Scan",
		"Break",
		"Prep",
		"Scan",
		"Break",
		"Scan",
		"Break",
		"Break",
		"Scan",
		"Prep",
		"Break",
		"Scan",
		"Break",
		"Break",
		"Scan",
		"Prep",
		"Break",
		"Scan",
		"Dead"
	],
	"start" : 12.384444236755371
}