{
	"data" : 
	[
		0.66884183883666992,
		1.1552342176437378,
		4.3779497146606445,
		1.6416268348693848,
		0.060746867209672928,
		0.06095561757683754,
		0.42543685436248779,
		2.7363228797912598,
		0.54713934659957886,
		1.3376836776733398,
		0.36489874124526978,
		0.060746867209672928,
		0.060746867209672928,
		0.060746867209672928,
		0.42564558982849121,
		1.2161898612976074,
		3.7698545455932617,
		1.7631205320358276,
		1.3376836776733398,
		0.06095561757683754,
		10.822962760925293,
		1.7633292675018311,
		0.48639246821403503,
		0.060746867209672928,
		0.42564558982849121,
		8.2692985534667969,
		1.1552342176437378,
		0.42564558982849121,
		3.830601692199707,
		0.18244937062263489,
		1.0337405204772949,
		1.0942786931991577,
		7.6004562377929688,
		0.48660120368003845,
		0.060746867209672928,
		0.12149373441934586,
		1.6418354511260986,
		0.060746867209672928,
		0.42564558982849121,
		1.0944874286651611,
		0.060746867209672928,
		1.0337405204772949,
		1.0335317850112915,
		0.060746867209672928,
		1.0337405204772949,
		1.0944874286651611,
		0.060746867209672928,
		1.0337405204772949,
		1.0335317850112915,
		0.06095561757683754,
		0.48639246821403503,
		1.0335317850112915,
		1.0944874286651611,
		27.604757308959961
	],
	"end" : 11.252499580383301,
	"labels" : 
	[
		"Prep",
		"Scan",
		"Break",
		"Prep",
		"Break",
		"Prep",
		"Break",
		"Scan",
		"Break",
		"Prep",
		"Break",
		"Prep",
		"Break",
		"Prep",
		"Break",
		"Scan",
		"Break",
		"Prep",
		"Break",
		"Prep",
		"Scan",
		"Prep",
		"Break",
		"Prep",
		"Break",
		"Scan",
		"Prep",
		"Break",
		"Scan",
		"Prep",
		"Break",
		"Scan",
		"Break",
		"Prep",
		"Prep",
		"Break",
		"Scan",
		"Break",
		"Break",
		"Scan",
		"Prep",
		"Break",
		"Scan",
		"Break",
		"Break",
		"Scan",
		"Prep",
		"Break",
		"Scan",
		"Break",
		"Prep",
		"Break",
		"Scan",
		"Dead"
	],
	"start" : 10.796111106872559
}