{
	"data" : 
	[
		0.59275233745574951,
		0.23715519905090332,
		0.75081056356430054,
		0.039480645209550858,
		0.43469411134719849,
		0.19767455756664276,
		0.63223296403884888,
		0.43469411134719849,
		1.2646017074584961,
		2.2524316310882568,
		0.55327165126800537,
		2.4895868301391602,
		0.078961290419101715,
		0.51379102468490601,
		0.63223296403884888,
		0.51379102468490601,
		0.23701952397823334,
		0.51379102468490601,
		2.2524316310882568,
		0.67184931039810181,
		4.070305347442627,
		0.039480645209550858,
		0.079096958041191101,
		2.371009349822998,
		0.079096958041191101,
		2.0943734645843506,
		75.873390197753906
	],
	"end" : 14.463610649108887,
	"labels" : 
	[
		"Prep",
		"Scan",
		"Break",
		"Prep",
		"Scan",
		"Break",
		"Prep",
		"Scan",
		"Break",
		"Scan",
		"Prep",
		"Break",
		"Prep",
		"Scan",
		"Break",
		"Prep",
		"Scan",
		"Break",
		"Scan",
		"Prep",
		"Scan",
		"Break",
		"Prep",
		"Scan",
		"Prep",
		"Scan",
		"Dead"
	],
	"start" : 13.761388778686523
}