{
	"data" : 
	[
		1.274641752243042,
		2.0588812828063965,
		0.78423953056335449,
		2.2547729015350342,
		1.9605988264083862,
		0.49040216207504272,
		0.097945801913738251,
		0.19622817635536194,
		0.097945801913738251,
		12.940962791442871,
		0.097945801913738251,
		1.1763594150543213,
		11.470429420471191,
		0.097945801913738251,
		8.333134651184082,
		0.098282381892204285,
		8.7252540588378906,
		0.29383739829063416,
		2.2551095485687256,
		0.58801138401031494,
		11.078309059143066,
		33.528762817382812
	],
	"end" : 13.462778091430664,
	"labels" : 
	[
		"Prep",
		"Scan",
		"Break",
		"Prep",
		"Scan",
		"Break",
		"Prep",
		"Break",
		"Prep",
		"Scan",
		"Prep",
		"Break",
		"Scan",
		"Prep",
		"Scan",
		"Break",
		"Scan",
		"Prep",
		"Break",
		"Prep",
		"Scan",
		"Dead"
	],
	"start" : 13.179721832275391
}