{
	"data" : 
	[
		0.82420003414154053,
		0.82420003414154053,
		3.2377846240997314,
		0.76518428325653076,
		4.5917119979858398,
		0.059015799313783646,
		1.2951138019561768,
		9.8309812545776367,
		0.17664317786693573,
		17.542648315429688,
		0.47111585736274719,
		9.6543378829956055,
		0.11782948672771454,
		0.82399797439575195,
		0.29447266459465027,
		0.058813691139221191,
		20.191890716552734,
		0.11782948672771454,
		8.3592243194580078,
		20.663007736206055
	],
	"end" : 16.045278549194336,
	"labels" : 
	[
		"Prep",
		"Scan",
		"Break",
		"Prep",
		"Scan",
		"Break",
		"Prep",
		"Scan",
		"Prep",
		"Scan",
		"Prep",
		"Scan",
		"Break",
		"Prep",
		"Break",
		"Prep",
		"Scan",
		"Prep",
		"Scan",
		"Dead"
	],
	"start" : 15.573888778686523
}