{
	"data" : 
	[
		0.15507711470127106,
		0.10344389081001282,
		0.56849777698516846,
		0.30997678637504578,
		0.67194169759750366,
		0.56849777698516846,
		0.67176419496536255,
		0.7235749363899231,
		0.56849777698516846,
		1.0853623151779175,
		0.051633227616548538,
		2.790855884552002,
		0.051633227616548538,
		0.051633227616548538,
		0.62013101577758789,
		0.82701873779296875,
		4.4445381164550781,
		0.051633227616548538,
		0.2067103236913681,
		2.9975659847259521,
		0.15507711470127106,
		2.532334566116333,
		79.692596435546875
	],
	"end" : 9.2677774429321289,
	"labels" : 
	[
		"Prep",
		"Break",
		"Prep",
		"Scan",
		"Break",
		"Scan",
		"Break",
		"Prep",
		"Scan",
		"Break",
		"Prep",
		"Scan",
		"Break",
		"Prep",
		"Break",
		"Prep",
		"Scan",
		"Break",
		"Prep",
		"Scan",
		"Prep",
		"Scan",
		"Dead"
	],
	"start" : 8.7308330535888672
}