{
	"data" : 
	[
		0.50734370946884155,
		0.83021324872970581,
		6.7337055206298828,
		0.83021324872970581,
		0.32286947965621948,
		4.7966465950012207,
		5.6730971336364746,
		1.5218727588653564,
		0.046237315982580185,
		0.046078972518444061,
		0.32286947965621948,
		2.3522443771362305,
		1.3836358785629272,
		1.0607664585113525,
		0.046078972518444061,
		0.18447422981262207,
		0.32286947965621948,
		0.96860849857330322,
		8.6709222793579102,
		1.6141890287399292,
		8.3019733428955078,
		0.046237315982580185,
		0.13823692500591278,
		0.32286947965621948,
		5.2118325233459473,
		0.046078972518444061,
		1.1991616487503052,
		0.046078972518444061,
		0.32286947965621948,
		6.6415472030639648,
		0.046237315982580185,
		0.092157945036888123,
		0.32286947965621948,
		0.87629216909408569,
		6.1804409027099609,
		0.32286947965621948,
		0.13823692500591278,
		1.7988216876983643,
		0.046078972518444061,
		0.32286947965621948,
		0.87629216909408569,
		0.046237315982580185,
		0.78397589921951294,
		0.87629216909408569,
		0.046237315982580185,
		0.78397589921951294,
		0.87629216909408569,
		0.046237315982580185,
		0.78397589921951294,
		0.87629216909408569,
		0.046237315982580185,
		0.4150274395942688,
		0.78413420915603638,
		0.87629216909408569,
		21.123804092407227
	],
	"end" : 10.381111145019531,
	"labels" : 
	[
		"Prep",
		"Scan",
		"Break",
		"Prep",
		"Break",
		"Scan",
		"Break",
		"Prep",
		"Break",
		"Prep",
		"Break",
		"Scan",
		"Break",
		"Prep",
		"Break",
		"Break",
		"Break",
		"Scan",
		"Break",
		"Prep",
		"Scan",
		"Break",
		"Prep",
		"Break",
		"Scan",
		"Break",
		"Prep",
		"Break",
		"Break",
		"Scan",
		"Break",
		"Prep",
		"Break",
		"Scan",
		"Break",
		"Prep",
		"Break",
		"Scan",
		"Prep",
		"Break",
		"Scan",
		"Prep",
		"Break",
		"Scan",
		"Prep",
		"Break",
		"Scan",
		"Break",
		"Break",
		"Scan",
		"Break",
		"Prep",
		"Break",
		"Scan",
		"Dead"
	],
	"start" : 9.779444694519043
}