{
	"data" : 
	[
		0.75562924146652222,
		0.75562924146652222,
		2.2127816677093506,
		0.37781462073326111,
		4.1018548011779785,
		3.0762522220611572,
		0.37781462073326111,
		9.4448099136352539,
		7.9337368011474609,
		9.4989156723022461,
		8.7432861328125,
		9.4448099136352539,
		0.054105870425701141,
		0.86347037553787231,
		11.064094543457031,
		31.194997787475586
	],
	"end" : 12.384444236755371,
	"labels" : 
	[
		"Prep",
		"Scan",
		"Break",
		"Prep",
		"Scan",
		"Break",
		"Prep",
		"Scan",
		"Scan",
		"Scan",
		"Break",
		"Scan",
		"Break",
		"Prep",
		"Scan",
		"Dead"
	],
	"start" : 11.870277404785156
}