{
	"data" : 
	[
		0.21858395636081696,
		1.3115037679672241,
		0.35517549514770508,
		0.16398487985134125,
		0.68314522504806519,
		0.027393355965614319,
		0.30057641863822937,
		1.8580576181411743,
		0.79234343767166138,
		1.3116914033889771,
		1.2842980623245239,
		0.054599087685346603,
		1.5028820037841797,
		0.027393355965614319,
		0.027205731719732285,
		2.6779818534851074,
		0.71035099029541016,
		0.081992439925670624,
		1.5848743915557861,
		0.13659152388572693,
		0.054599087685346603,
		2.6779818534851074,
		4.1260771751403809,
		0.32778212428092957,
		0.3279697597026825,
		0.16398487985134125,
		0.46437367796897888,
		0.027393355965614319,
		0.27318304777145386,
		1.393683910369873,
		0.79234343767166138,
		1.3116914033889771,
		0.054599087685346603,
		1.5302753448486328,
		0.054599087685346603,
		2.6777942180633545,
		0.054599087685346603,
		1.6122677326202393,
		7.2138333320617676,
		0.30057641863822937,
		0.54636609554290771,
		1.5848743915557861,
		0.24597731232643127,
		5.9841346740722656,
		0.21858395636081696,
		0.79253101348876953,
		12.760612487792969,
		0.35536310076713562,
		4.6998367309570312,
		0.24597731232643127,
		3.9074933528900146,
		0.24578969180583954,
		3.9894857406616211,
		0.027393355965614319,
		0.19119061529636383,
		0.3279697597026825,
		0.90172916650772095,
		4.0714783668518066,
		0.19119061529636383,
		0.027393355965614319,
		0.027205731719732285,
		0.027393355965614319,
		6.6946735382080078,
		0.027205731719732285,
		0.027393355965614319,
		0.027393355965614319,
		4.2352752685546875,
		0.24597731232643127,
		0.24578969180583954,
		0.21877159178256989,
		1.8580576181411743,
		4.3992600440979004
	],
	"end" : 17.957221984863281,
	"labels" : 
	[
		"Prep",
		"Break",
		"Prep",
		"Scan",
		"Break",
		"Prep",
		"Scan",
		"Break",
		"Prep",
		"Scan",
		"Break",
		"Prep",
		"Scan",
		"Break",
		"Prep",
		"Scan",
		"Break",
		"Prep",
		"Scan",
		"Break",
		"Prep",
		"Scan",
		"Break",
		"Break",
		"Prep",
		"Scan",
		"Break",
		"Prep",
		"Scan",
		"Break",
		"Prep",
		"Scan",
		"Prep",
		"Scan",
		"Prep",
		"Scan",
		"Prep",
		"Scan",
		"Break",
		"Prep",
		"Scan",
		"Break",
		"Prep",
		"Scan",
		"Break",
		"Prep",
		"Scan",
		"Prep",
		"Scan",
		"Prep",
		"Scan",
		"Prep",
		"Scan",
		"Break",
		"Prep",
		"Break",
		"Prep",
		"Scan",
		"Break",
		"Prep",
		"Break",
		"Prep",
		"Scan",
		"Prep",
		"Break",
		"Prep",
		"Scan",
		"Break",
		"Prep",
		"Break",
		"Scan",
		"Dead"
	],
	"start" : 16.941667556762695
}