{
	"data" : 
	[
		0.65094590187072754,
		0.91130930185317993,
		0.043431155383586884,
		0.73773366212844849,
		0.73773366212844849,
		0.043431155383586884,
		0.60751467943191528,
		0.78116476535797119,
		0.73773366212844849,
		2.8642213344573975,
		0.043431155383586884,
		4.3831195831298828,
		0.7810903787612915,
		2.7340023517608643,
		0.043431155383586884,
		4.9906349182128906,
		0.043431155383586884,
		2.9510092735290527,
		0.043356660753488541,
		4.3831195831298828,
		0.043356660753488541,
		5.2510724067687988,
		5.4246482849121094,
		0.65094590187072754,
		2.9075779914855957,
		0.043505650013685226,
		4.3830451965332031,
		0.043356660753488541,
		4.9039211273193359,
		0.043356660753488541,
		0.6075892448425293,
		5.2944293022155762,
		0.043356660753488541,
		0.3471512496471405,
		5.2944293022155762,
		0.043505650013685226,
		0.69430249929428101,
		6.3793883323669434,
		0.65094590187072754,
		6.4227452278137207,
		0.043356660753488541,
		7.5077042579650879,
		14.364463806152344
	],
	"end" : 8.4641666412353516,
	"labels" : 
	[
		"Prep",
		"Scan",
		"Break",
		"Prep",
		"Scan",
		"Break",
		"Prep",
		"Scan",
		"Prep",
		"Scan",
		"Prep",
		"Scan",
		"Break",
		"Scan",
		"Break",
		"Scan",
		"Break",
		"Scan",
		"Break",
		"Scan",
		"Break",
		"Scan",
		"Scan",
		"Prep",
		"Scan",
		"Break",
		"Scan",
		"Break",
		"Scan",
		"Break",
		"Prep",
		"Scan",
		"Break",
		"Prep",
		"Scan",
		"Break",
		"Prep",
		"Scan",
		"Prep",
		"Scan",
		"Prep",
		"Scan",
		"Dead"
	],
	"start" : 7.8247222900390625
}