{
	"data" : 
	[
		0.60040700435638428,
		0.45043414831161499,
		2.6268453598022461,
		0.52516287565231323,
		3.2277677059173584,
		2.2516553401947021,
		2.3263840675354004,
		12.384361267089844,
		0.075244143605232239,
		0.14997291564941406,
		15.236423492431641,
		1.050841212272644,
		0.14997291564941406,
		7.4306168556213379,
		0.6756511926651001,
		7.955780029296875,
		0.2252170741558075,
		11.783954620361328,
		0.075244143605232239,
		0.14997291564941406,
		15.086450576782227,
		0.2252170741558075,
		15.236423492431641
	],
	"end" : 18.545278549194336,
	"labels" : 
	[
		"Prep",
		"Scan",
		"Break",
		"Prep",
		"Scan",
		"Break",
		"Prep",
		"Scan",
		"Break",
		"Prep",
		"Scan",
		"Break",
		"Prep",
		"Scan",
		"Break",
		"Scan",
		"Prep",
		"Scan",
		"Prep",
		"Break",
		"Scan",
		"Prep",
		"Scan"
	],
	"start" : 18.175556182861328
}