{
	"data" : 
	[
		0.54859381914138794,
		0.88621228933334351,
		0.042310986667871475,
		0.67523694038391113,
		0.75956910848617554,
		0.67552673816680908,
		0.75956910848617554,
		0.88621228933334351,
		2.9968349933624268,
		4.3047080039978027,
		2.7012374401092529,
		0.042310986667871475,
		0.29530748724937439,
		6.4573516845703125,
		0.042310986667871475,
		0.67523694038391113,
		3.7984249591827393,
		0.042310986667871475,
		4.3893299102783203,
		0.042310986667871475,
		0.29530748724937439,
		6.6263060569763184,
		0.042310986667871475,
		0.25299650430679321,
		6.2463769912719727,
		0.042310986667871475,
		4.9802346229553223,
		0.042310986667871475,
		0.50628280639648438,
		5.3178529739379883,
		0.16895413398742676,
		0.63321572542190552,
		4.5159730911254883,
		0.59061497449874878,
		8.2723770141601562,
		0.084332168102264404,
		7.5548291206359863,
		0.042310986667871475,
		0.63292598724365234,
		7.0482563972473145,
		0.67552673816680908,
		5.4442062377929688,
		8.86328125
	],
	"end" : 16.702777862548828,
	"labels" : 
	[
		"Prep",
		"Scan",
		"Break",
		"Prep",
		"Scan",
		"Prep",
		"Scan",
		"Break",
		"Scan",
		"Scan",
		"Scan",
		"Break",
		"Break",
		"Scan",
		"Break",
		"Prep",
		"Scan",
		"Prep",
		"Scan",
		"Break",
		"Break",
		"Scan",
		"Break",
		"Break",
		"Scan",
		"Break",
		"Scan",
		"Break",
		"Break",
		"Scan",
		"Break",
		"Prep",
		"Scan",
		"Prep",
		"Scan",
		"Break",
		"Scan",
		"Break",
		"Prep",
		"Scan",
		"Prep",
		"Scan",
		"Dead"
	],
	"start" : 16.045278549194336
}