{
	"data" : 
	[
		0.46421709656715393,
		8.0153226852416992,
		0.69712328910827637,
		6.1568589210510254,
		0.81277871131896973,
		0.46501472592353821,
		0.34856164455413818,
		0.46421709656715393,
		0.34856164455413818,
		2.2070255279541016,
		0.11645308881998062,
		0.34856164455413818,
		1.2777935266494751,
		0.81277871131896973,
		1.0456849336624146,
		0.11645308881998062,
		1.1613404750823975,
		1.8584636449813843,
		0.11645308881998062,
		6.2725138664245605,
		0.11645308881998062,
		1.8584636449813843,
		10.105895042419434,
		0.23210854828357697,
		6.1568589210510254,
		0.11645308881998062,
		0.23210854828357697,
		5.5761885643005371,
		42.3992919921875
	],
	"end" : 16.941667556762695,
	"labels" : 
	[
		"Prep",
		"Break",
		"Prep",
		"Break",
		"Prep",
		"Break",
		"Prep",
		"Break",
		"Prep",
		"Break",
		"Prep",
		"Break",
		"Prep",
		"Scan",
		"Break",
		"Prep",
		"Scan",
		"Break",
		"Prep",
		"Scan",
		"Break",
		"Prep",
		"Scan",
		"Prep",
		"Scan",
		"Break",
		"Prep",
		"Scan",
		"Dead"
	],
	"start" : 16.702777862548828
}