{
	"data" : 
	[
		1.4569494724273682,
		1.4569494724273682,
		4.7867112159729004,
		1.4569494724273682,
		1.248660683631897,
		2.2893900871276855,
		1.4569494724273682,
		7.5966448783874512,
		3.8503050804138184,
		1.0403720140457153,
		21.229019165039062,
		52.031101226806641
	],
	"end" : 8.7308330535888672,
	"labels" : 
	[
		"Prep",
		"Scan",
		"Break",
		"Prep",
		"Scan",
		"Break",
		"Prep",
		"Scan",
		"Break",
		"Prep",
		"Scan",
		"Dead"
	],
	"start" : 8.4641666412353516
}