{
	"data" : 
	[
		0.66294282674789429,
		1.2525346279144287,
		3.0205507278442383,
		0.073604114353656769,
		1.6944122314453125,
		5.009885311126709,
		2.3576078414916992,
		12.892607688903809,
		3.6837465763092041,
		0.14720822870731354,
		8.0304365158081055,
		0.22081233561038971,
		9.2829704284667969,
		1.0312163829803467,
		10.682713508605957,
		0.22106526792049408,
		0.073604114353656769,
		0.073604114353656769,
		15.103007316589355,
		24.385471343994141
	],
	"end" : 13.179721832275391,
	"labels" : 
	[
		"Prep",
		"Scan",
		"Break",
		"Prep",
		"Scan",
		"Break",
		"Prep",
		"Scan",
		"Break",
		"Prep",
		"Scan",
		"Prep",
		"Scan",
		"Break",
		"Scan",
		"Break",
		"Break",
		"Prep",
		"Scan",
		"Dead"
	],
	"start" : 12.803055763244629
}