{
	"data" : 
	[
		0.75932061672210693,
		0.75932061672210693,
		5.6945319175720215,
		0.65095263719558716,
		4.6641054153442383,
		0.054183986037969589,
		0.92205876111984253,
		9.1112890243530273,
		0.48821449279785156,
		8.8401823043823242,
		0.37966030836105347,
		13.070443153381348,
		0.054370187222957611,
		0.21692214906215668,
		16.161724090576172,
		17.463628768920898,
		20.609092712402344
	],
	"end" : 9.779444694519043,
	"labels" : 
	[
		"Prep",
		"Scan",
		"Break",
		"Prep",
		"Scan",
		"Break",
		"Prep",
		"Scan",
		"Prep",
		"Scan",
		"Prep",
		"Scan",
		"Break",
		"Prep",
		"Scan",
		"Scan",
		"Dead"
	],
	"start" : 9.2677774429321289
}