{
	"data" : 
	[
		1.0222396850585938,
		1.7656288146972656,
		3.4384136199951172,
		0.92939585447311401,
		2.0444793701171875,
		3.3452508449554443,
		0.83655202388763428,
		9.8503837585449219,
		0.09316292405128479,
		9.8503837585449219,
		0.09316292405128479,
		9.8503837585449219,
		0.09316292405128479,
		9.8503837585449219,
		9.9435462951660156,
		0.65054517984390259,
		2.4161739349365234,
		1.6727849245071411,
		0.09316292405128479,
		2.6018617153167725,
		1.3939342498779297,
		28.065010070800781
	],
	"end" : 13.761388778686523,
	"labels" : 
	[
		"Prep",
		"Scan",
		"Break",
		"Prep",
		"Scan",
		"Break",
		"Prep",
		"Scan",
		"Break",
		"Scan",
		"Prep",
		"Scan",
		"Prep",
		"Scan",
		"Scan",
		"Break",
		"Prep",
		"Scan",
		"Break",
		"Prep",
		"Scan",
		"Dead"
	],
	"start" : 13.462778091430664
}