{
	"data" : 
	[
		1.6520546674728394,
		2.5422267913818359,
		8.3885631561279297,
		1.7794715166091919,
		7.7532243728637695,
		0.12654407322406769,
		13.473016738891602,
		0.12654407322406769,
		11.947505950927734,
		0.12741678953170776,
		13.853521347045898,
		38.129909515380859
	],
	"end" : 18.175556182861328,
	"labels" : 
	[
		"Prep",
		"Scan",
		"Break",
		"Prep",
		"Scan",
		"Prep",
		"Scan",
		"Break",
		"Scan",
		"Prep",
		"Scan",
		"Dead"
	],
	"start" : 17.957221984863281
}