{
	"data" : 
	[
		0.34992986917495728,
		0.34992986917495728,
		1.1247010231018066,
		0.34992986917495728,
		1.9494988918304443,
		0.024970473721623421,
		0.42492708563804626,
		4.1989870071411133,
		1.0746742486953735,
		0.19993540644645691,
		7.4481520652770996,
		0.19993540644645691,
		4.0990190505981445,
		0.074997231364250183,
		3.5240976810455322,
		74.506317138671875
	],
	"end" : 15.573888778686523,
	"labels" : 
	[
		"Prep",
		"Scan",
		"Break",
		"Prep",
		"Scan",
		"Break",
		"Prep",
		"Scan",
		"Break",
		"Prep",
		"Scan",
		"Prep",
		"Scan",
		"Prep",
		"Scan",
		"Dead"
	],
	"start" : 14.463610649108887
}