{
	"data" : 
	[
		0.60170626640319824,
		1.1368368864059448,
		1.4710925817489624,
		0.13384005427360535,
		0.80235159397125244,
		4.8143391609191895,
		0.7355462908744812,
		7.0880122184753418,
		0.066805236041545868,
		1.2036421298980713,
		7.0880122184753418,
		0.86915683746337891,
		9.0272006988525391,
		0.066805236041545868,
		0.067034803330898285,
		0.066805236041545868,
		11.100000381469727,
		1.9391884803771973,
		8.8933610916137695,
		0.066805236041545868,
		6.6199169158935547,
		0.066805236041545868,
		0.20064526796340942,
		7.4890737533569336,
		28.285017013549805
	],
	"end" : 10.796111106872559,
	"labels" : 
	[
		"Prep",
		"Scan",
		"Break",
		"Prep",
		"Scan",
		"Break",
		"Prep",
		"Scan",
		"Break",
		"Prep",
		"Scan",
		"Break",
		"Scan",
		"Prep",
		"Break",
		"Prep",
		"Scan",
		"Prep",
		"Scan",
		"Break",
		"Scan",
		"Break",
		"Prep",
		"Scan",
		"Dead"
	],
	"start" : 10.381111145019531
}