{
	"data" : 
	[
		0.014929817058146,
		0.0042651393450796604,
		0.0010653694625943899,
		0.028790606185793877,
		0.0063995392993092537,
		0.018129587173461914,
		0.0063958782702684402,
		0.025594497099518776,
		0.0042651393450796604,
		0.015995187684893608,
		0.0063995392993092537,
		0.031990375369787216,
		0.0010653694625943899,
		0.015995187684893608,
		0.0063995392993092537,
		0.031990375369787216,
		0.0010653694625943899,
		0.12689612805843353,
		0.0010690306080505252,
		0.115166075527668,
		0.017060557380318642,
		0.14396034181118011,
		0.11623145639896393,
		0.01706421747803688,
		0.0010653694625943899,
		0.11303534358739853,
		0.0010653694625943899,
		43.639801025390625,
		0.115166075527668,
		55.271678924560547
	],
	"end" : 14.397777557373047,
	"labels" : 
	[
		"Prep",
		"Break",
		"Prep",
		"Scan",
		"Break",
		"Prep",
		"Break",
		"Scan",
		"Break",
		"Prep",
		"Break",
		"Scan",
		"Break",
		"Prep",
		"Break",
		"Scan",
		"Break",
		"Scan",
		"Prep",
		"Scan",
		"Prep",
		"Scan",
		"Scan",
		"Prep",
		"Break",
		"Scan",
		"Prep",
		"Scan",
		"Dead",
		"Break"
	],
	"start" : 14.140277862548828
}