{
	"data" : 
	[
		0.24170437455177307,
		1.0477545261383057,
		1.7731443643569946,
		0.36276409029960632,
		1.1686758995056152,
		0.68499046564102173,
		0.4030250608921051,
		0.28210371732711792,
		1.2089369297027588,
		0.72538983821868896,
		1.571562647819519,
		0.24184271693229675,
		0.040261004120111465,
		0.36276409029960632,
		0.60446846485137939,
		0.040261004120111465,
		0.12092135846614838,
		9.631373405456543,
		0.040261004120111465,
		0.68499046564102173,
		3.1030025482177734,
		0.36276409029960632,
		0.64472949504852295,
		0.040261004120111465,
		0.040399357676506042,
		0.040261004120111465,
		11.767143249511719,
		0.040261004120111465,
		0.96723252534866333,
		4.7149648666381836,
		0.040261004120111465,
		0.080522008240222931,
		8.7448005676269531,
		0.040399357676506042,
		0.080522008240222931,
		3.5462887287139893,
		0.12092135846614838,
		4.7148261070251465,
		0.080660358071327209,
		3.5462887287139893,
		0.080522008240222931,
		0.040399357676506042,
		8.7446622848510742,
		0.040399357676506042,
		3.5865497589111328,
		23.453763961791992
	],
	"end" : 10.78861141204834,
	"labels" : 
	[
		"Prep",
		"Scan",
		"Break",
		"Prep",
		"Scan",
		"Break",
		"Prep",
		"Break",
		"Scan",
		"Break",
		"Scan",
		"Break",
		"Prep",
		"Break",
		"Break",
		"Prep",
		"Break",
		"Scan",
		"Break",
		"Prep",
		"Scan",
		"Prep",
		"Break",
		"Prep",
		"Break",
		"Prep",
		"Scan",
		"Break",
		"Prep",
		"Scan",
		"Break",
		"Prep",
		"Scan",
		"Break",
		"Prep",
		"Scan",
		"Prep",
		"Scan",
		"Prep",
		"Scan",
		"Prep",
		"Break",
		"Scan",
		"Prep",
		"Scan",
		"Dead"
	],
	"start" : 10.100000381469727
}