{
	"data" : 
	[
		0.57041400671005249,
		1.0647118091583252,
		1.9014670848846436,
		0.64653009176254272,
		7.1872949600219727,
		0.68452292680740356,
		2.775954008102417,
		0.26621058583259583,
		1.1789513826370239,
		11.826723098754883,
		0.037992782890796661,
		0.11410890519618988,
		9.6211824417114258,
		0.037992782890796661,
		0.076116129755973816,
		9.4309577941894531,
		0.30420339107513428,
		3.3464982509613037,
		48.828170776367188
	],
	"end" : 11.518333435058594,
	"labels" : 
	[
		"Prep",
		"Scan",
		"Break",
		"Prep",
		"Scan",
		"Prep",
		"Scan",
		"Break",
		"Prep",
		"Scan",
		"Break",
		"Prep",
		"Scan",
		"Break",
		"Prep",
		"Scan",
		"Prep",
		"Scan",
		"Dead"
	],
	"start" : 10.78861141204834
}