{
	"data" : 
	[
		0.53452938795089722,
		0.96190834045410156,
		1.3892872333526611,
		0.28524544835090637,
		6.7336025238037109,
		0.60547381639480591,
		1.2471537590026855,
		0.53428477048873901,
		0.49881258606910706,
		6.6266970634460449,
		0.035716839134693146,
		0.24928396940231323,
		4.3109736442565918,
		0.035716839134693146,
		7.9093232154846191,
		0.42762354016304016,
		1.3180981874465942,
		66.196266174316406
	],
	"end" : 16.814722061157227,
	"labels" : 
	[
		"Prep",
		"Scan",
		"Break",
		"Prep",
		"Scan",
		"Break",
		"Scan",
		"Break",
		"Prep",
		"Scan",
		"Break",
		"Prep",
		"Scan",
		"Break",
		"Scan",
		"Break",
		"Scan",
		"Dead"
	],
	"start" : 16.035833358764648
}