{
	"data" : 
	[
		0.21042126417160034,
		0.42079094052314758,
		0.36072954535484314,
		0.015015347860753536,
		2.4197413921356201,
		0.015015347860753536,
		0.52600157260894775,
		0.12027758359909058,
		2.4196898937225342,
		0.10521063208580017,
		1.3526712656021118,
		0.015015347860753536,
		2.5850133895874023,
		0.19540591537952423,
		0.015015347860753536,
		2.5850651264190674,
		86.538925170898438
	],
	"end" : 13.36472225189209,
	"labels" : 
	[
		"Prep",
		"Scan",
		"Break",
		"Prep",
		"Scan",
		"Prep",
		"Scan",
		"Prep",
		"Scan",
		"Prep",
		"Scan",
		"Prep",
		"Scan",
		"Break",
		"Prep",
		"Scan",
		"Dead"
	],
	"start" : 11.518333435058594
}