{
	"data" : 
	[
		0.5848853588104248,
		1.0918574333190918,
		2.3005847930908203,
		0.5848853588104248,
		7.369636058807373,
		0.038956660777330399,
		0.62397593259811401,
		3.0803873538970947,
		0.23400770127773285,
		0.19491717219352722,
		0.35087767243385315,
		1.0529007911682129,
		1.3257312774658203,
		1.2087273597717285,
		2.8075568675994873,
		0.27296435832977295,
		0.35087767243385315,
		12.438821792602539,
		2.4175887107849121,
		1.247684121131897,
		9.9042282104492188,
		0.31192103028297424,
		8.3055324554443359,
		0.31192103028297424,
		3.1194779872894287,
		0.077913321554660797,
		0.11700385063886642,
		12.126766204833984,
		0.23400770127773285,
		0.5459287166595459,
		5.0300946235656738,
		20.237382888793945
	],
	"end" : 10.100000381469727,
	"labels" : 
	[
		"Prep",
		"Scan",
		"Break",
		"Prep",
		"Scan",
		"Break",
		"Prep",
		"Break",
		"Prep",
		"Break",
		"Prep",
		"Scan",
		"Break",
		"Prep",
		"Scan",
		"Break",
		"Prep",
		"Scan",
		"Break",
		"Prep",
		"Scan",
		"Prep",
		"Scan",
		"Prep",
		"Scan",
		"Break",
		"Prep",
		"Scan",
		"Break",
		"Prep",
		"Scan",
		"Dead"
	],
	"start" : 9.3883333206176758
}