{
	"data" : 
	[
		0.25410833954811096,
		2.4225499629974365,
		0.016925046220421791,
		0.23718330264091492,
		1.6432417631149292,
		0.016983207315206528,
		0.25410833954811096,
		3.371225118637085,
		0.16936679184436798,
		3.8625166416168213,
		0.16942495107650757,
		3.8455333709716797,
		0.016983207315206528,
		0.16936679184436798,
		3.8455917835235596,
		0.016925046220421791,
		0.016983207315206528,
		3.1678917407989502,
		0.18635000288486481,
		0.27109155058860779,
		0.47430843114852905,
		0.74540001153945923,
		0.18635000288486481,
		0.33884990215301514,
		0.1355167031288147,
		2.9307668209075928,
		0.10160844027996063,
		0.32186669111251831,
		4.4215664863586426,
		0.016925046220421791,
		0.016983207315206528,
		1.1858583688735962,
		2.4394750595092773,
		0.016925046220421791,
		1.1689332723617554,
		3.8624587059020996,
		0.067816510796546936,
		0.016925046220421791,
		1.1689332723617554,
		0.016925046220421791,
		0.23718330264091492,
		3.1170585155487061,
		0.13557486236095428,
		2.473325252532959,
		0.016983207315206528,
		0.067758351564407349,
		5.2516498565673828,
		0.067758351564407349,
		2.1853666305541992,
		0.016925046220421791,
		0.016925046220421791,
		2.2701082229614258,
		0.016925046220421791,
		2.1684417724609375,
		0.016925046220421791,
		0.25410833954811096,
		2.6935834884643555,
		0.25410833954811096,
		0.033908255398273468,
		5.0822248458862305,
		0.016925046220421791,
		0.15249991416931152,
		0.033850092440843582,
		0.33884990215301514,
		0.1355167031288147,
		5.2516498565673828,
		0.016925046220421791,
		0.016925046220421791,
		0.016983207315206528,
		0.050775136798620224,
		0.067816510796546936,
		0.016925046220421791,
		4.4384918212890625,
		0.016925046220421791,
		0.033908255398273468,
		0.033850092440843582,
		0.033908255398273468,
		0.016925046220421791,
		5.2008166313171387,
		0.016925046220421791,
		0.033908255398273468,
		0.016925046220421791,
		0.23718330264091492,
		0.016925046220421791,
		4.4893250465393066,
		9.2327585220336914
	],
	"end" : 16.035833358764648,
	"labels" : 
	[
		"Prep",
		"Scan",
		"Break",
		"Prep",
		"Scan",
		"Break",
		"Prep",
		"Scan",
		"Prep",
		"Scan",
		"Prep",
		"Scan",
		"Break",
		"Prep",
		"Scan",
		"Break",
		"Prep",
		"Scan",
		"Break",
		"Prep",
		"Scan",
		"Break",
		"Scan",
		"Break",
		"Prep",
		"Scan",
		"Break",
		"Prep",
		"Scan",
		"Break",
		"Prep",
		"Scan",
		"Break",
		"Prep",
		"Scan",
		"Break",
		"Break",
		"Prep",
		"Scan",
		"Break",
		"Prep",
		"Scan",
		"Prep",
		"Scan",
		"Break",
		"Prep",
		"Scan",
		"Prep",
		"Scan",
		"Break",
		"Prep",
		"Scan",
		"Prep",
		"Scan",
		"Break",
		"Prep",
		"Scan",
		"Prep",
		"Break",
		"Scan",
		"Break",
		"Prep",
		"Break",
		"Break",
		"Break",
		"Scan",
		"Break",
		"Prep",
		"Break",
		"Prep",
		"Break",
		"Prep",
		"Scan",
		"Break",
		"Break",
		"Prep",
		"Break",
		"Prep",
		"Scan",
		"Prep",
		"Break",
		"Prep",
		"Break",
		"Prep",
		"Scan",
		"Dead"
	],
	"start" : 14.397777557373047
}