{
	"data" : 
	[
		0.57245135307312012,
		1.3955036401748657,
		0.75143444538116455,
		0.21460781991481781,
		1.8605896234512329,
		0.035870339721441269,
		1.2880154848098755,
		0.75143444538116455,
		0.14311283826828003,
		0.10736532509326935,
		0.78718197345733643,
		0.071494989097118378,
		7.8003244400024414,
		0.46508598327636719,
		1.8605896234512329,
		0.2147306501865387,
		0.28622567653656006,
		0.96604228019714355,
		80.32794189453125
	],
	"end" : 14.140277862548828,
	"labels" : 
	[
		"Prep",
		"Scan",
		"Break",
		"Prep",
		"Scan",
		"Prep",
		"Scan",
		"Break",
		"Prep",
		"Scan",
		"Break",
		"Prep",
		"Break",
		"Prep",
		"Scan",
		"Break",
		"Prep",
		"Scan",
		"Dead"
	],
	"start" : 13.36472225189209
}