{
	"data" : 
	[
		0.40067800879478455,
		0.74815243482589722,
		1.1488305330276489,
		0.40086150169372559,
		5.0497541427612305,
		0.48085030913352966,
		1.923768162727356,
		0.21373164653778076,
		0.50763559341430664,
		8.3094825744628906,
		0.42746329307556152,
		0.080172300338745117,
		6.7863922119140625,
		0.080172300338745117,
		6.5994462966918945,
		0.026785252615809441,
		0.21373164653778076,
		2.5917482376098633,
		0.48085030913352966,
		0.21373164653778076,
		0.026785252615809441,
		0.72136718034744263,
		0.69458198547363281,
		0.42764672636985779,
		0.13355934619903564,
		0.82832473516464233,
		1.7098531723022461,
		0.42746329307556152,
		0.1337428092956543,
		0.82814127206802368,
		0.026785252615809441,
		0.40067800879478455,
		2.7520928382873535,
		0.026601791381835938,
		1.0688416957855225,
		0.34729099273681641,
		0.40086150169372559,
		2.9122540950775146,
		0.026785252615809441,
		0.26711869239807129,
		3.5000619888305664,
		0.026785252615809441,
		5.2367000579833984,
		0.26730212569236755,
		4.7290644645690918,
		0.026785252615809441,
		5.2367000579833984,
		0.026785252615809441,
		3.3665025234222412,
		0.026785252615809441,
		5.2100982666015625,
		0.026601791381835938,
		4.729248046875,
		0.40067800879478455,
		3.3131155967712402,
		0.026785252615809441,
		0.40067800879478455,
		0.026785252615809441,
		6.3055419921875,
		0.026785252615809441,
		0.40067800879478455,
		0.42746329307556152,
		5.3170561790466309
	],
	"end" : 18.703611373901367,
	"labels" : 
	[
		"Prep",
		"Scan",
		"Break",
		"Prep",
		"Scan",
		"Prep",
		"Scan",
		"Break",
		"Prep",
		"Scan",
		"Break",
		"Prep",
		"Scan",
		"Prep",
		"Scan",
		"Break",
		"Prep",
		"Scan",
		"Prep",
		"Break",
		"Prep",
		"Scan",
		"Break",
		"Prep",
		"Break",
		"Scan",
		"Break",
		"Prep",
		"Break",
		"Scan",
		"Break",
		"Prep",
		"Scan",
		"Break",
		"Scan",
		"Break",
		"Prep",
		"Scan",
		"Break",
		"Prep",
		"Scan",
		"Break",
		"Scan",
		"Prep",
		"Scan",
		"Break",
		"Scan",
		"Prep",
		"Scan",
		"Prep",
		"Scan",
		"Break",
		"Scan",
		"Prep",
		"Scan",
		"Break",
		"Prep",
		"Break",
		"Scan",
		"Break",
		"Prep",
		"Break",
		"Scan"
	],
	"start" : 17.665000915527344
}