{
	"data" : 
	[
		0.012339066714048386,
		0.0061665074899792671,
		0.026439128443598747,
		0.0088170776143670082,
		0.014100061729550362,
		0.0044055129401385784,
		0.00088352314196527004,
		0.022911086678504944,
		0.00088352314196527004,
		0.012339066714048386,
		0.0070500308647751808,
		0.027322651818394661,
		0.00087747164070606232,
		0.014100061729550362,
		0.0035280410666018724,
		0.00088352314196527004,
		0.02731659822165966,
		0.014106112532317638,
		0.0096945492550730705,
		0.11104554682970047,
		0.00087747164070606232,
		0.17274089157581329,
		0.014983585104346275,
		0.026439128443598747,
		0.014100061729550362,
		0.072267353534698486,
		0.0096945492550730705,
		0.13748466968536377,
		0.00088352314196527004,
		0.0088110258802771568,
		0.00088352314196527004,
		0.0079275025054812431,
		44.622875213623047,
		0.17185735702514648,
		54.312965393066406
	],
	"end" : 17.118610382080078,
	"labels" : 
	[
		"Prep",
		"Break",
		"Scan",
		"Break",
		"Prep",
		"Break",
		"Prep",
		"Scan",
		"Break",
		"Prep",
		"Break",
		"Scan",
		"Break",
		"Prep",
		"Break",
		"Prep",
		"Scan",
		"Break",
		"Prep",
		"Scan",
		"Break",
		"Scan",
		"Prep",
		"Scan",
		"Prep",
		"Scan",
		"Prep",
		"Scan",
		"Break",
		"Break",
		"Prep",
		"Break",
		"Scan",
		"Dead",
		"Break"
	],
	"start" : 16.814722061157227
}