{
	"data" : 
	[
		0.81289541721343994,
		6.2468447685241699,
		0.050566211342811584,
		8.8881444931030273,
		0.81254667043685913,
		4.2154784202575684,
		0.050566211342811584,
		7.3641839027404785,
		0.050914939492940903,
		9.1925888061523438,
		0.86346161365509033,
		5.6881756782531738,
		0.050914939492940903,
		0.76163178682327271,
		4.469355583190918,
		0.50775450468063354,
		4.4187893867492676,
		0.050566211342811584,
		0.76198047399520874,
		4.4184408187866211,
		0.050914939492940903,
		0.45718830823898315,
		4.824714183807373,
		0.40627333521842957,
		5.1804213523864746,
		0.050566211342811584,
		6.399590015411377,
		0.050566211342811584,
		0.050914939492940903,
		5.9420528411865234,
		16.810998916625977
	],
	"end" : 17.665000915527344,
	"labels" : 
	[
		"Prep",
		"Scan",
		"Break",
		"Scan",
		"Prep",
		"Scan",
		"Prep",
		"Scan",
		"Prep",
		"Scan",
		"Prep",
		"Scan",
		"Break",
		"Prep",
		"Scan",
		"Prep",
		"Scan",
		"Break",
		"Prep",
		"Scan",
		"Break",
		"Prep",
		"Scan",
		"Break",
		"Scan",
		"Prep",
		"Scan",
		"Break",
		"Prep",
		"Scan",
		"Dead"
	],
	"start" : 17.118610382080078
}