{
	"data" : 
	[
		0.71183311939239502,
		0.58619862794876099,
		1.2978880405426025,
		0.62802886962890625,
		3.0983140468597412,
		0.041974004358053207,
		0.71168941259384155,
		0.12563452124595642,
		7.0340957641601562,
		0.041830256581306458,
		1.214227557182312,
		12.476917266845703,
		0.37690356373786926,
		7.3270516395568848,
		0.041974004358053207,
		3.8100035190582275,
		0.54436832666397095,
		5.9873332977294922,
		10.048604965209961,
		5.9453592300415039,
		0.041830256581306458,
		0.335073322057724,
		12.183817863464355,
		25.28904914855957
	],
	"end" : 11.183610916137695,
	"labels" : 
	[
		"Prep",
		"Scan",
		"Break",
		"Prep",
		"Scan",
		"Break",
		"Prep",
		"Break",
		"Scan",
		"Break",
		"Prep",
		"Scan",
		"Prep",
		"Scan",
		"Prep",
		"Scan",
		"Break",
		"Scan",
		"Break",
		"Scan",
		"Break",
		"Prep",
		"Scan",
		"Dead"
	],
	"start" : 10.520833015441895
}