{
	"data" : 
	[
		0.87148994207382202,
		0.93870466947555542,
		2.2125623226165771,
		0.067214757204055786,
		6.1008901596069336,
		0.067214757204055786,
		0.13396912813186646,
		0.67076641321182251,
		1.0726739168167114,
		10.325290679931641,
		0.53633695840835571,
		10.995597839355469,
		1.0726739168167114,
		19.980276107788086,
		1.8101946115493774,
		0.53633695840835571,
		19.510692596435547,
		22.997114181518555
	],
	"end" : 16.897222518920898,
	"labels" : 
	[
		"Prep",
		"Scan",
		"Break",
		"Prep",
		"Scan",
		"Break",
		"Prep",
		"Break",
		"Prep",
		"Scan",
		"Prep",
		"Scan",
		"Prep",
		"Scan",
		"Break",
		"Prep",
		"Scan",
		"Dead"
	],
	"start" : 16.483333587646484
}