{
	"data" : 
	[
		0.44122084975242615,
		0.44116672873497009,
		2.9938747882843018,
		0.22061042487621307,
		3.2459702491760254,
		0.031484860926866531,
		0.5672684907913208,
		0.031484860926866531,
		0.031484860926866531,
		5.1683859825134277,
		0.031484860926866531,
		0.063077919185161591,
		9.391143798828125,
		0.25220346450805664,
		5.5149359703063965,
		0.031484860926866531,
		0.28368833661079407,
		6.5234251022338867,
		64.635604858398438
	],
	"end" : 8.8380556106567383,
	"labels" : 
	[
		"Prep",
		"Scan",
		"Break",
		"Prep",
		"Scan",
		"Break",
		"Prep",
		"Break",
		"Prep",
		"Scan",
		"Break",
		"Prep",
		"Scan",
		"Prep",
		"Scan",
		"Break",
		"Prep",
		"Scan",
		"Dead"
	],
	"start" : 7.9574999809265137
}