{
	"data" : 
	[
		1.0693281888961792,
		0.62915629148483276,
		0.062850840389728546,
		0.94362646341323853,
		0.063066825270652771,
		0.25161933898925781,
		0.062850840389728546,
		0.062850840389728546,
		0.063066825270652771,
		0.062850840389728546,
		0.062850840389728546,
		0.062850840389728546,
		0.063066825270652771,
		3.334118127822876,
		0.062850840389728546,
		0.62915629148483276,
		0.75485795736312866,
		1.321163535118103,
		4.592430591583252,
		0.88077563047409058,
		0.18855251371860504,
		8.3040857315063477,
		0.062850840389728546,
		0.88077563047409058,
		1.7615512609481812,
		1.5727828741073608,
		0.062850840389728546,
		4.026125431060791,
		0.063066825270652771,
		0.062850840389728546,
		10.946196556091309,
		6.6053857803344727,
		2.8939464092254639,
		8.9330263137817383,
		0.88077563047409058,
		2.4535584449768066,
		0.37732100486755371,
		0.063066825270652771,
		0.062850840389728546,
		9.2477121353149414,
		25.415279388427734
	],
	"end" : 14.385555267333984,
	"labels" : 
	[
		"Prep",
		"Break",
		"Prep",
		"Break",
		"Prep",
		"Break",
		"Prep",
		"Break",
		"Prep",
		"Break",
		"Prep",
		"Break",
		"Prep",
		"Break",
		"Prep",
		"Break",
		"Prep",
		"Scan",
		"Break",
		"Prep",
		"Break",
		"Scan",
		"Break",
		"Break",
		"Break",
		"Break",
		"Prep",
		"Break",
		"Prep",
		"Break",
		"Scan",
		"Scan",
		"Prep",
		"Scan",
		"Prep",
		"Break",
		"Prep",
		"Break",
		"Prep",
		"Scan",
		"Dead"
	],
	"start" : 13.94444465637207
}