{
	"data" : 
	[
		0.61212271451950073,
		0.44889935851097107,
		1.2650163173675537,
		0.85702788829803467,
		2.3261785507202148,
		0.85688775777816772,
		2.5709435939788818,
		0.040910925716161728,
		4.3665409088134766,
		0.040770821273326874,
		3.7136473655700684,
		1.061022162437439,
		4.3665409088134766,
		0.12231247127056122,
		4.3257699012756348,
		0.040770821273326874,
		3.4687423706054688,
		0.040910925716161728,
		5.3458809852600098,
		1.9588208198547363,
		5.7132391929626465,
		56.357048034667969
	],
	"end" : 9.5180559158325195,
	"labels" : 
	[
		"Prep",
		"Scan",
		"Break",
		"Scan",
		"Break",
		"Scan",
		"Break",
		"Prep",
		"Scan",
		"Prep",
		"Scan",
		"Prep",
		"Scan",
		"Prep",
		"Scan",
		"Break",
		"Scan",
		"Prep",
		"Scan",
		"Prep",
		"Scan",
		"Dead"
	],
	"start" : 8.8380556106567383
}