{
	"data" : 
	[
		0.32406634092330933,
		0.37031608819961548,
		1.0184488296508789,
		0.50922441482543945,
		0.92579030990600586,
		2.6850302219390869,
		0.32406634092330933,
		0.92579030990600586,
		3.5183207988739014,
		0.32406634092330933,
		0.92579030990600586,
		2.9626877307891846,
		0.32406634092330933,
		0.74079114198684692,
		3.147845983505249,
		0.092658489942550659,
		1.5276731252670288,
		1.2961063385009766,
		0.32406634092330933,
		0.04624977707862854,
		4.4905200004577637,
		0.09249955415725708,
		0.78704094886779785,
		0.32406634092330933,
		1.6201727390289307,
		1.666581392288208,
		0.04624977707862854,
		3.4256622791290283,
		0.37031608819961548,
		9.3049468994140625,
		0.04624977707862854,
		0.092658489942550659,
		3.9811363220214844,
		0.18515804409980774,
		0.092658489942550659,
		0.23140782117843628,
		9.6752634048461914,
		0.09249955415725708,
		1.435173511505127,
		0.04624977707862854,
		10.323236465454102,
		0.092658489942550659,
		7.6383657455444336,
		0.04624977707862854,
		0.09249955415725708,
		6.9902329444885254,
		14.397192001342773
	],
	"end" : 13.60111141204834,
	"labels" : 
	[
		"Prep",
		"Scan",
		"Break",
		"Prep",
		"Scan",
		"Break",
		"Prep",
		"Scan",
		"Break",
		"Prep",
		"Scan",
		"Break",
		"Prep",
		"Scan",
		"Break",
		"Prep",
		"Break",
		"Prep",
		"Break",
		"Prep",
		"Scan",
		"Prep",
		"Break",
		"Prep",
		"Break",
		"Break",
		"Prep",
		"Break",
		"Prep",
		"Scan",
		"Break",
		"Prep",
		"Scan",
		"Break",
		"Prep",
		"Break",
		"Scan",
		"Prep",
		"Break",
		"Prep",
		"Scan",
		"Prep",
		"Scan",
		"Break",
		"Prep",
		"Scan",
		"Dead"
	],
	"start" : 13.001667022705078
}