{
	"data" : 
	[
		0.79178160429000854,
		0.85284870862960815,
		2.3146958351135254,
		0.85284870862960815,
		3.8986773490905762,
		0.060648880898952484,
		1.3401311635971069,
		8.7719192504882812,
		0.061067149043083191,
		1.8274134397506714,
		17.665136337280273,
		0.48728236556053162,
		9.9899158477783203,
		0.18278318643569946,
		8.5891361236572266,
		0.060648880898952484,
		1.5839815139770508,
		1.1573479175567627,
		0.97456473112106323,
		0.85284870862960815,
		3.2892606258392334,
		0.061067149043083191,
		6.1523065567016602,
		0.061067149043083191,
		5.1777410507202148,
		0.060648880898952484,
		4.6298098564147949,
		18.15241813659668
	],
	"end" : 17.352777481079102,
	"labels" : 
	[
		"Prep",
		"Scan",
		"Break",
		"Prep",
		"Scan",
		"Break",
		"Prep",
		"Scan",
		"Break",
		"Prep",
		"Scan",
		"Prep",
		"Scan",
		"Prep",
		"Scan",
		"Break",
		"Prep",
		"Scan",
		"Break",
		"Prep",
		"Scan",
		"Prep",
		"Scan",
		"Prep",
		"Scan",
		"Prep",
		"Scan",
		"Dead"
	],
	"start" : 16.897222518920898
}