{
	"data" : 
	[
		1.1380565166473389,
		0.75835710763931274,
		1.3651468753814697,
		0.076044045388698578,
		1.5927581787109375,
		1.6688022613525391,
		1.1380565166473389,
		4.5511841773986816,
		0.1515672355890274,
		0.076044045388698578,
		7.1304316520690918,
		0.075523197650909424,
		8.950800895690918,
		0.076044045388698578,
		1.7448463439941406,
		8.571101188659668,
		0.15208809077739716,
		6.9028201103210449,
		0.075523197650909424,
		6.6752090454101562,
		5.9168519973754883,
		7.8887882232666016,
		1.7443253993988037,
		0.22761128842830658,
		11.22639274597168,
		20.025627136230469
	],
	"end" : 17.718610763549805,
	"labels" : 
	[
		"Prep",
		"Scan",
		"Break",
		"Prep",
		"Scan",
		"Break",
		"Scan",
		"Break",
		"Break",
		"Prep",
		"Scan",
		"Prep",
		"Scan",
		"Break",
		"Prep",
		"Scan",
		"Prep",
		"Scan",
		"Break",
		"Scan",
		"Break",
		"Scan",
		"Break",
		"Prep",
		"Scan",
		"Dead"
	],
	"start" : 17.352777481079102
}