{
	"data" : 
	[
		0.68611603975296021,
		0.54886138439178467,
		5.626183032989502,
		0.64041680097579956,
		0.045699190348386765,
		9.3314294815063477,
		1.6008850336074829,
		13.219314575195312,
		0.045856233686208725,
		0.32020840048789978,
		8.1876935958862305,
		8.9196653366088867,
		0.86906981468200684,
		4.9859228134155273,
		5.3059744834899902,
		0.09155542403459549,
		10.612106323242188,
		0.045699190348386765,
		0.86906981468200684,
		10.932313919067383,
		17.015960693359375
	],
	"end" : 13.001667022705078,
	"labels" : 
	[
		"Prep",
		"Scan",
		"Break",
		"Prep",
		"Break",
		"Scan",
		"Prep",
		"Scan",
		"Break",
		"Prep",
		"Scan",
		"Scan",
		"Prep",
		"Scan",
		"Break",
		"Prep",
		"Scan",
		"Break",
		"Prep",
		"Scan",
		"Dead"
	],
	"start" : 12.395000457763672
}