{
	"data" : 
	[
		1.1313329935073853,
		1.1316103935241699,
		2.5057485103607178,
		0.64655524492263794,
		6.6276078224182129,
		0.080750033259391785,
		1.3741379976272583,
		0.48505520820617676,
		0.080750033259391785,
		14.386826515197754,
		0.080750033259391785,
		1.5359156131744385,
		24.004959106445312,
		0.080750033259391785,
		0.64655524492263794,
		13.174742698669434,
		0.080750033259391785,
		11.558076858520508,
		3.8796091079711914,
		0.080750033259391785,
		11.396299362182617,
		4.9304695129394531
	],
	"end" : 13.94444465637207,
	"labels" : 
	[
		"Prep",
		"Scan",
		"Break",
		"Prep",
		"Scan",
		"Break",
		"Prep",
		"Break",
		"Prep",
		"Scan",
		"Break",
		"Prep",
		"Scan",
		"Break",
		"Prep",
		"Scan",
		"Break",
		"Scan",
		"Break",
		"Prep",
		"Scan",
		"Dead"
	],
	"start" : 13.60111141204834
}