{
	"data" : 
	[
		1.0961363315582275,
		1.0961363315582275,
		3.5230650901794434,
		1.0961363315582275,
		0.078218653798103333,
		5.0108318328857422,
		1.3307921886444092,
		12.056961059570312,
		0.078218653798103333,
		0.62628680467605591,
		23.330930709838867,
		0.62628680467605591,
		12.761466979980469,
		0.078487448394298553,
		0.15643730759620667,
		11.117530822753906,
		25.836078643798828
	],
	"end" : 14.739999771118164,
	"labels" : 
	[
		"Prep",
		"Scan",
		"Break",
		"Prep",
		"Break",
		"Scan",
		"Prep",
		"Scan",
		"Break",
		"Prep",
		"Scan",
		"Prep",
		"Scan",
		"Break",
		"Prep",
		"Scan",
		"Dead"
	],
	"start" : 14.385555267333984
}