{
	"data" : 
	[
		0.52656984329223633,
		0.56718218326568604,
		2.349675178527832,
		0.56718218326568604,
		4.3751468658447266,
		0.68874108791351318,
		6.8057689666748047,
		0.12155891209840775,
		13.04449462890625,
		0.32406434416770935,
		7.6160688400268555,
		7.3324775695800781,
		19.526336669921875,
		0.12155891209840775,
		7.4945101737976074,
		0.040473274886608124,
		0.12155891209840775,
		1.174837589263916,
		0.040473274886608124,
		13.773708343505859,
		13.287612915039062
	],
	"end" : 10.520833015441895,
	"labels" : 
	[
		"Prep",
		"Scan",
		"Break",
		"Prep",
		"Scan",
		"Prep",
		"Scan",
		"Prep",
		"Scan",
		"Prep",
		"Scan",
		"Scan",
		"Break",
		"Prep",
		"Scan",
		"Break",
		"Prep",
		"Break",
		"Prep",
		"Scan",
		"Dead"
	],
	"start" : 9.8358335494995117
}