{
	"data" : 
	[
		0.088886640965938568,
		3.6609034538269043,
		0.088886640965938568,
		4.6423344612121582,
		0.62527155876159668,
		0.53515887260437012,
		2.14308762550354,
		0.62465852499008179,
		2.6782464981079102,
		4.5534482002258301,
		0.088886640965938568,
		9.1062831878662109,
		0.08949965238571167,
		12.58757495880127,
		0.62527155876159668,
		0.088886640965938568,
		0.08949965238571167,
		10.445099830627441,
		1.6073156595230103,
		11.427144050598145,
		1.5178160667419434,
		0.2678859531879425,
		0.08949965238571167,
		0.088886640965938568,
		0.17838628590106964,
		17.587907791137695,
		0.2678859531879425,
		14.105389595031738
	],
	"end" : 18.553333282470703,
	"labels" : 
	[
		"Prep",
		"Break",
		"Prep",
		"Break",
		"Prep",
		"Scan",
		"Break",
		"Prep",
		"Scan",
		"Break",
		"Prep",
		"Scan",
		"Prep",
		"Scan",
		"Prep",
		"Break",
		"Prep",
		"Scan",
		"Prep",
		"Scan",
		"Break",
		"Prep",
		"Break",
		"Prep",
		"Break",
		"Scan",
		"Prep",
		"Scan"
	],
	"start" : 18.242500305175781
}