{
	"data" : 
	[
		1.1153668165206909,
		1.1153668165206909,
		2.7085525989532471,
		0.63727432489395142,
		5.8156070709228516,
		0.079590916633605957,
		1.3544130325317383,
		13.224399566650391,
		2.3899154663085938,
		23.660655975341797,
		0.079590916633605957,
		0.63727432489395142,
		13.064944267272949,
		0.15945534408092499,
		11.31230354309082,
		22.5452880859375
	],
	"end" : 15.088333129882812,
	"labels" : 
	[
		"Prep",
		"Scan",
		"Break",
		"Prep",
		"Scan",
		"Break",
		"Prep",
		"Scan",
		"Prep",
		"Scan",
		"Break",
		"Prep",
		"Scan",
		"Prep",
		"Scan",
		"Dead"
	],
	"start" : 14.739999771118164
}