{
	"data" : 
	[
		0.2785085141658783,
		0.41776275634765625,
		0.13925425708293915,
		0.43763670325279236,
		0.33813035488128662,
		0.35807257890701294,
		0.21881835162639618,
		0.2983824610710144,
		0.33819863200187683,
		1.6112924814224243,
		0.31825640797615051,
		0.059690147638320923,
		2.5064399242401123,
		0.019873950630426407,
		0.69627124071121216,
		0.517200767993927,
		0.019873950630426407,
		0.13925425708293915,
		4.6747493743896484,
		0.019873950630426407,
		0.69620293378829956,
		0.8355255126953125,
		0.019873950630426407,
		0.21881835162639618,
		4.6349329948425293,
		0.31832468509674072,
		2.2876214981079102,
		0.33813035488128662,
		2.2677476406097412,
		0.2983824610710144,
		2.5661299228668213,
		0.019942246377468109,
		3.2623329162597656,
		1.0940917730331421,
		0.019873950630426407,
		5.0925121307373047,
		0.019873950630426407,
		0.17900215089321136,
		2.0887455940246582,
		8.9117937088012695,
		0.039816200733184814,
		0.15912820398807526,
		0.039816200733184814,
		0.57682269811630249,
		0.019942246377468109,
		0.11931200325489044,
		0.019942246377468109,
		4.3961730003356934,
		1.6312347650527954,
		44.320411682128906
	],
	"end" : 16.483333587646484,
	"labels" : 
	[
		"Prep",
		"Scan",
		"Prep",
		"Break",
		"Prep",
		"Scan",
		"Break",
		"Prep",
		"Scan",
		"Break",
		"Prep",
		"Break",
		"Scan",
		"Prep",
		"Break",
		"Break",
		"Prep",
		"Break",
		"Scan",
		"Prep",
		"Break",
		"Break",
		"Prep",
		"Break",
		"Scan",
		"Prep",
		"Scan",
		"Prep",
		"Scan",
		"Prep",
		"Scan",
		"Prep",
		"Scan",
		"Break",
		"Prep",
		"Scan",
		"Break",
		"Prep",
		"Scan",
		"Break",
		"Prep",
		"Break",
		"Prep",
		"Break",
		"Prep",
		"Break",
		"Prep",
		"Scan",
		"Prep",
		"Dead"
	],
	"start" : 15.088333129882812
}