{
	"data" : 
	[
		0.18324734270572662,
		0.13747483491897583,
		0.87046420574188232,
		0.022964902222156525,
		0.68721687793731689,
		0.96208781003952026,
		0.32072216272354126,
		0.68721687793731689,
		2.8405697345733643,
		0.18324734270572662,
		2.1303880214691162,
		0.36649468541145325,
		0.022964902222156525,
		2.7259809970855713,
		1.3744337558746338,
		0.38945958018302917,
		2.2220115661621094,
		0.04585115984082222,
		1.4889436960220337,
		1.5577596426010132,
		0.41234582662582397,
		0.18324734270572662,
		1.5119085311889648,
		0.45811831951141357,
		0.068737417459487915,
		1.8784031867980957,
		0.04585115984082222,
		2.5656201839447021,
		0.091623671352863312,
		0.068737417459487915,
		0.045772511512041092,
		0.022964902222156525,
		2.4511101245880127,
		0.022886255756020546,
		0.068737417459487915,
		3.2528369426727295,
		0.022964902222156525,
		0.045772511512041092,
		2.4969613552093506,
		2.9321146011352539,
		0.091623671352863312,
		2.4969613552093506,
		59.445201873779297
	],
	"end" : 12.395000457763672,
	"labels" : 
	[
		"Prep",
		"Scan",
		"Break",
		"Prep",
		"Scan",
		"Break",
		"Prep",
		"Scan",
		"Break",
		"Prep",
		"Scan",
		"Break",
		"Prep",
		"Scan",
		"Break",
		"Prep",
		"Scan",
		"Prep",
		"Scan",
		"Break",
		"Scan",
		"Break",
		"Scan",
		"Break",
		"Prep",
		"Scan",
		"Prep",
		"Scan",
		"Break",
		"Prep",
		"Break",
		"Prep",
		"Scan",
		"Break",
		"Prep",
		"Scan",
		"Break",
		"Prep",
		"Scan",
		"Break",
		"Prep",
		"Scan",
		"Dead"
	],
	"start" : 11.183610916137695
}