{
	"data" : 
	[
		1.2223145961761475,
		1.8339214324951172,
		0.87333875894546509,
		0.61130714416503906,
		9.5182828903198242,
		0.26203161478042603,
		0.087243936955928802,
		0.08754374086856842,
		11.177416801452637,
		0.08754374086856842,
		7.5098743438720703,
		0.61130714416503906,
		10.653653144836426,
		0.26203161478042603,
		1.3098582029342651,
		10.653653144836426,
		43.138679504394531
	],
	"end" : 9.8358335494995117,
	"labels" : 
	[
		"Prep",
		"Scan",
		"Break",
		"Prep",
		"Scan",
		"Break",
		"Break",
		"Prep",
		"Scan",
		"Break",
		"Scan",
		"Prep",
		"Scan",
		"Break",
		"Prep",
		"Scan",
		"Dead"
	],
	"start" : 9.5180559158325195
}