{
	"data" : 
	[
		0.58266425132751465,
		0.95364892482757568,
		4.2903294563293457,
		0.74160569906234741,
		6.091423511505127,
		0.053101733326911926,
		7.8921542167663574,
		0.21204321086406708,
		7.9983577728271484,
		0.053101733326911926,
		1.7479926347732544,
		11.229198455810547,
		0.053101733326911926,
		0.42372274398803711,
		8.7927017211914062,
		4.0786495208740234,
		0.42408642172813416,
		6.9388689994812012,
		0.74160569906234741,
		6.4093070030212402,
		30.192337036132812
	],
	"end" : 18.242500305175781,
	"labels" : 
	[
		"Prep",
		"Scan",
		"Break",
		"Prep",
		"Scan",
		"Prep",
		"Scan",
		"Break",
		"Scan",
		"Break",
		"Prep",
		"Scan",
		"Break",
		"Prep",
		"Scan",
		"Break",
		"Prep",
		"Scan",
		"Prep",
		"Scan",
		"Dead"
	],
	"start" : 17.718610763549805
}