{
	"data" : 
	[
		0.028016159310936928,
		0.025480363517999649,
		0.033105235546827316,
		0.0025532830040901899,
		0.058568112552165985,
		0.073870323598384857,
		0.0458366759121418,
		0.19102403521537781,
		0.11460043489933014,
		0.0025532830040901899,
		0.30562445521354675,
		0.0051065660081803799,
		0.33872970938682556,
		0.0050890776328742504,
		0.23687820136547089,
		98.432968139648438
	],
	"end" : 7.5902776718139648,
	"labels" : 
	[
		"Prep",
		"Scan",
		"Break",
		"Prep",
		"Scan",
		"Break",
		"Prep",
		"Scan",
		"Break",
		"Prep",
		"Scan",
		"Prep",
		"Scan",
		"Prep",
		"Scan",
		"Dead"
	],
	"start" : 18.16583251953125
}