{
	"data" : 
	[
		0.49344742298126221,
		1.5699758529663086,
		1.9289727210998535,
		0.31402599811553955,
		0.62789797782897949,
		2.8260800838470459,
		0.40381371974945068,
		0.94207799434661865,
		2.4222662448883057,
		0.67286884784698486,
		0.044970862567424774,
		3.947425365447998,
		1.8841559886932373,
		7.2671070098876953,
		2.018606424331665,
		0.31402599811553955,
		0.04481685534119606,
		7.4913454055786133,
		0.044970862567424774,
		0.08963371068239212,
		4.6652650833129883,
		2.6018416881561279,
		8.388606071472168,
		1.5699758529663086,
		0.044970862567424774,
		0.26905512809753418,
		0.04481685534119606,
		6.7288427352905273,
		0.089787714183330536,
		8.2090301513671875,
		0.044970862567424774,
		0.62789797782897949,
		0.2692091166973114,
		0.04481685534119606,
		12.246397972106934,
		18.706031799316406
	],
	"end" : 15.21138858795166,
	"labels" : 
	[
		"Prep",
		"Scan",
		"Break",
		"Prep",
		"Scan",
		"Break",
		"Prep",
		"Scan",
		"Break",
		"Prep",
		"Break",
		"Scan",
		"Break",
		"Scan",
		"Break",
		"Prep",
		"Break",
		"Scan",
		"Break",
		"Break",
		"Scan",
		"Break",
		"Scan",
		"Break",
		"Prep",
		"Break",
		"Prep",
		"Scan",
		"Break",
		"Scan",
		"Break",
		"Prep",
		"Break",
		"Prep",
		"Scan",
		"Dead"
	],
	"start" : 14.592778205871582
}