{
	"data" : 
	[
		0.74835175275802612,
		0.74835175275802612,
		6.0398483276367188,
		1.3897174596786499,
		0.69495046138763428,
		0.74835175275802612,
		2.2448716163635254,
		0.74835175275802612,
		3.4208004474639893,
		0.053401265293359756,
		0.90873903036117554,
		7.8573260307312012,
		0.053401265293359756,
		0.1603873074054718,
		15.874856948852539,
		0.05358477309346199,
		0.37417587637901306,
		8.7658815383911133,
		0.053401265293359756,
		7.5901365280151367,
		1.0155415534973145,
		1.0155415534973145,
		3.5811879634857178,
		0.05358477309346199,
		5.3984823226928711,
		5.5588698387145996,
		8.0711145401000977,
		0.053401265293359756,
		6.2004189491271973,
		10.422972679138184
	],
	"end" : 11.636944770812988,
	"labels" : 
	[
		"Prep",
		"Scan",
		"Break",
		"Break",
		"Prep",
		"Scan",
		"Break",
		"Prep",
		"Scan",
		"Break",
		"Prep",
		"Scan",
		"Break",
		"Prep",
		"Scan",
		"Break",
		"Prep",
		"Scan",
		"Prep",
		"Scan",
		"Prep",
		"Scan",
		"Break",
		"Prep",
		"Scan",
		"Scan",
		"Scan",
		"Break",
		"Scan",
		"Dead"
	],
	"start" : 11.117777824401855
}