{
	"data" : 
	[
		0.57354122400283813,
		0.99062961339950562,
		10.480016708374023,
		1.3556267023086548,
		0.052270300686359406,
		0.052091293036937714,
		14.703350067138672,
		0.052270300686359406,
		0.15645287930965424,
		0.052091293036937714,
		4.3797855377197266,
		0.052091293036937714,
		0.4691796600818634,
		0.36499708890914917,
		4.4318771362304688,
		0.10436159372329712,
		0.8862680196762085,
		0.9385383129119873,
		1.3035353422164917,
		0.5214499831199646,
		0.36499708890914917,
		4.2233328819274902,
		1.5119005441665649,
		1.0949912071228027,
		0.052091293036937714,
		0.052270300686359406,
		0.36499708890914917,
		1.1470824480056763,
		0.36481806635856628,
		1.1470824480056763,
		0.052270300686359406,
		0.052091293036937714,
		0.36499708890914917,
		0.9385383129119873,
		0.052091293036937714,
		0.41708835959434509,
		0.052091293036937714,
		0.052270300686359406,
		0.36499708890914917,
		0.99062961339950562,
		10.010836601257324,
		0.20854417979717255,
		0.9385383129119873,
		0.052091293036937714,
		0.36499708890914917,
		0.88644701242446899,
		0.052091293036937714,
		0.052091293036937714,
		0.99062961339950562,
		0.052270300686359406,
		0.93835932016372681,
		0.36499708890914917,
		0.88644701242446899,
		0.052091293036937714,
		0.88644701242446899,
		0.9385383129119873,
		0.052091293036937714,
		0.88644701242446899,
		0.93835932016372681,
		0.052270300686359406,
		0.8862680196762085,
		0.88644701242446899,
		0.052091293036937714,
		1.3035353422164917,
		0.36499708890914917,
		0.9385383129119873,
		20.282487869262695
	],
	"end" : 16.098611831665039,
	"labels" : 
	[
		"Prep",
		"Scan",
		"Break",
		"Prep",
		"Break",
		"Prep",
		"Scan",
		"Prep",
		"Break",
		"Break",
		"Scan",
		"Break",
		"Prep",
		"Break",
		"Scan",
		"Prep",
		"Break",
		"Scan",
		"Break",
		"Prep",
		"Break",
		"Scan",
		"Break",
		"Prep",
		"Break",
		"Prep",
		"Break",
		"Scan",
		"Break",
		"Prep",
		"Break",
		"Prep",
		"Break",
		"Scan",
		"Break",
		"Prep",
		"Break",
		"Prep",
		"Break",
		"Scan",
		"Break",
		"Prep",
		"Scan",
		"Prep",
		"Break",
		"Scan",
		"Break",
		"Break",
		"Scan",
		"Break",
		"Prep",
		"Break",
		"Scan",
		"Break",
		"Break",
		"Scan",
		"Break",
		"Break",
		"Scan",
		"Prep",
		"Break",
		"Scan",
		"Break",
		"Prep",
		"Break",
		"Scan",
		"Dead"
	],
	"start" : 15.566389083862305
}