{
	"data" : 
	[
		0.82908785343170166,
		0.8288845419883728,
		3.1978232860565186,
		0.059162471443414688,
		4.3229265213012695,
		0.059162471443414688,
		1.0067784786224365,
		9.2970466613769531,
		0.059365779161453247,
		1.7765005826950073,
		17.646884918212891,
		0.53286886215209961,
		9.6524286270141602,
		0.53307217359542847,
		8.3496341705322266,
		41.748374938964844
	],
	"end" : 12.21833324432373,
	"labels" : 
	[
		"Prep",
		"Scan",
		"Break",
		"Prep",
		"Scan",
		"Break",
		"Prep",
		"Scan",
		"Break",
		"Prep",
		"Scan",
		"Prep",
		"Scan",
		"Prep",
		"Scan",
		"Dead"
	],
	"start" : 11.749722480773926
}