{
	"data" : 
	[
		1.7288753986358643,
		2.346149206161499,
		9.2616510391235352,
		0.12379392236471176,
		8.7673234939575195,
		0.12294601649045944,
		13.336674690246582,
		0.12379392236471176,
		13.830156326293945,
		13.212882041931152,
		37.045757293701172
	],
	"end" : 16.983612060546875,
	"labels" : 
	[
		"Prep",
		"Scan",
		"Break",
		"Prep",
		"Scan",
		"Break",
		"Scan",
		"Break",
		"Scan",
		"Scan",
		"Dead"
	],
	"start" : 16.758888244628906
}