{
	"data" : 
	[
		1.5212942361831665,
		1.9269493818283081,
		3.9555737972259521,
		5.4766936302185059,
		7.3021421432495117,
		11.055063247680664,
		10.85206127166748,
		0.10132676362991333,
		10.142077445983887,
		47.566822052001953
	],
	"end" : 8.2341670989990234,
	"labels" : 
	[
		"Prep",
		"Scan",
		"Break",
		"Scan",
		"Break",
		"Scan",
		"Scan",
		"Break",
		"Scan",
		"Dead"
	],
	"start" : 7.9605555534362793
}