{
	"data" : 
	[
		1.4099446535110474,
		2.115262508392334,
		5.538820743560791,
		1.7114335298538208,
		0.30218037962913513,
		4.4310569763183594,
		0.20191457867622375,
		1.4099446535110474,
		10.77546215057373,
		0.10026580095291138,
		15.810878753662109,
		0.10095728933811188,
		0.10026580095291138,
		9.2652511596679688,
		2.1145710945129395,
		1.5109018087387085,
		11.480088233947754,
		31.520801544189453
	],
	"end" : 18.649444580078125,
	"labels" : 
	[
		"Prep",
		"Scan",
		"Break",
		"Prep",
		"Break",
		"Scan",
		"Break",
		"Prep",
		"Scan",
		"Prep",
		"Scan",
		"Prep",
		"Break",
		"Scan",
		"Break",
		"Prep",
		"Scan",
		"Dead"
	],
	"start" : 18.37388801574707
}