{
	"data" : 
	[
		0.31778675317764282,
		0.72216153144836426,
		1.4156588315963745,
		0.25996226072311401,
		0.20223696529865265,
		3.1489059925079346,
		1.8201326131820679,
		0.028862655162811279,
		0.028862655162811279,
		0.028862655162811279,
		0.28892412781715393,
		0.20223696529865265,
		3.3511428833007812,
		0.028961841017007828,
		0.69329887628555298,
		0.028862655162811279,
		0.20223696529865265,
		0.63557350635528564,
		0.57784825563430786,
		1.0110856294631958,
		4.3334650993347168,
		0.8089478611946106,
		0.28882494568824768,
		0.028862655162811279,
		0.20223696529865265,
		3.3512420654296875,
		2.1666829586029053,
		0.72226071357727051,
		1.9067206382751465,
		0.057725310325622559,
		0.086687155067920685,
		0.057824496179819107,
		8.0601205825805664,
		4.9690384864807129,
		0.86667311191558838,
		0.028862655162811279,
		0.20223696529865265,
		1.87785804271698,
		0.28892412781715393,
		0.34664943814277649,
		12.075798034667969,
		42.178756713867188
	],
	"end" : 9.1947221755981445,
	"labels" : 
	[
		"Prep",
		"Scan",
		"Break",
		"Prep",
		"Break",
		"Scan",
		"Break",
		"Prep",
		"Break",
		"Prep",
		"Break",
		"Break",
		"Scan",
		"Break",
		"Prep",
		"Break",
		"Break",
		"Scan",
		"Break",
		"Prep",
		"Scan",
		"Break",
		"Prep",
		"Break",
		"Break",
		"Scan",
		"Break",
		"Prep",
		"Break",
		"Prep",
		"Break",
		"Prep",
		"Scan",
		"Break",
		"Prep",
		"Prep",
		"Break",
		"Scan",
		"Break",
		"Prep",
		"Scan",
		"Dead"
	],
	"start" : 8.2341670989990234
}