{
	"data" : 
	[
		0.78444820642471313,
		0.78444820642471313,
		2.5212757587432861,
		0.33605468273162842,
		3.754117488861084,
		1.0085487365722656,
		8.7964773178100586,
		3.4738476276397705,
		0.39222410321235657,
		9.1327247619628906,
		0.055977053940296173,
		3.6979484558105469,
		0.055977053940296173,
		0.44839352369308472,
		16.696552276611328,
		4.9305977821350098,
		10.589473724365234,
		0.056169420480728149,
		14.90374755859375,
		17.480998992919922
	],
	"end" : 9.6899995803833008,
	"labels" : 
	[
		"Prep",
		"Scan",
		"Break",
		"Prep",
		"Scan",
		"Prep",
		"Scan",
		"Break",
		"Prep",
		"Scan",
		"Break",
		"Scan",
		"Break",
		"Prep",
		"Scan",
		"Break",
		"Scan",
		"Break",
		"Scan",
		"Dead"
	],
	"start" : 9.1947221755981445
}