{
	"data" : 
	[
		0.39143872261047363,
		0.54783505201339722,
		0.73056620359420776,
		0.49570298194885254,
		0.46963691711425781,
		0.70441055297851562,
		0.39134916663169861,
		0.46963691711425781,
		0.13041986525058746,
		0.39143872261047363,
		0.57399070262908936,
		1.3827551603317261,
		0.39134916663169861,
		2.8177318572998047,
		3.02652907371521,
		0.052132114768028259,
		3.4439442157745361,
		0.02606605738401413,
		0.39134916663169861,
		2.0611891746520996,
		0.41741520166397095,
		3.7309396266937256,
		0.02606605738401413,
		0.02606605738401413,
		0.026155630126595497,
		3.7570054531097412,
		0.02606605738401413,
		0.57399070262908936,
		4.4875717163085938,
		0.052132114768028259,
		0.33921703696250916,
		2.7394440174102783,
		4.3832178115844727,
		0.26083973050117493,
		0.83491998910903931,
		0.28699535131454468,
		0.41741520166397095,
		3.1830148696899414,
		0.026155630126595497,
		3.443854808807373,
		0.5218585729598999,
		3.2090809345245361,
		0.5218585729598999,
		0.02606605738401413,
		3.6004302501678467,
		0.026155630126595497,
		0.54783505201339722,
		2.8438875675201416,
		10.697026252746582,
		0.052221685647964478,
		3.1830148696899414,
		0.02606605738401413,
		3.8352935314178467,
		0.10435380041599274,
		2.8437979221343994,
		0.13050943613052368,
		3.6264963150024414,
		0.13050943613052368,
		0.93927383422851562,
		0.02606605738401413,
		0.02606605738401413,
		0.4435708224773407,
		0.02606605738401413,
		0.18264155089855194,
		2.5046703815460205,
		11.897229194641113
	],
	"end" : 14.592778205871582,
	"labels" : 
	[
		"Prep",
		"Scan",
		"Break",
		"Prep",
		"Scan",
		"Break",
		"Prep",
		"Scan",
		"Break",
		"Prep",
		"Scan",
		"Break",
		"Prep",
		"Scan",
		"Scan",
		"Break",
		"Scan",
		"Break",
		"Prep",
		"Scan",
		"Prep",
		"Scan",
		"Prep",
		"Break",
		"Break",
		"Scan",
		"Break",
		"Break",
		"Scan",
		"Break",
		"Prep",
		"Scan",
		"Break",
		"Prep",
		"Scan",
		"Break",
		"Prep",
		"Scan",
		"Prep",
		"Scan",
		"Prep",
		"Scan",
		"Prep",
		"Break",
		"Scan",
		"Break",
		"Prep",
		"Scan",
		"Break",
		"Prep",
		"Scan",
		"Break",
		"Scan",
		"Prep",
		"Scan",
		"Prep",
		"Scan",
		"Prep",
		"Break",
		"Break",
		"Prep",
		"Break",
		"Prep",
		"Break",
		"Scan",
		"Dead"
	],
	"start" : 13.529166221618652
}