{
	"data" : 
	[
		1.3381134271621704,
		1.3384417295455933,
		3.8239784240722656,
		1.6252975463867188,
		7.0742454528808594,
		1.6249692440032959,
		16.060644149780273,
		0.095509201288223267,
		2.8679018020629883,
		28.488327026367188,
		0.86023932695388794,
		15.582769393920898,
		0.28652763366699219,
		13.575106620788574,
		5.2579293251037598
	],
	"end" : 10.268333435058594,
	"labels" : 
	[
		"Prep",
		"Scan",
		"Break",
		"Prep",
		"Scan",
		"Prep",
		"Scan",
		"Break",
		"Prep",
		"Scan",
		"Prep",
		"Scan",
		"Prep",
		"Scan",
		"Dead"
	],
	"start" : 9.9780559539794922
}