{
	"data" : 
	[
		0.53712368011474609,
		0.53712368011474609,
		2.8004717826843262,
		3.7597341537475586,
		0.038328345865011215,
		0.65224039554595947,
		6.0998706817626953,
		0.30689018964767456,
		11.432516098022461,
		0.038328345865011215,
		2.1483631134033203,
		0.42200696468353271,
		5.9848856925964355,
		0.038328345865011215,
		1.5729111433029175,
		0.038328345865011215,
		0.038460057228803635,
		9.6293706893920898,
		0.26843014359474182,
		6.1000022888183594,
		7.7494378089904785,
		0.076788410544395447,
		0.46033525466918945,
		0.038328345865011215,
		6.8288993835449219,
		0.07665669173002243,
		0.53712368011474609,
		0.34521853923797607,
		9.7829484939575195,
		21.560550689697266
	],
	"end" : 13.762222290039062,
	"labels" : 
	[
		"Prep",
		"Scan",
		"Break",
		"Scan",
		"Break",
		"Prep",
		"Scan",
		"Prep",
		"Scan",
		"Prep",
		"Break",
		"Break",
		"Scan",
		"Break",
		"Break",
		"Break",
		"Prep",
		"Scan",
		"Prep",
		"Scan",
		"Break",
		"Prep",
		"Break",
		"Prep",
		"Scan",
		"Prep",
		"Break",
		"Break",
		"Scan",
		"Dead"
	],
	"start" : 13.038888931274414
}