{
	"data" : 
	[
		0.60646063089370728,
		1.4885163307189941,
		3.1977357864379883,
		0.60646063089370728,
		7.2773380279541016,
		9.1519899368286133,
		0.60646063089370728,
		7.4980411529541016,
		5.1825504302978516,
		0.33067625761032104,
		6.1749577522277832,
		0.44102784991264343,
		0.99240732192993164,
		0.55119013786315918,
		8.9867467880249023,
		2.0949769020080566,
		4.0247101783752441,
		9.8686132431030273,
		30.819141387939453
	],
	"end" : 8.9711112976074219,
	"labels" : 
	[
		"Prep",
		"Scan",
		"Break",
		"Prep",
		"Scan",
		"Break",
		"Prep",
		"Scan",
		"Break",
		"Prep",
		"Scan",
		"Break",
		"Prep",
		"Break",
		"Scan",
		"Break",
		"Prep",
		"Scan",
		"Dead"
	],
	"start" : 8.467778205871582
}