{
	"data" : 
	[
		2.1001112461090088,
		2.1001112461090088,
		6.8997769355773926,
		1.9497355222702026,
		13.050765037536621,
		6.4496798515319824,
		2.3998329639434814,
		27.300418853759766,
		37.649570465087891
	],
	"end" : 16.758888244628906,
	"labels" : 
	[
		"Prep",
		"Scan",
		"Break",
		"Prep",
		"Scan",
		"Break",
		"Prep",
		"Scan",
		"Dead"
	],
	"start" : 16.573888778686523
}