{
	"data" : 
	[
		1.3345474004745483,
		1.0271713733673096,
		1.7455569505691528,
		2.3610138893127441,
		4.2094993591308594,
		1.950709342956543,
		8.8300085067749023,
		3.7984898090362549,
		0.10292863845825195,
		14.168903350830078,
		0.20515230298042297,
		15.503450393676758,
		0.10292863845825195,
		0.20515230298042297,
		11.293951034545898,
		33.060539245605469
	],
	"end" : 17.06361198425293,
	"labels" : 
	[
		"Prep",
		"Scan",
		"Break",
		"Scan",
		"Break",
		"Prep",
		"Scan",
		"Break",
		"Prep",
		"Scan",
		"Prep",
		"Scan",
		"Break",
		"Prep",
		"Scan",
		"Dead"
	],
	"start" : 16.793333053588867
}