{
	"data" : 
	[
		0.39622387290000916,
		0.59433573484420776,
		0.028273941949009895,
		0.28303089737892151,
		0.62260967493057251,
		0.48104569315910339,
		0.50941675901412964,
		1.8962002992630005,
		0.4244978129863739,
		0.50931960344314575,
		4.6978468894958496,
		0.48114281892776489,
		0.056645046919584274,
		0.028273941949009895,
		3.1413223743438721,
		0.11319293826818466,
		0.339578777551651,
		5.858147144317627,
		0.028371104970574379,
		5.0091519355773926,
		0.25465980172157288,
		4.3865418434143066,
		0.45286887884140015,
		4.0468659400939941,
		0.056645046919584274,
		4.0752367973327637,
		0.028273941949009895,
		0.31130483746528625,
		4.8393135070800781,
		0.45286887884140015,
		0.028273941949009895,
		4.1318821907043457,
		0.028273941949009895,
		0.028273941949009895,
		4.0469632148742676,
		0.028273941949009895,
		0.36794990301132202,
		5.2072634696960449,
		0.028273941949009895,
		0.22638587653636932,
		3.6224653720855713,
		0.028273941949009895,
		3.7639319896697998,
		33.960308074951172
	],
	"end" : 10.670555114746094,
	"labels" : 
	[
		"Prep",
		"Scan",
		"Break",
		"Prep",
		"Break",
		"Prep",
		"Scan",
		"Break",
		"Prep",
		"Scan",
		"Break",
		"Prep",
		"Break",
		"Prep",
		"Scan",
		"Break",
		"Break",
		"Scan",
		"Prep",
		"Break",
		"Break",
		"Scan",
		"Prep",
		"Scan",
		"Break",
		"Scan",
		"Prep",
		"Break",
		"Scan",
		"Prep",
		"Break",
		"Scan",
		"Prep",
		"Break",
		"Scan",
		"Prep",
		"Break",
		"Scan",
		"Break",
		"Prep",
		"Scan",
		"Break",
		"Scan",
		"Dead"
	],
	"start" : 9.6899995803833008
}