{
	"data" : 
	[
		1.049264669418335,
		1.5737683773040771,
		3.447418212890625,
		1.049264669418335,
		0.29975312948226929,
		8.9932374954223633,
		0.075002610683441162,
		2.0984005928039551,
		0.074873961508274078,
		9.2929906845092773,
		0.59963494539260864,
		8.3187284469604492,
		0.075002610683441162,
		8.3187284469604492,
		54.633934020996094
	],
	"end" : 7.9605555534362793,
	"labels" : 
	[
		"Prep",
		"Scan",
		"Break",
		"Prep",
		"Break",
		"Scan",
		"Break",
		"Break",
		"Prep",
		"Scan",
		"Prep",
		"Scan",
		"Break",
		"Scan",
		"Dead"
	],
	"start" : 7.5902776718139648
}