{
	"data" : 
	[
		1.0935646295547485,
		0.78088778257369995,
		1.8744523525238037,
		1.6406151056289673,
		2.8897137641906738,
		2.7341799736022949,
		6.013801097869873,
		1.7966854572296143,
		12.028675079345703,
		0.078303307294845581,
		10.935110092163086,
		4.6863994598388672,
		3.5928347110748291,
		13.356614112854004,
		0.077766977250576019,
		10.77903938293457,
		0.078303307294845581,
		9.1384248733520508,
		3.7489047050476074,
		12.575725555419922
	],
	"end" : 19.004722595214844,
	"labels" : 
	[
		"Prep",
		"Scan",
		"Break",
		"Scan",
		"Break",
		"Scan",
		"Break",
		"Prep",
		"Scan",
		"Break",
		"Scan",
		"Scan",
		"Break",
		"Scan",
		"Prep",
		"Scan",
		"Break",
		"Scan",
		"Prep",
		"Scan"
	],
	"start" : 18.649444580078125
}