{
	"data" : 
	[
		1.034813404083252,
		0.71643024682998657,
		1.1144775152206421,
		1.7512437105178833,
		4.0597257614135742,
		1.2735322713851929,
		5.970160961151123,
		1.6715794801712036,
		0.079664096236228943,
		10.427797317504883,
		0.63676613569259644,
		0.079664096236228943,
		11.382946014404297,
		1.6717160940170288,
		0.07952745258808136,
		9.3133201599121094,
		48.636634826660156
	],
	"end" : 8.1772222518920898,
	"labels" : 
	[
		"Prep",
		"Scan",
		"Break",
		"Scan",
		"Break",
		"Prep",
		"Scan",
		"Break",
		"Prep",
		"Scan",
		"Break",
		"Prep",
		"Scan",
		"Break",
		"Prep",
		"Scan",
		"Dead"
	],
	"start" : 7.828610897064209
}