{
	"data" : 
	[
		0.6340300440788269,
		0.49814426898956299,
		1.6755621433258057,
		0.045243438333272934,
		0.95104509592056274,
		2.4907212257385254,
		0.045243438333272934,
		4.121039867401123,
		4.9361991882324219,
		0.045243438333272934,
		1.041532039642334,
		5.7513585090637207,
		0.67927348613739014,
		5.7964463233947754,
		0.31701502203941345,
		2.1737062931060791,
		6.7928900718688965,
		2.9434666633605957,
		4.5286974906921387,
		0.045243438333272934,
		0.090486876666545868,
		4.9361991882324219,
		0.22637265920639038,
		0.81515932083129883,
		0.95104509592056274,
		2.8077361583709717,
		1.041532039642334,
		0.72451692819595337,
		1.7662043571472168,
		0.090486876666545868,
		0.04539891704916954,
		3.9397552013397217,
		0.04539891704916954,
		3.8492684364318848,
		0.090486876666545868,
		3.5776522159576416,
		0.36225846409797668,
		0.63387459516525269,
		4.121039867401123,
		0.045243438333272934,
		0.49814426898956299,
		2.1284627914428711,
		0.18112923204898834,
		0.31701502203941345,
		1.8566912412643433,
		0.04539891704916954,
		2.8529796600341797,
		0.045243438333272934,
		4.8908004760742188,
		11.411918640136719
	],
	"end" : 13.529166221618652,
	"labels" : 
	[
		"Prep",
		"Scan",
		"Break",
		"Prep",
		"Scan",
		"Break",
		"Prep",
		"Scan",
		"Scan",
		"Break",
		"Prep",
		"Scan",
		"Prep",
		"Scan",
		"Break",
		"Prep",
		"Scan",
		"Break",
		"Scan",
		"Break",
		"Prep",
		"Scan",
		"Break",
		"Prep",
		"Scan",
		"Break",
		"Prep",
		"Scan",
		"Break",
		"Break",
		"Prep",
		"Scan",
		"Prep",
		"Scan",
		"Prep",
		"Scan",
		"Break",
		"Prep",
		"Scan",
		"Prep",
		"Scan",
		"Break",
		"Prep",
		"Scan",
		"Break",
		"Prep",
		"Scan",
		"Prep",
		"Scan",
		"Dead"
	],
	"start" : 12.916388511657715
}