{
	"data" : 
	[
		0.26043820381164551,
		0.40505987405776978,
		1.6200407743453979,
		0.28924334049224854,
		0.23163306713104248,
		0.028805140405893326,
		0.89693242311477661,
		2.6327898502349854,
		0.2314344048500061,
		0.54968154430389404,
		1.6780484914779663,
		0.028805140405893326,
		1.2151796817779541,
		0.78111594915390015,
		0.31824713945388794,
		10.473152160644531,
		0.34725093841552734,
		0.78111594915390015,
		8.7951030731201172,
		0.26043820381164551,
		0.26043820381164551,
		5.4390063285827637,
		0.029003797098994255,
		0.11561787128448486,
		8.8241071701049805,
		0.029003797098994255,
		0.2024306058883667,
		7.8983697891235352,
		6.1045045852661133,
		0.31824713945388794,
		1.0993630886077881,
		1.3888050317764282,
		0.26023954153060913,
		0.086812734603881836,
		0.14462167024612427,
		0.28944200277328491,
		1.1283669471740723,
		0.028805140405893326,
		4.2240252494812012,
		1.3019922971725464,
		0.028805140405893326,
		5.1787667274475098,
		0.029003797098994255,
		4.976137638092041,
		18.689569473266602
	],
	"end" : 18.37388801574707,
	"labels" : 
	[
		"Prep",
		"Scan",
		"Break",
		"Prep",
		"Scan",
		"Break",
		"Scan",
		"Break",
		"Prep",
		"Scan",
		"Break",
		"Prep",
		"Scan",
		"Break",
		"Prep",
		"Scan",
		"Break",
		"Prep",
		"Scan",
		"Break",
		"Prep",
		"Scan",
		"Break",
		"Prep",
		"Scan",
		"Break",
		"Prep",
		"Scan",
		"Break",
		"Prep",
		"Scan",
		"Break",
		"Prep",
		"Scan",
		"Break",
		"Prep",
		"Scan",
		"Prep",
		"Scan",
		"Break",
		"Prep",
		"Scan",
		"Prep",
		"Scan",
		"Dead"
	],
	"start" : 17.414722442626953
}