{
	"data" : 
	[
		1.0944194793701172,
		1.0944194793701172,
		3.9082961082458496,
		1.250880241394043,
		6.2533278465270996,
		1.3289763927459717,
		12.350730895996094,
		2.3450314998626709,
		23.294391632080078,
		0.62530595064163208,
		12.819577217102051,
		0.23455682396888733,
		12.194539070129395,
		21.105550765991211
	],
	"end" : 15.566389083862305,
	"labels" : 
	[
		"Prep",
		"Scan",
		"Break",
		"Prep",
		"Scan",
		"Prep",
		"Scan",
		"Prep",
		"Scan",
		"Prep",
		"Scan",
		"Prep",
		"Scan",
		"Dead"
	],
	"start" : 15.21138858795166
}