{
	"data" : 
	[
		0.75892603397369385,
		0.81745916604995728,
		4.0287623405456543,
		0.87559133768081665,
		3.9702296257019043,
		0.99265760183334351,
		9.2253808975219727,
		1.809715747833252,
		17.399572372436523,
		0.52519440650939941,
		10.218038558959961,
		0.058132205158472061,
		0.46706223487854004,
		8.2327232360839844,
		0.058533117175102234,
		0.408529132604599,
		1.5763851404190063,
		19.96861457824707,
		18.508493423461914
	],
	"end" : 16.573888778686523,
	"labels" : 
	[
		"Prep",
		"Scan",
		"Break",
		"Prep",
		"Scan",
		"Prep",
		"Scan",
		"Prep",
		"Scan",
		"Prep",
		"Scan",
		"Break",
		"Prep",
		"Scan",
		"Break",
		"Prep",
		"Break",
		"Scan",
		"Dead"
	],
	"start" : 16.098611831665039
}