{
	"data" : 
	[
		0.28285852074623108,
		0.48864606022834778,
		1.8513815402984619,
		0.7714163064956665,
		0.025778617709875107,
		0.025690335780382156,
		0.18000891804695129,
		0.5914074182510376,
		0.025690335780382156,
		0.5914074182510376,
		0.025778617709875107,
		0.051380671560764313,
		0.025778617709875107,
		0.17992062866687775,
		0.64287638664245605,
		0.025690335780382156,
		0.18000891804695129,
		0.025778617709875107,
		0.025690335780382156,
		0.43717709183692932,
		4.0885591506958008,
		0.025690335780382156,
		0.025690335780382156,
		0.23147785663604736,
		0.17992062866687775,
		2.6485764980316162,
		0.051468953490257263,
		0.5142480731010437,
		0.97720378637313843,
		0.025690335780382156,
		10.645686149597168,
		0.23147785663604736,
		0.74572598934173584,
		0.025690335780382156,
		0.18000891804695129,
		1.6713725328445435,
		0.025778617709875107,
		0.077071011066436768,
		0.43717709183692932,
		1.542832612991333,
		0.90004450082778931,
		3.857081413269043,
		0.64287638664245605,
		0.025690335780382156,
		0.18000891804695129,
		2.4171867370605469,
		0.025690335780382156,
		0.46286740899085999,
		0.20569925010204315,
		0.43717709183692932,
		1.5943015813827515,
		0.20569925010204315,
		0.077159292995929718,
		0.71994739770889282,
		0.025690335780382156,
		0.18000891804695129,
		0.46286740899085999,
		0.43717709183692932,
		0.46286740899085999,
		0.025690335780382156,
		0.43717709183692932,
		0.46277916431427002,
		0.43717709183692932,
		0.46286740899085999,
		0.23138958215713501,
		0.46286740899085999,
		0.43717709183692932,
		52.817123413085938
	],
	"end" : 11.749722480773926,
	"labels" : 
	[
		"Prep",
		"Scan",
		"Break",
		"Prep",
		"Break",
		"Prep",
		"Break",
		"Scan",
		"Break",
		"Prep",
		"Break",
		"Break",
		"Prep",
		"Break",
		"Scan",
		"Break",
		"Prep",
		"Break",
		"Prep",
		"Break",
		"Scan",
		"Break",
		"Prep",
		"Break",
		"Break",
		"Scan",
		"Break",
		"Prep",
		"Break",
		"Prep",
		"Scan",
		"Break",
		"Prep",
		"Break",
		"Break",
		"Scan",
		"Break",
		"Prep",
		"Break",
		"Scan",
		"Prep",
		"Scan",
		"Prep",
		"Break",
		"Break",
		"Scan",
		"Break",
		"Prep",
		"Break",
		"Scan",
		"Break",
		"Prep",
		"Break",
		"Scan",
		"Prep",
		"Break",
		"Scan",
		"Break",
		"Scan",
		"Prep",
		"Break",
		"Scan",
		"Break",
		"Scan",
		"Prep",
		"Break",
		"Scan",
		"Dead"
	],
	"start" : 10.670555114746094
}