{
	"data" : 
	[
		0.75603729486465454,
		1.1340559720993042,
		0.053949691355228424,
		0.91807174682617188,
		0.91788631677627563,
		0.054135087877511978,
		0.80998700857162476,
		0.91788631677627563,
		0.054135087877511978,
		0.80998700857162476,
		4.0499348640441895,
		1.8899078369140625,
		5.0221419334411621,
		0.053949691355228424,
		8.7480077743530273,
		0.053949691355228424,
		0.053949691355228424,
		5.8321285247802734,
		1.5118891000747681,
		0.054135087877511978,
		5.8319435119628906,
		0.053949691355228424,
		8.7480077743530273,
		0.80998700857162476,
		0.053949691355228424,
		0.054135087877511978,
		2.6459450721740723,
		4.1040701866149902,
		0.10789938271045685,
		7.7220368385314941,
		2.699894905090332,
		0.054135087877511978,
		1.0259711742401123,
		1.4039897918701172,
		0.48591804504394531,
		0.054135087877511978,
		7.7759861946105957,
		22.571922302246094
	],
	"end" : 13.038888931274414,
	"labels" : 
	[
		"Prep",
		"Scan",
		"Break",
		"Prep",
		"Scan",
		"Break",
		"Prep",
		"Scan",
		"Break",
		"Prep",
		"Scan",
		"Break",
		"Scan",
		"Prep",
		"Scan",
		"Break",
		"Prep",
		"Scan",
		"Break",
		"Prep",
		"Scan",
		"Prep",
		"Scan",
		"Prep",
		"Break",
		"Prep",
		"Scan",
		"Break",
		"Prep",
		"Scan",
		"Break",
		"Prep",
		"Scan",
		"Break",
		"Break",
		"Prep",
		"Scan",
		"Dead"
	],
	"start" : 12.524999618530273
}