{
	"data" : 
	[
		0.43728873133659363,
		0.71557581424713135,
		4.9294614791870117,
		0.35771965980529785,
		6.6387639045715332,
		1.0335791110992432,
		0.35785612463951111,
		5.5256152153015137,
		11.250221252441406,
		0.71557581424713135,
		3.498309850692749,
		0.079432599246501923,
		6.8376178741455078,
		0.039716299623250961,
		6.6786165237426758,
		0.039716299623250961,
		6.8773341178894043,
		0.039716299623250961,
		5.7643222808837891,
		0.79500836133956909,
		12.880090713500977,
		1.0732954740524292,
		0.95414656400680542,
		0.27828705310821533,
		0.79500836133956909,
		0.11928537487983704,
		0.27828705310821533,
		0.79500836133956909,
		0.11928537487983704,
		0.27828705310821533,
		0.55657410621643066,
		19.160999298095703
	],
	"end" : 12.916388511657715,
	"labels" : 
	[
		"Prep",
		"Scan",
		"Break",
		"Prep",
		"Scan",
		"Break",
		"Prep",
		"Scan",
		"Break",
		"Prep",
		"Break",
		"Prep",
		"Scan",
		"Break",
		"Scan",
		"Break",
		"Scan",
		"Prep",
		"Scan",
		"Prep",
		"Scan",
		"Break",
		"Prep",
		"Break",
		"Scan",
		"Prep",
		"Break",
		"Scan",
		"Prep",
		"Break",
		"Scan",
		"Dead"
	],
	"start" : 12.21833324432373
}