{
	"data" : 
	[
		0.90076452493667603,
		0.64397150278091431,
		4.6987380981445312,
		0.064529746770858765,
		1.8665007352828979,
		1.9310306310653687,
		2.253237247467041,
		0.77214699983596802,
		12.680536270141602,
		0.064529746770858765,
		8.8184757232666016,
		8.5612411499023438,
		10.620447158813477,
		0.064529746770858765,
		3.089914083480835,
		11.714800834655762,
		31.154607772827148
	],
	"end" : 17.414722442626953,
	"labels" : 
	[
		"Prep",
		"Scan",
		"Break",
		"Prep",
		"Scan",
		"Break",
		"Prep",
		"Break",
		"Scan",
		"Break",
		"Scan",
		"Scan",
		"Scan",
		"Break",
		"Prep",
		"Scan",
		"Dead"
	],
	"start" : 16.983612060546875
}