{
	"data" : 
	[
		0.57629668712615967,
		0.86430370807647705,
		2.51094651222229,
		0.57629668712615967,
		4.1573066711425781,
		0.082247346639633179,
		4.9806280136108398,
		0.041264992207288742,
		3.5397450923919678,
		0.32927203178405762,
		5.0218930244445801,
		77.219802856445312
	],
	"end" : 16.793333053588867,
	"labels" : 
	[
		"Prep",
		"Scan",
		"Break",
		"Prep",
		"Scan",
		"Break",
		"Scan",
		"Break",
		"Scan",
		"Prep",
		"Scan",
		"Dead"
	],
	"start" : 16.119167327880859
}