{
	"data" : 
	[
		0.26108530163764954,
		0.66461038589477539,
		0.94932693243026733,
		0.21365967392921448,
		0.49837630987167358,
		1.2580008506774902,
		0.23729100823402405,
		0.52217060327529907,
		0.4985392689704895,
		0.23729100823402405,
		0.52217060327529907,
		0.6408160924911499,
		0.02379428967833519,
		2.6582784652709961,
		2.1361079216003418,
		0.35593649744987488,
		2.1124765872955322,
		1.8512283563613892,
		3.2278749942779541,
		2.7770869731903076,
		2.2074906826019287,
		2.4920444488525391,
		0.21365967392921448,
		3.2042434215545654,
		0.21349671483039856,
		0.04758857935667038,
		3.8212649822235107,
		0.21365967392921448,
		0.047425605356693268,
		3.8212649822235107,
		3.25166916847229,
		0.28487959504127502,
		3.25166916847229,
		0.21349671483039856,
		0.21365967392921448,
		0.40352505445480347,
		3.25166916847229,
		0.02379428967833519,
		1.4002776145935059,
		0.02379428967833519,
		1.4240719079971313,
		0.02379428967833519,
		1.4240719079971313,
		1.4478662014007568,
		0.52217060327529907,
		1.2816321849822998,
		0.18986539542675018,
		0.28487959504127502,
		0.37973079085350037,
		1.4477033615112305,
		0.02379428967833519,
		1.3292207717895508,
		19.391368865966797,
		0.21365967392921448,
		4.0111308097839355,
		16.258344650268555
	],
	"end" : 17.225276947021484,
	"labels" : 
	[
		"Prep",
		"Scan",
		"Break",
		"Prep",
		"Scan",
		"Break",
		"Prep",
		"Scan",
		"Break",
		"Prep",
		"Scan",
		"Break",
		"Prep",
		"Break",
		"Scan",
		"Prep",
		"Break",
		"Scan",
		"Break",
		"Scan",
		"Break",
		"Scan",
		"Prep",
		"Break",
		"Scan",
		"Break",
		"Break",
		"Prep",
		"Break",
		"Break",
		"Prep",
		"Prep",
		"Scan",
		"Break",
		"Prep",
		"Break",
		"Scan",
		"Prep",
		"Break",
		"Scan",
		"Break",
		"Prep",
		"Break",
		"Prep",
		"Prep",
		"Scan",
		"Prep",
		"Break",
		"Prep",
		"Scan",
		"Prep",
		"Scan",
		"Break",
		"Prep",
		"Scan",
		"Dead"
	],
	"start" : 16.039722442626953
}