{
	"data" : 
	[
		0.63638490438461304,
		0.34264296293258667,
		1.4683737754821777,
		0.68528592586517334,
		0.53841495513916016,
		2.7409756183624268,
		1.6152448654174805,
		7.831383228302002,
		1.6152448654174805,
		0.097970016300678253,
		6.7545533180236816,
		0.04890098050236702,
		0.097970016300678253,
		0.04890098050236702,
		0.04890098050236702,
		4.2584185600280762,
		3.0836186408996582,
		0.14687100052833557,
		7.6356110572814941,
		0.68528592586517334,
		0.097801961004734039,
		10.132081985473633,
		0.04890098050236702,
		3.5731327533721924,
		0.04890098050236702,
		0.14687100052833557,
		4.600893497467041,
		40.870464324951172
	],
	"end" : 10.473889350891113,
	"labels" : 
	[
		"Prep",
		"Scan",
		"Break",
		"Prep",
		"Scan",
		"Break",
		"Prep",
		"Scan",
		"Break",
		"Prep",
		"Scan",
		"Break",
		"Prep",
		"Break",
		"Prep",
		"Scan",
		"Break",
		"Prep",
		"Scan",
		"Break",
		"Prep",
		"Scan",
		"Break",
		"Scan",
		"Break",
		"Prep",
		"Scan",
		"Dead"
	],
	"start" : 9.9069442749023438
}