{
	"data" : 
	[
		0.42875763773918152,
		1.0134149789810181,
		1.5591310262680054,
		0.58465737104415894,
		0.70161563158035278,
		1.2083899974822998,
		0.50664061307907104,
		4.2875766754150391,
		0.038941472768783569,
		0.66267412900924683,
		3.8977603912353516,
		0.35074090957641602,
		0.078016765415668488,
		7.2888803482055664,
		1.0134149789810181,
		3.313103199005127,
		0.038941472768783569,
		0.35074090957641602,
		5.8077659606933594,
		12.979555130004883,
		0.078016765415668488,
		5.4958329200744629,
		48.215431213378906
	],
	"end" : 9.9069442749023438,
	"labels" : 
	[
		"Prep",
		"Scan",
		"Break",
		"Prep",
		"Scan",
		"Break",
		"Prep",
		"Scan",
		"Break",
		"Prep",
		"Scan",
		"Prep",
		"Break",
		"Scan",
		"Prep",
		"Scan",
		"Break",
		"Prep",
		"Scan",
		"Break",
		"Prep",
		"Scan",
		"Dead"
	],
	"start" : 9.1949996948242188
}