{
	"data" : 
	[
		0.16068229079246521,
		0.29212683439254761,
		0.62813538312911987,
		0.14608849585056305,
		0.17527610063552856,
		0.81800520420074463,
		0.11685073375701904,
		2.7170050144195557,
		0.014593803323805332,
		1.504565954208374,
		0.014593803323805332,
		0.029237758368253708,
		0.014593803323805332,
		1.5629912614822388,
		2.2057204246520996,
		5.9160070419311523,
		0.11685073375701904,
		0.043831560760736465,
		0.014593803323805332,
		2.5124912261962891,
		0.058425366878509521,
		0.2629392147064209,
		0.014593803323805332,
		0.32136458158493042,
		0.36519613862037659,
		1.2269828319549561,
		0.014643954113125801,
		0.11685073375701904,
		0.014593803323805332,
		0.014593803323805332,
		2.4102344512939453,
		0.14608849585056305,
		0.37978994846343994,
		1.2123889923095703,
		0.029237758368253708,
		2.001206636428833,
		0.014593803323805332,
		0.029237758368253708,
		1.8697620630264282,
		70.393035888671875
	],
	"end" : 13.444722175598145,
	"labels" : 
	[
		"Prep",
		"Scan",
		"Break",
		"Prep",
		"Scan",
		"Break",
		"Prep",
		"Scan",
		"Break",
		"Scan",
		"Prep",
		"Break",
		"Prep",
		"Scan",
		"Scan",
		"Break",
		"Prep",
		"Break",
		"Prep",
		"Scan",
		"Break",
		"Prep",
		"Scan",
		"Break",
		"Prep",
		"Scan",
		"Break",
		"Prep",
		"Break",
		"Prep",
		"Scan",
		"Break",
		"Prep",
		"Scan",
		"Prep",
		"Scan",
		"Break",
		"Prep",
		"Scan",
		"Dead"
	],
	"start" : 11.545000076293945
}