{
	"data" : 
	[
		0.24688965082168579,
		0.69574493169784546,
		1.5262620449066162,
		0.22446614503860474,
		0.69574493169784546,
		2.0199642181396484,
		0.22446614503860474,
		0.06734754890203476,
		0.022423500195145607,
		2.7831337451934814,
		0.26931315660476685,
		0.24688965082168579,
		0.69574493169784546,
		0.20204265415668488,
		0.20196561515331268,
		0.022500555962324142,
		0.022423500195145607,
		2.7830567359924316,
		0.24688965082168579,
		0.24688965082168579,
		0.69582200050354004,
		0.022423500195145607,
		0.47135579586029053,
		1.6608802080154419,
		0.22446614503860474,
		0.20196561515331268,
		2.5137436389923096,
		0.40400826930999756,
		1.5037614107131958,
		0.22446614503860474,
		0.24688965082168579,
		1.8853461742401123,
		0.51620280742645264,
		1.1222537755966187,
		0.80793946981430054,
		0.26939019560813904,
		0.22438912093639374,
		0.3815847635269165,
		1.3017958402633667,
		0.022423500195145607,
		0.0449240542948246,
		4.2643947601318359,
		0.13469509780406952,
		0.38150769472122192,
		0.022500555962324142,
		0.022423500195145607,
		0.089771054685115814,
		1.5037614107131958,
		0.58355039358139038,
		0.0449240542948246,
		0.60597389936447144,
		0.06734754890203476,
		0.17954210937023163,
		3.1197946071624756,
		0.17954210937023163,
		0.022423500195145607,
		4.2419710159301758,
		0.22446614503860474,
		0.58355039358139038,
		2.4913201332092285,
		0.17954210937023163,
		3.6135737895965576,
		0.22446614503860474,
		0.56112688779830933,
		1.952616810798645,
		0.022423500195145607,
		0.0449240542948246,
		3.2544126510620117,
		1.6160330772399902,
		0.58355039358139038,
		2.2892773151397705,
		0.022500555962324142,
		0.022423500195145607,
		0.0449240542948246,
		0.022423500195145607,
		0.11219456046819687,
		0.022423500195145607,
		3.7482688426971436,
		34.609245300292969
	],
	"end" : 16.039722442626953,
	"labels" : 
	[
		"Prep",
		"Scan",
		"Break",
		"Prep",
		"Scan",
		"Break",
		"Prep",
		"Break",
		"Prep",
		"Scan",
		"Break",
		"Prep",
		"Scan",
		"Break",
		"Prep",
		"Break",
		"Prep",
		"Scan",
		"Break",
		"Prep",
		"Scan",
		"Break",
		"Prep",
		"Scan",
		"Break",
		"Prep",
		"Scan",
		"Prep",
		"Scan",
		"Break",
		"Prep",
		"Scan",
		"Prep",
		"Scan",
		"Break",
		"Prep",
		"Break",
		"Scan",
		"Break",
		"Prep",
		"Break",
		"Scan",
		"Break",
		"Prep",
		"Break",
		"Prep",
		"Scan",
		"Break",
		"Prep",
		"Break",
		"Scan",
		"Break",
		"Prep",
		"Scan",
		"Prep",
		"Break",
		"Scan",
		"Break",
		"Prep",
		"Scan",
		"Prep",
		"Scan",
		"Break",
		"Prep",
		"Scan",
		"Break",
		"Prep",
		"Scan",
		"Break",
		"Prep",
		"Scan",
		"Break",
		"Prep",
		"Break",
		"Prep",
		"Break",
		"Prep",
		"Scan",
		"Dead"
	],
	"start" : 14.803333282470703
}