{
	"data" : 
	[
		0.64147168397903442,
		1.1974921226501465,
		2.736936092376709,
		0.29937303066253662,
		7.3984341621398926,
		1.1546196937561035,
		0.81252104043960571,
		8.3392782211303711,
		0.04272562637925148,
		9.5794963836669922,
		0.04272562637925148,
		10.135517120361328,
		0.21377494931221008,
		1.2829433679580688,
		9.2373981475830078,
		0.04272562637925148,
		10.178242683410645,
		0.04272562637925148,
		0.08545125275850296,
		3.0791816711425781,
		0.08545125275850296,
		8.9380245208740234,
		24.333492279052734
	],
	"end" : 14.093610763549805,
	"labels" : 
	[
		"Prep",
		"Scan",
		"Break",
		"Prep",
		"Scan",
		"Break",
		"Prep",
		"Scan",
		"Prep",
		"Scan",
		"Break",
		"Scan",
		"Break",
		"Prep",
		"Scan",
		"Prep",
		"Scan",
		"Break",
		"Prep",
		"Scan",
		"Prep",
		"Scan",
		"Dead"
	],
	"start" : 13.444722175598145
}