{
	"data" : 
	[
		0.28489717841148376,
		0.67368447780609131,
		0.90672552585601807,
		0.20724646747112274,
		0.54408866167068481,
		1.52855384349823,
		0.59585583209991455,
		2.5648751258850098,
		0.025883572176098824,
		0.31086969375610352,
		0.0259725172072649,
		3.1866147518157959,
		0.28498613834381104,
		0.62182837724685669,
		2.3575398921966553,
		0.31095865368843079,
		0.36263683438301086,
		2.5648751258850098,
		0.025883572176098824,
		0.0259725172072649,
		0.18136289715766907,
		0.18127395212650299,
		2.8239777088165283,
		0.44046545028686523,
		0.025883572176098824,
		0.025883572176098824,
		5.544243335723877,
		1.3471909761428833,
		0.36272579431533813,
		1.9690194129943848,
		0.88084197044372559,
		0.49223262071609497,
		1.2435677051544189,
		0.10362323373556137,
		2.5648751258850098,
		0.025883572176098824,
		0.10362323373556137,
		0.18136289715766907,
		0.41458189487457275,
		2.435279369354248,
		2.4871354103088379,
		0.36272579431533813,
		1.7099168300628662,
		0.12950679659843445,
		0.31086969375610352,
		2.7980940341949463,
		0.025883572176098824,
		0.25910255312919617,
		2.1502933502197266,
		0.20724646747112274,
		0.18136289715766907,
		3.005340576171875,
		0.33675327897071838,
		0.025883572176098824,
		2.9017174243927002,
		0.025883572176098824,
		3.1089637279510498,
		15.337306976318359,
		0.077739663422107697,
		0.12950679659843445,
		0.051856089383363724,
		2.5907588005065918,
		0.025883572176098824,
		0.10362323373556137,
		2.5907588005065918,
		0.15547932684421539,
		3.2903268337249756,
		0.025883572176098824,
		0.10362323373556137,
		3.2902379035949707,
		13.34249210357666
	],
	"end" : 11.545000076293945,
	"labels" : 
	[
		"Prep",
		"Scan",
		"Break",
		"Prep",
		"Scan",
		"Break",
		"Prep",
		"Scan",
		"Break",
		"Prep",
		"Break",
		"Scan",
		"Break",
		"Prep",
		"Scan",
		"Break",
		"Prep",
		"Scan",
		"Break",
		"Prep",
		"Break",
		"Prep",
		"Scan",
		"Prep",
		"Break",
		"Prep",
		"Scan",
		"Break",
		"Prep",
		"Scan",
		"Break",
		"Prep",
		"Scan",
		"Break",
		"Scan",
		"Break",
		"Prep",
		"Break",
		"Prep",
		"Scan",
		"Break",
		"Prep",
		"Scan",
		"Break",
		"Prep",
		"Scan",
		"Break",
		"Prep",
		"Scan",
		"Break",
		"Prep",
		"Scan",
		"Break",
		"Prep",
		"Scan",
		"Break",
		"Scan",
		"Break",
		"Prep",
		"Break",
		"Prep",
		"Scan",
		"Break",
		"Prep",
		"Scan",
		"Prep",
		"Scan",
		"Break",
		"Prep",
		"Scan",
		"Dead"
	],
	"start" : 10.473889350891113
}