{
	"data" : 
	[
		1.170950174331665,
		2.1854162216186523,
		2.1071743965148926,
		1.1704142093658447,
		14.75129222869873,
		0.39013808965682983,
		1.2486562728881836,
		5.6971950531005859,
		1.0927081108093262,
		1.4828462600708008,
		22.087282180786133,
		0.15594805777072906,
		0.23419004678726196,
		18.107122421264648,
		0.077706076204776764,
		0.23419004678726196,
		19.277536392211914,
		0.70257008075714111,
		0.078241981565952301,
		7.6484212875366211
	],
	"end" : 17.580833435058594,
	"labels" : 
	[
		"Prep",
		"Scan",
		"Break",
		"Prep",
		"Scan",
		"Break",
		"Prep",
		"Scan",
		"Break",
		"Prep",
		"Scan",
		"Break",
		"Prep",
		"Scan",
		"Break",
		"Prep",
		"Scan",
		"Break",
		"Prep",
		"Scan"
	],
	"start" : 17.225276947021484
}