{
	"data" : 
	[
		0.57820165157318115,
		0.74338185787200928,
		0.9912230372428894,
		0.74324005842208862,
		1.3628430366516113,
		0.74338185787200928,
		7.0206551551818848,
		0.24784120917320251,
		0.24769943952560425,
		0.041401393711566925,
		3.5103275775909424,
		0.041259609162807465,
		6.6902947425842285,
		4.6253294944763184,
		0.041401393711566925,
		0.082519218325614929,
		5.9469132423400879,
		0.041259609162807465,
		0.041401393711566925,
		0.041259609162807465,
		5.9469132423400879,
		0.041259609162807465,
		2.7669458389282227,
		0.041401393711566925,
		8.218317985534668,
		0.041259609162807465,
		1.6106842756271362,
		5.1208701133728027,
		0.041259609162807465,
		5.2036733627319336,
		0.082519218325614929,
		5.5752930641174316,
		0.28910082578659058,
		1.0737422704696655,
		11.769906044006348,
		0.6607208251953125,
		6.8968768119812012,
		10.737422943115234
	],
	"end" : 14.803333282470703,
	"labels" : 
	[
		"Prep",
		"Break",
		"Scan",
		"Break",
		"Prep",
		"Prep",
		"Break",
		"Scan",
		"Break",
		"Prep",
		"Scan",
		"Prep",
		"Scan",
		"Scan",
		"Prep",
		"Break",
		"Scan",
		"Prep",
		"Break",
		"Prep",
		"Scan",
		"Break",
		"Break",
		"Prep",
		"Scan",
		"Break",
		"Prep",
		"Scan",
		"Prep",
		"Scan",
		"Break",
		"Scan",
		"Break",
		"Prep",
		"Scan",
		"Prep",
		"Scan",
		"Dead"
	],
	"start" : 14.093610763549805
}