{
	"data" : 
	[
		0.020478634163737297,
		0.040952246636152267,
		0.04534626379609108,
		0.011700642295181751,
		0.2969251275062561,
		0.024862609803676605,
		0.11262746900320053,
		0.035106949508190155,
		0.027790281921625137,
		41.288707733154297,
		0.45489382743835449,
		57.540611267089844
	],
	"end" : 10.927499771118164,
	"labels" : 
	[
		"Prep",
		"Scan",
		"Break",
		"Prep",
		"Scan",
		"Prep",
		"Scan",
		"Break",
		"Prep",
		"Scan",
		"Dead",
		"Break"
	],
	"start" : 10.724166870117188
}