{
	"data" : 
	[
		0.29524588584899902,
		0.18798425793647766,
		1.3687835931777954,
		1.0737220048904419,
		0.7513841986656189,
		0.16107672452926636,
		1.7714754343032837,
		1.3151527643203735,
		0.80519932508468628,
		1.2884294986724854,
		1.6103986501693726,
		0.7784760594367981,
		0.18779997527599335,
		3.8112890720367432,
		14.896463394165039,
		0.50995337963104248,
		0.16107672452926636,
		0.59049177169799805,
		6.8711934089660645,
		0.18779997527599335,
		2.549767017364502,
		1.3958753347396851,
		0.50995337963104248,
		0.16089242696762085,
		0.53686100244522095,
		1.959459662437439,
		0.32196912169456482,
		5.6365795135498047,
		1.1271684169769287,
		0.32215344905853271,
		2.3083362579345703,
		2.4155979156494141,
		0.10726161301136017,
		0.026907552033662796,
		2.1739828586578369,
		0.88573771715164185,
		0.24161507189273834,
		0.50995337963104248,
		2.2547054290771484,
		0.21470753848552704,
		5.4216876029968262,
		2.7108438014984131,
		6.3076090812683105,
		0.402507483959198,
		5.9318251609802246,
		0.18779997527599335,
		5.3949642181396484,
		0.026723252609372139,
		2.0667212009429932,
		7.1664390563964844
	],
	"end" : 17.600555419921875,
	"labels" : 
	[
		"Prep",
		"Break",
		"Scan",
		"Break",
		"Prep",
		"Break",
		"Scan",
		"Break",
		"Prep",
		"Break",
		"Scan",
		"Prep",
		"Break",
		"Scan",
		"Break",
		"Prep",
		"Break",
		"Scan",
		"Break",
		"Break",
		"Scan",
		"Break",
		"Prep",
		"Break",
		"Scan",
		"Break",
		"Prep",
		"Scan",
		"Break",
		"Prep",
		"Break",
		"Scan",
		"Prep",
		"Break",
		"Scan",
		"Break",
		"Prep",
		"Scan",
		"Break",
		"Prep",
		"Scan",
		"Break",
		"Scan",
		"Prep",
		"Scan",
		"Prep",
		"Scan",
		"Break",
		"Prep",
		"Scan"
	],
	"start" : 16.541666030883789
}