{
	"data" : 
	[
		0.42163136601448059,
		0.75901371240615845,
		1.3210601806640625,
		0.39354833960533142,
		4.9472441673278809,
		0.47779741883277893,
		1.8833962678909302,
		0.19667766988277435,
		0.5341564416885376,
		8.7419261932373047,
		0.028083022683858871,
		0.084345579147338867,
		7.1397466659545898,
		0.084345579147338867,
		6.3526506423950195,
		0.028083022683858871,
		2.3331105709075928,
		64.173187255859375
	],
	"end" : 16.541666030883789,
	"labels" : 
	[
		"Prep",
		"Scan",
		"Break",
		"Prep",
		"Scan",
		"Prep",
		"Scan",
		"Break",
		"Prep",
		"Scan",
		"Break",
		"Prep",
		"Scan",
		"Prep",
		"Scan",
		"Break",
		"Scan",
		"Dead"
	],
	"start" : 15.554444313049316
}