{
	"data" : 
	[
		0.30492037534713745,
		0.60976594686508179,
		1.1325719356536865,
		0.17421884834766388,
		4.1162004470825195,
		0.58800727128982544,
		0.37027111649513245,
		1.5680444240570068,
		0.17429362237453461,
		0.065275989472866058,
		6.7732996940612793,
		0.021758662536740303,
		0.065350756049156189,
		5.5318598747253418,
		0.043517325073480606,
		5.4011578559875488,
		0.021833434700965881,
		2.1342930793762207,
		0.47913920879364014,
		0.47913920879364014,
		0.98003703355789185,
		0.32667902112007141,
		0.17429362237453461,
		0.021758662536740303,
		0.65335804224014282,
		1.0236291885375977,
		0.30492037534713745,
		0.13062675297260284,
		0.021758662536740303,
		0.67519152164459229,
		0.95827841758728027,
		0.34843769669532776,
		2.8965938091278076,
		0.021758662536740303,
		3.7460041046142578,
		3.3103823661804199,
		0.37027111649513245,
		3.9202229976654053,
		3.7677631378173828,
		2.090775728225708,
		0.30484557151794434,
		0.065350756049156189,
		0.10894285142421722,
		3.9201481342315674,
		0.15246018767356873,
		2.308586597442627,
		0.34843769669532776,
		0.021833434700965881,
		4.2686610221862793,
		0.37019637227058411,
		5.6408023834228516,
		1.6987459659576416,
		0.021758662536740303,
		3.4846010208129883,
		0.021833434700965881,
		3.5063600540161133,
		3.1579968929290771,
		14.700780868530273
	],
	"end" : 13.939167022705078,
	"labels" : 
	[
		"Prep",
		"Scan",
		"Break",
		"Prep",
		"Scan",
		"Break",
		"Prep",
		"Scan",
		"Break",
		"Prep",
		"Scan",
		"Break",
		"Prep",
		"Scan",
		"Prep",
		"Scan",
		"Prep",
		"Scan",
		"Prep",
		"Scan",
		"Break",
		"Prep",
		"Break",
		"Prep",
		"Scan",
		"Break",
		"Prep",
		"Break",
		"Prep",
		"Scan",
		"Break",
		"Prep",
		"Scan",
		"Break",
		"Scan",
		"Break",
		"Prep",
		"Scan",
		"Scan",
		"Break",
		"Prep",
		"Scan",
		"Break",
		"Scan",
		"Prep",
		"Scan",
		"Break",
		"Prep",
		"Scan",
		"Prep",
		"Scan",
		"Break",
		"Prep",
		"Scan",
		"Prep",
		"Scan",
		"Scan",
		"Dead"
	],
	"start" : 12.664999961853027
}