{
	"data" : 
	[
		0.3332551121711731,
		0.93306857347488403,
		1.2995004653930664,
		0.86637181043624878,
		10.363284111022949,
		0.26655831933021545,
		0.29984951019287109,
		1.9660106897354126,
		0.3332551121711731,
		0.3332551121711731,
		0.69968700408935547,
		0.46653428673744202,
		0.36654630303382874,
		0.96635979413986206,
		0.39983749389648438,
		0.3332551121711731,
		0.89966297149658203,
		0.63310462236404419,
		0.3332551121711731,
		5.7314620018005371,
		1.2662092447280884,
		0.29984951019287109,
		5.7647528648376465,
		1.0663477182388306,
		0.3332551121711731,
		0.16657035052776337,
		0.03329119086265564,
		6.4978461265563965,
		56.647762298583984
	],
	"end" : 15.554444313049316,
	"labels" : 
	[
		"Prep",
		"Scan",
		"Break",
		"Prep",
		"Scan",
		"Break",
		"Prep",
		"Scan",
		"Break",
		"Prep",
		"Scan",
		"Break",
		"Prep",
		"Scan",
		"Break",
		"Prep",
		"Scan",
		"Break",
		"Prep",
		"Scan",
		"Break",
		"Prep",
		"Scan",
		"Break",
		"Prep",
		"Break",
		"Prep",
		"Scan",
		"Dead"
	],
	"start" : 14.72166633605957
}