{
	"data" : 
	[
		0.46317297220230103,
		0.031967543065547943,
		4.0566978454589844,
		0.047869067639112473,
		4.2962627410888672,
		0.016011189669370651,
		0.23956465721130371,
		0.12776051461696625,
		0.015956355258822441,
		1.3895189762115479,
		0.30344492197036743,
		0.12776051461696625,
		0.015956355258822441,
		0.38333636522293091,
		0.2555210292339325,
		0.2555210292339325,
		0.079891443252563477,
		0.015956355258822441,
		0.49508571624755859,
		0.25557586550712585,
		0.2555210292339325,
		0.079836614429950714,
		0.016011189669370651,
		0.49508571624755859,
		0.047923900187015533,
		0.23956465721130371,
		1.0860191583633423,
		0.016011189669370651,
		1.3735077381134033,
		0.12776051461696625,
		0.015956355258822441,
		1.6770075559616089,
		0.015956355258822441,
		1.5492470264434814,
		0.27147737145423889,
		0.11180415004491806,
		0.015956355258822441,
		1.0860739946365356,
		1.5172245502471924,
		0.94230234622955322,
		0.23961950838565826,
		4.7593808174133301,
		0.031967543065547943,
		0.015956355258822441,
		0.079836614429950714,
		0.016011189669370651,
		2.9706237316131592,
		3.2102432250976562,
		0.031912710517644882,
		3.4817206859588623,
		0.063880257308483124,
		0.3992927074432373,
		0.20765195786952972,
		0.2555210292339325,
		3.9928176403045654,
		0.11180415004491806,
		0.079836614429950714,
		4.1046218872070312,
		0.12776051461696625,
		0.079836614429950714,
		1.3575513362884521,
		0.016011189669370651,
		0.079836614429950714,
		1.5491921901702881,
		0.016011189669370651,
		0.015956355258822441,
		0.031912710517644882,
		2.6991462707519531,
		0.015956355258822441,
		1.0221936702728271,
		45.022861480712891
	],
	"end" : 12.664999961853027,
	"labels" : 
	[
		"Break",
		"Prep",
		"Scan",
		"Prep",
		"Scan",
		"Prep",
		"Scan",
		"Break",
		"Prep",
		"Scan",
		"Prep",
		"Break",
		"Prep",
		"Scan",
		"Break",
		"Prep",
		"Break",
		"Prep",
		"Scan",
		"Break",
		"Prep",
		"Break",
		"Prep",
		"Scan",
		"Break",
		"Prep",
		"Scan",
		"Break",
		"Scan",
		"Break",
		"Prep",
		"Scan",
		"Break",
		"Scan",
		"Prep",
		"Break",
		"Prep",
		"Scan",
		"Scan",
		"Break",
		"Prep",
		"Scan",
		"Break",
		"Prep",
		"Break",
		"Break",
		"Scan",
		"Break",
		"Prep",
		"Scan",
		"Prep",
		"Scan",
		"Break",
		"Prep",
		"Scan",
		"Break",
		"Prep",
		"Scan",
		"Break",
		"Prep",
		"Scan",
		"Break",
		"Prep",
		"Scan",
		"Prep",
		"Break",
		"Prep",
		"Scan",
		"Prep",
		"Scan",
		"Dead"
	],
	"start" : 10.927499771118164
}