{
	"data" : 
	[
		0.28761547803878784,
		0.53691732883453369,
		1.3038480281829834,
		0.28761547803878784,
		3.8732962608337402,
		0.019156809896230698,
		0.32599493861198425,
		1.476456880569458,
		0.057536263018846512,
		0.57523095607757568,
		5.9632978439331055,
		0.019222641363739967,
		0.057470429688692093,
		4.8703718185424805,
		0.057536263018846512,
		5.1388306617736816,
		0.019156809896230698,
		0.13422933220863342,
		1.9174584150314331,
		0.15338614583015442,
		2.4543759822845459,
		0.15338614583015442,
		3.0871429443359375,
		0.019156809896230698,
		1.9174584150314331,
		4.2759184837341309,
		0.057536263018846512,
		5.9633636474609375,
		0.36430856585502625,
		2.1859171390533447,
		0.057470429688692093,
		1.8407653570175171,
		0.019222641363739967,
		1.1888413429260254,
		49.240505218505859
	],
	"end" : 10.724166870117188,
	"labels" : 
	[
		"Prep",
		"Scan",
		"Break",
		"Prep",
		"Scan",
		"Break",
		"Prep",
		"Scan",
		"Break",
		"Prep",
		"Scan",
		"Break",
		"Prep",
		"Scan",
		"Prep",
		"Scan",
		"Break",
		"Prep",
		"Scan",
		"Prep",
		"Scan",
		"Prep",
		"Scan",
		"Prep",
		"Scan",
		"Break",
		"Prep",
		"Scan",
		"Prep",
		"Scan",
		"Prep",
		"Scan",
		"Prep",
		"Scan",
		"Dead"
	],
	"start" : 9.2769441604614258
}