{
	"data" : 
	[
		0.39148822426795959,
		0.67618471384048462,
		1.2812564373016357,
		0.3558095395565033,
		0.88976824283599854,
		4.0572304725646973,
		0.35593172907829285,
		2.9538788795471191,
		2.8472094535827637,
		0.32025301456451416,
		8.0076694488525391,
		0.035556517541408539,
		6.7976484298706055,
		0.035556517541408539,
		6.2282552719116211,
		0.035556517541408539,
		7.7940855026245117,
		0.64062821865081787,
		14.662969589233398,
		16.228921890258789,
		0.071113035082817078,
		0.42704474925994873,
		0.5695151686668396,
		0.24913999438285828,
		0.32025301456451416,
		0.28469648957252502,
		0.60507166385650635,
		10.890435218811035,
		0.14234824478626251,
		0.17790476977825165,
		0.99655997753143311,
		0.035556517541408539,
		0.10679172724485397,
		4.2706918716430664,
		0.10679172724485397,
		1.2456998825073242,
		0.64062821865081787,
		4.1639003753662109
	],
	"end" : 14.72166633605957,
	"labels" : 
	[
		"Prep",
		"Scan",
		"Break",
		"Prep",
		"Scan",
		"Break",
		"Prep",
		"Break",
		"Scan",
		"Prep",
		"Scan",
		"Prep",
		"Scan",
		"Break",
		"Scan",
		"Prep",
		"Scan",
		"Prep",
		"Scan",
		"Break",
		"Prep",
		"Break",
		"Scan",
		"Break",
		"Prep",
		"Break",
		"Scan",
		"Break",
		"Prep",
		"Break",
		"Scan",
		"Break",
		"Break",
		"Scan",
		"Prep",
		"Break",
		"Scan",
		"Dead"
	],
	"start" : 13.939167022705078
}