{
	"data" : 
	[
		0.1174539178609848,
		0.10963083058595657,
		0.44631952047348022,
		0.062638506293296814,
		0.5246579647064209,
		0.13310009241104126,
		0.13312698900699615,
		1.1588929891586304,
		0.070461593568325043,
		2.1846859455108643,
		0.0078230928629636765,
		1.1119275093078613,
		0.0078230928629636765,
		0.57162344455718994,
		1.6208856105804443,
		0.054815415292978287,
		0.90048897266387939,
		1.1510698795318604,
		0.015646185725927353,
		1.1589199304580688,
		0.02346927672624588,
		0.33671557903289795,
		2.1376936435699463,
		85.860130310058594
	],
	"end" : 14.591944694519043,
	"labels" : 
	[
		"Prep",
		"Scan",
		"Break",
		"Prep",
		"Scan",
		"Break",
		"Prep",
		"Scan",
		"Prep",
		"Scan",
		"Prep",
		"Scan",
		"Prep",
		"Break",
		"Scan",
		"Prep",
		"Scan",
		"Break",
		"Prep",
		"Scan",
		"Prep",
		"Break",
		"Scan",
		"Dead"
	],
	"start" : 11.048055648803711
}