{
	"data" : 
	[
		0.15631091594696045,
		0.15631091594696045,
		0.2456204742193222,
		0.1562342494726181,
		0.6922450065612793,
		0.75916969776153564,
		0.0223082285374403,
		2.3668951988220215,
		0.26792871952056885,
		0.40193140506744385,
		3.2376828193664551,
		0.022384887561202049,
		0.4242396354675293,
		0.0446164570748806,
		4.9571032524108887,
		85.989021301269531
	],
	"end" : 15.834722518920898,
	"labels" : 
	[
		"Prep",
		"Scan",
		"Break",
		"Prep",
		"Scan",
		"Break",
		"Prep",
		"Scan",
		"Break",
		"Prep",
		"Scan",
		"Prep",
		"Break",
		"Break",
		"Scan",
		"Dead"
	],
	"start" : 14.591944694519043
}