{
	"data" : 
	[
		0.40341657400131226,
		0.25673109292984009,
		1.8703975677490234,
		0.77019327878952026,
		1.0635643005371094,
		0.073279798030853271,
		0.25673109292984009,
		3.4106581211090088,
		0.73355340957641602,
		1.0635643005371094,
		4.0708060264587402,
		5.4277410507202148,
		0.18332539498806,
		0.51346218585968018,
		5.1343703269958496,
		8.2150173187255859,
		0.95351862907409668,
		0.22009119391441345,
		0.80683314800262451,
		1.1734839677810669,
		0.036765806376934052,
		0.21996529400348663,
		3.5573434829711914,
		0.036765806376934052,
		0.073279798030853271,
		0.5501021146774292,
		0.69678759574890137,
		0.11004559695720673,
		8.5817947387695312,
		0.36665078997612,
		0.33013680577278137,
		2.5671851634979248,
		3.3006124496459961,
		0.80670726299285889,
		0.036765806376934052,
		0.036639899015426636,
		6.3812599182128906,
		0.036639899015426636,
		0.11004559695720673,
		3.5941095352172852,
		4.3641772270202637,
		27.505483627319336
	],
	"end" : 11.407221794128418,
	"labels" : 
	[
		"Prep",
		"Break",
		"Scan",
		"Break",
		"Prep",
		"Break",
		"Break",
		"Scan",
		"Break",
		"Prep",
		"Break",
		"Scan",
		"Prep",
		"Break",
		"Scan",
		"Break",
		"Prep",
		"Break",
		"Scan",
		"Break",
		"Prep",
		"Break",
		"Scan",
		"Break",
		"Prep",
		"Break",
		"Scan",
		"Prep",
		"Scan",
		"Break",
		"Prep",
		"Break",
		"Scan",
		"Prep",
		"Break",
		"Prep",
		"Scan",
		"Break",
		"Prep",
		"Break",
		"Scan",
		"Dead"
	],
	"start" : 10.649999618530273
}