{
	"data" : 
	[
		0.28307422995567322,
		0.56614845991134644,
		1.1120277643203735,
		0.1617368757724762,
		4.0840988159179688,
		0.02026917040348053,
		0.34367349743843079,
		1.5366390943527222,
		0.080868437886238098,
		0.04046892374753952,
		0.02019975334405899,
		6.2879543304443359,
		0.060668680816888809,
		5.1355271339416504,
		0.040399506688117981,
		5.0142593383789062,
		0.02019975334405899,
		1.9611809253692627,
		0.36394265294075012,
		0.28307422995567322,
		2.3857922554016113,
		0.1617368757724762,
		2.6486666202545166,
		0.02019975334405899,
		1.981380820274353,
		0.34374290704727173,
		0.34374290704727173,
		0.02019975334405899,
		0.30327397584915161,
		0.68741637468338013,
		0.32347375154495239,
		3.2956836223602295,
		0.32347375154495239,
		0.99069041013717651,
		0.02026917040348053,
		2.8912026882171631,
		0.32354313135147095,
		2.9316716194152832,
		0.02019975334405899,
		3.5180196762084961,
		0.14153711497783661,
		2.4060614109039307,
		0.30327397584915161,
		2.5879287719726562,
		0.02026917040348053,
		2.6283974647521973,
		0.02019975334405899,
		0.28307422995567322,
		2.5071296691894531,
		0.02019975334405899,
		2.2846546173095703,
		0.02026917040348053,
		0.02019975334405899,
		0.32347375154495239,
		5.1557269096374512,
		0.02026917040348053,
		0.60654795169830322,
		5.8229432106018066,
		23.777053833007812
	],
	"end" : 14.957777976989746,
	"labels" : 
	[
		"Prep",
		"Scan",
		"Break",
		"Prep",
		"Scan",
		"Break",
		"Prep",
		"Scan",
		"Break",
		"Prep",
		"Break",
		"Scan",
		"Prep",
		"Scan",
		"Prep",
		"Scan",
		"Prep",
		"Scan",
		"Break",
		"Prep",
		"Scan",
		"Prep",
		"Scan",
		"Break",
		"Scan",
		"Prep",
		"Scan",
		"Break",
		"Prep",
		"Scan",
		"Prep",
		"Scan",
		"Prep",
		"Scan",
		"Prep",
		"Scan",
		"Prep",
		"Scan",
		"Break",
		"Scan",
		"Prep",
		"Scan",
		"Prep",
		"Scan",
		"Break",
		"Scan",
		"Break",
		"Prep",
		"Scan",
		"Break",
		"Scan",
		"Break",
		"Prep",
		"Break",
		"Scan",
		"Break",
		"Break",
		"Scan",
		"Dead"
	],
	"start" : 13.585277557373047
}