{
	"data" : 
	[
		0.17159685492515564,
		0.10920286178588867,
		0.73314273357391357,
		0.34319370985031128,
		0.015638664364814758,
		0.093564197421073914,
		0.48362034559249878,
		0.18718194961547852,
		0.14037308096885681,
		0.10920286178588867,
		0.84239912033081055,
		0.12478797137737274,
		0.46798169612884521,
		0.10920286178588867,
		1.450753927230835,
		0.15601174533367157,
		0.45239657163619995,
		1.7159684896469116,
		2.3243231773376465,
		0.078032650053501129,
		0.23399084806442261,
		2.2151203155517578,
		0.12478797137737274,
		0.40558770298957825,
		0.20282061398029327,
		0.10920286178588867,
		0.43681144714355469,
		1.5911270380020142,
		0.10920286178588867,
		1.5755418539047241,
		0.015638664364814758,
		0.38994902372360229,
		0.10920286178588867,
		0.46803522109985352,
		0.062393985688686371,
		0.046755321323871613,
		0.71761113405227661,
		0.015585107728838921,
		0.015585107728838921,
		0.10920286178588867,
		0.43681144714355469,
		0.015585107728838921,
		0.03122377023100853,
		3.509915828704834,
		0.40558770298957825,
		0.15595819056034088,
		1.4976162910461426,
		1.4975627660751343,
		0.38994902372360229,
		0.49920544028282166,
		2.6831555366516113,
		7.0354170799255371,
		0.031170215457677841,
		0.57718455791473389,
		0.17159685492515564,
		0.29643836617469788,
		0.68638741970062256,
		0.15595819056034088,
		3.5879485607147217,
		0.15595819056034088,
		0.12478797137737274,
		0.093617752194404602,
		0.10920286178588867,
		0.015585107728838921,
		3.8219397068023682,
		0.12478797137737274,
		0.436757892370224,
		0.1872355043888092,
		4.0090680122375488,
		0.015638664364814758,
		0.15595819056034088,
		2.9951255321502686,
		0.015638664364814758,
		0.92037820816040039,
		4.1182708740234375,
		39.872650146484375
	],
	"end" : 13.585277557373047,
	"labels" : 
	[
		"Prep",
		"Break",
		"Scan",
		"Break",
		"Prep",
		"Break",
		"Scan",
		"Break",
		"Prep",
		"Break",
		"Scan",
		"Break",
		"Prep",
		"Break",
		"Scan",
		"Break",
		"Prep",
		"Break",
		"Scan",
		"Prep",
		"Break",
		"Scan",
		"Break",
		"Prep",
		"Break",
		"Break",
		"Scan",
		"Break",
		"Break",
		"Scan",
		"Break",
		"Prep",
		"Break",
		"Scan",
		"Break",
		"Prep",
		"Scan",
		"Break",
		"Prep",
		"Break",
		"Scan",
		"Break",
		"Prep",
		"Scan",
		"Break",
		"Prep",
		"Break",
		"Scan",
		"Prep",
		"Break",
		"Scan",
		"Break",
		"Prep",
		"Break",
		"Prep",
		"Scan",
		"Break",
		"Prep",
		"Scan",
		"Prep",
		"Scan",
		"Break",
		"Prep",
		"Break",
		"Scan",
		"Prep",
		"Break",
		"Break",
		"Scan",
		"Break",
		"Break",
		"Scan",
		"Break",
		"Prep",
		"Scan",
		"Dead"
	],
	"start" : 11.806111335754395
}