{
	"data" : 
	[
		1.5324232578277588,
		0.69897252321243286,
		0.86021703481674194,
		0.56458669900894165,
		0.61830413341522217,
		0.40324985980987549,
		0.48391827940940857,
		7.204871654510498,
		0.21505425870418549,
		9.9200935363769531,
		12.393403053283691,
		3.0916128158569336,
		0.40334215760231018,
		0.026858709752559662,
		3.7905852794647217,
		0.026858709752559662,
		3.0916128158569336,
		3.8443949222564697,
		0.32258141040802002,
		0.51086926460266113,
		1.6936676502227783,
		0.29572269320487976,
		0.61830413341522217,
		2.8227488994598389,
		0.32267370820045471,
		2.4194991588592529,
		2.8765585422515869,
		0.37639114260673523,
		2.5270261764526367,
		3.1185638904571533,
		0.2688639760017395,
		2.9840857982635498,
		0.080668427050113678,
		0.32258141040802002,
		2.6346454620361328,
		26.534191131591797
	],
	"end" : 10.259721755981445,
	"labels" : 
	[
		"Prep",
		"Break",
		"Prep",
		"Scan",
		"Break",
		"Prep",
		"Scan",
		"Break",
		"Prep",
		"Break",
		"Scan",
		"Break",
		"Scan",
		"Break",
		"Prep",
		"Prep",
		"Break",
		"Scan",
		"Prep",
		"Scan",
		"Break",
		"Prep",
		"Scan",
		"Break",
		"Prep",
		"Break",
		"Scan",
		"Prep",
		"Break",
		"Scan",
		"Prep",
		"Scan",
		"Break",
		"Prep",
		"Scan",
		"Dead"
	],
	"start" : 9.1722221374511719
}