{
	"data" : 
	[
		0.32123783230781555,
		0.55062586069107056,
		0.73424667119979858,
		0.022923052310943604,
		0.55070465803146362,
		1.0324826240539551,
		0.75716966390609741,
		0.18354196846485138,
		0.71124482154846191,
		1.1701785326004028,
		0.32123783230781555,
		0.75716966390609741,
		2.5697450637817383,
		0.34416088461875916,
		3.0975267887115479,
		0.57362771034240723,
		0.022923052310943604,
		0.6424756646156311,
		0.022923052310943604,
		0.022923052310943604,
		3.0975267887115479,
		0.022923052310943604,
		3.0056769847869873,
		2.1108901500701904,
		0.34416088461875916,
		0.045924875885248184,
		4.0382380485534668,
		0.22938805818557739,
		0.068847931921482086,
		0.11477281153202057,
		0.27531293034553528,
		0.78009271621704102,
		0.022923052310943604,
		0.27539172768592834,
		4.0381598472595215,
		0.50477975606918335,
		0.32123783230781555,
		3.5105354785919189,
		0.39000698924064636,
		0.045924875885248184,
		0.022923052310943604,
		4.2447032928466797,
		0.022923052310943604,
		3.1663744449615479,
		0.022923052310943604,
		4.5888643264770508,
		1.4454914331436157,
		0.36716270446777344,
		6.194974422454834,
		0.36708393692970276,
		3.074603796005249,
		0.22938805818557739,
		4.7494831085205078,
		0.36716270446777344,
		0.36708393692970276,
		7.8699326515197754,
		0.13769586384296417,
		0.36708393692970276,
		0.29831477999687195,
		0.022923052310943604,
		6.6309065818786621,
		0.022923052310943604,
		0.41300883889198303,
		7.2963833808898926,
		9.9579000473022461
	],
	"end" : 16.16722297668457,
	"labels" : 
	[
		"Prep",
		"Scan",
		"Break",
		"Prep",
		"Scan",
		"Break",
		"Prep",
		"Break",
		"Scan",
		"Break",
		"Prep",
		"Scan",
		"Break",
		"Prep",
		"Scan",
		"Break",
		"Prep",
		"Scan",
		"Break",
		"Prep",
		"Scan",
		"Prep",
		"Scan",
		"Break",
		"Prep",
		"Break",
		"Scan",
		"Break",
		"Prep",
		"Break",
		"Prep",
		"Scan",
		"Break",
		"Break",
		"Scan",
		"Break",
		"Prep",
		"Scan",
		"Scan",
		"Break",
		"Prep",
		"Scan",
		"Break",
		"Scan",
		"Prep",
		"Scan",
		"Break",
		"Prep",
		"Scan",
		"Prep",
		"Scan",
		"Prep",
		"Scan",
		"Prep",
		"Break",
		"Scan",
		"Break",
		"Prep",
		"Break",
		"Prep",
		"Scan",
		"Break",
		"Break",
		"Scan",
		"Dead"
	],
	"start" : 14.957777976989746
}