{
	"data" : 
	[
		0.40554177761077881,
		0.81117630004882812,
		0.027011362835764885,
		0.45956447720527649,
		0.16225382685661316,
		0.83809489011764526,
		0.02710418775677681,
		0.37853041291236877,
		0.16216100752353668,
		1.1626025438308716,
		0.5677027702331543,
		0.40563458204269409,
		2.8929080963134766,
		0.45956447720527649,
		3.217322826385498,
		0.10823110491037369,
		0.43255314230918884,
		0.97333741188049316,
		0.32441484928131104,
		0.40554177761077881,
		3.8391411304473877,
		0.45965728163719177,
		4.5962018966674805,
		0.027011362835764885,
		5.812920093536377,
		0.45956447720527649,
		4.8395829200744629,
		0.027011362835764885,
		6.0562076568603516,
		0.18926520645618439,
		0.43255314230918884,
		0.054115552455186844,
		5.0017437934875488,
		0.027011362835764885,
		0.72995662689208984,
		0.02710418775677681,
		6.5698881149291992,
		0.027011362835764885,
		4.3258099555969238,
		0.027011362835764885,
		5.9750809669494629,
		0.43264594674110413,
		4.2176718711853027,
		0.054115552455186844,
		0.24328792095184326,
		7.0294523239135742,
		0.02710418775677681,
		0.027011362835764885,
		0.027011362835764885,
		3.6499688625335693,
		0.027011362835764885,
		4.947721004486084,
		15.491900444030762
	],
	"end" : 9.1722221374511719,
	"labels" : 
	[
		"Prep",
		"Scan",
		"Break",
		"Prep",
		"Break",
		"Scan",
		"Break",
		"Prep",
		"Break",
		"Scan",
		"Break",
		"Prep",
		"Scan",
		"Prep",
		"Scan",
		"Break",
		"Prep",
		"Scan",
		"Break",
		"Prep",
		"Scan",
		"Prep",
		"Scan",
		"Prep",
		"Scan",
		"Prep",
		"Scan",
		"Break",
		"Scan",
		"Break",
		"Prep",
		"Break",
		"Scan",
		"Prep",
		"Break",
		"Prep",
		"Scan",
		"Break",
		"Scan",
		"Break",
		"Scan",
		"Prep",
		"Scan",
		"Break",
		"Prep",
		"Scan",
		"Prep",
		"Break",
		"Prep",
		"Scan",
		"Prep",
		"Scan",
		"Dead"
	],
	"start" : 8.1458330154418945
}