{
	"data" : 
	[
		0.32116413116455078,
		0.7110028862953186,
		0.75699597597122192,
		0.50466400384902954,
		0.18349985778331757,
		0.84882467985153198,
		0.82582813501358032,
		0.18349985778331757,
		0.98633140325546265,
		1.4681563377380371,
		0.34400317072868347,
		0.16066081821918488,
		0.8486672043800354,
		0.84882467985153198,
		0.36699971556663513,
		0.091828688979148865,
		0.022839037701487541,
		0.84882467985153198,
		1.7891631126403809,
		0.34416067600250244,
		2.7756519317626953,
		0.94049584865570068,
		0.34400317072868347,
		3.2574770450592041,
		0.82567059993743896,
		0.34416067600250244,
		3.2344803810119629,
		1.5826666355133057,
		3.9456408023834229,
		0.34400317072868347,
		0.36699971556663513,
		4.1291403770446777,
		0.022839037701487541,
		0.022996548563241959,
		4.8173041343688965,
		0.34400317072868347,
		4.1289830207824707,
		0.022996548563241959,
		0.29816758632659912,
		0.022996548563241959,
		4.7943081855773926,
		0.43583184480667114,
		0.022996548563241959,
		4.1978154182434082,
		0.022839037701487541,
		0.18365737795829773,
		0.18349985778331757,
		0.022839037701487541,
		0.22949296236038208,
		1.4909954071044922,
		4.6336469650268555,
		0.022996548563241959,
		0.6193317174911499,
		1.0093280076980591,
		4.1291403770446777,
		0.022839037701487541,
		5.3448076248168945,
		0.068832136690616608,
		0.36699971556663513,
		3.1198124885559082,
		0.52750307321548462,
		0.20649641752243042,
		0.57349610328674316,
		0.20649641752243042,
		3.6473157405853271,
		0.36699971556663513,
		3.3719873428344727,
		1.7893204689025879,
		0.022996548563241959,
		0.045835584402084351,
		6.9734673500061035,
		0.022996548563241959,
		0.022839037701487541,
		0.022996548563241959,
		4.2666473388671875,
		0.022996548563241959,
		0.022839037701487541,
		0.11482524126768112,
		2.5233199596405029
	],
	"end" : 17.888334274291992,
	"labels" : 
	[
		"Prep",
		"Scan",
		"Break",
		"Prep",
		"Break",
		"Scan",
		"Break",
		"Prep",
		"Scan",
		"Break",
		"Prep",
		"Break",
		"Scan",
		"Break",
		"Prep",
		"Break",
		"Prep",
		"Scan",
		"Break",
		"Prep",
		"Scan",
		"Break",
		"Prep",
		"Scan",
		"Break",
		"Prep",
		"Scan",
		"Break",
		"Scan",
		"Break",
		"Prep",
		"Scan",
		"Prep",
		"Break",
		"Scan",
		"Prep",
		"Scan",
		"Break",
		"Break",
		"Prep",
		"Scan",
		"Break",
		"Prep",
		"Scan",
		"Prep",
		"Scan",
		"Break",
		"Prep",
		"Scan",
		"Break",
		"Scan",
		"Prep",
		"Scan",
		"Break",
		"Scan",
		"Prep",
		"Scan",
		"Break",
		"Prep",
		"Scan",
		"Break",
		"Prep",
		"Scan",
		"Break",
		"Scan",
		"Prep",
		"Scan",
		"Break",
		"Break",
		"Prep",
		"Scan",
		"Prep",
		"Break",
		"Prep",
		"Scan",
		"Break",
		"Prep",
		"Break",
		"Scan"
	],
	"start" : 16.678611755371094
}