{
	"data" : 
	[
		0.7821393609046936,
		1.2798867225646973,
		3.6973416805267334,
		0.64006543159484863,
		14.860648155212402,
		1.5642787218093872,
		0.63982129096984863,
		14.433938026428223,
		1.2088496685028076,
		0.56878429651260376,
		15.42943286895752,
		0.071037009358406067,
		0.56878429651260376,
		0.071037009358406067,
		11.020988464355469,
		0.071281120181083679,
		4.9772286415100098,
		18.984457015991211,
		9.0299997329711914
	],
	"end" : 10.649999618530273,
	"labels" : 
	[
		"Prep",
		"Scan",
		"Break",
		"Prep",
		"Scan",
		"Break",
		"Prep",
		"Scan",
		"Break",
		"Prep",
		"Scan",
		"Prep",
		"Break",
		"Prep",
		"Scan",
		"Break",
		"Prep",
		"Scan",
		"Dead"
	],
	"start" : 10.259721755981445
}