{
	"data" : 
	[
		0.90449929237365723,
		0.41749796271324158,
		2.0172698497772217,
		0.069742225110530853,
		0.69551146030426025,
		7.7222795486450195,
		1.2520161867141724,
		6.6090307235717773,
		2.5740134716033936,
		0.13924559950828552,
		6.469785213470459,
		71.02911376953125
	],
	"end" : 11.806111335754395,
	"labels" : 
	[
		"Prep",
		"Scan",
		"Break",
		"Prep",
		"Scan",
		"Break",
		"Prep",
		"Scan",
		"Break",
		"Prep",
		"Scan",
		"Dead"
	],
	"start" : 11.407221794128418
}