{
	"data" : 
	[
		0.54250752925872803,
		0.37968075275421143,
		3.0389361381530762,
		0.48848029971122742,
		0.054027192294597626,
		0.054399792104959488,
		6.6203799247741699,
		0.48810774087905884,
		1.4110411405563354,
		0.48810774087905884,
		0.054399792104959488,
		0.3256535530090332,
		1.1394147872924805,
		0.54288011789321899,
		1.4650683403015137,
		0.3256535530090332,
		0.92218828201293945,
		0.59690731763839722,
		1.4654409885406494,
		0.37968075275421143,
		0.86816102266311646,
		0.75973403453826904,
		0.054399792104959488,
		0.3256535530090332,
		0.92218828201293945,
		0.48848029971122742,
		0.81413388252258301,
		3.7982978820800781,
		0.054399792104959488,
		0.97658807039260864,
		0.054399792104959488,
		8.5195283889770508,
		0.054027192294597626,
		0.59690731763839722,
		5.2093386650085449,
		0.054399792104959488,
		0.27125376462936401,
		4.8836855888366699,
		0.48848029971122742,
		0.48848029971122742,
		2.9301366806030273,
		0.054399792104959488,
		0.48810774087905884,
		1.0309878587722778,
		0.054399792104959488,
		0.81413388252258301,
		0.86816102266311646,
		0.70533424615859985,
		0.27125376462936401,
		2.9305093288421631,
		0.054027192294597626,
		0.054399792104959488,
		0.1628267765045166,
		4.9921126365661621,
		0.054399792104959488,
		0.21685396134853363,
		4.8840579986572266,
		28.868404388427734
	],
	"end" : 16.678611755371094,
	"labels" : 
	[
		"Prep",
		"Break",
		"Scan",
		"Break",
		"Prep",
		"Break",
		"Scan",
		"Break",
		"Prep",
		"Break",
		"Prep",
		"Break",
		"Scan",
		"Break",
		"Prep",
		"Break",
		"Scan",
		"Break",
		"Prep",
		"Break",
		"Scan",
		"Break",
		"Prep",
		"Break",
		"Scan",
		"Break",
		"Prep",
		"Scan",
		"Break",
		"Prep",
		"Break",
		"Scan",
		"Break",
		"Prep",
		"Scan",
		"Break",
		"Prep",
		"Scan",
		"Break",
		"Prep",
		"Scan",
		"Prep",
		"Break",
		"Scan",
		"Break",
		"Break",
		"Scan",
		"Break",
		"Prep",
		"Scan",
		"Break",
		"Prep",
		"Break",
		"Scan",
		"Break",
		"Break",
		"Scan",
		"Dead"
	],
	"start" : 16.16722297668457
}