{
	"data" : 
	[
		0.23030951619148254,
		0.46061903238296509,
		1.0856964588165283,
		0.11515475809574127,
		3.1090090274810791,
		0.8060268759727478,
		0.11515475809574127,
		3.0596489906311035,
		0.88831257820129395,
		2.0726728439331055,
		0.032925564795732498,
		3.7340867519378662,
		8.4059019088745117,
		0.29610416293144226,
		5.1158871650695801,
		2.6813156604766846,
		0.032925564795732498,
		2.7800359725952148,
		0.032869085669517517,
		3.0761399269104004,
		0.032869085669517517,
		0.01649102009832859,
		5.1158871650695801,
		56.603958129882812
	],
	"end" : 16.024444580078125,
	"labels" : 
	[
		"Prep",
		"Scan",
		"Break",
		"Prep",
		"Scan",
		"Break",
		"Prep",
		"Scan",
		"Break",
		"Scan",
		"Break",
		"Scan",
		"Break",
		"Prep",
		"Scan",
		"Break",
		"Prep",
		"Scan",
		"Prep",
		"Scan",
		"Break",
		"Prep",
		"Scan",
		"Dead"
	],
	"start" : 14.337499618530273
}