{
	"data" : 
	[
		0.28654247522354126,
		0.57322543859481812,
		1.3920888900756836,
		0.30706501007080078,
		3.418689489364624,
		0.081879317760467529,
		0.36849203705787659,
		0.24563795328140259,
		0.14330635964870453,
		4.831230640411377,
		0.040974799543619156,
		5.1587481498718262,
		0.020452257245779037,
		0.18428117036819458,
		0.020452257245779037,
		5.5682148933410645,
		0.020452257245779037,
		0.061427053064107895,
		4.3398847579956055,
		0.061427053064107895,
		0.4503713846206665,
		0.020452257245779037,
		1.5353249311447144,
		0.040974799543619156,
		5.0564169883728027,
		65.671989440917969
	],
	"end" : 10.782500267028809,
	"labels" : 
	[
		"Prep",
		"Scan",
		"Break",
		"Prep",
		"Scan",
		"Break",
		"Prep",
		"Break",
		"Prep",
		"Scan",
		"Prep",
		"Scan",
		"Break",
		"Break",
		"Prep",
		"Scan",
		"Break",
		"Prep",
		"Scan",
		"Prep",
		"Break",
		"Prep",
		"Scan",
		"Prep",
		"Scan",
		"Dead"
	],
	"start" : 9.4269447326660156
}