{
	"data" : 
	[
		0.95549547672271729,
		2.0583784580230713,
		3.3081443309783936,
		1.0286844968795776,
		13.893802642822266,
		0.073189027607440948,
		1.1760720014572144,
		5.3665227890014648,
		1.6904143095016479,
		1.396648645401001,
		22.861730575561523,
		0.22057659924030304,
		18.671279907226562,
		0.22057659924030304,
		19.700973510742188,
		0.073189027607440948,
		7.2043247222900391
	],
	"end" : 16.401945114135742,
	"labels" : 
	[
		"Prep",
		"Scan",
		"Break",
		"Prep",
		"Scan",
		"Break",
		"Prep",
		"Scan",
		"Break",
		"Prep",
		"Scan",
		"Prep",
		"Scan",
		"Prep",
		"Scan",
		"Break",
		"Scan"
	],
	"start" : 16.024444580078125
}