{
	"data" : 
	[
		0.16815857589244843,
		0.36225599050521851,
		0.71154260635375977,
		0.16815857589244843,
		1.0220540761947632,
		0.65979808568954468,
		0.16815857589244843,
		2.4580643177032471,
		0.54333961009979248,
		0.23287251591682434,
		0.9314456582069397,
		0.10353343933820724,
		0.3881060779094696,
		4.0234131813049316,
		0.012925024144351482,
		0.038819488137960434,
		3.2860209941864014,
		0.10348902642726898,
		3.2083821296691895,
		0.012969440780580044,
		1.2678072452545166,
		0.23287251591682434,
		0.33636152744293213,
		0.68564814329147339,
		0.20702247321605682,
		0.077594563364982605,
		0.012969440780580044,
		0.50452011823654175,
		0.90559560060501099,
		0.1940530389547348,
		0.077638976275920868,
		0.58215910196304321,
		0.98323458433151245,
		0.1940530389547348,
		0.51748955249786377,
		1.1384236812591553,
		0.19409744441509247,
		1.4101157188415527,
		1.811191201210022,
		0.1940530389547348,
		1.9664247035980225,
		0.012969440780580044,
		1.772371768951416,
		2.2381167411804199,
		0.1293390691280365,
		0.1940530389547348,
		0.012969440780580044,
		0.012925024144351482,
		2.5098087787628174,
		0.025850048288702965,
		2.6391477584838867,
		0.50456452369689941,
		0.1940530389547348,
		2.6391477584838867,
		0.16820298135280609,
		3.7258715629577637,
		0.54333961009979248,
		0.18112799525260925,
		2.5615532398223877,
		0.012925024144351482,
		0.12938348948955536,
		4.1139779090881348,
		0.012925024144351482,
		0.1164584681391716,
		2.3286807537078857,
		0.012925024144351482,
		0.012925024144351482,
		0.012925024144351482,
		2.8202757835388184,
		0.038819488137960434,
		0.1940530389547348,
		2.7038617134094238,
		0.20697805285453796,
		0.21994750201702118,
		0.012925024144351482,
		0.051744513213634491,
		2.8849897384643555,
		0.20697805285453796,
		0.16820298135280609,
		0.012925024144351482,
		0.025850048288702965,
		2.923809289932251,
		0.012925024144351482,
		0.012925024144351482,
		0.012969440780580044,
		0.025850048288702965,
		0.3881060779094696,
		0.038819488137960434,
		0.025894463062286377,
		0.06466953456401825,
		0.012925024144351482,
		4.1010527610778809,
		0.012925024144351482,
		0.025894463062286377,
		0.051744513213634491,
		0.012925024144351482,
		2.3286807537078857,
		21.384963989257812
	],
	"end" : 12.927499771118164,
	"labels" : 
	[
		"Prep",
		"Scan",
		"Break",
		"Prep",
		"Scan",
		"Break",
		"Prep",
		"Scan",
		"Break",
		"Prep",
		"Scan",
		"Break",
		"Prep",
		"Scan",
		"Break",
		"Prep",
		"Scan",
		"Prep",
		"Scan",
		"Prep",
		"Scan",
		"Prep",
		"Scan",
		"Break",
		"Prep",
		"Break",
		"Prep",
		"Scan",
		"Break",
		"Prep",
		"Break",
		"Scan",
		"Break",
		"Prep",
		"Scan",
		"Break",
		"Prep",
		"Scan",
		"Break",
		"Prep",
		"Scan",
		"Break",
		"Scan",
		"Scan",
		"Break",
		"Prep",
		"Break",
		"Prep",
		"Scan",
		"Break",
		"Scan",
		"Break",
		"Prep",
		"Scan",
		"Break",
		"Scan",
		"Break",
		"Prep",
		"Scan",
		"Prep",
		"Break",
		"Scan",
		"Break",
		"Prep",
		"Scan",
		"Break",
		"Break",
		"Prep",
		"Scan",
		"Break",
		"Prep",
		"Scan",
		"Prep",
		"Break",
		"Prep",
		"Break",
		"Scan",
		"Prep",
		"Break",
		"Prep",
		"Break",
		"Scan",
		"Prep",
		"Break",
		"Prep",
		"Break",
		"Scan",
		"Break",
		"Break",
		"Break",
		"Prep",
		"Scan",
		"Break",
		"Break",
		"Break",
		"Prep",
		"Scan",
		"Dead"
	],
	"start" : 10.782500267028809
}