{
	"data" : 
	[
		0.29520827531814575,
		0.55109155178070068,
		0.41331863403320312,
		0.019662534818053246,
		0.55102396011352539,
		0.76758211851119995,
		0.31487083435058594,
		3.5819599628448486,
		0.55102396011352539,
		0.4723738431930542,
		4.6446824073791504,
		0.039325069636106491,
		4.9596209526062012,
		0.019662534818053246,
		0.13777288794517517,
		5.3532094955444336,
		0.5904165506362915,
		4.9989461898803711,
		0.019662534818053246,
		0.13777288794517517,
		5.5106449127197266,
		0.019662534818053246,
		0.19682806730270386,
		0.019662534818053246,
		5.4121971130371094,
		0.019730104133486748,
		0.039325069636106491,
		1.3579987287521362,
		0.039392638951539993,
		4.880836009979248,
		6.1601166725158691,
		0.019662534818053246,
		1.55475914478302,
		1.5350966453552246,
		0.05905517190694809,
		6.1207919120788574,
		0.019662534818053246,
		0.019662534818053246,
		1.4367164373397827,
		37.059013366699219
	],
	"end" : 14.337499618530273,
	"labels" : 
	[
		"Prep",
		"Scan",
		"Break",
		"Prep",
		"Scan",
		"Break",
		"Prep",
		"Scan",
		"Break",
		"Prep",
		"Scan",
		"Prep",
		"Scan",
		"Break",
		"Prep",
		"Scan",
		"Prep",
		"Scan",
		"Break",
		"Prep",
		"Scan",
		"Break",
		"Break",
		"Prep",
		"Scan",
		"Break",
		"Prep",
		"Scan",
		"Prep",
		"Scan",
		"Break",
		"Prep",
		"Scan",
		"Break",
		"Prep",
		"Scan",
		"Break",
		"Prep",
		"Scan",
		"Dead"
	],
	"start" : 12.927499771118164
}