{
	"data" : 
	[
		0.76048821210861206,
		1.3135274648666382,
		4.562929630279541,
		1.7284253835678101,
		0.69141769409179688,
		0.069070562720298767,
		31.871196746826172,
		0.62210977077484131,
		0.62234711647033691,
		1.659117579460144,
		6.8443942070007324,
		0.069070562720298767,
		0.55303919315338135,
		0.48396861553192139,
		5.9457645416259766,
		0.13814112544059753,
		1.1753863096237183,
		1.3135274648666382,
		5.1159687042236328,
		0.20744903385639191,
		1.5900470018386841,
		0.069070562720298767,
		0.48396861553192139,
		1.3135274648666382,
		0.069307915866374969,
		1.1751489639282227,
		1.2444568872451782,
		0.069070562720298767,
		1.1753863096237183,
		1.3135274648666382,
		0.069070562720298767,
		1.1753863096237183,
		1.3135274648666382,
		1.7284253835678101,
		0.48396861553192139,
		1.1753863096237183,
		19.703386306762695
	],
	"end" : 11.536666870117188,
	"labels" : 
	[
		"Prep",
		"Scan",
		"Break",
		"Prep",
		"Break",
		"Prep",
		"Scan",
		"Break",
		"Prep",
		"Break",
		"Scan",
		"Break",
		"Prep",
		"Break",
		"Scan",
		"Prep",
		"Break",
		"Scan",
		"Break",
		"Prep",
		"Scan",
		"Break",
		"Break",
		"Scan",
		"Prep",
		"Break",
		"Scan",
		"Break",
		"Break",
		"Scan",
		"Prep",
		"Break",
		"Scan",
		"Prep",
		"Break",
		"Scan",
		"Dead"
	],
	"start" : 11.13527774810791
}