{
	"data" : 
	[
		0.77019327878952026,
		1.5401977300643921,
		1.4854267835617065,
		0.054959844797849655,
		0.054959844797849655,
		0.38509663939476013,
		4.4559025764465332,
		0.88011300563812256,
		0.055148709565401077,
		0.054959844797849655,
		0.38509663939476013,
		4.015845775604248,
		2.7504475116729736,
		0.66008472442626953,
		0.38509663939476013,
		6.0512490272521973,
		1.5403865575790405,
		0.054959844797849655,
		0.38509663939476013,
		1.2102497816085815,
		1.1551011800765991,
		0.16506840288639069,
		0.38509663939476013,
		1.2102497816085815,
		0.44005650281906128,
		1.4854267835617065,
		1.9802542924880981,
		0.055148709565401077,
		27.175472259521484,
		1.2102497816085815,
		1.8703345060348511,
		8.2515316009521484,
		27.340539932250977
	],
	"end" : 12.406944274902344,
	"labels" : 
	[
		"Prep",
		"Scan",
		"Break",
		"Prep",
		"Break",
		"Break",
		"Scan",
		"Prep",
		"Break",
		"Prep",
		"Break",
		"Scan",
		"Break",
		"Prep",
		"Break",
		"Scan",
		"Prep",
		"Break",
		"Break",
		"Scan",
		"Break",
		"Prep",
		"Break",
		"Scan",
		"Break",
		"Prep",
		"Break",
		"Prep",
		"Scan",
		"Break",
		"Prep",
		"Scan",
		"Dead"
	],
	"start" : 11.902500152587891
}