{
	"data" : 
	[
		0.72961366176605225,
		0.72961366176605225,
		1.3549201488494873,
		0.052064143121242523,
		3.8563251495361328,
		0.052243057638406754,
		0.88580608367919922,
		8.7550067901611328,
		0.67737060785293579,
		1.563355565071106,
		15.529606819152832,
		0.41687098145484924,
		8.4945068359375,
		0.052064143121242523,
		0.41687098145484924,
		7.3478431701660156,
		48.985919952392578
	],
	"end" : 11.13527774810791,
	"labels" : 
	[
		"Prep",
		"Scan",
		"Break",
		"Prep",
		"Scan",
		"Break",
		"Prep",
		"Scan",
		"Break",
		"Prep",
		"Scan",
		"Prep",
		"Scan",
		"Break",
		"Prep",
		"Scan",
		"Dead"
	],
	"start" : 10.602777481079102
}