{
	"data" : 
	[
		1.442288875579834,
		1.5939714908599854,
		2.3534274101257324,
		0.98671948909759521,
		1.5942320823669434,
		0.60725206136703491,
		1.0628213882446289,
		7.2875461578369141,
		0.075841352343559265,
		0.076101973652839661,
		8.1225833892822266,
		0.60725206136703491,
		9.1854038238525391,
		0.075841352343559265,
		6.604191780090332,
		1.1386628150939941,
		7.8950581550598145,
		49.190803527832031
	],
	"end" : 8.4613885879516602,
	"labels" : 
	[
		"Prep",
		"Scan",
		"Break",
		"Prep",
		"Scan",
		"Break",
		"Prep",
		"Scan",
		"Prep",
		"Break",
		"Scan",
		"Prep",
		"Scan",
		"Break",
		"Scan",
		"Prep",
		"Scan",
		"Dead"
	],
	"start" : 8.0958337783813477
}