{
	"data" : 
	[
		1.1978223323822021,
		1.1179035902023315,
		3.5936043262481689,
		0.63880205154418945,
		7.5863909721374512,
		1.3575228452682495,
		12.297760963439941,
		0.079918794333934784,
		0.63880205154418945,
		13.016618728637695,
		0.079781711101531982,
		0.15970051288604736,
		23.797157287597656,
		0.079781711101531982,
		0.63893914222717285,
		16.290685653686523,
		17.328805923461914
	],
	"end" : 8.0958337783813477,
	"labels" : 
	[
		"Prep",
		"Scan",
		"Break",
		"Prep",
		"Scan",
		"Prep",
		"Scan",
		"Break",
		"Prep",
		"Scan",
		"Break",
		"Prep",
		"Scan",
		"Break",
		"Prep",
		"Scan",
		"Dead"
	],
	"start" : 7.7483334541320801
}