{
	"data" : 
	[
		0.52621126174926758,
		0.41343322396278381,
		2.5181491374969482,
		0.037549648433923721,
		7.855231761932373,
		0.037549648433923721,
		1.0524225234985352,
		0.11277798563241959,
		12.139761924743652,
		0.075228333473205566,
		11.801557540893555,
		0.037549648433923721,
		1.0524225234985352,
		10.861912727355957,
		12.590874671936035,
		0.18787728250026703,
		11.538581848144531,
		0.037549648433923721,
		11.839107513427734,
		15.18425178527832
	],
	"end" : 13.145277976989746,
	"labels" : 
	[
		"Prep",
		"Scan",
		"Break",
		"Prep",
		"Scan",
		"Break",
		"Prep",
		"Break",
		"Scan",
		"Prep",
		"Scan",
		"Break",
		"Prep",
		"Scan",
		"Break",
		"Prep",
		"Scan",
		"Prep",
		"Scan",
		"Dead"
	],
	"start" : 12.406944274902344
}