{
	"data" : 
	[
		2.5620796680450439,
		3.415715217590332,
		6.6590619087219238,
		2.9032995700836182,
		0.68361210823059082,
		22.19921875,
		0.34239232540130615,
		25.273714065551758,
		15.027740478515625,
		1.3660516738891602,
		19.46711540222168
	],
	"end" : 18.302499771118164,
	"labels" : 
	[
		"Prep",
		"Scan",
		"Break",
		"Prep",
		"Break",
		"Scan",
		"Break",
		"Scan",
		"Scan",
		"Prep",
		"Scan"
	],
	"start" : 18.139999389648438
}