{
	"data" : 
	[
		0.43575838208198547,
		0.43575838208198547,
		1.6999365091323853,
		0.3923620879650116,
		0.78442496061325073,
		2.1356949806213379,
		0.3923620879650116,
		2.0049076080322266,
		0.9589078426361084,
		0.043695554137229919,
		0.34866654872894287,
		0.043695554137229919,
		7.8454461097717285,
		0.9589078426361084,
		0.043695554137229919,
		5.1432061195373535,
		8.3249006271362305,
		0.78472417593002319,
		5.2736940383911133,
		0.043695554137229919,
		0.34866654872894287,
		0.043695554137229919,
		3.7048439979553223,
		0.34866654872894287,
		0.043695554137229919,
		3.3124821186065674,
		0.13078737258911133,
		0.30497100949287415,
		0.74102866649627686,
		21.183065414428711,
		0.3923620879650116,
		0.043396264314651489,
		5.2739930152893066,
		1.4383617639541626,
		0.30527028441429138,
		0.78442496061325073,
		0.13078737258911133,
		7.5404748916625977,
		15.734587669372559
	],
	"end" : 18.139999389648438,
	"labels" : 
	[
		"Prep",
		"Scan",
		"Break",
		"Prep",
		"Scan",
		"Break",
		"Prep",
		"Scan",
		"Break",
		"Prep",
		"Break",
		"Prep",
		"Scan",
		"Break",
		"Prep",
		"Scan",
		"Scan",
		"Prep",
		"Scan",
		"Break",
		"Prep",
		"Break",
		"Scan",
		"Break",
		"Prep",
		"Scan",
		"Prep",
		"Break",
		"Scan",
		"Break",
		"Break",
		"Prep",
		"Scan",
		"Break",
		"Break",
		"Scan",
		"Prep",
		"Scan",
		"Dead"
	],
	"start" : 17.503334045410156
}