{
	"data" : 
	[
		0.45927679538726807,
		0.34455618262290955,
		0.8038330078125,
		0.40191650390625,
		1.7223865985870361,
		1.9520250558853149,
		0.11491776257753372,
		6.8895463943481445,
		0.057360325008630753,
		5.0524392127990723,
		0.057557441294193268,
		0.17208096385002136,
		12.975654602050781,
		0.057360325008630753,
		1.0334713459014893,
		1.0908317565917969,
		0.057360325008630753,
		10.219599723815918,
		0.57419461011886597,
		1.0908317565917969,
		8.8417682647705078,
		1.1481920480728149,
		10.219796180725098,
		0.74627554416656494,
		0.68891525268554688,
		10.736433029174805,
		22.391420364379883
	],
	"end" : 9.8575000762939453,
	"labels" : 
	[
		"Prep",
		"Scan",
		"Break",
		"Prep",
		"Scan",
		"Break",
		"Break",
		"Scan",
		"Prep",
		"Scan",
		"Prep",
		"Break",
		"Scan",
		"Break",
		"Break",
		"Break",
		"Prep",
		"Scan",
		"Break",
		"Prep",
		"Scan",
		"Prep",
		"Scan",
		"Prep",
		"Break",
		"Scan",
		"Dead"
	],
	"start" : 9.3741664886474609
}