{
	"data" : 
	[
		1.8427189588546753,
		1.7203772068023682,
		7.0046939849853516,
		1.8427189588546753,
		1.1061376333236694,
		2.4578022956848145,
		1.7195335626602173,
		9.4616527557373047,
		0.1231854185461998,
		1.1061376333236694,
		22.240875244140625,
		49.274166107177734
	],
	"end" : 17.503334045410156,
	"labels" : 
	[
		"Prep",
		"Scan",
		"Break",
		"Prep",
		"Scan",
		"Break",
		"Prep",
		"Scan",
		"Break",
		"Prep",
		"Scan",
		"Dead"
	],
	"start" : 17.277500152587891
}