{
	"data" : 
	[
		0.32948645949363708,
		0.32940566539764404,
		0.98845928907394409,
		0.18825489282608032,
		2.3768594264984131,
		0.65897291898727417,
		4.4243130683898926,
		0.023511661216616631,
		0.42361387610435486,
		3.9536757469177246,
		0.023511661216616631,
		0.070615783333778381,
		6.9894275665283203,
		0.023511661216616631,
		0.16474322974681854,
		0.023592457175254822,
		3.4829576015472412,
		0.023511661216616631,
		0.23535901308059692,
		0.28238233923912048,
		0.023511661216616631,
		3.4124228954315186,
		0.023511661216616631,
		3.2947030067443848,
		3.1769828796386719,
		0.047104120254516602,
		3.8359558582305908,
		0.023511661216616631,
		0.070615783333778381,
		6.8247647285461426,
		0.023511661216616631,
		0.047104120254516602,
		0.18825489282608032,
		0.42361387610435486,
		0.49414891004562378,
		0.11771990358829498,
		0.32948645949363708,
		0.42353308200836182,
		0.40010225772857666,
		0.40010225772857666,
		0.023511661216616631,
		4.7773113250732422,
		0.35299810767173767,
		2.1179885864257812,
		0.047104120254516602,
		0.37650978565216064,
		2.4474751949310303,
		0.23535901308059692,
		2.0474536418914795,
		0.16474322974681854,
		0.047023322433233261,
		2.5887067317962646,
		0.37650978565216064,
		2.9888091087341309,
		0.023511661216616631,
		2.6593225002288818,
		0.023511661216616631,
		1.2943533658981323,
		0.023511661216616631,
		1.6473515033721924,
		0.23535901308059692,
		2.541602611541748,
		2.5887067317962646,
		0.023511661216616631,
		0.40010225772857666,
		2.541602611541748,
		0.023511661216616631,
		0.023592457175254822,
		2.871088981628418,
		0.023511661216616631,
		0.21176654100418091,
		1.7650712728500366,
		0.023511661216616631,
		1.6944555044174194,
		0.023511661216616631,
		0.21176654100418091,
		2.5180909633636475,
		0.023592457175254822,
		0.75301957130432129,
		3.2240869998931885,
		5.3186450004577637
	],
	"end" : 14.324444770812988,
	"labels" : 
	[
		"Prep",
		"Scan",
		"Break",
		"Prep",
		"Scan",
		"Prep",
		"Scan",
		"Break",
		"Prep",
		"Scan",
		"Break",
		"Prep",
		"Scan",
		"Break",
		"Prep",
		"Break",
		"Scan",
		"Prep",
		"Break",
		"Prep",
		"Break",
		"Scan",
		"Prep",
		"Scan",
		"Break",
		"Prep",
		"Scan",
		"Break",
		"Prep",
		"Scan",
		"Break",
		"Prep",
		"Break",
		"Prep",
		"Scan",
		"Break",
		"Prep",
		"Scan",
		"Prep",
		"Scan",
		"Break",
		"Scan",
		"Prep",
		"Scan",
		"Break",
		"Prep",
		"Scan",
		"Prep",
		"Scan",
		"Prep",
		"Break",
		"Scan",
		"Prep",
		"Scan",
		"Break",
		"Scan",
		"Break",
		"Scan",
		"Break",
		"Scan",
		"Prep",
		"Scan",
		"Scan",
		"Break",
		"Prep",
		"Scan",
		"Break",
		"Prep",
		"Scan",
		"Break",
		"Prep",
		"Scan",
		"Prep",
		"Scan",
		"Break",
		"Prep",
		"Scan",
		"Prep",
		"Break",
		"Scan",
		"Dead"
	],
	"start" : 13.145277976989746
}