{
	"data" : 
	[
		0.3241611123085022,
		0.53045469522476196,
		0.94304180145263672,
		0.26517674326896667,
		6.1000766754150391,
		0.67786502838134766,
		0.23573514819145203,
		6.7483987808227539,
		0.50101304054260254,
		11.669698715209961,
		0.029441600665450096,
		4.2140946388244629,
		0.26517674326896667,
		0.2652779221534729,
		3.9782581329345703,
		0.97248339653015137,
		4.6266818046569824,
		0.26517674326896667,
		0.2652779221534729,
		0.61888062953948975,
		1.1492340564727783,
		0.41258707642555237,
		1.4733952283859253,
		53.368415832519531
	],
	"end" : 15.920555114746094,
	"labels" : 
	[
		"Prep",
		"Scan",
		"Break",
		"Prep",
		"Scan",
		"Break",
		"Prep",
		"Scan",
		"Prep",
		"Scan",
		"Prep",
		"Scan",
		"Break",
		"Prep",
		"Scan",
		"Prep",
		"Scan",
		"Break",
		"Prep",
		"Scan",
		"Break",
		"Prep",
		"Scan",
		"Dead"
	],
	"start" : 14.978888511657715
}