{
	"data" : 
	[
		1.1817338466644287,
		1.1823137998580933,
		3.6315991878509521,
		0.084078222513198853,
		6.7558298110961914,
		0.084658071398735046,
		1.4357080459594727,
		14.186604499816895,
		0.084658071398735046,
		0.59086692333221436,
		14.862709999084473,
		2.5333635807037354,
		27.192056655883789,
		0.59086692333221436,
		10.72490119934082,
		14.77805233001709
	],
	"end" : 17.043888092041016,
	"labels" : 
	[
		"Prep",
		"Scan",
		"Break",
		"Prep",
		"Scan",
		"Break",
		"Prep",
		"Scan",
		"Break",
		"Prep",
		"Scan",
		"Prep",
		"Scan",
		"Prep",
		"Scan",
		"Dead"
	],
	"start" : 16.715278625488281
}