{
	"data" : 
	[
		0.40958130359649658,
		0.037199802696704865,
		0.96808969974517822,
		6.3671741485595703,
		1.2287439107894897,
		0.18612684309482574,
		0.037199802696704865,
		0.2606542706489563,
		0.96808969974517822,
		2.7553420066833496,
		0.074527435004711151,
		0.22332662343978882,
		0.2606542706489563,
		1.4149985313415527,
		0.037199802696704865,
		0.037199802696704865,
		1.4521983861923218,
		0.93076205253601074,
		0.037327636033296585,
		0.2606542706489563,
		4.2819399833679199,
		0.29785409569740295,
		0.18612684309482574,
		0.2606542706489563,
		0.81916260719299316,
		3.4255774021148682,
		0.96808969974517822,
		0.93088984489440918,
		0.037199802696704865,
		1.3032712936401367,
		0.52118068933486938,
		31.1280517578125,
		0.037199802696704865,
		0.40958130359649658,
		0.037327636033296585,
		3.1649231910705566,
		0.037199802696704865,
		0.44678109884262085,
		0.037199802696704865,
		0.2606542706489563,
		3.8351588249206543,
		0.037327636033296585,
		0.074399605393409729,
		0.63303577899932861,
		0.78183495998382568,
		4.6916489601135254,
		0.037199802696704865,
		0.037199802696704865,
		0.11172723025083542,
		1.1542165279388428,
		0.037327636033296585,
		0.81916260719299316,
		0.074399605393409729,
		0.5213085412979126,
		0.74463522434234619,
		0.2606542706489563,
		0.7819628119468689,
		0.037199802696704865,
		0.63303577899932861,
		0.7819628119468689,
		0.037199802696704865,
		0.63290798664093018,
		0.74476301670074463,
		0.037199802696704865,
		0.63303577899932861,
		0.78183495998382568,
		1.1543443202972412,
		0.93088984489440918,
		0.26052644848823547,
		0.67023557424545288,
		11.393749237060547
	],
	"end" : 10.602777481079102,
	"labels" : 
	[
		"Prep",
		"Break",
		"Scan",
		"Break",
		"Prep",
		"Break",
		"Prep",
		"Break",
		"Scan",
		"Break",
		"Prep",
		"Break",
		"Break",
		"Scan",
		"Break",
		"Prep",
		"Break",
		"Break",
		"Prep",
		"Break",
		"Scan",
		"Prep",
		"Break",
		"Break",
		"Scan",
		"Break",
		"Prep",
		"Break",
		"Prep",
		"Break",
		"Break",
		"Scan",
		"Prep",
		"Break",
		"Prep",
		"Scan",
		"Prep",
		"Break",
		"Prep",
		"Break",
		"Scan",
		"Break",
		"Prep",
		"Break",
		"Scan",
		"Break",
		"Break",
		"Prep",
		"Break",
		"Scan",
		"Break",
		"Scan",
		"Prep",
		"Break",
		"Scan",
		"Break",
		"Scan",
		"Prep",
		"Break",
		"Scan",
		"Prep",
		"Break",
		"Scan",
		"Break",
		"Break",
		"Scan",
		"Break",
		"Prep",
		"Break",
		"Scan",
		"Dead"
	],
	"start" : 9.8575000762939453
}