{
	"data" : 
	[
		0.63602662086486816,
		0.89034992456436157,
		0.12723444402217865,
		1.0600929260253906,
		0.72089815139770508,
		0.7631155252456665,
		1.2721989154815674,
		0.63602662086486816,
		0.72075259685516357,
		3.6890709400177002,
		0.67838960886001587,
		4.6219296455383301,
		0.042362954467535019,
		0.084871485829353333,
		7.9716601371765137,
		0.042362954467535019,
		0.042362954467535019,
		0.042362954467535019,
		5.385190486907959,
		0.042362954467535019,
		0.67838960886001587,
		0.12723444402217865,
		0.042508531361818314,
		8.3955802917480469,
		0.042362954467535019,
		0.042508531361818314,
		6.9539303779602051,
		0.042362954467535019,
		0.084871485829353333,
		0.042362954467535019,
		8.0565319061279297,
		0.042362954467535019,
		0.63602662086486816,
		5.2154474258422852,
		0.67853516340255737,
		0.59366369247436523,
		6.9962930679321289,
		0.38170331716537476,
		1.9504427909851074,
		6.9540753364562988,
		22.473184585571289
	],
	"end" : 14.978888511657715,
	"labels" : 
	[
		"Prep",
		"Scan",
		"Prep",
		"Break",
		"Prep",
		"Scan",
		"Break",
		"Prep",
		"Scan",
		"Break",
		"Prep",
		"Scan",
		"Break",
		"Break",
		"Scan",
		"Break",
		"Break",
		"Prep",
		"Scan",
		"Break",
		"Prep",
		"Break",
		"Prep",
		"Scan",
		"Prep",
		"Break",
		"Scan",
		"Prep",
		"Break",
		"Prep",
		"Scan",
		"Break",
		"Prep",
		"Scan",
		"Prep",
		"Break",
		"Scan",
		"Prep",
		"Break",
		"Scan",
		"Dead"
	],
	"start" : 14.324444770812988
}