{
	"data" : 
	[
		1.5448285341262817,
		2.4942374229431152,
		3.4444620609283447,
		2.1386168003082275,
		2.4942374229431152,
		2.0195329189300537,
		1.7821807861328125,
		13.77866268157959,
		0.11908393353223801,
		0.11908393353223801,
		0.11826828867197037,
		15.20522403717041,
		0.83114057779312134,
		14.492351531982422,
		0.11826828867197037,
		10.215933799743652,
		28.983888626098633
	],
	"end" : 17.277500152587891,
	"labels" : 
	[
		"Prep",
		"Scan",
		"Break",
		"Prep",
		"Scan",
		"Break",
		"Prep",
		"Scan",
		"Prep",
		"Break",
		"Prep",
		"Scan",
		"Prep",
		"Scan",
		"Prep",
		"Scan",
		"Dead"
	],
	"start" : 17.043888092041016
}