{
	"data" : 
	[
		0.42564517259597778,
		0.57761651277542114,
		2.6449911594390869,
		0.39516735076904297,
		2.4930195808410645,
		3.4353256225585938,
		3.2529809474945068,
		0.27367374300956726,
		3.7393732070922852,
		82.662208557128906
	],
	"end" : 9.3741664886474609,
	"labels" : 
	[
		"Prep",
		"Scan",
		"Break",
		"Prep",
		"Scan",
		"Scan",
		"Scan",
		"Prep",
		"Scan",
		"Dead"
	],
	"start" : 8.4613885879516602
}