{
	"data" : 
	[
		1.0620124340057373,
		1.0617519617080688,
		2.8826422691345215,
		1.0617519617080688,
		5.5374131202697754,
		0.076044045388698578,
		1.2893632650375366,
		0.30339491367340088,
		12.74362850189209,
		0.075783617794513702,
		2.2755920886993408,
		22.528831481933594,
		0.075783617794513702,
		0.60678982734680176,
		12.364189147949219,
		0.076044045388698578,
		0.1515672355890274,
		10.771430969238281,
		24.955989837646484
	],
	"end" : 11.902500152587891,
	"labels" : 
	[
		"Prep",
		"Scan",
		"Break",
		"Prep",
		"Scan",
		"Break",
		"Prep",
		"Break",
		"Scan",
		"Break",
		"Prep",
		"Scan",
		"Break",
		"Prep",
		"Scan",
		"Break",
		"Prep",
		"Scan",
		"Dead"
	],
	"start" : 11.536666870117188
}