{
	"data" : 
	[
		0.48887377977371216,
		0.66342020034790039,
		2.4442489147186279,
		0.48887377977371216,
		2.1998121738433838,
		0.035005182027816772,
		3.7710893154144287,
		0.035005182027816772,
		3.7362041473388672,
		0.7681959867477417,
		0.069770604372024536,
		3.2473301887512207,
		81.952171325683594
	],
	"end" : 16.715278625488281,
	"labels" : 
	[
		"Prep",
		"Scan",
		"Break",
		"Prep",
		"Scan",
		"Break",
		"Scan",
		"Break",
		"Scan",
		"Break",
		"Prep",
		"Scan",
		"Dead"
	],
	"start" : 15.920555114746094
}