{
	"data" : 
	[
		0.46894896030426025,
		0.36069184541702271,
		0.68546319007873535,
		0.036168277263641357,
		0.79372024536132812,
		1.118491530418396,
		1.0461549758911133,
		3.2110493183135986,
		0.93789792060852051,
		0.072336554527282715,
		3.9683535099029541,
		0.072336554527282715,
		4.4375500679016113,
		0.072088822722434998,
		3.7520871162414551,
		6.0973272323608398,
		0.43278065323829651,
		0.32477131485939026,
		0.57720601558685303,
		0.036168277263641357,
		0.82964080572128296,
		6.7107014656066895,
		0.50511723756790161,
		6.7825427055358887,
		0.72163140773773193,
		0.035920549184083939,
		4.0409379005432129,
		0.035920549184083939,
		4.7623214721679688,
		0.10825710743665695,
		0.036168277263641357,
		5.772308349609375,
		0.39686012268066406,
		0.036168277263641357,
		6.8187112808227539,
		33.805198669433594
	],
	"end" : 17.748056411743164,
	"labels" : 
	[
		"Prep",
		"Scan",
		"Break",
		"Prep",
		"Scan",
		"Break",
		"Prep",
		"Scan",
		"Break",
		"Prep",
		"Scan",
		"Prep",
		"Scan",
		"Prep",
		"Scan",
		"Break",
		"Prep",
		"Scan",
		"Break",
		"Prep",
		"Scan",
		"Break",
		"Prep",
		"Scan",
		"Break",
		"Prep",
		"Scan",
		"Break",
		"Scan",
		"Break",
		"Prep",
		"Scan",
		"Break",
		"Prep",
		"Scan",
		"Dead"
	],
	"start" : 16.978889465332031
}