{
	"data" : 
	[
		1.3239887952804565,
		3.4901401996612549,
		5.1752924919128418,
		0.84298920631408691,
		8.9067592620849609,
		4.6942925453186035,
		12.517562866210938,
		1.0826625823974609,
		1.2041522264480591,
		14.44321346282959,
		0.12066315114498138,
		2.0454883575439453,
		22.628473281860352,
		0.96282583475112915,
		20.461494445800781
	],
	"end" : 17.978610992431641,
	"labels" : 
	[
		"Prep",
		"Scan",
		"Break",
		"Prep",
		"Scan",
		"Break",
		"Scan",
		"Break",
		"Prep",
		"Scan",
		"Break",
		"Prep",
		"Scan",
		"Prep",
		"Scan"
	],
	"start" : 17.748056411743164
}