{
	"data" : 
	[
		0.18851736187934875,
		0.32983458042144775,
		0.89534622430801392,
		0.094238452613353729,
		2.3207736015319824,
		0.28275582194328308,
		1.0249341726303101,
		0.047119226306676865,
		0.035309087485074997,
		3.3339381217956543,
		0.34164473414421082,
		0.035349532961845398,
		2.9804832935333252,
		0.12958799302577972,
		0.023579835891723633,
		2.9098246097564697,
		0.023539390414953232,
		0.094278901815414429,
		1.8024216890335083,
		0.36522457003593445,
		2.2383048534393311,
		0.082468762993812561,
		1.3076496124267578,
		0.22382643818855286,
		0.070699065923690796,
		0.35341441631317139,
		0.29452550411224365,
		0.17670720815658569,
		0.34164473414421082,
		0.38876396417617798,
		0.18847690522670746,
		0.10600814968347549,
		2.0262885093688965,
		0.22382643818855286,
		0.36522457003593445,
		1.9202399253845215,
		0.011769695207476616,
		0.16493752598762512,
		0.035349532961845398,
		2.1204864978790283,
		0.88357651233673096,
		0.070658616721630096,
		1.8613510131835938,
		67.185104370117188
	],
	"end" : 11.932777404785156,
	"labels" : 
	[
		"Prep",
		"Scan",
		"Break",
		"Prep",
		"Scan",
		"Prep",
		"Scan",
		"Break",
		"Prep",
		"Scan",
		"Break",
		"Prep",
		"Scan",
		"Break",
		"Prep",
		"Scan",
		"Break",
		"Prep",
		"Scan",
		"Prep",
		"Scan",
		"Prep",
		"Scan",
		"Prep",
		"Break",
		"Scan",
		"Break",
		"Prep",
		"Scan",
		"Break",
		"Prep",
		"Break",
		"Scan",
		"Break",
		"Prep",
		"Scan",
		"Break",
		"Prep",
		"Break",
		"Scan",
		"Break",
		"Prep",
		"Scan",
		"Dead"
	],
	"start" : 9.5772218704223633
}