{
	"data" : 
	[
		0.092054091393947601,
		0.1841081827878952,
		0.35503354668617249,
		0.10521435737609863,
		1.2426625490188599,
		0.29586881399154663,
		0.19724588096141815,
		1.5451228618621826,
		0.0065688430331647396,
		0.013160259462893009,
		1.6568833589553833,
		0.17751677334308624,
		0.046027045696973801,
		1.7883956432342529,
		0.052595891058444977,
		0.019729102030396461,
		1.6634747982025146,
		0.0065688430331647396,
		0.11835204064846039,
		0.47338560223579407,
		0.013160259462893009,
		1.6305855512619019,
		88.216285705566406
	],
	"end" : 16.15333366394043,
	"labels" : 
	[
		"Prep",
		"Scan",
		"Break",
		"Prep",
		"Scan",
		"Break",
		"Prep",
		"Scan",
		"Break",
		"Prep",
		"Scan",
		"Break",
		"Prep",
		"Scan",
		"Break",
		"Prep",
		"Scan",
		"Break",
		"Prep",
		"Scan",
		"Prep",
		"Scan",
		"Dead"
	],
	"start" : 11.932777404785156
}