{
	"data" : 
	[
		2.447002649307251,
		1.3828767538070679,
		2.447002649307251,
		0.035552036017179489,
		0.81574875116348267,
		0.8155052661895752,
		1.6312540769577026,
		0.53206300735473633,
		3.0143742561340332,
		4.822901725769043,
		0.53206300735473633,
		2.4114508628845215,
		2.9435136318206787,
		0.035308528691530228,
		4.2202215194702148,
		5.4613771438598633,
		0.53181946277618408,
		3.1916472911834717,
		3.6884019374847412,
		0.28368577361106873,
		3.0854783058166504,
		4.3972511291503906,
		0.56737154722213745,
		3.0852346420288086,
		3.7945709228515625,
		43.726322174072266
	],
	"end" : 16.978889465332031,
	"labels" : 
	[
		"Prep",
		"Break",
		"Prep",
		"Scan",
		"Prep",
		"Scan",
		"Break",
		"Prep",
		"Break",
		"Scan",
		"Prep",
		"Break",
		"Scan",
		"Prep",
		"Break",
		"Scan",
		"Prep",
		"Break",
		"Scan",
		"Prep",
		"Break",
		"Scan",
		"Prep",
		"Break",
		"Scan",
		"Dead"
	],
	"start" : 16.15333366394043
}