{
	"data" : 
	[
		0.28026172518730164,
		0.38216710090637207,
		3.465045690536499,
		0.20381079614162445,
		0.56052345037460327,
		1.7070248126983643,
		0.025454482063651085,
		0.43316352367401123,
		1.9618319272994995,
		0.22926527261734009,
		0.56052345037460327,
		0.10190539807081223,
		0.02554195374250412,
		0.43307605385780334,
		1.3248575925827026,
		0.10190539807081223,
		0.38225457072257996,
		5.2229795455932617,
		0.35671260952949524,
		0.4076215922832489,
		0.38216710090637207,
		1.0701378583908081,
		0.4076215922832489,
		0.38216710090637207,
		0.7388797402381897,
		0.025454482063651085,
		0.4077090322971344,
		1.6051193475723267,
		0.35662513971328735,
		0.56052345037460327,
		4.0765657424926758,
		0.22926527261734009,
		0.58597791194915771,
		2.700711727142334,
		0.71342521905899048,
		1.2229522466659546,
		0.025454482063651085,
		0.025454482063651085,
		7.74542236328125,
		0.22926527261734009,
		0.7388797402381897,
		0.050996430218219757,
		6.726193904876709,
		1.0955923795700073,
		0.17835630476474762,
		0.025454482063651085,
		0.71342521905899048,
		0.22926527261734009,
		0.30571618676185608,
		0.38216710090637207,
		0.02554195374250412,
		3.5669512748718262,
		0.45861798524856567,
		2.4713587760925293,
		0.05090896412730217,
		3.7707619667053223,
		3.2103261947631836,
		0.30571618676185608,
		1.9108355045318604,
		0.025454482063651085,
		0.43316352367401123,
		1.7325665950775146,
		0.05090896412730217,
		2.3694534301757812,
		0.20381079614162445,
		0.66251629590988159,
		0.76433420181274414,
		1.0955048799514771,
		0.02554195374250412,
		0.43307605385780334,
		0.30571618676185608,
		5.860041618347168,
		1.1465013027191162,
		0.15290182828903198,
		3.7707619667053223,
		0.025454482063651085,
		0.12735988199710846,
		2.3695409297943115,
		10.471500396728516
	],
	"end" : 14.75,
	"labels" : 
	[
		"Prep",
		"Scan",
		"Break",
		"Prep",
		"Scan",
		"Break",
		"Prep",
		"Scan",
		"Break",
		"Prep",
		"Scan",
		"Break",
		"Prep",
		"Scan",
		"Break",
		"Prep",
		"Scan",
		"Break",
		"Break",
		"Prep",
		"Scan",
		"Break",
		"Prep",
		"Scan",
		"Break",
		"Prep",
		"Scan",
		"Break",
		"Prep",
		"Scan",
		"Break",
		"Prep",
		"Scan",
		"Break",
		"Prep",
		"Break",
		"Prep",
		"Break",
		"Scan",
		"Prep",
		"Break",
		"Break",
		"Scan",
		"Break",
		"Prep",
		"Break",
		"Scan",
		"Break",
		"Prep",
		"Break",
		"Prep",
		"Scan",
		"Prep",
		"Scan",
		"Prep",
		"Scan",
		"Break",
		"Prep",
		"Scan",
		"Break",
		"Prep",
		"Scan",
		"Prep",
		"Scan",
		"Break",
		"Prep",
		"Break",
		"Break",
		"Break",
		"Scan",
		"Break",
		"Scan",
		"Break",
		"Prep",
		"Scan",
		"Break",
		"Prep",
		"Scan",
		"Dead"
	],
	"start" : 13.660833358764648
}