{
	"data" : 
	[
		0.38247400522232056,
		0.35041883587837219,
		1.3066039085388184,
		0.31858247518539429,
		0.35052824020385742,
		0.98791193962097168,
		0.28674611449241638,
		0.25490972399711609,
		7.3292570114135742,
		0.25490972399711609,
		0.82851135730743408,
		0.8603476881980896,
		0.031836368143558502,
		9.3686437606811523,
		0.031836368143558502,
		0.031945768743753433,
		8.9543333053588867,
		0.031836368143558502,
		0.095618501305580139,
		0.031836368143558502,
		6.9467825889587402,
		0.25501915812492371,
		1.0514754056930542,
		9.2093524932861328,
		1.6888591051101685,
		0.063782133162021637,
		9.1774072647094727,
		5.4490513801574707,
		0.66922008991241455,
		9.7828445434570312,
		0.031836368143558502,
		0.031945768743753433,
		9.5279350280761719,
		13.92540168762207
	],
	"end" : 13.35777759552002,
	"labels" : 
	[
		"Prep",
		"Scan",
		"Break",
		"Prep",
		"Scan",
		"Break",
		"Prep",
		"Break",
		"Scan",
		"Break",
		"Prep",
		"Break",
		"Prep",
		"Scan",
		"Break",
		"Prep",
		"Scan",
		"Break",
		"Prep",
		"Break",
		"Scan",
		"Break",
		"Prep",
		"Scan",
		"Break",
		"Prep",
		"Scan",
		"Break",
		"Prep",
		"Scan",
		"Break",
		"Prep",
		"Scan",
		"Dead"
	],
	"start" : 12.486944198608398
}