{
	"data" : 
	[
		0.68724656105041504,
		1.1243903636932373,
		3.8111729621887207,
		0.56240963935852051,
		4.685460090637207,
		0.062632963061332703,
		4.1234793663024902,
		1.4993300437927246,
		0.81251257658004761,
		4.685460090637207,
		2.999089241027832,
		0.062203966081142426,
		8.4970617294311523,
		8.6214694976806641,
		1.9995359182357788,
		15.119424819946289,
		0.062203966081142426,
		0.87471646070480347,
		8.8715724945068359,
		0.499776691198349,
		7.4975090026855469,
		22.741342544555664
	],
	"end" : 16.600555419921875,
	"labels" : 
	[
		"Prep",
		"Scan",
		"Break",
		"Prep",
		"Scan",
		"Prep",
		"Scan",
		"Break",
		"Prep",
		"Scan",
		"Break",
		"Prep",
		"Scan",
		"Scan",
		"Prep",
		"Scan",
		"Break",
		"Prep",
		"Scan",
		"Prep",
		"Scan",
		"Dead"
	],
	"start" : 16.156389236450195
}