{
	"data" : 
	[
		0.61184149980545044,
		0.61169147491455078,
		1.3111532926559448,
		0.69916170835494995,
		0.39324092864990234,
		0.34973087906837463,
		0.6555016040802002,
		0.87395203113555908,
		0.043660096824169159,
		3.3213181495666504,
		0.74297177791595459,
		0.34958085417747498,
		1.6169238090515137,
		0.34958085417747498,
		1.3110032081604004,
		0.043660096824169159,
		0.43705105781555176,
		7.9534893035888672,
		0.61184149980545044,
		0.13113032281398773,
		15.775999069213867,
		0.39324092864990234,
		4.9819021224975586,
		18.878715515136719,
		0.34958085417747498,
		14.770915985107422,
		22.33116340637207
	],
	"end" : 16.156389236450195,
	"labels" : 
	[
		"Prep",
		"Scan",
		"Break",
		"Prep",
		"Scan",
		"Break",
		"Prep",
		"Scan",
		"Prep",
		"Scan",
		"Prep",
		"Scan",
		"Break",
		"Prep",
		"Scan",
		"Break",
		"Prep",
		"Scan",
		"Prep",
		"Break",
		"Scan",
		"Prep",
		"Scan",
		"Break",
		"Prep",
		"Scan",
		"Dead"
	],
	"start" : 15.521389007568359
}