{
	"data" : 
	[
		0.75359547138214111,
		0.53812408447265625,
		0.75359547138214111,
		0.053960245102643967,
		1.0226575136184692,
		2.4758882522583008,
		0.96869724988937378,
		7.6435060501098633,
		1.668332576751709,
		8.0740795135498047,
		0.10755090415477753,
		10.17298412322998,
		0.053960245102643967,
		0.10755090415477753,
		8.1276693344116211,
		1.2917195558547974,
		8.0737094879150391,
		48.012420654296875
	],
	"end" : 18.421943664550781,
	"labels" : 
	[
		"Prep",
		"Scan",
		"Break",
		"Prep",
		"Scan",
		"Break",
		"Prep",
		"Scan",
		"Break",
		"Scan",
		"Prep",
		"Scan",
		"Break",
		"Prep",
		"Scan",
		"Break",
		"Scan",
		"Dead"
	],
	"start" : 17.906389236450195
}