{
	"data" : 
	[
		0.55217909812927246,
		0.43383562564849854,
		1.3803123235702515,
		0.82826864719390869,
		1.6565372943878174,
		0.03940267488360405,
		0.82826864719390869,
		9.1498165130615234,
		0.039538081735372543,
		0.82813328504562378,
		1.6565372943878174,
		0.03940267488360405,
		0.43383562564849854,
		0.47323831915855408,
		0.43383562564849854,
		7.4146089553833008,
		0.078940756618976593,
		4.0227289199829102,
		0.078940756618976593,
		4.5749082565307617,
		4.1806106567382812,
		0.03940267488360405,
		4.3383564949035645,
		0.039538081735372543,
		4.4959673881530762,
		0.039538081735372543,
		3.5494906902313232,
		0.03940267488360405,
		4.9299383163452148,
		0.039538081735372543,
		1.8535505533218384,
		6.0736989974975586,
		8.2428770065307617,
		0.35489487648010254,
		4.3383564949035645,
		0.078805349767208099,
		6.0342965126037598,
		16.288469314575195
	],
	"end" : 11.295000076293945,
	"labels" : 
	[
		"Prep",
		"Scan",
		"Break",
		"Scan",
		"Break",
		"Prep",
		"Scan",
		"Break",
		"Prep",
		"Scan",
		"Break",
		"Prep",
		"Scan",
		"Break",
		"Scan",
		"Break",
		"Prep",
		"Scan",
		"Prep",
		"Scan",
		"Break",
		"Prep",
		"Scan",
		"Prep",
		"Scan",
		"Break",
		"Scan",
		"Break",
		"Scan",
		"Break",
		"Prep",
		"Scan",
		"Break",
		"Prep",
		"Scan",
		"Prep",
		"Scan",
		"Dead"
	],
	"start" : 10.591388702392578
}