{
	"data" : 
	[
		0.4677216112613678,
		0.32371225953102112,
		2.0865299701690674,
		0.57554340362548828,
		0.71942919492721558,
		0.036064092069864273,
		8.2380514144897461,
		0.071881167590618134,
		1.115269660949707,
		0.64754801988601685,
		11.187895774841309,
		0.10794526338577271,
		0.14388585090637207,
		13.094598770141602,
		0.21576701104640961,
		0.8993791937828064,
		9.4252023696899414,
		3.3096213340759277,
		0.035940583795309067,
		9.4252023696899414,
		0.10794526338577271,
		0.53960281610488892,
		11.475790977478027,
		0.071881167590618134,
		0.14388585090637207,
		11.188019752502441,
		14.245686531066895
	],
	"end" : 15.521389007568359,
	"labels" : 
	[
		"Prep",
		"Scan",
		"Break",
		"Prep",
		"Break",
		"Break",
		"Scan",
		"Break",
		"Prep",
		"Break",
		"Scan",
		"Prep",
		"Break",
		"Scan",
		"Break",
		"Prep",
		"Scan",
		"Break",
		"Prep",
		"Scan",
		"Prep",
		"Break",
		"Scan",
		"Prep",
		"Break",
		"Scan",
		"Dead"
	],
	"start" : 14.75
}