{
	"data" : 
	[
		1.4789525270462036,
		1.5930185317993164,
		3.0719711780548096,
		1.5930185317993164,
		7.7369608879089355,
		0.11406607180833817,
		1.9344354867935181,
		19.001377105712891,
		0.34141692519187927,
		31.175975799560547,
		0.91018474102020264,
		18.546674728393555,
		0.11328480392694473,
		12.288665771484375
	],
	"end" : 18.948333740234375,
	"labels" : 
	[
		"Prep",
		"Scan",
		"Break",
		"Prep",
		"Scan",
		"Break",
		"Prep",
		"Scan",
		"Prep",
		"Scan",
		"Prep",
		"Scan",
		"Prep",
		"Scan"
	],
	"start" : 18.704444885253906
}