{
	"data" : 
	[
		0.71562385559082031,
		1.022620677947998,
		2.1472227573394775,
		0.76687777042388916,
		3.3743321895599365,
		0.051078375428915024,
		5.5217304229736328,
		0.051078375428915024,
		5.419398307800293,
		0.051078375428915024,
		4.4478559494018555,
		76.331100463867188
	],
	"end" : 12.486944198608398,
	"labels" : 
	[
		"Prep",
		"Scan",
		"Break",
		"Prep",
		"Scan",
		"Prep",
		"Scan",
		"Prep",
		"Scan",
		"Break",
		"Scan",
		"Dead"
	],
	"start" : 11.944167137145996
}