{
	"data" : 
	[
		0.59951531887054443,
		0.59951531887054443,
		0.98468697071075439,
		0.59951531887054443,
		3.6397252082824707,
		0.042927529662847519,
		0.72800379991531372,
		7.108034610748291,
		0.042927529662847519,
		0.12848855555057526,
		12.717720985412598,
		0.042633503675460815,
		0.29990464448928833,
		7.0224733352661133,
		5.2668547630310059,
		60.077075958251953
	],
	"end" : 17.906389236450195,
	"labels" : 
	[
		"Prep",
		"Scan",
		"Break",
		"Prep",
		"Scan",
		"Break",
		"Prep",
		"Scan",
		"Break",
		"Prep",
		"Scan",
		"Break",
		"Prep",
		"Scan",
		"Scan",
		"Dead"
	],
	"start" : 17.258333206176758
}