{
	"data" : 
	[
		0.30903032422065735,
		0.5297013521194458,
		0.44149354100227356,
		0.30887874960899353,
		0.044255446642637253,
		0.83873164653778076,
		2.3837316036224365,
		0.6180606484413147,
		6.1803035736083984,
		0.75052386522293091,
		4.3703765869140625,
		0.044103886932134628,
		0.044103886932134628,
		4.6794071197509766,
		0.044103886932134628,
		0.088359333574771881,
		7.6811995506286621,
		70.543632507324219
	],
	"end" : 10.591388702392578,
	"labels" : 
	[
		"Break",
		"Prep",
		"Scan",
		"Break",
		"Prep",
		"Scan",
		"Break",
		"Prep",
		"Scan",
		"Prep",
		"Scan",
		"Break",
		"Prep",
		"Scan",
		"Break",
		"Prep",
		"Scan",
		"Dead"
	],
	"start" : 9.9627780914306641
}