{
	"data" : 
	[
		0.98273134231567383,
		1.5715607404708862,
		2.6520931720733643,
		2.4558165073394775,
		1.2768087387084961,
		4.3221292495727539,
		1.2768087387084961,
		10.41277027130127,
		0.097800984978675842,
		1.6700360774993896,
		10.510571479797363,
		0.19695097208023071,
		0.097800984978675842,
		12.279083251953125,
		0.097800984978675842,
		15.12745189666748,
		2.8490438461303711,
		17.779544830322266,
		14.243196487426758
	],
	"end" : 18.704444885253906,
	"labels" : 
	[
		"Prep",
		"Scan",
		"Break",
		"Prep",
		"Scan",
		"Break",
		"Prep",
		"Scan",
		"Break",
		"Prep",
		"Scan",
		"Break",
		"Prep",
		"Scan",
		"Break",
		"Scan",
		"Prep",
		"Scan",
		"Dead"
	],
	"start" : 18.421943664550781
}