{
	"data" : 
	[
		0.4275132417678833,
		0.68390381336212158,
		1.8808821439743042,
		0.59848922491073608,
		0.51292788982391357,
		3.8044719696044922,
		0.55578190088272095,
		4.4883756637573242,
		3.0350067615509033,
		4.573936939239502,
		2.4793713092803955,
		0.76946514844894409,
		4.573936939239502,
		0.085414595901966095,
		4.6594986915588379,
		0.042707297950983047,
		6.4976730346679688,
		0.042707297950983047,
		1.2396856546401978,
		7.7372117042541504,
		6.1127204895019531,
		0.38480597734451294,
		0.72675788402557373,
		0.42736649513244629,
		0.085561357438564301,
		0.51292788982391357,
		1.15412437915802,
		0.51307463645935059,
		4.5310831069946289,
		0.76946514844894409,
		4.573936939239502,
		0.042854055762290955,
		5.3861093521118164,
		0.042707297950983047,
		6.8823328018188477,
		0.12812189757823944,
		7.2242841720581055,
		11.712806701660156
	],
	"end" : 11.944167137145996,
	"labels" : 
	[
		"Prep",
		"Scan",
		"Break",
		"Prep",
		"Scan",
		"Break",
		"Prep",
		"Scan",
		"Break",
		"Scan",
		"Break",
		"Prep",
		"Scan",
		"Break",
		"Scan",
		"Break",
		"Scan",
		"Break",
		"Prep",
		"Scan",
		"Break",
		"Prep",
		"Scan",
		"Break",
		"Prep",
		"Scan",
		"Break",
		"Prep",
		"Scan",
		"Prep",
		"Scan",
		"Break",
		"Scan",
		"Break",
		"Scan",
		"Prep",
		"Scan",
		"Dead"
	],
	"start" : 11.295000076293945
}