{
	"data" : 
	[
		0.46176430583000183,
		0.34624895453453064,
		0.80801326036453247,
		1.7890024185180664,
		5.8867273330688477,
		0.69249790906906128,
		3.5204453468322754,
		0.98108822107315063,
		0.17317400872707367,
		7.0408906936645508,
		10.561434745788574,
		0.057658620178699493,
		6.7523994445800781,
		0.17317400872707367,
		10.849727630615234,
		2.4240398406982422,
		0.17317400872707367,
		10.907585144042969,
		2.8278484344482422,
		0.11551538109779358,
		2.3661830425262451,
		1.2120199203491211,
		0.11531724035739899,
		10.907585144042969,
		18.756488800048828
	],
	"end" : 8.3580551147460938,
	"labels" : 
	[
		"Prep",
		"Scan",
		"Break",
		"Scan",
		"Break",
		"Prep",
		"Scan",
		"Prep",
		"Break",
		"Scan",
		"Break",
		"Prep",
		"Scan",
		"Prep",
		"Scan",
		"Break",
		"Prep",
		"Scan",
		"Break",
		"Prep",
		"Scan",
		"Break",
		"Prep",
		"Scan",
		"Dead"
	],
	"start" : 7.8772220611572266
}