{
	"data" : 
	[
		0.54836153984069824,
		0.84383368492126465,
		0.71724414825439453,
		0.042003393173217773,
		2.5735044479370117,
		0.042293071746826172,
		4.5563540458679199,
		0.042003393173217773,
		4.5140609741210938,
		4.0079927444458008,
		82.012351989746094
	],
	"end" : 17.258333206176758,
	"labels" : 
	[
		"Prep",
		"Scan",
		"Break",
		"Prep",
		"Scan",
		"Break",
		"Scan",
		"Break",
		"Scan",
		"Scan",
		"Dead"
	],
	"start" : 16.600555419921875
}