{
	"data" : 
	[
		1.1540169715881348,
		1.1540169715881348,
		2.3903827667236328,
		1.4013466835021973,
		8.407231330871582,
		0.082348927855491638,
		1.8960062265396118,
		13.847353935241699,
		0.82433819770812988,
		24.480270385742188,
		0.082631915807723999,
		0.65935742855072021,
		13.517675399780273,
		0.16498084366321564,
		12.858318328857422,
		16.979724884033203
	],
	"end" : 8.6947221755981445,
	"labels" : 
	[
		"Prep",
		"Scan",
		"Break",
		"Prep",
		"Scan",
		"Break",
		"Prep",
		"Scan",
		"Prep",
		"Scan",
		"Break",
		"Prep",
		"Scan",
		"Prep",
		"Scan",
		"Dead"
	],
	"start" : 8.3580551147460938
}