{
	"data" : 
	[
		1.1905244588851929,
		1.2820066213607788,
		2.6551809310913086,
		3.6627411842346191,
		0.82428181171417236,
		1.0072458982467651,
		1.3734886646270752,
		6.8674435615539551,
		0.091482073068618774,
		0.82428181171417236,
		16.665143966674805,
		63.456180572509766
	],
	"end" : 13.660833358764648,
	"labels" : 
	[
		"Prep",
		"Scan",
		"Break",
		"Prep",
		"Scan",
		"Break",
		"Prep",
		"Scan",
		"Break",
		"Prep",
		"Scan",
		"Dead"
	],
	"start" : 13.35777759552002
}