{
	"data" : 
	[
		1.9398981332778931,
		0.83152091503143311,
		2.216754674911499,
		1.5241377353668213,
		1.3857096433639526,
		1.8009942770004272,
		0.83152091503143311,
		3.3251321315765381,
		0.13890394568443298,
		15.102474212646484,
		0.13842824101448059,
		2.2172305583953857,
		13.717240333557129,
		0.13842824101448059,
		1.8009942770004272,
		13.855668067932129,
		0.27733218669891357,
		24.24730110168457,
		14.410332679748535
	],
	"end" : 9.9627780914306641,
	"labels" : 
	[
		"Prep",
		"Scan",
		"Break",
		"Scan",
		"Break",
		"Prep",
		"Scan",
		"Break",
		"Prep",
		"Scan",
		"Break",
		"Prep",
		"Scan",
		"Break",
		"Prep",
		"Scan",
		"Prep",
		"Scan",
		"Dead"
	],
	"start" : 9.7624998092651367
}