{
	"data" : 
	[
		0.36385804414749146,
		0.36385804414749146,
		1.5072717666625977,
		0.2079826146364212,
		2.2609522342681885,
		0.025964368134737015,
		0.44184038043022156,
		4.3140997886657715,
		0.025964368134737015,
		0.77964478731155396,
		8.3683786392211914,
		0.20789338648319244,
		4.5479578971862793,
		0.026053592562675476,
		0.05192873626947403,
		3.9242775440216064,
		72.482078552246094
	],
	"end" : 9.7624998092651367,
	"labels" : 
	[
		"Prep",
		"Scan",
		"Break",
		"Prep",
		"Scan",
		"Break",
		"Prep",
		"Scan",
		"Break",
		"Prep",
		"Scan",
		"Prep",
		"Scan",
		"Break",
		"Prep",
		"Scan",
		"Dead"
	],
	"start" : 8.6947221755981445
}