{
	"data" : 
	[
		0.72255122661590576,
		0.54206854104995728,
		0.63230991363525391,
		0.63199979066848755,
		2.7100324630737305,
		4.8773760795593262,
		1.2646198272705078,
		9.574580192565918,
		1.6258953809738159,
		12.013267517089844,
		0.4515170156955719,
		1.0838268995285034,
		0.090551495552062988,
		0.18048276007175446,
		21.316814422607422,
		42.182109832763672
	],
	"end" : 13.266111373901367,
	"labels" : 
	[
		"Prep",
		"Scan",
		"Break",
		"Prep",
		"Scan",
		"Break",
		"Prep",
		"Scan",
		"Prep",
		"Scan",
		"Break",
		"Break",
		"Prep",
		"Break",
		"Scan",
		"Dead"
	],
	"start" : 12.958889007568359
}