{
	"data" : 
	[
		2.4405229091644287,
		3.0912916660308838,
		3.9051718711853027,
		4.392829418182373,
		11.226740837097168,
		0.97587400674819946,
		3.0918502807617188,
		7.9723372459411621,
		2.4405229091644287,
		8.6231060028076172,
		15.945233345031738,
		16.27033805847168,
		0.16255256533622742,
		9.436985969543457,
		9.9246435165405273
	],
	"end" : 14.539443969726562,
	"labels" : 
	[
		"Prep",
		"Scan",
		"Break",
		"Prep",
		"Break",
		"Prep",
		"Scan",
		"Break",
		"Prep",
		"Scan",
		"Scan",
		"Scan",
		"Break",
		"Scan",
		"Dead"
	],
	"start" : 14.368888854980469
}