{
	"data" : 
	[
		1.9238756895065308,
		1.9238756895065308,
		8.7947254180908203,
		0.96146607398986816,
		6.4585232734680176,
		0.13775666058063507,
		2.4730150699615479,
		16.902553558349609,
		0.54913955926895142,
		29.818656921386719,
		0.13775666058063507,
		1.0992226600646973,
		16.901611328125,
		0.13775666058063507,
		11.68006706237793
	],
	"end" : 18.31361198425293,
	"labels" : 
	[
		"Prep",
		"Scan",
		"Break",
		"Prep",
		"Scan",
		"Break",
		"Prep",
		"Scan",
		"Prep",
		"Scan",
		"Break",
		"Prep",
		"Scan",
		"Break",
		"Scan"
	],
	"start" : 18.111665725708008
}