{
	"data" : 
	[
		0.84336674213409424,
		1.3800785541534424,
		7.3602433204650879,
		0.68990767002105713,
		6.440279483795166,
		1.6867334842681885,
		0.61330980062484741,
		9.277033805847168,
		0.076597914099693298,
		6.5937380790710449,
		0.61330980062484741,
		0.68990767002105713,
		8.3570690155029297,
		0.61330980062484741,
		7.3602433204650879,
		2.6066980361938477,
		15.717312812805176,
		28.980859756469727
	],
	"end" : 12.926666259765625,
	"labels" : 
	[
		"Prep",
		"Scan",
		"Break",
		"Prep",
		"Scan",
		"Break",
		"Prep",
		"Scan",
		"Break",
		"Scan",
		"Break",
		"Prep",
		"Scan",
		"Prep",
		"Scan",
		"Prep",
		"Scan",
		"Dead"
	],
	"start" : 12.564722061157227
}