{
	"data" : 
	[
		1.4148828983306885,
		2.2850341796875,
		6.3118653297424316,
		1.4148828983306885,
		0.43526238203048706,
		13.16771411895752,
		0.10872218757867813,
		0.21744437515735626,
		16.976726531982422,
		0.10872218757867813,
		0.65308040380477905,
		0.10872218757867813,
		9.2499799728393555,
		0.10872218757867813,
		0.87052476406097412,
		11.861927032470703,
		0.10872218757867813,
		2.0675897598266602,
		12.841174125671387,
		19.588300704956055
	],
	"end" : 12.132222175598145,
	"labels" : 
	[
		"Prep",
		"Scan",
		"Break",
		"Prep",
		"Break",
		"Scan",
		"Prep",
		"Break",
		"Scan",
		"Prep",
		"Break",
		"Prep",
		"Scan",
		"Break",
		"Prep",
		"Scan",
		"Break",
		"Prep",
		"Scan",
		"Dead"
	],
	"start" : 11.877222061157227
}