{
	"data" : 
	[
		1.5367107391357422,
		0.70950090885162354,
		1.8914612531661987,
		1.3004810810089111,
		9.3395977020263672,
		3.3104631900787354,
		11.822850227355957,
		4.2561936378479004,
		0.23622971773147583,
		11.704329490661621,
		0.23622971773147583,
		9.930577278137207,
		0.11852075159549713,
		0.23622971773147583,
		9.9313898086547852,
		33.339237213134766
	],
	"end" : 17.574722290039062,
	"labels" : 
	[
		"Prep",
		"Scan",
		"Break",
		"Scan",
		"Break",
		"Prep",
		"Scan",
		"Break",
		"Prep",
		"Scan",
		"Prep",
		"Scan",
		"Break",
		"Prep",
		"Scan",
		"Dead"
	],
	"start" : 17.340000152587891
}