{
	"data" : 
	[
		0.6771247386932373,
		0.4965684711933136,
		2.9794108867645264,
		0.76748037338256836,
		8.8478775024414062,
		0.63202440738677979,
		1.3542494773864746,
		13.407194137573242,
		0.090355627238750458,
		12.052945137023926,
		0.045255303382873535,
		0.9931369423866272,
		12.098045349121094,
		3.3405232429504395,
		0.9931369423866272,
		13.90391731262207,
		12.14330005645752,
		15.077456474304199
	],
	"end" : 11.877222061157227,
	"labels" : 
	[
		"Prep",
		"Scan",
		"Break",
		"Prep",
		"Scan",
		"Break",
		"Prep",
		"Scan",
		"Prep",
		"Scan",
		"Break",
		"Prep",
		"Scan",
		"Break",
		"Prep",
		"Scan",
		"Scan",
		"Dead"
	],
	"start" : 11.262499809265137
}