{
	"data" : 
	[
		1.1100544929504395,
		1.1100544929504395,
		3.6470105648040771,
		0.079484038054943085,
		6.1839666366577148,
		0.95163077116012573,
		1.2684781551361084,
		12.527445793151855,
		1.5853254795074463,
		23.547962188720703,
		0.079484038054943085,
		0.6342390775680542,
		12.923233032226562,
		0.079484038054943085,
		11.337907791137695,
		22.834239959716797
	],
	"end" : 17.340000152587891,
	"labels" : 
	[
		"Prep",
		"Scan",
		"Break",
		"Prep",
		"Scan",
		"Break",
		"Prep",
		"Scan",
		"Prep",
		"Scan",
		"Break",
		"Prep",
		"Scan",
		"Prep",
		"Scan",
		"Dead"
	],
	"start" : 16.989999771118164
}