{
	"data" : 
	[
		0.63575762510299683,
		0.54502415657043457,
		1.6347607374191284,
		0.63575762510299683,
		2.7244973182678223,
		4.722503662109375,
		1.4529820680618286,
		8.6277828216552734,
		1.6347607374191284,
		13.077775001525879,
		2.8152308464050293,
		0.091045230627059937,
		2.0887396335601807,
		0.090733431279659271,
		0.090733431279659271,
		0.091045230627059937,
		0.18146686255931854,
		24.157543182373047,
		1.6347607374191284,
		0.091045230627059937,
		0.18146686255931854,
		16.438030242919922,
		16.256563186645508
	],
	"end" : 15.301944732666016,
	"labels" : 
	[
		"Prep",
		"Scan",
		"Break",
		"Prep",
		"Scan",
		"Break",
		"Prep",
		"Scan",
		"Prep",
		"Scan",
		"Break",
		"Prep",
		"Break",
		"Prep",
		"Break",
		"Prep",
		"Break",
		"Scan",
		"Break",
		"Prep",
		"Break",
		"Scan",
		"Dead"
	],
	"start" : 14.99638843536377
}