{
	"data" : 
	[
		1.0076502561569214,
		1.0848138332366943,
		2.7901296615600586,
		0.077695772051811218,
		3.3324036598205566,
		0.077429689466953278,
		1.317635178565979,
		9.0677881240844727,
		0.077429689466953278,
		1.2399394512176514,
		16.275402069091797,
		0.61996972560882568,
		9.5328989028930664,
		0.077429689466953278,
		0.15512546896934509,
		6.0451035499572754,
		7.8275833129882812,
		0.077429689466953278,
		6.3553547859191895,
		0.077429689466953278,
		0.61996972560882568,
		12.400192260742188,
		19.76319694519043
	],
	"end" : 15.925833702087402,
	"labels" : 
	[
		"Prep",
		"Scan",
		"Break",
		"Prep",
		"Scan",
		"Break",
		"Prep",
		"Scan",
		"Break",
		"Prep",
		"Scan",
		"Prep",
		"Scan",
		"Break",
		"Prep",
		"Scan",
		"Break",
		"Prep",
		"Scan",
		"Break",
		"Prep",
		"Scan",
		"Dead"
	],
	"start" : 15.567777633666992
}