{
	"data" : 
	[
		0.83420902490615845,
		0.8980908989906311,
		2.8231377601623535,
		0.38505345582962036,
		3.8496532440185547,
		0.064102143049240112,
		1.090837836265564,
		8.7260417938232422,
		0.064102143049240112,
		0.44915559887886047,
		9.6884555816650391,
		0.064102143049240112,
		0.51325774192810059,
		19.056180953979492,
		3.5289223194122314,
		0.064102143049240112,
		11.356653213500977,
		20.660055160522461,
		15.783886909484863
	],
	"end" : 12.564722061157227,
	"labels" : 
	[
		"Prep",
		"Scan",
		"Break",
		"Prep",
		"Scan",
		"Break",
		"Prep",
		"Scan",
		"Break",
		"Prep",
		"Scan",
		"Break",
		"Prep",
		"Scan",
		"Break",
		"Prep",
		"Scan",
		"Scan",
		"Dead"
	],
	"start" : 12.132222175598145
}