{
	"data" : 
	[
		0.72741669416427612,
		0.67896664142608643,
		2.6670835018157959,
		0.33948332071304321,
		2.5703499317169189,
		0.0484500452876091,
		0.82448327541351318,
		6.1103668212890625,
		0.38793337345123291,
		6.3043336868286133,
		0.097066588699817657,
		11.347800254821777,
		1.939833402633667,
		6.7893338203430176,
		0.0484500452876091,
		0.33948332071304321,
		8.5352001190185547,
		0.0484500452876091,
		0.38793337345123291,
		8.6322669982910156,
		0.0484500452876091,
		3.7826001644134521,
		3.6370832920074463,
		3.9767334461212158,
		0.1453501433134079,
		8.6322669982910156,
		20.852834701538086
	],
	"end" : 13.838333129882812,
	"labels" : 
	[
		"Prep",
		"Scan",
		"Break",
		"Prep",
		"Scan",
		"Break",
		"Prep",
		"Scan",
		"Prep",
		"Scan",
		"Prep",
		"Scan",
		"Break",
		"Scan",
		"Break",
		"Prep",
		"Scan",
		"Break",
		"Prep",
		"Scan",
		"Break",
		"Scan",
		"Break",
		"Scan",
		"Prep",
		"Scan",
		"Dead"
	],
	"start" : 13.266111373901367
}