{
	"data" : 
	[
		0.21496596932411194,
		0.37129265069961548,
		0.019524063915014267,
		0.6448979377746582,
		0.66442197561264038,
		0.48857125639915466,
		0.058639280498027802,
		0.019524063915014267,
		0.13680262863636017,
		2.5404765605926514,
		0.019524063915014267,
		0.019591156393289566,
		0.17585074901580811,
		0.13680262863636017,
		2.5404765605926514,
		0.019591156393289566,
		0.15632669627666473,
		0.13680262863636017,
		2.5600006580352783,
		0.7035372257232666,
		0.13680262863636017,
		0.56673455238342285,
		8.7158498764038086,
		0.21496596932411194,
		0.35170149803161621,
		1.0553058385848999,
		0.56673455238342285,
		3.2048983573913574,
		1.1139451265335083,
		0.56673455238342285,
		0.13680262863636017,
		0.3517686128616333,
		1.719660758972168,
		0.15639378130435944,
		0.039048127830028534,
		0.82081574201583862,
		0.019524063915014267,
		0.13680262863636017,
		0.3517686128616333,
		0.33217746019363403,
		0.3517686128616333,
		0.019524063915014267,
		0.33224454522132874,
		0.3517686128616333,
		0.33217746019363403,
		0.3517686128616333,
		0.15632669627666473,
		0.48857125639915466,
		0.13680262863636017,
		0.3517686128616333,
		64.841224670410156
	],
	"end" : 10.668611526489258,
	"labels" : 
	[
		"Prep",
		"Scan",
		"Break",
		"Scan",
		"Break",
		"Prep",
		"Break",
		"Prep",
		"Break",
		"Scan",
		"Break",
		"Prep",
		"Break",
		"Break",
		"Scan",
		"Prep",
		"Break",
		"Break",
		"Scan",
		"Prep",
		"Break",
		"Scan",
		"Break",
		"Prep",
		"Scan",
		"Break",
		"Prep",
		"Scan",
		"Break",
		"Prep",
		"Break",
		"Scan",
		"Break",
		"Prep",
		"Break",
		"Scan",
		"Prep",
		"Break",
		"Scan",
		"Break",
		"Scan",
		"Break",
		"Break",
		"Scan",
		"Break",
		"Scan",
		"Break",
		"Prep",
		"Break",
		"Scan",
		"Dead"
	],
	"start" : 9.2486114501953125
}