{
	"data" : 
	[
		0.57534337043762207,
		1.88297438621521,
		2.0921738147735596,
		0.47065383195877075,
		1.2029416561126709,
		1.6737749576568604,
		0.052254967391490936,
		5.8058676719665527,
		0.36596432328224182,
		8.2117509841918945,
		0.41839885711669922,
		1.3598861694335938,
		0.052254967391490936,
		0.26163399219512939,
		7.897862434387207,
		0.7845427393913269,
		0.94148719310760498,
		6.7471756935119629,
		0.10450993478298187,
		7.3225188255310059,
		0.99374216794967651,
		6.5379762649536133,
		0.57534337043762207,
		0.7845427393913269,
		6.9041204452514648,
		0.52308833599090576,
		0.15694446861743927,
		7.2700839042663574,
		0.052434537559747696,
		0.10450993478298187,
		6.5379762649536133,
		21.235267639160156
	],
	"end" : 14.368888854980469,
	"labels" : 
	[
		"Prep",
		"Scan",
		"Break",
		"Prep",
		"Scan",
		"Break",
		"Prep",
		"Scan",
		"Break",
		"Scan",
		"Prep",
		"Break",
		"Prep",
		"Break",
		"Scan",
		"Break",
		"Prep",
		"Scan",
		"Prep",
		"Scan",
		"Prep",
		"Scan",
		"Break",
		"Prep",
		"Scan",
		"Break",
		"Prep",
		"Scan",
		"Break",
		"Prep",
		"Scan",
		"Dead"
	],
	"start" : 13.838333129882812
}