{
	"data" : 
	[
		6.892000675201416,
		5.1653041839599609,
		12.917695045471191,
		6.0286521911621094,
		26.698740005493164,
		42.197608947753906
	],
	"end" : 12.958889007568359,
	"labels" : 
	[
		"Prep",
		"Scan",
		"Break",
		"Prep",
		"Scan",
		"Dead"
	],
	"start" : 12.926666259765625
}