{
	"data" : 
	[
		0.99691230058670044,
		0.99691230058670044,
		2.4920363426208496,
		3.1330132484436035,
		1.352847695350647,
		8.9719657897949219,
		0.1422763466835022,
		1.7090275287628174,
		0.42707350850105286,
		15.522544860839844,
		0.5698387622833252,
		8.5444040298461914,
		9.8261137008666992,
		0.14252081513404846,
		16.804254531860352,
		28.268257141113281
	],
	"end" : 9.2486114501953125,
	"labels" : 
	[
		"Prep",
		"Scan",
		"Break",
		"Scan",
		"Prep",
		"Scan",
		"Prep",
		"Break",
		"Prep",
		"Scan",
		"Prep",
		"Scan",
		"Scan",
		"Prep",
		"Scan",
		"Dead"
	],
	"start" : 8.8588886260986328
}