{
	"data" : 
	[
		0.06088145449757576,
		0.2429003119468689,
		0.78937393426895142,
		0.85025537014007568,
		1.0931557416915894,
		1.0324827432632446,
		0.85004687309265137,
		2.8543393611907959,
		0.85025537014007568,
		4.0688409805297852,
		1.0931557416915894,
		8.9272642135620117,
		0.72870093584060669,
		1.4576103687286377,
		18.097221374511719,
		0.54668211936950684,
		0.54647356271743774,
		9.8990745544433594,
		0.060672953724861145,
		8.6843643188476562,
		37.166252136230469
	],
	"end" : 14.99638843536377,
	"labels" : 
	[
		"Prep",
		"Break",
		"Prep",
		"Scan",
		"Break",
		"Prep",
		"Scan",
		"Break",
		"Prep",
		"Scan",
		"Prep",
		"Scan",
		"Break",
		"Prep",
		"Scan",
		"Break",
		"Prep",
		"Scan",
		"Prep",
		"Scan",
		"Dead"
	],
	"start" : 14.539443969726562
}