{
	"data" : 
	[
		0.72357618808746338,
		1.0337309837341309,
		2.11891770362854,
		0.8268427848815918,
		0.4134213924407959,
		6.2534866333007812,
		0.05145588144659996,
		0.10362150520086288,
		8.2687835693359375,
		0.051810752600431442,
		0.051810752600431442,
		0.05145588144659996,
		4.2378354072570801,
		0.72357618808746338,
		4.8581452369689941,
		0.46523216366767883,
		5.8400650024414062,
		63.82623291015625
	],
	"end" : 18.111665725708008,
	"labels" : 
	[
		"Prep",
		"Scan",
		"Break",
		"Prep",
		"Break",
		"Scan",
		"Break",
		"Break",
		"Scan",
		"Break",
		"Break",
		"Prep",
		"Scan",
		"Prep",
		"Scan",
		"Prep",
		"Scan",
		"Dead"
	],
	"start" : 17.574722290039062
}