{
	"data" : 
	[
		1.358290433883667,
		1.0447283983230591,
		1.9854146242141724,
		0.10475985705852509,
		1.9854146242141724,
		6.5833673477172852,
		3.0301430225372314,
		16.092836380004883,
		2.5084962844848633,
		0.20880217850208282,
		11.076560974121094,
		2.5077786445617676,
		0.31356203556060791,
		11.181321144104004,
		1.463050365447998,
		0.20951971411705017,
		11.39012336730957,
		26.8558349609375
	],
	"end" : 16.989999771118164,
	"labels" : 
	[
		"Prep",
		"Scan",
		"Break",
		"Prep",
		"Scan",
		"Break",
		"Prep",
		"Scan",
		"Break",
		"Prep",
		"Scan",
		"Break",
		"Prep",
		"Scan",
		"Break",
		"Prep",
		"Scan",
		"Dead"
	],
	"start" : 16.724445343017578
}