{
	"data" : 
	[
		0.5139884352684021,
		0.046682469546794891,
		1.1681846380233765,
		5.4668221473693848,
		1.121502161026001,
		10.419816017150879,
		1.121502161026001,
		0.093364939093589783,
		0.046842887997627258,
		3.9716997146606445,
		0.37378060817718506,
		0.32709813117980957,
		3.9716997146606445,
		0.74756121635437012,
		1.0279768705368042,
		0.046682469546794891,
		0.32709813117980957,
		0.93461191654205322,
		1.8222204446792603,
		0.09352535754442215,
		0.093364939093589783,
		0.046842887997627258,
		0.32693770527839661,
		0.88792943954467773,
		0.98113399744033813,
		0.37378060817718506,
		2.6634674072265625,
		0.93445152044296265,
		0.14020782709121704,
		0.32709813117980957,
		0.79440408945083618,
		1.1213418245315552,
		0.09352535754442215,
		0.32709813117980957,
		0.88776904344558716,
		9.5320472717285156,
		0.28041565418243408,
		0.88776904344558716,
		0.046682469546794891,
		0.79440408945083618,
		0.046682469546794891,
		0.32709813117980957,
		0.79440408945083618,
		0.046682469546794891,
		0.79424369335174561,
		0.84108656644821167,
		0.09352535754442215,
		0.65419626235961914,
		0.79424369335174561,
		0.046842887997627258,
		0.79424369335174561,
		0.79440408945083618,
		0.046682469546794891,
		0.79440408945083618,
		0.84092617034912109,
		0.046842887997627258,
		0.32709813117980957,
		0.84108656644821167,
		0.79424369335174561,
		34.997734069824219
	],
	"end" : 11.262499809265137,
	"labels" : 
	[
		"Prep",
		"Break",
		"Scan",
		"Break",
		"Prep",
		"Scan",
		"Break",
		"Break",
		"Prep",
		"Scan",
		"Prep",
		"Break",
		"Scan",
		"Break",
		"Prep",
		"Break",
		"Break",
		"Scan",
		"Break",
		"Prep",
		"Break",
		"Prep",
		"Break",
		"Scan",
		"Break",
		"Break",
		"Scan",
		"Break",
		"Prep",
		"Break",
		"Scan",
		"Break",
		"Break",
		"Break",
		"Scan",
		"Break",
		"Break",
		"Scan",
		"Break",
		"Scan",
		"Prep",
		"Break",
		"Scan",
		"Break",
		"Break",
		"Scan",
		"Prep",
		"Break",
		"Scan",
		"Prep",
		"Break",
		"Scan",
		"Break",
		"Break",
		"Scan",
		"Break",
		"Prep",
		"Break",
		"Scan",
		"Dead"
	],
	"start" : 10.668611526489258
}