{
	"data" : 
	[
		1.461159348487854,
		1.4615176916122437,
		4.2799029350280762,
		0.10465011745691299,
		4.5931367874145508,
		0.10429172217845917,
		1.7743929624557495,
		12.735774993896484,
		0.10429172217845917,
		2.5051515102386475,
		21.921689987182617,
		0.83505052328109741,
		12.526834487915039,
		9.4995059967041016,
		25.992650985717773
	],
	"end" : 15.567777633666992,
	"labels" : 
	[
		"Prep",
		"Scan",
		"Break",
		"Prep",
		"Scan",
		"Break",
		"Prep",
		"Scan",
		"Break",
		"Prep",
		"Scan",
		"Prep",
		"Scan",
		"Scan",
		"Dead"
	],
	"start" : 15.301944732666016
}