{
	"data" : 
	[
		0.48637434840202332,
		0.20853136479854584,
		1.1813993453979492,
		0.38222795724868774,
		0.62547481060028076,
		0.55592453479766846,
		0.24324682354927063,
		1.3899307250976562,
		0.59075933694839478,
		4.9689631462097168,
		8.0267868041992188,
		0.24312752485275269,
		3.4052166938781738,
		1.8765435218811035,
		0.069430917501449585,
		2.467064380645752,
		0.45165884494781494,
		0.41706272959709167,
		0.24312752485275269,
		0.3476317822933197,
		0.38222795724868774,
		1.5983427762985229,
		0.59075933694839478,
		5.6637496948242188,
		0.45189747214317322,
		0.034596163779497147,
		3.266355037689209,
		0.24312752485275269,
		0.069669514894485474,
		3.02298903465271,
		1.737443208694458,
		0.45165884494781494,
		3.3357861042022705,
		1.737443208694458,
		0.034596163779497147,
		3.648582935333252,
		2.8146960735321045,
		0.069430917501449585,
		2.6061646938323975,
		4.586735725402832,
		0.48625504970550537,
		0.1739351898431778,
		0.034596163779497147,
		5.0732293128967285,
		29.605249404907227
	],
	"end" : 16.724445343017578,
	"labels" : 
	[
		"Prep",
		"Scan",
		"Break",
		"Scan",
		"Break",
		"Prep",
		"Scan",
		"Break",
		"Prep",
		"Scan",
		"Break",
		"Prep",
		"Scan",
		"Break",
		"Prep",
		"Break",
		"Break",
		"Prep",
		"Scan",
		"Break",
		"Scan",
		"Break",
		"Prep",
		"Scan",
		"Break",
		"Prep",
		"Scan",
		"Break",
		"Prep",
		"Scan",
		"Break",
		"Prep",
		"Scan",
		"Break",
		"Prep",
		"Scan",
		"Break",
		"Prep",
		"Scan",
		"Break",
		"Break",
		"Break",
		"Prep",
		"Scan",
		"Dead"
	],
	"start" : 15.925833702087402
}