{
	"data" : 
	[
		0.59240591526031494,
		0.88860887289047241,
		2.0732753276824951,
		0.042273201048374176,
		4.6544103622436523,
		0.042273201048374176,
		0.084691673517227173,
		5.6698384284973145,
		0.042273201048374176,
		3.2580873966217041,
		0.59240591526031494,
		3.8927664756774902,
		0.63467907905578613,
		3.8504931926727295,
		73.581520080566406
	],
	"end" : 8.8588886260986328,
	"labels" : 
	[
		"Prep",
		"Scan",
		"Break",
		"Prep",
		"Scan",
		"Break",
		"Break",
		"Scan",
		"Prep",
		"Scan",
		"Prep",
		"Scan",
		"Prep",
		"Scan",
		"Dead"
	],
	"start" : 8.2030553817749023
}