{
	"data" : 
	[
		0.42363393306732178,
		1.0013046264648438,
		3.6586692333221436,
		1.1167329549789429,
		0.038608338683843613,
		0.26959726214408875,
		0.77018344402313232,
		2.7343165874481201,
		1.1168651580810547,
		0.11556057631969452,
		0.038476116955280304,
		0.26959726214408875,
		0.77031570672988892,
		0.076952233910560608,
		0.6547551155090332,
		2.5031952857971191,
		0.038608338683843613,
		0.92422014474868774,
		0.038476116955280304,
		0.038608338683843613,
		10.744753837585449,
		0.15403670072555542,
		1.656059741973877,
		0.038476116955280304,
		2.9269616603851318,
		0.038476116955280304,
		0.38515785336494446,
		3.2735109329223633,
		0.038476116955280304,
		0.6547551155090332,
		2.5418038368225098,
		0.076952233910560608,
		0.6547551155090332,
		0.61614680290222168,
		0.038476116955280304,
		0.077084459364414215,
		0.038476116955280304,
		0.23112115263938904,
		0.5776706337928772,
		2.464719295501709,
		0.077084459364414215,
		0.96282851696014404,
		0.038476116955280304,
		0.038476116955280304,
		0.53919452428817749,
		0.038476116955280304,
		0.34668171405792236,
		0.61614680290222168,
		0.038476116955280304,
		0.6547551155090332,
		0.61614680290222168,
		0.038608338683843613,
		0.076952233910560608,
		0.50071841478347778,
		0.65462285280227661,
		0.038476116955280304,
		0.6547551155090332,
		0.61614680290222168,
		0.038608338683843613,
		0.65462285280227661,
		0.6162790060043335,
		0.038476116955280304,
		0.92422014474868774,
		0.26959726214408875,
		0.6547551155090332,
		46.329872131347656
	],
	"end" : 14.047222137451172,
	"labels" : 
	[
		"Prep",
		"Scan",
		"Break",
		"Prep",
		"Break",
		"Break",
		"Scan",
		"Break",
		"Prep",
		"Break",
		"Prep",
		"Break",
		"Scan",
		"Prep",
		"Break",
		"Scan",
		"Break",
		"Prep",
		"Break",
		"Prep",
		"Scan",
		"Prep",
		"Break",
		"Prep",
		"Scan",
		"Break",
		"Break",
		"Scan",
		"Prep",
		"Break",
		"Scan",
		"Prep",
		"Break",
		"Scan",
		"Break",
		"Break",
		"Prep",
		"Break",
		"Scan",
		"Break",
		"Break",
		"Scan",
		"Prep",
		"Break",
		"Scan",
		"Prep",
		"Break",
		"Scan",
		"Break",
		"Break",
		"Scan",
		"Break",
		"Prep",
		"Break",
		"Scan",
		"Break",
		"Break",
		"Scan",
		"Break",
		"Break",
		"Scan",
		"Break",
		"Prep",
		"Break",
		"Scan",
		"Dead"
	],
	"start" : 13.326666831970215
}