{
	"data" : 
	[
		0.43400681018829346,
		0.7102053165435791,
		2.4068145751953125,
		1.1046584844589233,
		0.039553679525852203,
		0.03941822424530983,
		0.27619847655296326,
		0.78904175758361816,
		2.012225866317749,
		1.1442121267318726,
		0.11839012801647186,
		0.27619847655296326,
		1.6964735984802246,
		0.7102053165435791,
		0.27619847655296326,
		2.2094523906707764,
		0.039553679525852203,
		1.3414386510848999,
		5.91815185546875,
		0.7497590184211731,
		0.27606302499771118,
		5.168663501739502,
		2.012225866317749,
		1.0258220434188843,
		0.15780834853649139,
		0.03941822424530983,
		16.768321990966797,
		0.039553679525852203,
		0.94685006141662598,
		15.229658126831055,
		0.11839012801647186,
		0.27619847655296326,
		0.71006989479064941,
		3.4720544815063477,
		0.039553679525852203,
		0.078836448490619659,
		0.98640382289886475,
		0.27619847655296326,
		0.7102053165435791,
		0.03941822424530983,
		0.67078709602355957,
		0.71006989479064941,
		0.67078709602355957,
		0.7102053165435791,
		0.03941822424530983,
		0.67078709602355957,
		0.7102053165435791,
		0.31561669707298279,
		0.19722656905651093,
		0.27619847655296326,
		0.67078709602355957,
		23.59404182434082
	],
	"end" : 10.935277938842773,
	"labels" : 
	[
		"Prep",
		"Scan",
		"Break",
		"Prep",
		"Break",
		"Prep",
		"Break",
		"Scan",
		"Break",
		"Prep",
		"Break",
		"Break",
		"Scan",
		"Prep",
		"Break",
		"Scan",
		"Break",
		"Prep",
		"Scan",
		"Prep",
		"Break",
		"Scan",
		"Break",
		"Prep",
		"Break",
		"Prep",
		"Scan",
		"Break",
		"Prep",
		"Scan",
		"Prep",
		"Break",
		"Scan",
		"Break",
		"Prep",
		"Break",
		"Scan",
		"Break",
		"Scan",
		"Prep",
		"Break",
		"Scan",
		"Break",
		"Scan",
		"Prep",
		"Break",
		"Scan",
		"Break",
		"Prep",
		"Break",
		"Scan",
		"Dead"
	],
	"start" : 10.23194408416748
}