{
	"data" : 
	[
		0.8070799708366394,
		0.8070799708366394,
		2.5940160751342773,
		0.8070799708366394,
		3.2281224727630615,
		0.97985607385635376,
		7.0905485153198242,
		0.057592026889324188,
		1.7293441295623779,
		12.048014640808105,
		0.057592026889324188,
		0.46113204956054688,
		6.8599824905395508,
		0.17277607321739197,
		5.5917701721191406,
		56.608016967773438
	],
	"end" : 12.495833396911621,
	"labels" : 
	[
		"Prep",
		"Scan",
		"Break",
		"Prep",
		"Scan",
		"Prep",
		"Scan",
		"Break",
		"Prep",
		"Scan",
		"Break",
		"Prep",
		"Scan",
		"Prep",
		"Scan",
		"Dead"
	],
	"start" : 12.014444351196289
}