{
	"data" : 
	[
		0.92688566446304321,
		0.92688566446304321,
		2.7804296016693115,
		3.7734568119049072,
		1.919912576675415,
		0.46344283223152161,
		12.247483253479004,
		0.46344283223152161,
		9.6657037734985352,
		1.3903285264968872,
		0.066141180694103241,
		11.850180625915527,
		6.2893214225769043,
		0.13250964879989624,
		0.46344283223152161,
		12.445906639099121,
		1.1255364418029785,
		12.710925102233887,
		20.258066177368164
	],
	"end" : 12.014444351196289,
	"labels" : 
	[
		"Prep",
		"Scan",
		"Break",
		"Scan",
		"Break",
		"Prep",
		"Scan",
		"Prep",
		"Scan",
		"Break",
		"Prep",
		"Scan",
		"Break",
		"Scan",
		"Break",
		"Scan",
		"Prep",
		"Scan",
		"Dead"
	],
	"start" : 11.595277786254883
}