{
	"data" : 
	[
		0.39917242527008057,
		0.29912233352661133,
		0.59892988204956055,
		1.4969820976257324,
		2.7445242404937744,
		0.29946494102478027,
		1.2475422620773315,
		0.39917242527008057,
		6.8863239288330078,
		0.049682401120662689,
		0.89839482307434082,
		0.049682401120662689,
		5.6888065338134766,
		0.34914734959602356,
		0.14973247051239014,
		0.050025038421154022,
		10.379167556762695,
		0.050025038421154022,
		6.7362484931945801,
		5.5390734672546387,
		0.050025038421154022,
		0.14973247051239014,
		0.049682401120662689,
		12.225639343261719,
		1.047784686088562,
		1.048127293586731,
		0.049682401120662689,
		1.3972747325897217,
		1.1478347778320312,
		0.14973247051239014,
		13.273425102233887,
		0.14938984811306,
		9.4811153411865234,
		0.44919741153717041,
		0.64861232042312622,
		14.271526336669922
	],
	"end" : 18.006111145019531,
	"labels" : 
	[
		"Prep",
		"Scan",
		"Break",
		"Scan",
		"Break",
		"Prep",
		"Break",
		"Break",
		"Scan",
		"Break",
		"Prep",
		"Break",
		"Scan",
		"Break",
		"Prep",
		"Prep",
		"Scan",
		"Break",
		"Scan",
		"Scan",
		"Prep",
		"Break",
		"Prep",
		"Scan",
		"Break",
		"Break",
		"Prep",
		"Break",
		"Break",
		"Break",
		"Scan",
		"Prep",
		"Scan",
		"Break",
		"Prep",
		"Dead"
	],
	"start" : 17.450000762939453
}