{
	"data" : 
	[
		0.31556439399719238,
		0.33981290459632874,
		1.165013313293457,
		0.16982312500476837,
		1.2864228487014771,
		0.024248544126749039,
		0.41264188289642334,
		3.1309788227081299,
		0.3883100152015686,
		5.0969438552856445,
		0.1941550076007843,
		3.0581498146057129,
		0.024331873282790184,
		0.048497088253498077,
		1.8931363821029663,
		82.351974487304688
	],
	"end" : 9.4622220993041992,
	"labels" : 
	[
		"Prep",
		"Scan",
		"Break",
		"Prep",
		"Scan",
		"Break",
		"Prep",
		"Scan",
		"Prep",
		"Scan",
		"Prep",
		"Scan",
		"Break",
		"Prep",
		"Scan",
		"Dead"
	],
	"start" : 8.3188886642456055
}