{
	"data" : 
	[
		0.64092254638671875,
		0.47001960873603821,
		6.4092249870300293,
		0.59823346138000488,
		0.042835745960474014,
		0.042689047753810883,
		9.7848873138427734,
		1.4954369068145752,
		0.34195247292518616,
		9.1866531372070312,
		0.042689047753810883,
		8.2466144561767578,
		0.89735019207000732,
		0.17090289294719696,
		12.305888175964355,
		8.588566780090332,
		0.042689047753810883,
		12.690529823303223,
		0.34180578589439392,
		11.835868835449219,
		15.724239349365234
	],
	"end" : 15.547778129577637,
	"labels" : 
	[
		"Prep",
		"Scan",
		"Break",
		"Prep",
		"Break",
		"Prep",
		"Scan",
		"Break",
		"Prep",
		"Scan",
		"Prep",
		"Scan",
		"Prep",
		"Break",
		"Scan",
		"Break",
		"Prep",
		"Scan",
		"Prep",
		"Scan",
		"Dead"
	],
	"start" : 14.898333549499512
}