{
	"data" : 
	[
		0.39657396078109741,
		0.64895045757293701,
		2.4514806270599365,
		1.117685079574585,
		0.036018423736095428,
		0.036018423736095428,
		0.2523764967918396,
		0.68496888875961304,
		1.9828697443008423,
		0.10817903280258179,
		0.036018423736095428,
		0.10817903280258179,
		0.2523764967918396,
		0.61293202638626099,
		1.9467276334762573,
		0.61293202638626099,
		0.28839492797851562,
		1.946851372718811,
		0.32441332936286926,
		1.0095059871673584,
		5.2635164260864258,
		0.036142196506261826,
		1.0455243587493896,
		0.2522527277469635,
		3.2447521686553955,
		0.036018423736095428,
		0.28839492797851562,
		0.61293202638626099,
		0.6128082275390625,
		2.7760176658630371,
		0.2523764967918396,
		0.10817903280258179,
		0.79314792156219482,
		0.036018423736095428,
		0.2523764967918396,
		0.61293202638626099,
		0.036018423736095428,
		0.61293202638626099,
		0.6128082275390625,
		0.61293202638626099,
		0.61293202638626099,
		0.036018423736095428,
		0.6128082275390625,
		0.61293202638626099,
		0.32441332936286926,
		0.61293202638626099,
		0.54077142477035522,
		63.595657348632812
	],
	"end" : 10.23194408416748,
	"labels" : 
	[
		"Prep",
		"Scan",
		"Break",
		"Prep",
		"Break",
		"Prep",
		"Break",
		"Scan",
		"Break",
		"Prep",
		"Break",
		"Break",
		"Break",
		"Scan",
		"Break",
		"Prep",
		"Break",
		"Scan",
		"Break",
		"Prep",
		"Scan",
		"Break",
		"Prep",
		"Break",
		"Scan",
		"Break",
		"Prep",
		"Break",
		"Scan",
		"Break",
		"Prep",
		"Break",
		"Scan",
		"Break",
		"Break",
		"Scan",
		"Prep",
		"Break",
		"Scan",
		"Break",
		"Scan",
		"Break",
		"Break",
		"Scan",
		"Prep",
		"Break",
		"Scan",
		"Dead"
	],
	"start" : 9.4622220993041992
}