{
	"data" : 
	[
		0.70890516042709351,
		0.60755854845046997,
		1.9747824668884277,
		0.75949162244796753,
		7.9493684768676758,
		1.5189832448959351,
		1.5191570520401001,
		0.050586413592100143,
		9.9747371673583984,
		0.10134667158126831,
		10.683642387390137,
		0.050586413592100143,
		1.7216765880584717,
		11.24061393737793,
		0.15193307399749756,
		2.6835136413574219,
		5.670893669128418,
		0.35445258021354675,
		8.9621400833129883,
		0.050586413592100143,
		10.734402656555176,
		0.050586413592100143,
		5.0127487182617188,
		17.367307662963867
	],
	"end" : 14.595277786254883,
	"labels" : 
	[
		"Prep",
		"Scan",
		"Break",
		"Prep",
		"Scan",
		"Prep",
		"Break",
		"Prep",
		"Scan",
		"Prep",
		"Scan",
		"Break",
		"Prep",
		"Scan",
		"Prep",
		"Scan",
		"Break",
		"Prep",
		"Scan",
		"Break",
		"Scan",
		"Prep",
		"Scan",
		"Dead"
	],
	"start" : 14.047222137451172
}