{
	"data" : 
	[
		0.48623564839363098,
		0.72907525300979614,
		0.89124655723571777,
		0.72907525300979614,
		0.60779452323913574,
		0.72907525300979614,
		1.2155890464782715,
		0.72907525300979614,
		4.7396845817565918,
		2.3902876377105713,
		0.60751634836196899,
		5.3474793434143066,
		0.93185883760452271,
		0.40501090884208679,
		2.9574697017669678,
		3.4028148651123047,
		1.21531081199646,
		0.60779452323913574,
		0.24283963441848755,
		0.040612358599901199,
		5.6715435981750488,
		0.040612358599901199,
		5.5903186798095703,
		0.040612358599901199,
		0.6481286883354187,
		0.040612358599901199,
		0.040334191173315048,
		3.362480640411377,
		0.040612358599901199,
		3.9699969291687012,
		1.4584287405014038,
		0.56718218326568604,
		0.080946549773216248,
		7.2921433448791504,
		0.040334191173315048,
		0.60779452323913574,
		6.3196721076965332,
		0.32406434416770935,
		0.6481286883354187,
		0.040612358599901199,
		7.4134244918823242,
		0.40501090884208679,
		6.8868541717529297,
		1.1343643665313721,
		0.6481286883354187,
		0.081224717199802399,
		5.7118778228759766,
		0.040612358599901199,
		0.56718218326568604,
		2.5521807670593262,
		8.6287355422973633
	],
	"end" : 18.691110610961914,
	"labels" : 
	[
		"Prep",
		"Scan",
		"Prep",
		"Scan",
		"Prep",
		"Scan",
		"Break",
		"Prep",
		"Scan",
		"Break",
		"Prep",
		"Scan",
		"Break",
		"Prep",
		"Scan",
		"Scan",
		"Break",
		"Prep",
		"Break",
		"Prep",
		"Scan",
		"Prep",
		"Scan",
		"Break",
		"Prep",
		"Break",
		"Prep",
		"Scan",
		"Prep",
		"Scan",
		"Break",
		"Prep",
		"Break",
		"Scan",
		"Break",
		"Prep",
		"Scan",
		"Break",
		"Prep",
		"Break",
		"Scan",
		"Prep",
		"Scan",
		"Break",
		"Prep",
		"Break",
		"Scan",
		"Break",
		"Prep",
		"Scan",
		"Dead"
	],
	"start" : 18.006111145019531
}