{
	"data" : 
	[
		0.65407133102416992,
		0.91575974225997925,
		0.7412758469581604,
		0.61050653457641602,
		0.91568487882614136,
		1.4389868974685669,
		0.39245778322219849,
		5.1018013954162598,
		0.043639689683914185,
		0.043564833700656891,
		0.043639689683914185,
		5.930356502532959,
		0.043564833700656891,
		3.750093936920166,
		0.78484064340591431,
		3.4884800910949707,
		0.043564833700656891,
		0.39245778322219849,
		0.39245778322219849,
		1.3081426620483398,
		3.096022367477417,
		0.043564833700656891,
		0.087279379367828369,
		0.6976361870765686,
		0.043639689683914185,
		3.4884052276611328,
		65.408111572265625
	],
	"end" : 8.3188886642456055,
	"labels" : 
	[
		"Prep",
		"Scan",
		"Break",
		"Prep",
		"Scan",
		"Break",
		"Prep",
		"Scan",
		"Prep",
		"Break",
		"Prep",
		"Scan",
		"Break",
		"Scan",
		"Prep",
		"Scan",
		"Break",
		"Prep",
		"Scan",
		"Break",
		"Scan",
		"Prep",
		"Scan",
		"Break",
		"Prep",
		"Scan",
		"Dead"
	],
	"start" : 7.682499885559082
}