{
	"data" : 
	[
		0.33403509855270386,
		0.5677335262298584,
		1.9706120491027832,
		0.30066597461700439,
		0.5677335262298584,
		1.1356964111328125,
		0.10010731965303421,
		0.40088796615600586,
		3.2731540203094482,
		0.43425709009170532,
		0.066738218069076538,
		0.033369109034538269,
		4.4423341751098633,
		0.23369842767715454,
		0.60121732950210571,
		3.7408947944641113,
		0.10022199153900146,
		0.26718220114707947,
		5.1435441970825195,
		0.033483777195215225,
		0.066738218069076538,
		8.9512920379638672,
		0.13359110057353973,
		0.066852889955043793,
		0.70132458209991455,
		6.7802362442016602,
		59.452400207519531
	],
	"end" : 13.326666831970215,
	"labels" : 
	[
		"Prep",
		"Scan",
		"Break",
		"Prep",
		"Scan",
		"Break",
		"Prep",
		"Scan",
		"Break",
		"Prep",
		"Break",
		"Prep",
		"Scan",
		"Break",
		"Prep",
		"Scan",
		"Break",
		"Prep",
		"Scan",
		"Break",
		"Break",
		"Scan",
		"Break",
		"Prep",
		"Break",
		"Scan",
		"Dead"
	],
	"start" : 12.495833396911621
}