{
	"data" : 
	[
		10.124875068664551,
		7.4250626564025879,
		82.350067138671875
	],
	"end" : 14.636388778686523,
	"labels" : 
	[
		"Prep",
		"Scan",
		"Dead"
	],
	"start" : 14.595277786254883
}