{
	"data" : 
	[
		0.58277809619903564,
		0.37470430135726929,
		1.9146789312362671,
		0.58277809619903564,
		0.45787665247917175,
		6.5766181945800781,
		1.4153591394424438,
		0.99892574548721313,
		0.16663052141666412,
		9.0326318740844727,
		0.041443269699811935,
		0.12490144371986389,
		0.29153195023536682,
		11.488360404968262,
		0.16663052141666412,
		0.41614758968353271,
		0.29124614596366882,
		1.7900635004043579,
		0.041443269699811935,
		6.9516081809997559,
		3.9959888458251953,
		0.041443269699811935,
		6.9513225555419922,
		0.54133486747741699,
		0.083172358572483063,
		0.29124614596366882,
		8.4915828704833984,
		0.083172358572483063,
		0.33297523856163025,
		9.8234844207763672,
		25.55792236328125
	],
	"end" : 17.450000762939453,
	"labels" : 
	[
		"Prep",
		"Scan",
		"Break",
		"Prep",
		"Break",
		"Scan",
		"Break",
		"Prep",
		"Break",
		"Scan",
		"Break",
		"Prep",
		"Break",
		"Scan",
		"Break",
		"Prep",
		"Scan",
		"Break",
		"Prep",
		"Scan",
		"Break",
		"Prep",
		"Scan",
		"Break",
		"Prep",
		"Break",
		"Scan",
		"Prep",
		"Break",
		"Scan",
		"Dead"
	],
	"start" : 16.783332824707031
}