{
	"data" : 
	[
		1.0901584625244141,
		1.0901584625244141,
		4.1264553070068359,
		0.6228712797164917,
		4.1269903182983398,
		0.078059405088424683,
		1.3238019943237305,
		12.146792411804199,
		2.3359010219573975,
		16.273782730102539,
		0.077524751424789429,
		0.6228712797164917,
		9.8108911514282227,
		0.6228712797164917,
		6.3853659629821777,
		39.165508270263672
	],
	"end" : 16.783332824707031,
	"labels" : 
	[
		"Prep",
		"Scan",
		"Break",
		"Prep",
		"Scan",
		"Break",
		"Prep",
		"Scan",
		"Prep",
		"Scan",
		"Break",
		"Prep",
		"Scan",
		"Prep",
		"Scan",
		"Dead"
	],
	"start" : 16.426944732666016
}