{
	"data" : 
	[
		2.6485400199890137,
		0.74160569906234741,
		1.9069342613220215,
		16.208395004272461,
		0.21204321086406708,
		0.42372274398803711,
		0.10583975166082382,
		1.3773716688156128,
		5.4025559425354004,
		4.4496340751647949,
		0.21167950332164764,
		0.10620346665382385,
		2.7543795108795166,
		13.030291557312012,
		0.10583975166082382,
		0.10620346665382385,
		2.7543795108795166,
		6.7799277305603027,
		0.10583975166082382,
		2.0127739906311035,
		0.10620346665382385,
		2.7543795108795166,
		35.595256805419922
	],
	"end" : 14.898333549499512,
	"labels" : 
	[
		"Prep",
		"Break",
		"Scan",
		"Break",
		"Prep",
		"Break",
		"Prep",
		"Break",
		"Scan",
		"Break",
		"Prep",
		"Break",
		"Scan",
		"Break",
		"Prep",
		"Break",
		"Scan",
		"Break",
		"Prep",
		"Break",
		"Break",
		"Scan",
		"Dead"
	],
	"start" : 14.636388778686523
}