{
	"data" : 
	[
		1.9345277547836304,
		0.82921886444091797,
		0.96773827075958252,
		1.5189696550369263,
		3.1783561706542969,
		0.13851939141750336,
		7.5995912551879883,
		2.3491373062133789,
		12.850046157836914,
		2.3481884002685547,
		0.27703878283500671,
		7.8756818771362305,
		0.96678948402404785,
		0.27703878283500671,
		6.6318535804748535,
		0.27609002590179443,
		0.27703878283500671,
		8.4278621673583984,
		41.176315307617188
	],
	"end" : 16.426944732666016,
	"labels" : 
	[
		"Prep",
		"Scan",
		"Break",
		"Scan",
		"Break",
		"Prep",
		"Scan",
		"Prep",
		"Scan",
		"Break",
		"Prep",
		"Scan",
		"Break",
		"Prep",
		"Scan",
		"Break",
		"Prep",
		"Scan",
		"Dead"
	],
	"start" : 16.226110458374023
}