{
	"data" : 
	[
		1.0629004240036011,
		0.8992692232131958,
		1.2262507677078247,
		0.081675209105014801,
		1.7168632745742798,
		6.2948851585388184,
		2.697807788848877,
		7.9297924041748047,
		3.7607080936431885,
		0.081675209105014801,
		8.4201240539550781,
		0.081955872476100922,
		10.13726806640625,
		0.081394538283348083,
		8.6659917831420898,
		4.0057334899902344,
		8.9926919937133789,
		33.763015747070312
	],
	"end" : 16.226110458374023,
	"labels" : 
	[
		"Prep",
		"Scan",
		"Break",
		"Prep",
		"Scan",
		"Break",
		"Prep",
		"Scan",
		"Break",
		"Prep",
		"Scan",
		"Prep",
		"Scan",
		"Prep",
		"Scan",
		"Prep",
		"Scan",
		"Dead"
	],
	"start" : 15.886666297912598
}