{
	"data" : 
	[
		1.1461722850799561,
		1.1464533805847168,
		3.111842155456543,
		0.4911363422870636,
		6.4691119194030762,
		0.081809207797050476,
		1.391880989074707,
		11.955389022827148,
		0.081809207797050476,
		0.5732266902923584,
		12.364716529846191,
		0.081809207797050476,
		0.65531706809997559,
		19.81610107421875,
		0.081809207797050476,
		0.65531706809997559,
		16.622730255126953,
		23.173370361328125
	],
	"end" : 15.886666297912598,
	"labels" : 
	[
		"Prep",
		"Scan",
		"Break",
		"Prep",
		"Scan",
		"Break",
		"Prep",
		"Scan",
		"Break",
		"Prep",
		"Scan",
		"Break",
		"Prep",
		"Scan",
		"Break",
		"Prep",
		"Scan",
		"Dead"
	],
	"start" : 15.547778129577637
}