{
	"data" : 
	[
		1.8639969825744629,
		3.0095577239990234,
		4.2997903823852539,
		0.14368720352649689,
		0.71646767854690552,
		19.062173843383789,
		1.5766226053237915,
		21.212560653686523,
		0.14368720352649689,
		0.14368720352649689,
		14.906070709228516,
		0.14270304143428802,
		1.8639969825744629,
		12.182902336120605,
		2.5794804096221924,
		16.052614212036133
	],
	"end" : 18.884721755981445,
	"labels" : 
	[
		"Prep",
		"Scan",
		"Break",
		"Prep",
		"Break",
		"Scan",
		"Break",
		"Scan",
		"Prep",
		"Break",
		"Scan",
		"Break",
		"Prep",
		"Scan",
		"Prep",
		"Scan"
	],
	"start" : 18.691110610961914
}