{
	"data" : 
	[
		0.46250265836715698,
		0.79884201288223267,
		3.784034252166748,
		1.2193384170532227,
		0.042006328701972961,
		0.29433301091194153,
		0.79898631572723389,
		1.051024317741394,
		1.009162425994873,
		0.042006328701972961,
		0.16816967725753784,
		0.29433301091194153,
		0.71482938528060913,
		0.7568356990814209,
		0.29418864846229553,
		2.3546640872955322,
		0.042006328701972961,
		1.4295144081115723,
		0.84099268913269043,
		6.3067235946655273,
		1.009162425994873,
		1.05116868019104,
		0.29418864846229553,
		5.0035171508789062,
		0.042006328701972961,
		0.33633935451507568,
		0.042006328701972961,
		0.042150679975748062,
		0.29433301091194153,
		5.2555546760559082,
		0.042150679975748062,
		0.54651534557342529,
		0.042150679975748062,
		0.29418864846229553,
		2.901179313659668,
		1.2193384170532227,
		0.29433301091194153,
		2.7328653335571289,
		2.6068463325500488,
		1.0931750535964966,
		0.21032033860683441,
		0.042006328701972961,
		13.832929611206055,
		0.084157012403011322,
		0.29433301091194153,
		0.042006328701972961,
		0.29433301091194153,
		0.71468502283096313,
		0.67282307147979736,
		3.3635377883911133,
		0.33648368716239929,
		0.084012657403945923,
		0.96701163053512573,
		0.042150679975748062,
		0.29433301091194153,
		0.67267870903015137,
		0.042006328701972961,
		0.71482938528060913,
		0.67267870903015137,
		0.042006328701972961,
		0.71482938528060913,
		0.67267870903015137,
		0.042150679975748062,
		0.71468502283096313,
		0.67282307147979736,
		0.084012657403945923,
		0.7568356990814209,
		0.6306723952293396,
		24.344327926635742
	],
	"end" : 11.595277786254883,
	"labels" : 
	[
		"Prep",
		"Scan",
		"Break",
		"Prep",
		"Break",
		"Break",
		"Scan",
		"Break",
		"Prep",
		"Break",
		"Break",
		"Break",
		"Scan",
		"Prep",
		"Break",
		"Scan",
		"Break",
		"Prep",
		"Break",
		"Scan",
		"Break",
		"Prep",
		"Break",
		"Scan",
		"Break",
		"Prep",
		"Break",
		"Prep",
		"Break",
		"Scan",
		"Break",
		"Break",
		"Prep",
		"Break",
		"Scan",
		"Prep",
		"Break",
		"Scan",
		"Break",
		"Prep",
		"Break",
		"Prep",
		"Scan",
		"Prep",
		"Break",
		"Scan",
		"Break",
		"Break",
		"Scan",
		"Break",
		"Prep",
		"Break",
		"Scan",
		"Prep",
		"Break",
		"Scan",
		"Prep",
		"Break",
		"Scan",
		"Prep",
		"Break",
		"Scan",
		"Prep",
		"Break",
		"Scan",
		"Prep",
		"Break",
		"Scan",
		"Dead"
	],
	"start" : 10.935277938842773
}