{
	"data" : 
	[
		1.1342335939407349,
		2.4573168754577637,
		4.347435474395752,
		1.0396465063095093,
		13.98785400390625,
		3.4969635009765625,
		1.0396465063095093,
		13.515403747558594,
		0.75604754686355591,
		1.0396465063095093,
		15.878296852111816,
		0.094424821436405182,
		6.8050765991210938,
		16.917617797851562,
		0.56719791889190674,
		16.823192596435547
	],
	"end" : 8.2777776718139648,
	"labels" : 
	[
		"Prep",
		"Scan",
		"Break",
		"Prep",
		"Scan",
		"Break",
		"Prep",
		"Scan",
		"Break",
		"Prep",
		"Scan",
		"Break",
		"Prep",
		"Scan",
		"Prep",
		"Scan"
	],
	"start" : 7.9841666221618652
}