{
	"data" : 
	[
		0.29136252403259277,
		0.52443921566009521,
		0.52443921566009521,
		0.27195614576339722,
		3.690680980682373,
		0.34964835643768311,
		1.3985267877578735,
		0.38852784037590027,
		0.48555976152420044,
		6.0410542488098145,
		0.019406383857131004,
		0.058285843580961227,
		0.097098618745803833,
		2.0201313495635986,
		0.038879457861185074,
		4.9338231086730957,
		0.058285843580961227,
		4.7977786064147949,
		0.01947307400405407,
		1.903559684753418,
		0.01947307400405407,
		0.058219153434038162,
		2.4669449329376221,
		0.019406383857131004,
		0.15538446605205536,
		2.8165934085845947,
		0.019406383857131004,
		1.942439079284668,
		0.40793424844741821,
		0.038812767714262009,
		0.13597807288169861,
		2.8554060459136963,
		0.019406383857131004,
		1.942439079284668,
		0.17485752701759338,
		0.33017531037330627,
		0.34964835643768311,
		0.15538446605205536,
		0.29142922163009644,
		0.46615338325500488,
		0.15538446605205536,
		0.17485752701759338,
		1.9812518358230591,
		0.15538446605205536,
		5.0698013305664062,
		0.52450591325759888,
		1.9812518358230591,
		0.15538446605205536,
		1.2237359285354614,
		0.038879457861185074,
		2.0201313495635986,
		0.21367031335830688,
		1.7870546579360962,
		0.019406383857131004,
		2.7583074569702148,
		0.19426392018795013,
		0.60213148593902588,
		2.7971203327178955,
		6.4295158386230469,
		0.019406383857131004,
		0.097098618745803833,
		0.25254976749420166,
		0.54391229152679443,
		0.36905473470687866,
		0.60213148593902588,
		6.040987491607666,
		0.42734062671661377,
		0.27195614576339722,
		1.1654500961303711,
		0.29136252403259277,
		0.097165301442146301,
		2.5640435218811035,
		0.15538446605205536,
		2.6417357921600342,
		0.019406383857131004,
		0.31076893210411072,
		0.34964835643768311,
		0.15538446605205536,
		0.29136252403259277,
		0.48562642931938171,
		0.11657168716192245,
		0.29136252403259277,
		5.089207649230957,
		0.23307669162750244,
		0.31076893210411072,
		2.7583074569702148,
		0.33024197816848755,
		0.019406383857131004,
		2.7388343811035156
	],
	"end" : 13.487777709960938,
	"labels" : 
	[
		"Prep",
		"Scan",
		"Break",
		"Prep",
		"Scan",
		"Prep",
		"Scan",
		"Break",
		"Prep",
		"Scan",
		"Break",
		"Prep",
		"Scan",
		"Break",
		"Prep",
		"Scan",
		"Prep",
		"Scan",
		"Break",
		"Scan",
		"Break",
		"Prep",
		"Scan",
		"Break",
		"Prep",
		"Scan",
		"Break",
		"Scan",
		"Break",
		"Prep",
		"Break",
		"Scan",
		"Prep",
		"Scan",
		"Break",
		"Prep",
		"Scan",
		"Break",
		"Prep",
		"Scan",
		"Break",
		"Prep",
		"Scan",
		"Prep",
		"Scan",
		"Break",
		"Scan",
		"Prep",
		"Break",
		"Prep",
		"Scan",
		"Prep",
		"Scan",
		"Break",
		"Scan",
		"Break",
		"Prep",
		"Scan",
		"Break",
		"Prep",
		"Break",
		"Prep",
		"Scan",
		"Break",
		"Prep",
		"Scan",
		"Break",
		"Prep",
		"Scan",
		"Break",
		"Prep",
		"Scan",
		"Prep",
		"Scan",
		"Break",
		"Prep",
		"Scan",
		"Break",
		"Prep",
		"Scan",
		"Break",
		"Prep",
		"Scan",
		"Break",
		"Prep",
		"Scan",
		"Break",
		"Prep",
		"Scan"
	],
	"start" : 12.05916690826416
}