{
	"data" : 
	[
		0.24891647696495056,
		0.464617520570755,
		1.0786761045455933,
		0.23233723640441895,
		3.1363816261291504,
		0.016579238697886467,
		0.28213194012641907,
		1.1947877407073975,
		0.11616861820220947,
		0.31534740328788757,
		5.1609292030334473,
		0.016579238697886467,
		0.049794692546129227,
		4.2150578498840332,
		0.049794692546129227,
		4.0988893508911133,
		0.13274785876274109,
		1.6262466907501221,
		0.14938408136367798,
		0.23233723640441895,
		4.829002857208252,
		72.2532958984375
	],
	"end" : 11.554166793823242,
	"labels" : 
	[
		"Prep",
		"Scan",
		"Break",
		"Prep",
		"Scan",
		"Break",
		"Prep",
		"Scan",
		"Break",
		"Prep",
		"Scan",
		"Break",
		"Prep",
		"Scan",
		"Prep",
		"Scan",
		"Prep",
		"Scan",
		"Break",
		"Prep",
		"Scan",
		"Dead"
	],
	"start" : 9.8819446563720703
}