{
	"data" : 
	[
		0.21340708434581757,
		0.30482989549636841,
		0.4115334153175354,
		0.21340708434581757,
		2.8961193561553955,
		0.015228411182761192,
		0.10670354217290878,
		0.045737568289041519,
		0.76210087537765503,
		1.8138556480407715,
		0.19817866384983063,
		0.015228411182761192,
		2.393110990524292,
		0.12193194776773453,
		0.22863548994064331,
		3.5820257663726807,
		0.47249940037727356,
		3.7191863059997559,
		1.7986271381378174,
		0.10670354217290878,
		2.393110990524292,
		15.547423362731934,
		0.015280743129551411,
		0.15238878130912781,
		0.18295027315616608,
		0.28960147500038147,
		0.4115334153175354,
		0.21340708434581757,
		0.015280743129551411,
		0.10665121674537659,
		0.015280743129551411,
		3.4600417613983154,
		1.188862681388855,
		0.2286878228187561,
		2.2558982372283936,
		0.015280743129551411,
		3.4904983043670654,
		10.624093055725098,
		0.015280743129551411,
		0.045737568289041519,
		0.19812633097171783,
		0.28960147500038147,
		1.78334641456604,
		0.45737564563751221,
		4.1307196617126465,
		0.12193194776773453,
		2.6827123165130615,
		1.8595408201217651,
		0.045737568289041519,
		2.5454998016357422,
		25.699068069458008
	],
	"end" : 17.308055877685547,
	"labels" : 
	[
		"Prep",
		"Scan",
		"Break",
		"Prep",
		"Scan",
		"Break",
		"Prep",
		"Scan",
		"Break",
		"Scan",
		"Break",
		"Prep",
		"Scan",
		"Scan",
		"Break",
		"Scan",
		"Prep",
		"Scan",
		"Break",
		"Prep",
		"Scan",
		"Break",
		"Prep",
		"Break",
		"Prep",
		"Scan",
		"Break",
		"Prep",
		"Scan",
		"Break",
		"Prep",
		"Scan",
		"Break",
		"Prep",
		"Scan",
		"Break",
		"Scan",
		"Break",
		"Prep",
		"Break",
		"Prep",
		"Scan",
		"Break",
		"Prep",
		"Scan",
		"Prep",
		"Scan",
		"Break",
		"Prep",
		"Scan",
		"Dead"
	],
	"start" : 15.487500190734863
}