{
	"data" : 
	[
		0.29138946533203125,
		0.20814555883407593,
		0.020793117582798004,
		0.5827789306640625,
		0.18728096783161163,
		0.41629111766815186,
		0.20807409286499023,
		0.020864572376012802,
		0.64515829086303711,
		0.27059635519981384,
		0.31218260526657104,
		0.12483016401529312,
		0.020864572376012802,
		0.64515829086303711,
		1.8730955123901367,
		0.31218260526657104,
		3.267592191696167,
		0.020793117582798004,
		3.5797746181488037,
		0.020793117582798004,
		0.31218260526657104,
		4.287384033203125,
		0.41629111766815186,
		0.062379356473684311,
		0.020864572376012802,
		2.6431553363800049,
		0.062450811266899109,
		0.020793117582798004,
		4.3081769943237305,
		0.020864572376012802,
		4.9325423240661621,
		0.16648785769939423,
		0.31218260526657104,
		2.70560622215271,
		0.10410850495100021,
		0.020793117582798004,
		4.1416893005371094,
		0.29138946533203125,
		3.7670555114746094,
		58.27496337890625
	],
	"end" : 15.487500190734863,
	"labels" : 
	[
		"Prep",
		"Break",
		"Prep",
		"Scan",
		"Break",
		"Prep",
		"Break",
		"Prep",
		"Scan",
		"Break",
		"Prep",
		"Break",
		"Prep",
		"Scan",
		"Break",
		"Prep",
		"Scan",
		"Break",
		"Scan",
		"Break",
		"Prep",
		"Scan",
		"Scan",
		"Break",
		"Prep",
		"Scan",
		"Break",
		"Prep",
		"Scan",
		"Break",
		"Scan",
		"Break",
		"Prep",
		"Scan",
		"Break",
		"Prep",
		"Scan",
		"Prep",
		"Scan",
		"Dead"
	],
	"start" : 14.154166221618652
}