{
	"data" : 
	[
		0.010369891300797462,
		0.020739782601594925,
		0.039994519203901291,
		0.010369891300797462,
		0.13035853207111359,
		0.012592373415827751,
		0.053329415619373322,
		0.0059249256737530231,
		0.0059249256737530231,
		0.23034992814064026,
		0.00073743704706430435,
		0.0014850457664579153,
		0.18812783062458038,
		0.00074252288322895765,
		0.001479959930293262,
		0.18294543027877808,
		0.00073743704706430435,
		0.064441829919815063,
		0.00073743704706430435,
		0.015557379461824894,
		0.094061367213726044,
		0.00074252288322895765,
		0.0051874886266887188,
		45.323783874511719,
		0.088136449456214905,
		53.411151885986328
	],
	"end" : 20.031110763549805,
	"labels" : 
	[
		"Prep",
		"Scan",
		"Break",
		"Prep",
		"Scan",
		"Prep",
		"Scan",
		"Break",
		"Prep",
		"Scan",
		"Break",
		"Prep",
		"Scan",
		"Break",
		"Prep",
		"Scan",
		"Prep",
		"Scan",
		"Break",
		"Prep",
		"Scan",
		"Break",
		"Prep",
		"Scan",
		"Dead",
		"Break"
	],
	"start" : 19.594165802001953
}