{
	"data" : 
	[
		0.35725942254066467,
		0.22961670160293579,
		1.173839807510376,
		0.28069132566452026,
		0.28069132566452026,
		2.2710239887237549,
		0.25511020421981812,
		5.1799988746643066,
		0.025581104680895805,
		0.6378631591796875,
		0.20421081781387329,
		5.5882453918457031,
		0.025493500754237175,
		3.2662341594696045,
		0.025493500754237175,
		0.382752925157547,
		5.3076415061950684,
		1.2248269319534302,
		0.35725942254066467,
		5.6392321586608887,
		0.22970432043075562,
		0.025493500754237175,
		3.4703576564788818,
		63.461376190185547
	],
	"end" : 12.641666412353516,
	"labels" : 
	[
		"Prep",
		"Scan",
		"Break",
		"Prep",
		"Scan",
		"Break",
		"Break",
		"Scan",
		"Break",
		"Prep",
		"Break",
		"Scan",
		"Prep",
		"Scan",
		"Break",
		"Break",
		"Scan",
		"Prep",
		"Break",
		"Scan",
		"Break",
		"Prep",
		"Scan",
		"Dead"
	],
	"start" : 11.554166793823242
}