{
	"data" : 
	[
		0.08754374086856842,
		8.7321891784667969,
		1.5721896886825562,
		8.3832120895385742,
		0.086944125592708588,
		0.17508748173713684,
		11.264961242675781,
		15.630754470825195,
		0.17508748173713684,
		11.264961242675781,
		0.1744878739118576,
		8.4707565307617188,
		0.086944125592708588,
		0.34957534074783325,
		27.157749176025391,
		0.08754374086856842,
		6.2000155448913574
	],
	"end" : 20.348888397216797,
	"labels" : 
	[
		"Break",
		"Scan",
		"Prep",
		"Scan",
		"Break",
		"Prep",
		"Scan",
		"Break",
		"Prep",
		"Scan",
		"Prep",
		"Scan",
		"Break",
		"Prep",
		"Scan",
		"Prep",
		"Scan"
	],
	"start" : 20.031110763549805
}