{
	"data" : 
	[
		0.039222389459609985,
		0.019601576030254364,
		0.067249372601509094,
		0.10645253211259842,
		0.0560154989361763,
		0.044839326292276382,
		0.0027892331127077341,
		0.086850948631763458,
		0.036413919180631638,
		0.042030859738588333,
		0.025199277326464653,
		0.086850948631763458,
		0.12607334554195404,
		0.40620854496955872,
		0.044820088893175125,
		0.38098999857902527,
		0.0028084693476557732,
		0.0028084693476557732,
		0.45102861523628235,
		0.0028084693476557732,
		0.48184484243392944,
		0.0028084693476557732,
		0.042011622339487076,
		0.66395288705825806,
		0.022410044446587563,
		0.0028084693476557732,
		0.49865719676017761,
		0.0027892331127077341,
		0.0056169386953115463,
		0.0055977022275328636,
		0.57710200548171997,
		0.0027892331127077341,
		0.58831655979156494,
		0.014003874734044075,
		0.0028084693476557732,
		0.022410044446587563,
		0.0027892331127077341,
		0.60232049226760864,
		0.0028084693476557732,
		0.044820088893175125,
		0.0027892331127077341,
		0.0028084693476557732,
		0.42582935094833374,
		0.0027892331127077341,
		0.039222389459609985,
		0.0056169386953115463,
		0.0027892331127077341,
		0.55750042200088501,
		0.030816216021776199,
		0.0027892331127077341,
		0.0028084693476557732,
		0.456626296043396,
		0.014023110270500183,
		0.025199277326464653,
		0.0056169386953115463,
		0.79281550645828247,
		0.0027892331127077341,
		0.044820088893175125,
		0.50706332921981812,
		91.355560302734375
	],
	"end" : 9.8819446563720703,
	"labels" : 
	[
		"Prep",
		"Break",
		"Scan",
		"Break",
		"Prep",
		"Break",
		"Prep",
		"Scan",
		"Break",
		"Prep",
		"Break",
		"Scan",
		"Break",
		"Scan",
		"Prep",
		"Scan",
		"Break",
		"Prep",
		"Scan",
		"Prep",
		"Scan",
		"Break",
		"Prep",
		"Scan",
		"Prep",
		"Break",
		"Scan",
		"Break",
		"Break",
		"Prep",
		"Scan",
		"Break",
		"Scan",
		"Break",
		"Prep",
		"Break",
		"Prep",
		"Scan",
		"Break",
		"Prep",
		"Break",
		"Prep",
		"Scan",
		"Break",
		"Prep",
		"Break",
		"Prep",
		"Scan",
		"Prep",
		"Break",
		"Prep",
		"Scan",
		"Break",
		"Prep",
		"Break",
		"Scan",
		"Break",
		"Prep",
		"Scan",
		"Dead"
	],
	"start" : 18.093055725097656
}