{
	"data" : 
	[
		0.22539621591567993,
		0.16909553110599518,
		0.46491596102714539,
		0.22539621591567993,
		0.014075171202421188,
		0.014075171202421188,
		3.0290155410766602,
		0.47899115085601807,
		0.19724585115909576,
		2.183682918548584,
		0.25359490513801575,
		1.6624178886413574,
		0.14084844291210175,
		0.33814269304275513,
		3.1135149002075195,
		0.056349053978919983,
		0.12677328288555145,
		1.6906167268753052,
		0.028150342404842377,
		2.4372777938842773,
		0.19724585115909576,
		1.1129542589187622,
		0.014123538509011269,
		1.3524739742279053,
		80.373626708984375
	],
	"end" : 14.154166221618652,
	"labels" : 
	[
		"Prep",
		"Scan",
		"Break",
		"Prep",
		"Break",
		"Prep",
		"Scan",
		"Break",
		"Prep",
		"Scan",
		"Break",
		"Scan",
		"Break",
		"Prep",
		"Scan",
		"Break",
		"Prep",
		"Scan",
		"Prep",
		"Scan",
		"Prep",
		"Scan",
		"Prep",
		"Scan",
		"Dead"
	],
	"start" : 12.184444427490234
}