{
	"data" : 
	[
		0.067858658730983734,
		0.15565559267997742,
		1.2972075939178467,
		0.055868286639451981,
		0.15965694189071655,
		0.10377495735883713,
		0.027940992265939713,
		0.20356225967407227,
		0.0039876550436019897,
		0.20754991471767426,
		0.011976669542491436,
		0.0039876550436019897,
		0.2075636088848114,
		0.055868286639451981,
		0.095799647271633148,
		0.26741957664489746,
		3.0254518985748291,
		0.063870996236801147,
		0.15565559267997742,
		0.13571731746196747,
		0.023939633741974831,
		0.20754991471767426,
		0.039917662739753723,
		0.0039876550436019897,
		0.20754991471767426,
		0.063870996236801147,
		0.027940992265939713,
		0.20754991471767426,
		0.051880627870559692,
		0.035930007696151733,
		0.51088577508926392,
		0.0040013585239648819,
		0.28338390588760376,
		0.0039876550436019897,
		0.60668545961380005,
		0.0040013585239648819,
		0.13171595335006714,
		0.85814070701599121,
		0.0039876550436019897,
		0.035930007696151733,
		0.53882682323455811,
		0.0040013585239648819,
		0.0079753100872039795,
		0.099787302315235138,
		0.027940992265939713,
		0.03990396112203598,
		0.64261543750762939,
		0.023953339084982872,
		0.48694613575935364,
		0.54681581258773804,
		0.0039876550436019897,
		0.84617775678634644,
		0.37518218159675598,
		0.0039876550436019897,
		0.87013101577758789,
		0.33926588296890259,
		0.011962966062128544,
		0.81823670864105225,
		84.593093872070312
	],
	"end" : 19.594165802001953,
	"labels" : 
	[
		"Prep",
		"Scan",
		"Break",
		"Prep",
		"Scan",
		"Break",
		"Prep",
		"Scan",
		"Prep",
		"Scan",
		"Break",
		"Prep",
		"Scan",
		"Break",
		"Prep",
		"Scan",
		"Break",
		"Prep",
		"Scan",
		"Break",
		"Prep",
		"Scan",
		"Break",
		"Prep",
		"Scan",
		"Break",
		"Prep",
		"Scan",
		"Break",
		"Prep",
		"Scan",
		"Prep",
		"Scan",
		"Prep",
		"Scan",
		"Break",
		"Prep",
		"Scan",
		"Break",
		"Prep",
		"Scan",
		"Break",
		"Prep",
		"Scan",
		"Break",
		"Prep",
		"Scan",
		"Prep",
		"Scan",
		"Break",
		"Prep",
		"Scan",
		"Break",
		"Prep",
		"Scan",
		"Break",
		"Prep",
		"Scan",
		"Dead"
	],
	"start" : 12.641666412353516
}