{
	"data" : 
	[
		0.32637521624565125,
		0.56377142667770386,
		1.0681047439575195,
		0.41540518403053284,
		0.53407782316207886,
		0.89009577035903931,
		0.26703891158103943,
		5.993375301361084,
		1.6318761110305786,
		6.0231199264526367,
		1.7801915407180786,
		0.23734527826309204,
		7.6845884323120117,
		6.2604146003723145,
		0.3561197817325592,
		0.029642693698406219,
		4.7472114562988281,
		0.029744559898972511,
		2.1658520698547363,
		7.9516782760620117,
		0.20770259201526642,
		0.41540518403053284,
		6.2010273933410645,
		0.029744559898972511,
		7.6845884323120117,
		36.405506134033203
	],
	"end" : 8.7700004577636719,
	"labels" : 
	[
		"Prep",
		"Scan",
		"Break",
		"Prep",
		"Scan",
		"Break",
		"Prep",
		"Scan",
		"Break",
		"Scan",
		"Break",
		"Prep",
		"Scan",
		"Scan",
		"Break",
		"Prep",
		"Scan",
		"Break",
		"Prep",
		"Scan",
		"Break",
		"Prep",
		"Scan",
		"Prep",
		"Scan",
		"Dead"
	],
	"start" : 7.8347220420837402
}