{
	"data" : 
	[
		0.21403759717941284,
		0.099841751158237457,
		0.35674563050270081,
		0.32818445563316345,
		0.25685492157936096,
		0.085634633898735046,
		0.44233131408691406,
		0.34248954057693481,
		0.24259880185127258,
		0.07132953405380249,
		0.014256109483540058,
		0.44238030910491943,
		0.72769838571548462,
		0.2283426970243454,
		1.555336594581604,
		0.25685492157936096,
		0.37100175023078918,
		0.65641790628433228,
		0.21403759717941284,
		1.7266057729721069,
		0.31392833590507507,
		0.14265906810760498,
		2.1261687278747559,
		0.014256109483540058,
		2.7967936992645264,
		0.22829371690750122,
		2.639878511428833,
		0.028512218967080116,
		3.1535396575927734,
		0.24259880185127258,
		2.5256826877593994,
		0.014256109483540058,
		3.2106127738952637,
		0.014256109483540058,
		3.1963570117950439,
		0.057073429226875305,
		0.22829371690750122,
		1.9406434297561646,
		0.014256109483540058,
		0.21403759717941284,
		2.4115359783172607,
		0.014305098913609982,
		3.1820516586303711,
		0.22829371690750122,
		2.5685000419616699,
		0.45663639903068542,
		0.014256109483540058,
		2.5685000419616699,
		0.014256109483540058,
		0.21403759717941284,
		2.2260594367980957,
		0.014256109483540058,
		0.1284029632806778,
		2.7254643440246582,
		0.07132953405380249,
		0.02856120839715004,
		0.028512218967080116,
		3.9241042137145996,
		0.31392833590507507,
		0.014256109483540058,
		0.02856120839715004,
		0.014256109483540058,
		2.5970122814178467,
		0.014305098913609982,
		0.014256109483540058,
		0.028512218967080116,
		0.2283426970243454,
		3.9383604526519775,
		0.07132953405380249,
		0.19978147745132446,
		0.014256109483540058,
		0.07132953405380249,
		1.6695324182510376,
		38.127841949462891
	],
	"end" : 10.714722633361816,
	"labels" : 
	[
		"Prep",
		"Break",
		"Scan",
		"Break",
		"Prep",
		"Break",
		"Scan",
		"Break",
		"Prep",
		"Break",
		"Prep",
		"Scan",
		"Break",
		"Prep",
		"Scan",
		"Prep",
		"Scan",
		"Break",
		"Prep",
		"Scan",
		"Break",
		"Prep",
		"Scan",
		"Break",
		"Scan",
		"Prep",
		"Scan",
		"Break",
		"Scan",
		"Prep",
		"Scan",
		"Prep",
		"Scan",
		"Prep",
		"Scan",
		"Break",
		"Prep",
		"Scan",
		"Break",
		"Prep",
		"Scan",
		"Prep",
		"Scan",
		"Prep",
		"Scan",
		"Break",
		"Prep",
		"Scan",
		"Break",
		"Prep",
		"Scan",
		"Break",
		"Prep",
		"Scan",
		"Break",
		"Break",
		"Prep",
		"Scan",
		"Break",
		"Prep",
		"Break",
		"Prep",
		"Scan",
		"Prep",
		"Break",
		"Prep",
		"Break",
		"Scan",
		"Break",
		"Prep",
		"Break",
		"Break",
		"Scan",
		"Dead"
	],
	"start" : 8.7700004577636719
}