{
	"data" : 
	[
		0.53633737564086914,
		0.20118403434753418,
		1.8101960420608521,
		0.24584044516086578,
		2.0561132431030273,
		0.35763493180274963,
		0.24584044516086578,
		0.022328207269310951,
		2.8606960773468018,
		0.022328207269310951,
		4.3580670356750488,
		0.022328207269310951,
		3.7546684741973877,
		0.022328207269310951,
		0.20110730826854706,
		0.5587422251701355,
		0.044733140617609024,
		0.022328207269310951,
		4.6039071083068848,
		0.22351224720478058,
		0.022328207269310951,
		2.503061056137085,
		1.3633249998092651,
		7.0622353553771973,
		0.022404935210943222,
		0.71511644124984741,
		2.7713065147399902,
		0.022328207269310951,
		4.0005087852478027,
		59.247165679931641
	],
	"end" : 11.956388473510742,
	"labels" : 
	[
		"Prep",
		"Scan",
		"Break",
		"Scan",
		"Break",
		"Prep",
		"Break",
		"Prep",
		"Scan",
		"Prep",
		"Scan",
		"Prep",
		"Scan",
		"Break",
		"Scan",
		"Prep",
		"Break",
		"Prep",
		"Scan",
		"Break",
		"Prep",
		"Scan",
		"Prep",
		"Scan",
		"Break",
		"Prep",
		"Scan",
		"Prep",
		"Scan",
		"Dead"
	],
	"start" : 10.714722633361816
}