{
	"data" : 
	[
		0.67797791957855225,
		1.3074102401733398,
		1.8402495384216309,
		0.72635746002197266,
		9.1522035598754883,
		0.048379495739936829,
		0.82328265905380249,
		3.4864823818206787,
		1.5496401786804199,
		1.210651159286499,
		15.059988975524902,
		0.048379495739936829,
		0.096925243735313416,
		17.335987091064453,
		1.4043353796005249,
		12.251317977905273,
		0.048545747995376587,
		0.33898895978927612,
		1.0168007612228394,
		1.4527149200439453,
		0.3875347375869751,
		12.638686180114746,
		0.048545747995376587,
		0.14513848721981049,
		11.960874557495117,
		0.14530473947525024,
		4.6972999572753906
	],
	"end" : 13.063055992126465,
	"labels" : 
	[
		"Prep",
		"Scan",
		"Break",
		"Prep",
		"Scan",
		"Break",
		"Prep",
		"Scan",
		"Break",
		"Prep",
		"Scan",
		"Break",
		"Prep",
		"Break",
		"Prep",
		"Scan",
		"Break",
		"Prep",
		"Break",
		"Break",
		"Prep",
		"Scan",
		"Break",
		"Prep",
		"Scan",
		"Prep",
		"Scan"
	],
	"start" : 12.489999771118164
}