{
	"data" : 
	[
		0.78022885322570801,
		1.4040548801422119,
		3.5362043380737305,
		0.88414031267166138,
		9.8287410736083984,
		0.05195574089884758,
		0.88414031267166138,
		3.7443842887878418,
		0.36386874318122864,
		1.6122348308563232,
		16.173234939575195,
		0.05195574089884758,
		0.15604576468467712,
		13.209077835083008,
		0.15604576468467712,
		12.896986961364746,
		0.72809457778930664,
		5.044349193572998,
		2.4961965084075928,
		5.044527530670166,
		20.853534698486328
	],
	"end" : 12.489999771118164,
	"labels" : 
	[
		"Prep",
		"Scan",
		"Break",
		"Prep",
		"Scan",
		"Break",
		"Prep",
		"Scan",
		"Break",
		"Prep",
		"Scan",
		"Break",
		"Prep",
		"Scan",
		"Prep",
		"Scan",
		"Prep",
		"Scan",
		"Break",
		"Scan",
		"Dead"
	],
	"start" : 11.956388473510742
}