{
	"data" : 
	[
		0.32840007543563843,
		0.65696126222610474,
		0.77424126863479614,
		0.16424031555652618,
		4.4342470169067383,
		0.46928107738494873,
		0.32840007543563843,
		2.6746442317962646,
		1.9473634958267212,
		0.18768021464347839,
		2.2992839813232422,
		0.44576063752174377,
		3.683445930480957,
		6.8977713584899902,
		0.44576063752174377,
		3.0735251903533936,
		0.023439889773726463,
		0.070400215685367584,
		2.0176832675933838,
		0.023439889773726463,
		1.8769631385803223,
		4.4576869010925293,
		0.070400215685367584,
		6.1235299110412598,
		56.425453186035156
	],
	"end" : 15.984722137451172,
	"labels" : 
	[
		"Prep",
		"Scan",
		"Break",
		"Prep",
		"Scan",
		"Break",
		"Prep",
		"Scan",
		"Scan",
		"Prep",
		"Scan",
		"Prep",
		"Scan",
		"Break",
		"Prep",
		"Scan",
		"Break",
		"Prep",
		"Scan",
		"Prep",
		"Scan",
		"Break",
		"Prep",
		"Scan",
		"Dead"
	],
	"start" : 14.801944732666016
}