{
	"data" : 
	[
		0.2167622298002243,
		0.39016208052635193,
		0.82368654012680054,
		0.43352445960044861,
		4.4943060874938965,
		0.014437585137784481,
		0.26012459397315979,
		0.86704891920089722,
		92.399948120117188
	],
	"end" : 14.801944732666016,
	"labels" : 
	[
		"Prep",
		"Scan",
		"Break",
		"Prep",
		"Scan",
		"Break",
		"Prep",
		"Scan",
		"Dead"
	],
	"start" : 12.881667137145996
}