{
	"data" : 
	[
		0.14844697713851929,
		0.11538327485322952,
		0.57719945907592773,
		0.11543989181518555,
		0.016475236043334007,
		0.29683732986450195,
		0.89051198959350586,
		0.14839035272598267,
		0.29683732986450195,
		0.31331256031990051,
		0.16492220759391785,
		0.14839035272598267,
		2.1932446956634521,
		0.16492220759391785,
		0.14839035272598267,
		0.14844697713851929,
		2.1932446956634521,
		3.314579963684082,
		0.16492220759391785,
		0.14844697713851929,
		1.9293577671051025,
		0.28036209940910339,
		1.5336123704910278,
		0.098964646458625793,
		2.7374370098114014,
		0.016475236043334007,
		0.32978782057762146,
		0.016531851142644882,
		0.19787268340587616,
		0.016475236043334007,
		0.049482323229312897,
		0.016475236043334007,
		0.4122772216796875,
		0.37927013635635376,
		0.39580199122428894,
		3.1331822872161865,
		0.44528433680534363,
		0.62662512063980103,
		5.3924407958984375,
		0.016475236043334007,
		0.4122772216796875,
		0.37927013635635376,
		2.2262518405914307,
		0.46170294284820557,
		0.34631964564323425,
		0.21434791386127472,
		0.75859689712524414,
		4.1720848083496094,
		4.518460750579834,
		0.14839035272598267,
		0.46175956726074219,
		0.70905792713165283,
		0.14844697713851929,
		3.1167070865631104,
		0.016475236043334007,
		0.29683732986450195,
		1.170817494392395,
		0.16492220759391785,
		0.16492220759391785,
		4.2710494995117188,
		0.098964646458625793,
		0.39574536681175232,
		4.6833267211914062,
		0.016531851142644882,
		0.032950472086668015,
		4.1886167526245117,
		0.049482323229312897,
		4.0731768608093262,
		0.016475236043334007,
		1.550087571144104,
		7.3218555450439453,
		0.049482323229312897,
		4.7162771224975586,
		0.016475236043334007,
		1.2038246393203735,
		17.595495223999023
	],
	"end" : 12.881667137145996,
	"labels" : 
	[
		"Prep",
		"Break",
		"Scan",
		"Break",
		"Prep",
		"Scan",
		"Break",
		"Prep",
		"Scan",
		"Break",
		"Prep",
		"Break",
		"Scan",
		"Break",
		"Prep",
		"Break",
		"Scan",
		"Break",
		"Prep",
		"Break",
		"Scan",
		"Prep",
		"Scan",
		"Prep",
		"Break",
		"Scan",
		"Break",
		"Prep",
		"Break",
		"Prep",
		"Break",
		"Prep",
		"Break",
		"Prep",
		"Break",
		"Scan",
		"Prep",
		"Break",
		"Scan",
		"Break",
		"Prep",
		"Break",
		"Scan",
		"Prep",
		"Break",
		"Scan",
		"Break",
		"Scan",
		"Break",
		"Prep",
		"Scan",
		"Break",
		"Prep",
		"Scan",
		"Break",
		"Prep",
		"Scan",
		"Break",
		"Prep",
		"Scan",
		"Break",
		"Prep",
		"Scan",
		"Break",
		"Prep",
		"Scan",
		"Prep",
		"Scan",
		"Break",
		"Scan",
		"Break",
		"Prep",
		"Scan",
		"Break",
		"Scan",
		"Dead"
	],
	"start" : 11.198888778686523
}