{
	"data" : 
	[
		0.26701310276985168,
		0.49839594960212708,
		1.0146987438201904,
		0.14239884912967682,
		3.6136302947998047,
		0.30264338850975037,
		1.352850079536438,
		0.4094119668006897,
		0.26701310276985168,
		0.035630270838737488,
		6.4617905616760254,
		0.12461426854133606,
		0.40947306156158447,
		4.9664807319641113,
		0.017784576863050461,
		0.16024453938007355,
		0.088983997702598572,
		0.30264338850975037,
		0.035569153726100922,
		0.46282681822776794,
		2.8837904930114746,
		0.2136593759059906,
		0.49839594960212708,
		0.44504225254058838,
		0.26701310276985168,
		6.4440059661865234,
		0.035630270838737488,
		0.53402620553970337,
		4.0230422019958496,
		0.3382125198841095,
		4.4147305488586426,
		0.14239884912967682,
		1.6554936170578003,
		0.48061138391494751,
		0.14239884912967682,
		4.6283292770385742,
		0.017784576863050461,
		1.6911238431930542,
		50.110214233398438
	],
	"end" : 11.198888778686523,
	"labels" : 
	[
		"Prep",
		"Scan",
		"Break",
		"Prep",
		"Scan",
		"Prep",
		"Scan",
		"Break",
		"Prep",
		"Break",
		"Scan",
		"Break",
		"Prep",
		"Scan",
		"Break",
		"Prep",
		"Scan",
		"Break",
		"Prep",
		"Scan",
		"Break",
		"Prep",
		"Scan",
		"Break",
		"Prep",
		"Scan",
		"Break",
		"Prep",
		"Scan",
		"Prep",
		"Scan",
		"Prep",
		"Scan",
		"Break",
		"Prep",
		"Scan",
		"Break",
		"Scan",
		"Dead"
	],
	"start" : 9.6400003433227539
}