{
	"data" : 
	[
		0.47420200705528259,
		0.18972420692443848,
		0.97998857498168945,
		0.31606230139732361,
		0.60086572170257568,
		0.1580311506986618,
		0.031475987285375595,
		0.94840401411056519,
		0.18972420692443848,
		0.50578653812408447,
		0.18972420692443848,
		0.98009705543518066,
		0.1580311506986618,
		0.47431054711341858,
		3.256136417388916,
		0.031693059951066971,
		0.44261744618415833,
		3.256136417388916,
		0.063169047236442566,
		0.31627938151359558,
		2.6554877758026123,
		0.031693059951066971,
		0.031475987285375595,
		5.0266060829162598,
		0.031693059951066971,
		0.47431054711341858,
		2.6237947940826416,
		4.5525126457214355,
		0.031475987285375595,
		0.31627938151359558,
		2.8135190010070801,
		0.031693059951066971,
		4.9634370803833008,
		0.31606230139732361,
		2.5923187732696533,
		0.031693059951066971,
		4.5522956848144531,
		0.47431054711341858,
		4.2994022369384766,
		0.031693059951066971,
		0.47431054711341858,
		4.6154646873474121,
		0.031693059951066971,
		0.31606230139732361,
		5.6589479446411133,
		1.3278524875640869,
		0.031475987285375595,
		0.063386119902133942,
		8.8519153594970703,
		0.031475987285375595,
		4.8054060935974121,
		0.031693059951066971,
		6.1645174026489258,
		0.031693059951066971,
		0.50578653812408447,
		4.3944816589355469,
		0.031475987285375595,
		0.41114148497581482,
		4.2994022369384766,
		0.031693059951066971,
		0.44261744618415833,
		0.88501787185668945,
		0.79037284851074219,
		0.25289326906204224,
		5.9750103950500488
	],
	"end" : 16.862499237060547,
	"labels" : 
	[
		"Prep",
		"Break",
		"Scan",
		"Break",
		"Prep",
		"Break",
		"Prep",
		"Scan",
		"Break",
		"Prep",
		"Break",
		"Scan",
		"Break",
		"Prep",
		"Scan",
		"Break",
		"Prep",
		"Scan",
		"Break",
		"Prep",
		"Scan",
		"Break",
		"Prep",
		"Scan",
		"Break",
		"Prep",
		"Scan",
		"Scan",
		"Break",
		"Prep",
		"Scan",
		"Prep",
		"Scan",
		"Prep",
		"Scan",
		"Break",
		"Scan",
		"Prep",
		"Scan",
		"Break",
		"Prep",
		"Scan",
		"Break",
		"Prep",
		"Scan",
		"Break",
		"Prep",
		"Break",
		"Scan",
		"Break",
		"Scan",
		"Break",
		"Scan",
		"Break",
		"Prep",
		"Scan",
		"Break",
		"Prep",
		"Scan",
		"Break",
		"Prep",
		"Scan",
		"Break",
		"Prep",
		"Scan"
	],
	"start" : 15.984722137451172
}