{
	"data" : 
	[
		0.3365103006362915,
		0.3365103006362915,
		1.2112290859222412,
		0.26916199922561646,
		0.7402532696723938,
		0.033731888979673386,
		0.33639475703239441,
		1.8843652009963989,
		0.26916199922561646,
		0.23554565012454987,
		5.2826218605041504,
		1.0431472063064575,
		0.03361637145280838,
		3.8694636821746826,
		0.03361637145280838,
		0.033731888979673386,
		4.9124956130981445,
		0.57205593585968018,
		4.8452630043029785,
		6.3930020332336426,
		0.033731888979673386,
		4.8452630043029785,
		62.349128723144531
	],
	"end" : 15.536944389343262,
	"labels" : 
	[
		"Prep",
		"Scan",
		"Break",
		"Prep",
		"Scan",
		"Prep",
		"Scan",
		"Break",
		"Prep",
		"Break",
		"Scan",
		"Break",
		"Prep",
		"Scan",
		"Break",
		"Prep",
		"Scan",
		"Prep",
		"Scan",
		"Break",
		"Prep",
		"Scan",
		"Dead"
	],
	"start" : 14.712222099304199
}