{
	"data" : 
	[
		0.86019223928451538,
		0.86019223928451538,
		1.7815556526184082,
		3.9934182167053223,
		1.0445492267608643,
		10.321885108947754,
		0.061592970043420792,
		1.9043196439743042,
		18.247550964355469,
		0.061592970043420792,
		0.49147817492485046,
		10.014342308044434,
		0.061592970043420792,
		0.12276406586170197,
		0.061592970043420792,
		7.4341874122619629,
		42.577198028564453
	],
	"end" : 17.259721755981445,
	"labels" : 
	[
		"Prep",
		"Scan",
		"Break",
		"Scan",
		"Prep",
		"Scan",
		"Break",
		"Prep",
		"Scan",
		"Break",
		"Prep",
		"Scan",
		"Break",
		"Prep",
		"Break",
		"Scan",
		"Dead"
	],
	"start" : 16.808055877685547
}