{
	"data" : 
	[
		0.41874274611473083,
		0.32218635082244873,
		0.54759514331817627,
		0.032296057790517807,
		0.61207664012908936,
		0.28989028930664062,
		0.93426299095153809,
		1.8040444850921631,
		0.06448151171207428,
		2.8026783466339111,
		0.06448151171207428,
		3.0281977653503418,
		0.032296057790517807,
		0.064370907843112946,
		3.5437180995941162,
		85.33868408203125
	],
	"end" : 9.1980552673339844,
	"labels" : 
	[
		"Prep",
		"Scan",
		"Break",
		"Prep",
		"Scan",
		"Break",
		"Prep",
		"Scan",
		"Break",
		"Scan",
		"Prep",
		"Scan",
		"Break",
		"Prep",
		"Scan",
		"Dead"
	],
	"start" : 8.3366670608520508
}