{
	"data" : 
	[
		0.54753679037094116,
		0.0499003566801548,
		1.2442619800567627,
		0.99561464786529541,
		1.4435216188430786,
		0.049729466438293457,
		0.34844803810119629,
		0.99544376134872437,
		0.39817750453948975,
		1.4435216188430786,
		0.099629819393157959,
		0.049729466438293457,
		0.34844803810119629,
		1.0950735807418823,
		0.099458932876586914,
		0.84625536203384399,
		4.2806644439697266,
		0.099629819393157959,
		0.049729466438293457,
		0.34844803810119629,
		0.89598482847213745,
		0.049729466438293457,
		0.84625536203384399,
		2.7376840114593506,
		0.099458932876586914,
		0.14935928583145142,
		0.049729466438293457,
		0.89598482847213745,
		0.89598482847213745,
		0.14935928583145142,
		0.34844803810119629,
		1.294162392616272,
		0.049729466438293457,
		0.84625536203384399,
		4.2309350967407227,
		0.049729466438293457,
		0.049729466438293457,
		1.294162392616272,
		0.0499003566801548,
		0.94571423530578613,
		0.34844803810119629,
		0.84608453512191772,
		4.6292834281921387,
		0.4479069709777832,
		0.049729466438293457,
		1.5431513786315918,
		0.049729466438293457,
		0.049729466438293457,
		1.244432806968689,
		0.14935928583145142,
		0.64699572324752808,
		0.89598482847213745,
		0.34844803810119629,
		0.89598482847213745,
		0.049729466438293457,
		0.84625536203384399,
		0.89598482847213745,
		0.84608453512191772,
		0.89598482847213745,
		0.0499003566801548,
		0.84608453512191772,
		0.89598482847213745,
		0.39817750453948975,
		0.84625536203384399,
		0.89598482847213745,
		0.049729466438293457,
		1.294162392616272,
		0.049729466438293457,
		0.44807788729667664,
		0.89598482847213745,
		0.049729466438293457,
		0.84608453512191772,
		0.84625536203384399,
		6.7198009490966797,
		1.4435216188430786,
		0.29854768514633179,
		7.3667964935302734,
		1.8416991233825684,
		0.49780732393264771,
		14.683863639831543,
		12.194997787475586
	],
	"end" : 11.193055152893066,
	"labels" : 
	[
		"Prep",
		"Break",
		"Scan",
		"Break",
		"Prep",
		"Break",
		"Break",
		"Scan",
		"Break",
		"Prep",
		"Break",
		"Prep",
		"Break",
		"Scan",
		"Prep",
		"Break",
		"Scan",
		"Break",
		"Prep",
		"Break",
		"Scan",
		"Break",
		"Break",
		"Scan",
		"Break",
		"Prep",
		"Break",
		"Break",
		"Scan",
		"Prep",
		"Break",
		"Scan",
		"Prep",
		"Break",
		"Scan",
		"Break",
		"Break",
		"Scan",
		"Break",
		"Prep",
		"Break",
		"Scan",
		"Break",
		"Prep",
		"Break",
		"Scan",
		"Prep",
		"Break",
		"Scan",
		"Prep",
		"Break",
		"Scan",
		"Break",
		"Scan",
		"Prep",
		"Break",
		"Scan",
		"Break",
		"Scan",
		"Prep",
		"Break",
		"Scan",
		"Prep",
		"Break",
		"Scan",
		"Prep",
		"Scan",
		"Break",
		"Break",
		"Scan",
		"Prep",
		"Break",
		"Scan",
		"Break",
		"Prep",
		"Break",
		"Scan",
		"Break",
		"Prep",
		"Scan",
		"Dead"
	],
	"start" : 10.635555267333984
}