{
	"data" : 
	[
		0.69516348838806152,
		0.69516348838806152,
		1.2413389682769775,
		0.69516348838806152,
		4.5678272247314453,
		0.049776293337345123,
		0.84398096799850464,
		8.3416204452514648,
		1.4895385503768921,
		14.796343803405762,
		0.59578132629394531,
		0.44696387648582458,
		8.0932502746582031,
		0.049605827778577805,
		8.291844367980957,
		11.171710014343262,
		0.59595179557800293,
		7.6462864875793457,
		0.049776293337345123,
		1.4895385503768921,
		14.39898681640625,
		13.654388427734375
	],
	"end" : 10.244722366333008,
	"labels" : 
	[
		"Prep",
		"Scan",
		"Break",
		"Prep",
		"Scan",
		"Break",
		"Prep",
		"Scan",
		"Prep",
		"Scan",
		"Break",
		"Prep",
		"Scan",
		"Prep",
		"Scan",
		"Break",
		"Prep",
		"Scan",
		"Break",
		"Prep",
		"Scan",
		"Dead"
	],
	"start" : 9.6858329772949219
}