{
	"data" : 
	[
		0.58933728933334351,
		0.51573330163955688,
		0.66306763887405396,
		2.2838716506958008,
		3.4625461101531982,
		0.51573330163955688,
		7.8093509674072266,
		1.3997392654418945,
		10.608829498291016,
		0.44200292229652405,
		0.14733432233333588,
		0.073730394244194031,
		16.060579299926758,
		0.66306763887405396,
		0.073603920638561249,
		8.2513542175292969,
		0.073603920638561249,
		0.14746078848838806,
		0.1472078412771225,
		0.073856860399246216,
		23.722469329833984,
		22.175521850585938
	],
	"end" : 8.1758337020874023,
	"labels" : 
	[
		"Prep",
		"Scan",
		"Break",
		"Scan",
		"Break",
		"Prep",
		"Scan",
		"Prep",
		"Scan",
		"Break",
		"Break",
		"Prep",
		"Scan",
		"Break",
		"Break",
		"Scan",
		"Break",
		"Break",
		"Break",
		"Prep",
		"Scan",
		"Dead"
	],
	"start" : 7.7991666793823242
}