{
	"data" : 
	[
		0.73614102602005005,
		0.73614102602005005,
		2.4712531566619873,
		0.78867089748382568,
		3.3124537467956543,
		0.89391130208969116,
		8.675379753112793,
		0.052710440009832382,
		1.5246313810348511,
		15.668539047241211,
		0.47331088781356812,
		8.6228494644165039,
		0.052529927343130112,
		6.4146080017089844,
		4.6269655227661133,
		0.052710440009832382,
		6.572197437286377,
		0.052710440009832382,
		0.42060044407844543,
		15.300469398498535,
		22.451217651367188
	],
	"end" : 11.720833778381348,
	"labels" : 
	[
		"Prep",
		"Scan",
		"Break",
		"Prep",
		"Scan",
		"Prep",
		"Scan",
		"Break",
		"Prep",
		"Scan",
		"Prep",
		"Scan",
		"Prep",
		"Scan",
		"Break",
		"Prep",
		"Scan",
		"Break",
		"Prep",
		"Scan",
		"Dead"
	],
	"start" : 11.193055152893066
}