{
	"data" : 
	[
		1.0576598644256592,
		2.7880759239196777,
		2.4038324356079102,
		1.0576598644256592,
		0.57702541351318359,
		0.096390970051288605,
		13.172552108764648,
		0.76914715766906738,
		1.0576598644256592,
		0.57702541351318359,
		0.09573075920343399,
		14.80723762512207,
		3.2693707942962646,
		1.0576598644256592,
		0.76914715766906738,
		0.09573075920343399,
		17.018949508666992,
		0.76914715766906738,
		6.8265933990478516,
		16.05702018737793,
		0.76914715766906738,
		14.80723762512207
	],
	"end" : 18.75666618347168,
	"labels" : 
	[
		"Prep",
		"Scan",
		"Break",
		"Prep",
		"Break",
		"Prep",
		"Scan",
		"Break",
		"Prep",
		"Break",
		"Prep",
		"Scan",
		"Break",
		"Prep",
		"Break",
		"Prep",
		"Scan",
		"Break",
		"Prep",
		"Scan",
		"Prep",
		"Scan"
	],
	"start" : 18.468055725097656
}