{
	"data" : 
	[
		0.24850322306156158,
		0.24856416881084442,
		0.72789442539215088,
		1.4558497667312622,
		0.30177569389343262,
		0.035535290837287903,
		0.017737168818712234,
		2.947113037109375,
		0.017737168818712234,
		0.12428208440542221,
		3.1246674060821533,
		0.12428208440542221,
		0.17749358713626862,
		4.030116081237793,
		0.053272459656000137,
		5.2906131744384766,
		0.017737168818712234,
		5.7166709899902344,
		75.240158081054688
	],
	"end" : 14.712222099304199,
	"labels" : 
	[
		"Prep",
		"Scan",
		"Break",
		"Scan",
		"Prep",
		"Break",
		"Prep",
		"Scan",
		"Break",
		"Prep",
		"Scan",
		"Prep",
		"Break",
		"Scan",
		"Prep",
		"Scan",
		"Prep",
		"Scan",
		"Dead"
	],
	"start" : 13.149167060852051
}