{
	"data" : 
	[
		2.4150724411010742,
		1.7255594730377197,
		1.5531811714172363,
		3.4505264759063721,
		5.0037078857421875,
		13.630319595336914,
		0.17297059297561646,
		0.34475648403167725,
		22.775253295898438,
		0.34475648403167725,
		16.218955993652344,
		0.17237824201583862,
		2.933391809463501,
		12.767836570739746,
		16.391334533691406
	],
	"end" : 8.3366670608520508,
	"labels" : 
	[
		"Prep",
		"Scan",
		"Break",
		"Scan",
		"Prep",
		"Scan",
		"Break",
		"Prep",
		"Scan",
		"Prep",
		"Scan",
		"Break",
		"Prep",
		"Scan",
		"Dead"
	],
	"start" : 8.1758337020874023
}