{
	"data" : 
	[
		0.4706156849861145,
		0.20160999894142151,
		0.26889026165008545,
		0.36975294351577759,
		1.882462739944458,
		0.94111591577529907,
		6.1177730560302734,
		1.3444513082504272,
		0.033697836101055145,
		2.5882706642150879,
		0.067164860665798187,
		3.3277766704559326,
		0.067164860665798187,
		3.0924687385559082,
		79.126785278320312
	],
	"end" : 13.149167060852051,
	"labels" : 
	[
		"Prep",
		"Scan",
		"Break",
		"Scan",
		"Break",
		"Prep",
		"Scan",
		"Break",
		"Prep",
		"Scan",
		"Prep",
		"Scan",
		"Prep",
		"Scan",
		"Dead"
	],
	"start" : 12.323611259460449
}