{
	"data" : 
	[
		0.62580084800720215,
		1.0808931589126587,
		0.057033035904169083,
		1.3084393739700317,
		4.6649894714355469,
		1.4791477918624878,
		0.45509237051010132,
		6.7131004333496094,
		0.11387074738740921,
		0.96721774339675903,
		6.7131004333496094,
		0.056837718933820724,
		0.96702241897583008,
		6.7701334953308105,
		2.0479156970977783,
		8.1922483444213867,
		0.11387074738740921,
		0.3982546329498291,
		1.0240554809570312,
		7.1113557815551758,
		0.45509237051010132,
		0.11367543786764145,
		1.1379262208938599,
		0.45509237051010132,
		0.96721774339675903,
		0.056837718933820724,
		0.96702241897583008,
		1.0240554809570312,
		0.96721774339675903,
		1.0240554809570312,
		0.056837718933820724,
		0.96721774339675903,
		1.0240554809570312,
		1.4221147298812866,
		0.3982546329498291,
		1.0240554809570312,
		36.978889465332031
	],
	"end" : 9.6858329772949219,
	"labels" : 
	[
		"Prep",
		"Scan",
		"Break",
		"Scan",
		"Break",
		"Prep",
		"Break",
		"Scan",
		"Prep",
		"Break",
		"Scan",
		"Break",
		"Break",
		"Scan",
		"Prep",
		"Scan",
		"Prep",
		"Break",
		"Scan",
		"Break",
		"Prep",
		"Break",
		"Scan",
		"Break",
		"Scan",
		"Break",
		"Break",
		"Scan",
		"Break",
		"Scan",
		"Prep",
		"Break",
		"Scan",
		"Prep",
		"Break",
		"Scan",
		"Dead"
	],
	"start" : 9.1980552673339844
}