{
	"data" : 
	[
		0.32746431231498718,
		0.21833452582359314,
		0.26195645332336426,
		0.021810967475175858,
		0.45848003029823303,
		2.7944271564483643,
		1.0479007959365845,
		2.8162381649017334,
		0.021810967475175858,
		2.1394984722137451,
		0.021810967475175858,
		2.4232659339904785,
		0.021810967475175858,
		0.10920474678277969,
		0.021810967475175858,
		2.6852223873138428,
		0.74224746227264404,
		3.4493556022644043,
		2.0739905834197998,
		4.4317488670349121,
		0.76413339376449585,
		2.1831204891204834,
		0.15282666683197021,
		0.021810967475175858,
		3.4493556022644043,
		2.6634113788604736,
		0.69855058193206787,
		2.4450767040252686,
		61.433326721191406
	],
	"end" : 16.808055877685547,
	"labels" : 
	[
		"Prep",
		"Scan",
		"Break",
		"Prep",
		"Scan",
		"Break",
		"Prep",
		"Scan",
		"Prep",
		"Scan",
		"Break",
		"Scan",
		"Prep",
		"Break",
		"Prep",
		"Scan",
		"Prep",
		"Scan",
		"Scan",
		"Break",
		"Prep",
		"Scan",
		"Break",
		"Prep",
		"Scan",
		"Break",
		"Prep",
		"Scan",
		"Dead"
	],
	"start" : 15.536944389343262
}