{
	"data" : 
	[
		0.99408084154129028,
		0.99383705854415894,
		2.6982541084289551,
		0.99408084154129028,
		4.5440559387207031,
		1.2068891525268555,
		10.224553108215332,
		0.070936121046543121,
		0.56797653436660767,
		21.158710479736328,
		0.070936121046543121,
		0.56797653436660767,
		11.57331371307373,
		0.071179889142513275,
		9.6563320159912109,
		34.506889343261719
	],
	"end" : 10.635555267333984,
	"labels" : 
	[
		"Prep",
		"Scan",
		"Break",
		"Prep",
		"Scan",
		"Prep",
		"Scan",
		"Break",
		"Prep",
		"Scan",
		"Break",
		"Prep",
		"Scan",
		"Prep",
		"Scan",
		"Dead"
	],
	"start" : 10.244722366333008
}