{
	"data" : 
	[
		0.49970343708992004,
		0.74943256378173828,
		1.4277940988540649,
		0.57101958990097046,
		0.14287744462490082,
		4.9252276420593262,
		0.035780627280473709,
		0.24972918629646301,
		5.6749053001403809,
		0.035780627280473709,
		0.21419361233711243,
		3.4621434211730957,
		0.53523898124694824,
		1.1065036058425903,
		0.10709680616855621,
		0.035535555332899094,
		11.635565757751465,
		0.32104533910751343,
		0.071561254560947418,
		8.4586868286132812,
		0.035780627280473709,
		0.49970343708992004,
		3.5334591865539551,
		2.6053688526153564,
		0.35682597756385803,
		1.2849166393280029,
		0.99940687417984009,
		0.32129043340682983,
		0.74943256378173828,
		2.2843234539031982,
		0.28550979495048523,
		3.4621434211730957,
		3.6760919094085693,
		0.28550979495048523,
		4.2115755081176758,
		0.035780627280473709,
		0.82074874639511108,
		5.4251761436462402,
		0.10709680616855621,
		6.2459249496459961,
		0.10709680616855621,
		6.6385316848754883,
		15.668483734130859
	],
	"end" : 18.037221908569336,
	"labels" : 
	[
		"Prep",
		"Scan",
		"Break",
		"Prep",
		"Break",
		"Scan",
		"Break",
		"Break",
		"Scan",
		"Prep",
		"Break",
		"Scan",
		"Prep",
		"Break",
		"Break",
		"Prep",
		"Scan",
		"Prep",
		"Break",
		"Scan",
		"Break",
		"Prep",
		"Scan",
		"Break",
		"Prep",
		"Scan",
		"Break",
		"Prep",
		"Scan",
		"Break",
		"Prep",
		"Scan",
		"Scan",
		"Prep",
		"Scan",
		"Break",
		"Prep",
		"Scan",
		"Prep",
		"Scan",
		"Prep",
		"Scan",
		"Dead"
	],
	"start" : 17.259721755981445
}