{
	"data" : 
	[
		0.69054281711578369,
		0.50640863180160522,
		1.5652197599411011,
		0.69054281711578369,
		6.5371599197387695,
		0.046152092516422272,
		1.5652197599411011,
		13.35059928894043,
		0.73669493198394775,
		6.4451718330383301,
		0.045994039624929428,
		6.8594341278076172,
		0.78268897533416748,
		1.1049634218215942,
		6.3070316314697266,
		6.9975738525390625,
		0.091988079249858856,
		12.337940216064453,
		0.045994039624929428,
		0.87483507394790649,
		12.936337471008301,
		19.381509780883789
	],
	"end" : 12.323611259460449,
	"labels" : 
	[
		"Prep",
		"Scan",
		"Break",
		"Prep",
		"Scan",
		"Break",
		"Prep",
		"Scan",
		"Prep",
		"Scan",
		"Prep",
		"Scan",
		"Break",
		"Prep",
		"Scan",
		"Break",
		"Prep",
		"Scan",
		"Break",
		"Prep",
		"Scan",
		"Dead"
	],
	"start" : 11.720833778381348
}