{
	"data" : 
	[
		0.90178501605987549,
		0.90178501605987549,
		1.0950562953948975,
		0.90178501605987549,
		4.701754093170166,
		0.064571171998977661,
		1.0946140289306641,
		10.820978164672852,
		0.064571171998977661,
		1.9322700500488281,
		19.194002151489258,
		0.51524251699447632,
		10.563577651977539,
		0.19327123463153839,
		9.1461076736450195,
		0.70851379632949829,
		0.25740015506744385,
		0.064571171998977661,
		21.963926315307617,
		14.814218521118164
	],
	"end" : 18.468055725097656,
	"labels" : 
	[
		"Prep",
		"Scan",
		"Break",
		"Prep",
		"Scan",
		"Break",
		"Prep",
		"Scan",
		"Break",
		"Prep",
		"Scan",
		"Prep",
		"Scan",
		"Prep",
		"Scan",
		"Prep",
		"Break",
		"Prep",
		"Scan",
		"Dead"
	],
	"start" : 18.037221908569336
}