{
	"data" : 
	[
		0.78968185186386108,
		1.1051932573318481,
		2.7897276878356934,
		0.94725686311721802,
		0.10553186386823654,
		0.05240451917052269,
		6.9477548599243164,
		2.7369616031646729,
		1.3686615228652954,
		9.8950576782226562,
		0.052765931934118271,
		5.6846256256103516,
		0.73655456304550171,
		7.000521183013916,
		59.687301635742188
	],
	"end" : 17.794445037841797,
	"labels" : 
	[
		"Prep",
		"Scan",
		"Break",
		"Prep",
		"Break",
		"Prep",
		"Scan",
		"Break",
		"Break",
		"Scan",
		"Break",
		"Scan",
		"Prep",
		"Scan",
		"Dead"
	],
	"start" : 17.267221450805664
}