{
	"data" : 
	[
		0.72502601146697998,
		1.0042356252670288,
		0.61357194185256958,
		0.94831711053848267,
		1.0038526058197021,
		0.055918537080287933,
		1.1153067350387573,
		1.6733430624008179,
		0.89278161525726318,
		0.94793415069580078,
		3.067859411239624,
		0.89239853620529175,
		3.7373499870300293,
		0.055918537080287933,
		0.83648008108139038,
		0.11183707416057587,
		0.055535536259412766,
		6.414546012878418,
		6.7492914199829102,
		0.055918537080287933,
		1.3945163488388062,
		0.055535536259412766,
		11.379039764404297,
		1.5059704780578613,
		11.713784217834473,
		0.89239853620529175,
		10.318885803222656,
		0.055918537080287933,
		0.83648008108139038,
		14.39098072052002,
		0.055918537080287933,
		0.5021178126335144,
		0.89239853620529175,
		14.948634147644043
	],
	"end" : 18.669721603393555,
	"labels" : 
	[
		"Prep",
		"Scan",
		"Break",
		"Prep",
		"Scan",
		"Break",
		"Scan",
		"Break",
		"Prep",
		"Scan",
		"Break",
		"Prep",
		"Scan",
		"Break",
		"Prep",
		"Break",
		"Prep",
		"Scan",
		"Scan",
		"Break",
		"Break",
		"Prep",
		"Scan",
		"Prep",
		"Scan",
		"Prep",
		"Scan",
		"Break",
		"Prep",
		"Scan",
		"Break",
		"Prep",
		"Break",
		"Scan"
	],
	"start" : 18.172222137451172
}