{
	"data" : 
	[
		0.66074097156524658,
		1.24885094165802,
		2.49770188331604,
		1.1752110719680786,
		0.95479589700698853,
		1.1020755767822266,
		1.1015712022781372,
		1.1752110719680786,
		2.2041511535644531,
		0.95479589700698853,
		6.3168854713439941,
		1.3224906921386719,
		7.7861514091491699,
		0.22041511535644531,
		9.2554178237915039,
		12.634779930114746,
		0.073135450482368469,
		2.0568716526031494,
		12.413860321044922,
		34.744888305664062
	],
	"end" : 18.172222137451172,
	"labels" : 
	[
		"Prep",
		"Scan",
		"Break",
		"Prep",
		"Scan",
		"Break",
		"Prep",
		"Scan",
		"Break",
		"Prep",
		"Scan",
		"Prep",
		"Scan",
		"Break",
		"Scan",
		"Scan",
		"Break",
		"Prep",
		"Scan",
		"Dead"
	],
	"start" : 17.794445037841797
}