{
	"data" : 
	[
		0.4984574019908905,
		0.4984574019908905,
		0.64073407649993896,
		0.4984574019908905,
		2.2072446346282959,
		1.7090315818786621,
		0.071138352155685425,
		0.071382813155651093,
		0.071138352155685425,
		10.039796829223633,
		0.071138352155685425,
		1.281712532043457,
		0.071138352155685425,
		12.888264656066895,
		0.071138352155685425,
		5.0554676055908203,
		0.071138352155685425,
		0.21365951001644135,
		11.32150936126709,
		0.071382813155651093,
		0.14227670431137085,
		0.21365951001644135,
		11.392647743225098,
		0.21365951001644135,
		10.965573310852051,
		29.549795150756836
	],
	"end" : 9.1027774810791016,
	"labels" : 
	[
		"Prep",
		"Scan",
		"Break",
		"Prep",
		"Scan",
		"Break",
		"Prep",
		"Break",
		"Prep",
		"Scan",
		"Break",
		"Prep",
		"Break",
		"Scan",
		"Break",
		"Scan",
		"Break",
		"Break",
		"Scan",
		"Break",
		"Break",
		"Break",
		"Scan",
		"Prep",
		"Scan",
		"Dead"
	],
	"start" : 8.7130556106567383
}