{
	"data" : 
	[
		8.9086418151855469,
		25.452327728271484,
		65.539031982421875
	],
	"end" : 10.543055534362793,
	"labels" : 
	[
		"Prep",
		"Scan",
		"Dead"
	],
	"start" : 10.499444007873535
}