{
	"data" : 
	[
		0.34191206097602844,
		0.59055596590042114,
		2.0204184055328369,
		0.90141421556472778,
		0.031053811311721802,
		0.2175900936126709,
		1.3676482439041138,
		3.9786229133605957,
		0.68382412195205688,
		0.031053811311721802,
		0.031053811311721802,
		0.093268148601055145,
		0.2175900936126709,
		0.55950212478637695,
		1.5540778636932373,
		0.52844834327697754,
		0.2175900936126709,
		2.0514724254608154,
		0.031053811311721802,
		0.99468231201171875,
		4.6623401641845703,
		0.27980443835258484,
		0.2175900936126709,
		0.52834159135818481,
		1.8028284311294556,
		0.2486439049243927,
		0.2175900936126709,
		3.1394228935241699,
		2.7974040508270264,
		0.062107622623443604,
		0.12442866712808609,
		0.4662339985370636,
		0.031053811311721802,
		0.2175900936126709,
		0.55950212478637695,
		0.55950212478637695,
		0.52834159135818481,
		0.031053811311721802,
		0.52844834327697754,
		0.55950212478637695,
		0.031053811311721802,
		0.52844834327697754,
		0.52834159135818481,
		0.2175900936126709,
		0.52844834327697754,
		0.55950212478637695,
		0.2486439049243927,
		0.52844834327697754,
		0.559395432472229,
		62.165565490722656
	],
	"end" : 9.9955558776855469,
	"labels" : 
	[
		"Prep",
		"Scan",
		"Break",
		"Prep",
		"Break",
		"Break",
		"Scan",
		"Break",
		"Prep",
		"Break",
		"Prep",
		"Break",
		"Break",
		"Scan",
		"Break",
		"Prep",
		"Break",
		"Scan",
		"Break",
		"Prep",
		"Scan",
		"Prep",
		"Break",
		"Scan",
		"Break",
		"Prep",
		"Break",
		"Scan",
		"Break",
		"Prep",
		"Break",
		"Scan",
		"Break",
		"Break",
		"Scan",
		"Break",
		"Scan",
		"Break",
		"Break",
		"Scan",
		"Prep",
		"Break",
		"Scan",
		"Break",
		"Break",
		"Scan",
		"Prep",
		"Break",
		"Scan",
		"Dead"
	],
	"start" : 9.1027774810791016
}