{
	"data" : 
	[
		0.77085405588150024,
		0.77104318141937256,
		1.5420863628387451,
		0.77104318141937256,
		0.49556252360343933,
		0.49575164914131165,
		0.99112504720687866,
		1.1015441417694092,
		3.1390039920806885,
		0.88127321004867554,
		4.0200881958007812,
		3.4695048332214355,
		0.49575164914131165,
		10.022993087768555,
		0.77104318141937256,
		19.880924224853516,
		0.055020488798618317,
		7.3797416687011719,
		9.417201042175293,
		0.38552159070968628,
		18.614131927490234,
		14.428791999816895
	],
	"end" : 10.499444007873535,
	"labels" : 
	[
		"Prep",
		"Scan",
		"Break",
		"Prep",
		"Scan",
		"Break",
		"Prep",
		"Scan",
		"Break",
		"Prep",
		"Scan",
		"Break",
		"Prep",
		"Scan",
		"Prep",
		"Scan",
		"Prep",
		"Scan",
		"Break",
		"Prep",
		"Scan",
		"Dead"
	],
	"start" : 9.9955558776855469
}