{
	"data" : 
	[
		0.33246302604675293,
		0.49861299991607666,
		0.3799111545085907,
		0.42735928297042847,
		0.38007420301437378,
		0.42735928297042847,
		0.11870185285806656,
		0.26120930910110474,
		0.49877604842185974,
		0.023642538115382195,
		0.47497045993804932,
		0.47497045993804932,
		1.5196446180343628,
		0.38007420301437378,
		2.9681985378265381,
		0.023805592209100723,
		0.35610556602478027,
		0.26120930910110474,
		5.6753511428833008,
		0.023805592209100723,
		0.73601669073104858,
		0.14250744879245758,
		0.023805592209100723,
		1.8997188806533813,
		1.5196446180343628,
		4.9629769325256348,
		0.023805592209100723,
		0.47480741143226624,
		0.14250744879245758,
		7.1239047050476074,
		0.40371671319007874,
		0.35610556602478027,
		4.0606470108032227,
		0.023805592209100723,
		3.2768559455871582,
		0.023805592209100723,
		0.28501489758491516,
		3.3955578804016113,
		55.518550872802734
	],
	"end" : 17.267221450805664,
	"labels" : 
	[
		"Prep",
		"Scan",
		"Prep",
		"Scan",
		"Prep",
		"Scan",
		"Break",
		"Prep",
		"Scan",
		"Prep",
		"Scan",
		"Scan",
		"Break",
		"Prep",
		"Scan",
		"Break",
		"Prep",
		"Break",
		"Scan",
		"Prep",
		"Break",
		"Break",
		"Prep",
		"Scan",
		"Break",
		"Scan",
		"Break",
		"Break",
		"Break",
		"Scan",
		"Prep",
		"Break",
		"Scan",
		"Prep",
		"Scan",
		"Prep",
		"Break",
		"Scan",
		"Dead"
	],
	"start" : 16.098611831665039
}