{
	"data" : 
	[
		0.56171500682830811,
		0.56171500682830811,
		1.7653111219406128,
		0.60179811716079712,
		2.9286866188049316,
		0.72218531370162964,
		6.7403044700622559,
		0.36102378368377686,
		11.915850639343262,
		0.0400831438601017,
		0.32094064354896545,
		7.0211620330810547,
		0.0801662877202034,
		0.40124467015266418,
		5.6970405578613281,
		4.7744393348693848,
		0.0801662877202034,
		5.7773447036743164,
		0.040220882743597031,
		0.1202494278550148,
		11.675075531005859,
		37.713275909423828
	],
	"end" : 12.738888740539551,
	"labels" : 
	[
		"Prep",
		"Scan",
		"Break",
		"Prep",
		"Scan",
		"Prep",
		"Scan",
		"Prep",
		"Scan",
		"Break",
		"Prep",
		"Scan",
		"Break",
		"Prep",
		"Scan",
		"Break",
		"Prep",
		"Scan",
		"Break",
		"Prep",
		"Scan",
		"Dead"
	],
	"start" : 12.047222137451172
}