{
	"data" : 
	[
		0.65788853168487549,
		0.56383532285690308,
		1.0807245969772339,
		0.84583359956741333,
		0.51688939332962036,
		2.8193378448486328,
		0.32894426584243774,
		10.055788993835449,
		1.4096689224243164,
		0.094053208827972412,
		0.046945944428443909,
		15.083683013916016,
		0.37589022517204285,
		0.094053208827972412,
		13.29796314239502,
		1.0808860063552856,
		13.579960823059082,
		3.8061707019805908,
		0.42283612489700317,
		8.9750642776489258,
		0.42299744486808777,
		0.093891888856887817,
		14.049905776977539,
		10.196788787841797
	],
	"end" : 15.46833324432373,
	"labels" : 
	[
		"Prep",
		"Scan",
		"Break",
		"Prep",
		"Scan",
		"Break",
		"Prep",
		"Scan",
		"Prep",
		"Break",
		"Prep",
		"Scan",
		"Break",
		"Prep",
		"Scan",
		"Prep",
		"Scan",
		"Break",
		"Prep",
		"Scan",
		"Break",
		"Prep",
		"Scan",
		"Dead"
	],
	"start" : 14.877778053283691
}