{
	"data" : 
	[
		0.028114665299654007,
		0.14076654613018036,
		0.36578050255775452,
		1.1256493330001831,
		1.4633151292800903,
		0.61910229921340942,
		0.084440603852272034,
		4.9246072769165039,
		0.64731359481811523,
		5.9095869064331055,
		0.028114665299654007,
		0.36578050255775452,
		6.6131296157836914,
		4.5307116508483887,
		73.0535888671875
	],
	"end" : 11.529166221618652,
	"labels" : 
	[
		"Prep",
		"Break",
		"Prep",
		"Scan",
		"Break",
		"Prep",
		"Break",
		"Scan",
		"Break",
		"Scan",
		"Break",
		"Prep",
		"Scan",
		"Scan",
		"Dead"
	],
	"start" : 10.543055534362793
}