{
	"data" : 
	[
		0.6164250373840332,
		0.6164250373840332,
		1.5409113168716431,
		0.35219967365264893,
		3.2140865325927734,
		0.74853765964508057,
		7.3086724281311035,
		0.13211266696453094,
		11.271145820617676,
		0.043987169861793518,
		0.35219967365264893,
		7.1767106056213379,
		0.043987169861793518,
		6.2519221305847168,
		60.230678558349609
	],
	"end" : 16.098611831665039,
	"labels" : 
	[
		"Prep",
		"Scan",
		"Break",
		"Prep",
		"Scan",
		"Prep",
		"Scan",
		"Prep",
		"Scan",
		"Break",
		"Prep",
		"Scan",
		"Prep",
		"Scan",
		"Dead"
	],
	"start" : 15.46833324432373
}