{
	"data" : 
	[
		0.5892254114151001,
		3.2140738964080811,
		0.64274120330810547,
		0.74995666742324829,
		1.553429126739502,
		0.74977272748947144,
		3.9103307723999023,
		0.42849412560462952,
		0.96420371532440186,
		8.7848653793334961,
		0.053515791893005371,
		1.0712352991104126,
		15.909084320068359,
		0.053515791893005371,
		0.42849412560462952,
		9.4276065826416016,
		7.7134461402893066,
		4.7673187255859375,
		0.21424706280231476,
		7.6064143180847168,
		0.053515791893005371,
		0.42849412560462952,
		15.587623596191406,
		14.998396873474121
	],
	"end" : 12.047222137451172,
	"labels" : 
	[
		"Prep",
		"Break",
		"Prep",
		"Scan",
		"Break",
		"Prep",
		"Scan",
		"Break",
		"Prep",
		"Scan",
		"Break",
		"Prep",
		"Scan",
		"Break",
		"Prep",
		"Scan",
		"Scan",
		"Break",
		"Prep",
		"Scan",
		"Break",
		"Prep",
		"Scan",
		"Dead"
	],
	"start" : 11.529166221618652
}