{
	"data" : 
	[
		0.090822719037532806,
		0.090822719037532806,
		0.14271505177021027,
		0.25946164131164551,
		0.46707552671432495,
		0.10378466546535492,
		0.25950619578361511,
		0.55785369873046875,
		0.090822719037532806,
		0.25950619578361511,
		0.81735986471176147,
		0.23353776335716248,
		2.3612570762634277,
		0.012961948290467262,
		0.025968438014388084,
		0.012961948290467262,
		4.0479140281677246,
		0.012961948290467262,
		0.025923896580934525,
		0.038930386304855347,
		0.36329087615013123,
		0.077860772609710693,
		0.23349322378635406,
		0.013006490655243397,
		1.9850043058395386,
		0.025968438014388084,
		0.11674661189317703,
		0.42814517021179199,
		0.012961948290467262,
		0.025968438014388084,
		2.2574722766876221,
		0.012961948290467262,
		2.3482949733734131,
		0.013006490655243397,
		0.038885843008756638,
		2.7115859985351562,
		0.038930386304855347,
		3.9570910930633545,
		0.14271505177021027,
		0.12970855832099915,
		0.37625280022621155,
		0.7525056004524231,
		0.090822719037532806,
		0.46707552671432495,
		0.60974603891372681,
		0.11679115146398544,
		0.37625280022621155,
		0.40217670798301697,
		0.11674661189317703,
		0.1686834841966629,
		1.1287585496902466,
		0.090778179466724396,
		0.57086020708084106,
		0.1686834841966629,
		0.23353776335716248,
		0.28543010354042053,
		0.05189233273267746,
		0.012961948290467262,
		0.012961948290467262,
		1.6996186971664429,
		0.038930386304855347,
		1.6347197294235229,
		0.012961948290467262,
		0.038930386304855347,
		0.038930386304855347,
		1.6476818323135376,
		0.11679115146398544,
		1.8293273448944092,
		0.025923896580934525,
		0.038930386304855347,
		0.038930386304855347,
		2.6856174468994141,
		0.38921475410461426,
		0.18164543807506561,
		0.15567699074745178,
		0.025968438014388084,
		2.568871021270752,
		1.7385045289993286,
		0.025923896580934525,
		2.5559089183807373,
		51.532825469970703
	],
	"end" : 14.877778053283691,
	"labels" : 
	[
		"Prep",
		"Scan",
		"Break",
		"Scan",
		"Break",
		"Prep",
		"Scan",
		"Break",
		"Prep",
		"Scan",
		"Break",
		"Prep",
		"Scan",
		"Break",
		"Prep",
		"Break",
		"Scan",
		"Break",
		"Prep",
		"Break",
		"Scan",
		"Break",
		"Prep",
		"Break",
		"Scan",
		"Prep",
		"Break",
		"Scan",
		"Break",
		"Prep",
		"Scan",
		"Prep",
		"Scan",
		"Break",
		"Prep",
		"Scan",
		"Prep",
		"Scan",
		"Break",
		"Prep",
		"Scan",
		"Break",
		"Prep",
		"Scan",
		"Break",
		"Prep",
		"Scan",
		"Break",
		"Prep",
		"Scan",
		"Break",
		"Prep",
		"Scan",
		"Break",
		"Prep",
		"Scan",
		"Break",
		"Prep",
		"Break",
		"Scan",
		"Prep",
		"Scan",
		"Break",
		"Break",
		"Break",
		"Scan",
		"Break",
		"Scan",
		"Break",
		"Prep",
		"Break",
		"Scan",
		"Prep",
		"Scan",
		"Break",
		"Prep",
		"Scan",
		"Break",
		"Prep",
		"Scan",
		"Dead"
	],
	"start" : 12.738888740539551
}