{
	"data" : 
	[
		0.43145090341567993,
		0.9805946946144104,
		2.3926403522491455,
		0.35294407606124878,
		0.35307872295379639,
		0.78439491987228394,
		1.9611893892288208,
		0.43145090341567993,
		6.9424004554748535,
		1.3727248907089233,
		18.31700325012207,
		0.8235810399055481,
		0.27457189559936523,
		8.1190605163574219,
		0.039320740848779678,
		0.23525115847587585,
		0.62765061855316162,
		8.2367534637451172,
		0.35294407606124878,
		0.039186082780361176,
		0.039320740848779678,
		5.9224848747253418,
		0.039320740848779678,
		0.4706369936466217,
		7.0600934028625488,
		0.31375798583030701,
		0.35294407606124878,
		7.3738508224487305,
		0.31389263272285461,
		5.2165966033935547,
		0.35294407606124878,
		0.35294407606124878,
		0.35307872295379639,
		0.039186082780361176,
		2.9809701442718506,
		15.649789810180664
	],
	"end" : 8.7130556106567383,
	"labels" : 
	[
		"Prep",
		"Scan",
		"Break",
		"Prep",
		"Break",
		"Scan",
		"Break",
		"Prep",
		"Scan",
		"Prep",
		"Scan",
		"Break",
		"Prep",
		"Scan",
		"Break",
		"Prep",
		"Break",
		"Scan",
		"Break",
		"Break",
		"Prep",
		"Scan",
		"Break",
		"Break",
		"Scan",
		"Prep",
		"Break",
		"Scan",
		"Prep",
		"Scan",
		"Break",
		"Prep",
		"Break",
		"Prep",
		"Scan",
		"Dead"
	],
	"start" : 8.0055551528930664
}