{
	"data" : 
	[
		0.63060003519058228,
		0.49544936418533325,
		2.5672440528869629,
		0.76575064659118652,
		4.9994921684265137,
		0.22514800727367401,
		0.045153312385082245,
		8.3774852752685547,
		0.044998675584793091,
		1.6664974689483643,
		13.061833381652832,
		0.67559868097305298,
		8.3776407241821289,
		0.044998675584793091,
		0.31530001759529114,
		6.7109880447387695,
		1.0810507535934448,
		6.2155389785766602,
		4.819343090057373,
		0.13515067100524902,
		12.070779800415039,
		0.045153312385082245,
		0.94574540853500366,
		12.656535148620605,
		12.92652702331543
	],
	"end" : 12.094721794128418,
	"labels" : 
	[
		"Prep",
		"Scan",
		"Break",
		"Prep",
		"Scan",
		"Break",
		"Prep",
		"Scan",
		"Break",
		"Prep",
		"Scan",
		"Prep",
		"Scan",
		"Break",
		"Prep",
		"Scan",
		"Prep",
		"Scan",
		"Break",
		"Prep",
		"Scan",
		"Break",
		"Prep",
		"Scan",
		"Dead"
	],
	"start" : 11.478610992431641
}