{
	"data" : 
	[
		0.45488867163658142,
		0.55251622200012207,
		3.3148744106292725,
		0.16245226562023163,
		0.45500025153160095,
		0.55240464210510254,
		0.032579716295003891,
		0.032468140125274658,
		0.74743664264678955,
		0.51993650197982788,
		0.5849844217300415,
		1.0399847030639648,
		0.32501611113548279,
		2.2423100471496582,
		0.48757997155189514,
		2.7948260307312012,
		0.032468140125274658,
		0.097515992820262909,
		3.8672788143157959,
		0.12998412549495697,
		4.2247629165649414,
		0.032579716295003891,
		0.84495258331298828,
		6.824669361114502,
		0.032468140125274658,
		0.45500025153160095,
		4.0947790145874023,
		0.2924363911151886,
		4.0948905944824219,
		0.487468421459198,
		4.0947790145874023,
		0.45500025153160095,
		7.7996053695678711,
		47.740100860595703
	],
	"end" : 13.591111183166504,
	"labels" : 
	[
		"Prep",
		"Scan",
		"Break",
		"Break",
		"Prep",
		"Scan",
		"Break",
		"Prep",
		"Break",
		"Prep",
		"Scan",
		"Break",
		"Prep",
		"Scan",
		"Prep",
		"Scan",
		"Break",
		"Prep",
		"Scan",
		"Prep",
		"Scan",
		"Break",
		"Prep",
		"Scan",
		"Break",
		"Prep",
		"Scan",
		"Prep",
		"Scan",
		"Prep",
		"Scan",
		"Prep",
		"Scan",
		"Dead"
	],
	"start" : 12.737222671508789
}