{
	"data" : 
	[
		0.31221947073936462,
		0.33629977703094482,
		1.3931947946548462,
		0.33629977703094482,
		1.7534924745559692,
		0.023997850716114044,
		0.40829333662986755,
		3.9873545169830322,
		0.024080317467451096,
		0.7926713228225708,
		7.1579570770263672,
		0.19223020970821381,
		3.9392762184143066,
		0.19214774668216705,
		3.6510543823242188,
		3.6751348972320557,
		0.096073873341083527,
		3.6270565986633301,
		0.04807816818356514,
		0.31221947073936462,
		6.9898896217346191,
		60.650981903076172
	],
	"end" : 14.74638843536377,
	"labels" : 
	[
		"Prep",
		"Scan",
		"Break",
		"Prep",
		"Scan",
		"Break",
		"Prep",
		"Scan",
		"Break",
		"Prep",
		"Scan",
		"Prep",
		"Scan",
		"Prep",
		"Scan",
		"Break",
		"Prep",
		"Scan",
		"Break",
		"Prep",
		"Scan",
		"Dead"
	],
	"start" : 13.591111183166504
}