{
	"data" : 
	[
		0.58420193195343018,
		0.81793618202209473,
		0.66202425956726074,
		0.70106905698776245,
		0.62324678897857666,
		0.66202425956726074,
		3.661123514175415,
		0.62311309576034546,
		3.2325663566589355,
		6.3094878196716309,
		0.039044853299856186,
		4.2841029167175293,
		0.58433562517166138,
		5.1409502029418945,
		0.039044853299856186,
		4.712526798248291,
		0.07795599102973938,
		4.4011039733886719,
		0.038911137729883194,
		0.62311309576034546,
		4.9463944435119629,
		0.038911137729883194,
		5.1020388603210449,
		0.07795599102973938,
		5.2579512596130371,
		0.038911137729883194,
		0.58420193195343018,
		4.1673693656921387,
		0.62311309576034546,
		3.583167552947998,
		0.038911137729883194,
		0.58433562517166138,
		7.0494680404663086,
		29.989389419555664
	],
	"end" : 10.912221908569336,
	"labels" : 
	[
		"Prep",
		"Scan",
		"Prep",
		"Scan",
		"Prep",
		"Scan",
		"Break",
		"Prep",
		"Scan",
		"Scan",
		"Prep",
		"Scan",
		"Prep",
		"Scan",
		"Break",
		"Scan",
		"Break",
		"Scan",
		"Break",
		"Prep",
		"Scan",
		"Break",
		"Scan",
		"Break",
		"Scan",
		"Break",
		"Prep",
		"Scan",
		"Prep",
		"Scan",
		"Break",
		"Prep",
		"Scan",
		"Dead"
	],
	"start" : 10.199722290039062
}