{
	"data" : 
	[
		0.072310194373130798,
		0.21643531322479248,
		0.86574125289916992,
		1.5145518779754639,
		0.072310194373130798,
		1.0816812515258789,
		1.2981165647506714,
		1.0821765661239624,
		1.2981165647506714,
		0.86574125289916992,
		1.2263016700744629,
		6.8521337509155273,
		0.072310194373130798,
		12.045591354370117,
		0.072310194373130798,
		0.071814917027950287,
		8.2230558395385742,
		1.1539914608001709,
		7.9343104362487793,
		0.071814917027950287,
		8.3671817779541016,
		7.9343104362487793,
		0.072310194373130798,
		1.0816812515258789,
		7.7178754806518555,
		1.1539914608001709,
		11.036219596862793,
		16.44561767578125
	],
	"end" : 16.637500762939453,
	"labels" : 
	[
		"Prep",
		"Break",
		"Prep",
		"Scan",
		"Break",
		"Prep",
		"Scan",
		"Prep",
		"Scan",
		"Break",
		"Prep",
		"Scan",
		"Break",
		"Scan",
		"Prep",
		"Break",
		"Scan",
		"Prep",
		"Scan",
		"Break",
		"Scan",
		"Scan",
		"Break",
		"Prep",
		"Scan",
		"Prep",
		"Scan",
		"Dead"
	],
	"start" : 16.252777099609375
}