{
	"data" : 
	[
		0.88691931962966919,
		0.88691931962966919,
		1.6468253135681152,
		0.44367715716362,
		4.6242470741271973,
		0.063506729900836945,
		1.0765695571899414,
		0.25359192490577698,
		10.642597198486328,
		0.063071750104427338,
		1.9004172086715698,
		18.878026962280273,
		0.50674891471862793,
		10.389004707336426,
		0.19008521735668182,
		8.9322652816772461,
		0.063071750104427338,
		0.88691931962966919,
		21.601856231689453,
		15.963678359985352
	],
	"end" : 17.323888778686523,
	"labels" : 
	[
		"Prep",
		"Scan",
		"Break",
		"Prep",
		"Scan",
		"Break",
		"Prep",
		"Break",
		"Scan",
		"Break",
		"Prep",
		"Scan",
		"Prep",
		"Scan",
		"Prep",
		"Scan",
		"Break",
		"Prep",
		"Scan",
		"Dead"
	],
	"start" : 16.885833740234375
}