{
	"data" : 
	[
		1.3831180334091187,
		1.3834573030471802,
		2.5691323280334473,
		1.3834573030471802,
		7.7077364921569824,
		0.098382197320461273,
		1.6799609661102295,
		16.600809097290039,
		3.4583041667938232,
		29.446132659912109,
		0.099060699343681335,
		0.79045009613037109,
		16.106863021850586,
		0.29650360345840454,
		13.932277679443359,
		2.9643576145172119
	],
	"end" : 16.252777099609375,
	"labels" : 
	[
		"Prep",
		"Scan",
		"Break",
		"Prep",
		"Scan",
		"Break",
		"Prep",
		"Scan",
		"Prep",
		"Scan",
		"Break",
		"Prep",
		"Scan",
		"Prep",
		"Scan",
		"Dead"
	],
	"start" : 15.971944808959961
}