{
	"data" : 
	[
		0.61303287744522095,
		0.61318325996398926,
		1.0511927604675293,
		0.043755840510129929,
		3.3723576068878174,
		1.1387044191360474,
		0.78835701942443848,
		0.087511681020259857,
		7.3578982353210449,
		0.043755840510129929,
		0.83211284875869751,
		13.007664680480957,
		0.87586867809295654,
		0.61318325996398926,
		0.043755840510129929,
		6.8323774337768555,
		0.30644124746322632,
		0.56942743062973022,
		0.043755840510129929,
		6.8322272300720215,
		0.43800950050354004,
		0.35034745931625366,
		6.7009592056274414,
		47.344123840332031
	],
	"end" : 10.199722290039062,
	"labels" : 
	[
		"Prep",
		"Scan",
		"Break",
		"Prep",
		"Scan",
		"Break",
		"Prep",
		"Break",
		"Scan",
		"Break",
		"Prep",
		"Scan",
		"Break",
		"Prep",
		"Break",
		"Scan",
		"Prep",
		"Break",
		"Prep",
		"Scan",
		"Break",
		"Prep",
		"Scan",
		"Dead"
	],
	"start" : 9.5661115646362305
}