{
	"data" : 
	[
		1.563742995262146,
		2.347149133682251,
		2.1230995655059814,
		1.5645102262496948,
		10.392214775085449,
		0.11202476173639297,
		0.11125746369361877,
		0.11202476173639297,
		12.627338409423828,
		4.0229167938232422,
		0.89389622211456299,
		13.521234512329102,
		0.11125746369361877,
		9.7216014862060547,
		40.675731658935547
	],
	"end" : 16.885833740234375,
	"labels" : 
	[
		"Prep",
		"Scan",
		"Break",
		"Prep",
		"Scan",
		"Prep",
		"Break",
		"Prep",
		"Scan",
		"Break",
		"Prep",
		"Scan",
		"Break",
		"Scan",
		"Dead"
	],
	"start" : 16.637500762939453
}