{
	"data" : 
	[
		0.54707634449005127,
		0.54721051454544067,
		1.4461225271224976,
		0.039048127830028534,
		3.0487058162689209,
		8.1685724258422852,
		0.039182312786579132,
		5.7453079223632812,
		7.9341497421264648,
		72.384628295898438
	],
	"end" : 9.5661115646362305,
	"labels" : 
	[
		"Prep",
		"Scan",
		"Break",
		"Prep",
		"Scan",
		"Scan",
		"Break",
		"Scan",
		"Scan",
		"Dead"
	],
	"start" : 8.8561115264892578
}