{
	"data" : 
	[
		0.50942343473434448,
		0.47026804089546204,
		1.1365820169448853,
		0.74462467432022095,
		0.43111264705657959,
		2.2340085506439209,
		0.58786869049072266,
		0.039155364036560059,
		9.0925216674804688,
		0.039155364036560059,
		1.3326280117034912,
		10.816837310791016,
		0.62715858221054077,
		7.3287806510925293,
		0.039289921522140503,
		7.3287806510925293,
		0.50955796241760254,
		1.1757373809814453,
		0.039155364036560059,
		7.7208728790283203,
		5.1340618133544922,
		0.8230699896812439,
		13.403648376464844,
		0.74462467432022095,
		14.030672073364258,
		13.560403823852539
	],
	"end" : 15.971944808959961,
	"labels" : 
	[
		"Prep",
		"Scan",
		"Break",
		"Prep",
		"Scan",
		"Break",
		"Prep",
		"Break",
		"Scan",
		"Break",
		"Prep",
		"Scan",
		"Prep",
		"Scan",
		"Prep",
		"Scan",
		"Break",
		"Prep",
		"Break",
		"Scan",
		"Break",
		"Prep",
		"Scan",
		"Prep",
		"Scan",
		"Dead"
	],
	"start" : 15.263889312744141
}