{
	"data" : 
	[
		0.66159218549728394,
		1.2628893852233887,
		1.5639510154724121,
		0.54141527414321899,
		0.54100233316421509,
		1.2030074596405029,
		0.54141527414321899,
		0.54141527414321899,
		9.3824663162231445,
		1.6837149858474731,
		1.9248944520950317,
		22.674192428588867,
		0.060294914990663528,
		12.389779090881348,
		0.30064859986305237,
		0.060294914990663528,
		0.059881936758756638,
		9.0818185806274414,
		0.54141527414321899,
		0.54141527414321899,
		2.0446584224700928,
		1.5639510154724121,
		0.060294914990663528,
		0.42082545161247253,
		10.224531173706055,
		0.060294914990663528,
		1.9244816303253174,
		2.405601978302002,
		10.044471740722656,
		0.48112040758132935,
		0.60129719972610474,
		4.5109682083129883
	],
	"end" : 17.7852783203125,
	"labels" : 
	[
		"Prep",
		"Scan",
		"Break",
		"Prep",
		"Break",
		"Scan",
		"Break",
		"Prep",
		"Scan",
		"Break",
		"Prep",
		"Scan",
		"Prep",
		"Scan",
		"Break",
		"Prep",
		"Break",
		"Scan",
		"Break",
		"Prep",
		"Break",
		"Break",
		"Prep",
		"Break",
		"Scan",
		"Break",
		"Prep",
		"Break",
		"Scan",
		"Break",
		"Prep",
		"Scan"
	],
	"start" : 17.323888778686523
}