{
	"data" : 
	[
		0.6859586238861084,
		0.6859586238861084,
		2.4496359825134277,
		0.39209651947021484,
		2.841564416885376,
		0.049117192625999451,
		0.8328055739402771,
		8.1822175979614258,
		1.4698152542114258,
		14.600255012512207,
		0.44104552268981934,
		6.8592500686645508,
		0.97982072830200195,
		0.098066180944442749,
		6.9571480751037598,
		5.9773268699645996,
		0.049117192625999451,
		6.9081988334655762,
		0.3429793119430542,
		0.3919282853603363,
		14.257443428039551,
		24.448251724243164
	],
	"end" : 11.478610992431641,
	"labels" : 
	[
		"Prep",
		"Scan",
		"Break",
		"Prep",
		"Scan",
		"Break",
		"Prep",
		"Scan",
		"Prep",
		"Scan",
		"Prep",
		"Scan",
		"Break",
		"Prep",
		"Scan",
		"Break",
		"Prep",
		"Scan",
		"Break",
		"Prep",
		"Scan",
		"Dead"
	],
	"start" : 10.912221908569336
}