{
	"data" : 
	[
		0.59379082918167114,
		1.4253426790237427,
		2.4946556091308594,
		1.3066660165786743,
		13.304013252258301,
		0.11867659538984299,
		0.23776102066040039,
		15.323554992675781,
		10.215567588806152,
		0.95022839307785034,
		14.492411613464355,
		39.437335968017578
	],
	"end" : 15.263889312744141,
	"labels" : 
	[
		"Break",
		"Prep",
		"Scan",
		"Break",
		"Scan",
		"Break",
		"Break",
		"Scan",
		"Scan",
		"Prep",
		"Scan",
		"Dead"
	],
	"start" : 15.030278205871582
}