{
	"data" : 
	[
		0.56154835224151611,
		0.6046987771987915,
		2.1594479084014893,
		0.6046987771987915,
		4.3190436363220215,
		0.043298684060573578,
		0.7341499924659729,
		7.1696395874023438,
		0.0431504026055336,
		0.17274989187717438,
		2.5050957202911377,
		1.3821474313735962,
		12.870830535888672,
		0.34549978375434875,
		9.0700368881225586,
		0.0863008052110672,
		0.6046987771987915,
		0.0431504026055336,
		8.6382360458374023,
		4.6213932037353516,
		0.0431504026055336,
		0.99334895610809326,
		8.638087272644043,
		0.043298684060573578,
		0.34549978375434875,
		0.47509926557540894,
		0.0431504026055336,
		13.345930099487305,
		19.392621994018555
	],
	"end" : 12.737222671508789,
	"labels" : 
	[
		"Prep",
		"Scan",
		"Break",
		"Prep",
		"Scan",
		"Break",
		"Prep",
		"Scan",
		"Break",
		"Prep",
		"Break",
		"Prep",
		"Scan",
		"Prep",
		"Scan",
		"Prep",
		"Break",
		"Prep",
		"Scan",
		"Break",
		"Prep",
		"Break",
		"Scan",
		"Break",
		"Prep",
		"Break",
		"Prep",
		"Scan",
		"Dead"
	],
	"start" : 12.094721794128418
}