{
	"data" : 
	[
		1.3685575723648071,
		1.3685575723648071,
		2.2481527328491211,
		1.4662157297134399,
		7.1357622146606445,
		1.6618678569793701,
		16.421684265136719,
		0.097993820905685425,
		3.1277480125427246,
		29.12933349609375,
		0.78193700313568115,
		16.031051635742188,
		0.78193700313568115,
		13.880220413208008,
		4.3989830017089844
	],
	"end" : 15.030278205871582,
	"labels" : 
	[
		"Prep",
		"Scan",
		"Break",
		"Prep",
		"Scan",
		"Prep",
		"Scan",
		"Break",
		"Prep",
		"Scan",
		"Prep",
		"Scan",
		"Prep",
		"Scan",
		"Dead"
	],
	"start" : 14.74638843536377
}