{
	"data" : 
	[
		0.71339643001556396,
		0.49976947903633118,
		1.1416302919387817,
		0.64186084270477295,
		2.3547964096069336,
		3.2827997207641602,
		0.49927952885627747,
		17.482622146606445,
		1.2842116355895996,
		1.2847015857696533,
		0.99904900789260864,
		0.071045666933059692,
		12.344796180725098,
		0.071535632014274597,
		0.071045666933059692,
		0.071535632014274597,
		12.344796180725098,
		0.85646766424179077,
		0.071045666933059692,
		0.071535632014274597,
		0.071535632014274597,
		14.128287315368652,
		0.071535632014274597,
		0.57081514596939087,
		0.071535632014274597,
		17.125434875488281,
		0.49976947903633118,
		0.57081514596939087,
		10.632350921630859
	],
	"end" : 18.822778701782227,
	"labels" : 
	[
		"Prep",
		"Scan",
		"Break",
		"Prep",
		"Scan",
		"Break",
		"Prep",
		"Scan",
		"Break",
		"Prep",
		"Break",
		"Prep",
		"Scan",
		"Break",
		"Break",
		"Prep",
		"Scan",
		"Break",
		"Prep",
		"Break",
		"Prep",
		"Scan",
		"Prep",
		"Break",
		"Prep",
		"Scan",
		"Break",
		"Prep",
		"Scan"
	],
	"start" : 18.433889389038086
}