{
	"data" : 
	[
		0.20169156789779663,
		0.40348207950592041,
		0.7925187349319458,
		2.9394924640655518,
		0.82135999202728271,
		0.41787797212600708,
		4.4812922477722168,
		0.014395940117537975,
		0.11526644974946976,
		1.3977417945861816,
		0.072029165923595428,
		0.014395940117537975,
		0.043237287551164627,
		0.46111530065536499,
		0.11526644974946976,
		1.8444117307662964,
		1.426484227180481,
		0.18734510242938995,
		0.11526644974946976,
		2.9683339595794678,
		0.028841350227594376,
		0.043187819421291351,
		3.6599822044372559,
		0.25937426090240479,
		1.1095261573791504,
		0.014395940117537975,
		0.057633224874734879,
		3.7464568614959717,
		0.043237287551164627,
		0.057633224874734879,
		2.478377103805542,
		0.30261155962944031,
		0.24497832357883453,
		0.27377018332481384,
		0.23053289949893951,
		0.21613696217536926,
		0.27377018332481384,
		1.3832964897155762,
		0.20174103975296021,
		0.014395940117537975,
		3.1700749397277832,
		0.80691468715667725,
		0.18734510242938995,
		0.043237287551164627,
		3.9625442028045654,
		0.1008705198764801,
		0.028841350227594376,
		3.0836002826690674,
		0.014395940117537975,
		0.18729563057422638,
		2.4928226470947266,
		0.1008705198764801,
		0.014395940117537975,
		2.0893900394439697,
		0.27377018332481384,
		2.0749447345733643,
		2.881859302520752,
		0.11526644974946976,
		4.4813418388366699,
		0.028791880235075951,
		1.8300157785415649,
		0.014395940117537975,
		0.043237287551164627,
		1.3976923227310181,
		0.90778517723083496,
		0.072029165923595428,
		0.043237287551164627,
		1.8300157785415649,
		34.150135040283203
	],
	"end" : 14.329166412353516,
	"labels" : 
	[
		"Prep",
		"Scan",
		"Break",
		"Scan",
		"Break",
		"Prep",
		"Scan",
		"Break",
		"Prep",
		"Scan",
		"Break",
		"Prep",
		"Scan",
		"Break",
		"Prep",
		"Scan",
		"Scan",
		"Break",
		"Prep",
		"Scan",
		"Break",
		"Prep",
		"Scan",
		"Prep",
		"Scan",
		"Break",
		"Prep",
		"Scan",
		"Prep",
		"Break",
		"Scan",
		"Break",
		"Prep",
		"Scan",
		"Break",
		"Prep",
		"Scan",
		"Break",
		"Prep",
		"Break",
		"Scan",
		"Break",
		"Prep",
		"Break",
		"Scan",
		"Prep",
		"Break",
		"Scan",
		"Break",
		"Prep",
		"Scan",
		"Break",
		"Prep",
		"Scan",
		"Prep",
		"Scan",
		"Break",
		"Prep",
		"Scan",
		"Prep",
		"Scan",
		"Break",
		"Prep",
		"Scan",
		"Scan",
		"Break",
		"Prep",
		"Scan",
		"Dead"
	],
	"start" : 12.40333366394043
}