{
	"data" : 
	[
		0.12294916808605194,
		0.23709473013877869,
		0.72889143228530884,
		0.06147458404302597,
		1.66849684715271,
		0.33372348546981812,
		0.15807320177555084,
		0.63226264715194702,
		0.72008782625198364,
		0.026350559666752815,
		0.21954777836799622,
		0.026350559666752815,
		0.86058390140533447,
		0.32491987943649292,
		0.15807320177555084,
		2.7310817241668701,
		0.45667263865470886,
		0.008773469366133213,
		1.9143952131271362,
		0.12294916808605194,
		0.026350559666752815,
		0.96595603227615356,
		0.017577089369297028,
		1.5982488393783569,
		0.0088036190718412399,
		1.6948474645614624,
		84.075469970703125
	],
	"end" : 18.433889389038086,
	"labels" : 
	[
		"Prep",
		"Scan",
		"Break",
		"Prep",
		"Scan",
		"Break",
		"Prep",
		"Scan",
		"Break",
		"Prep",
		"Break",
		"Prep",
		"Scan",
		"Break",
		"Prep",
		"Scan",
		"Break",
		"Prep",
		"Scan",
		"Break",
		"Prep",
		"Scan",
		"Prep",
		"Scan",
		"Prep",
		"Scan",
		"Dead"
	],
	"start" : 15.27388858795166
}