{
	"data" : 
	[
		0.28273022174835205,
		0.60883677005767822,
		2.0223386287689209,
		0.28273022174835205,
		4.3709330558776855,
		0.10870219022035599,
		0.39143240451812744,
		6.1539921760559082,
		0.32625588774681091,
		0.021725507453083992,
		0.10870219022035599,
		0.39143240451812744,
		0.021725507453083992,
		1.6961574554443359,
		0.39143240451812744,
		0.021800164133310318,
		0.043451014906167984,
		0.30445572733879089,
		0.021725507453083992,
		2.6965012550354004,
		0.021725507453083992,
		2.1093153953552246,
		0.021800164133310318,
		2.8052034378051758,
		0.28265556693077087,
		2.6095244884490967,
		0.065251179039478302,
		1.7613339424133301,
		0.043525673449039459,
		0.69588816165924072,
		0.021725507453083992,
		3.3488638401031494,
		0.043451014906167984,
		0.043525673449039459,
		5.1319975852966309,
		13.786811828613281,
		3.0226078033447266,
		0.65236246585845947,
		2.26161789894104,
		0.021725507453083992,
		0.021725507453083992,
		4.3926587104797363,
		14.221695899963379,
		0.065251179039478302,
		6.762904167175293,
		0.021800164133310318,
		0.39143240451812744,
		2.5659987926483154,
		0.065176516771316528,
		2.0875897407531738,
		0.021800164133310318,
		1.3481758832931519,
		8.9158201217651367
	],
	"end" : 12.40333366394043,
	"labels" : 
	[
		"Prep",
		"Scan",
		"Break",
		"Prep",
		"Scan",
		"Break",
		"Prep",
		"Scan",
		"Break",
		"Prep",
		"Scan",
		"Break",
		"Prep",
		"Scan",
		"Break",
		"Prep",
		"Scan",
		"Break",
		"Scan",
		"Break",
		"Prep",
		"Scan",
		"Prep",
		"Scan",
		"Prep",
		"Scan",
		"Prep",
		"Scan",
		"Prep",
		"Break",
		"Prep",
		"Scan",
		"Break",
		"Prep",
		"Scan",
		"Break",
		"Scan",
		"Break",
		"Scan",
		"Break",
		"Prep",
		"Scan",
		"Break",
		"Prep",
		"Scan",
		"Break",
		"Prep",
		"Scan",
		"Prep",
		"Scan",
		"Break",
		"Scan",
		"Dead"
	],
	"start" : 11.127222061157227
}