{
	"data" : 
	[
		0.47004622220993042,
		1.1748634576797485,
		0.64622533321380615,
		0.49939256906509399,
		1.4980769157409668,
		0.44059902429580688,
		1.5567697286605835,
		0.38190627098083496,
		1.5274233818054199,
		0.41125261783599854,
		3.1723332405090332,
		0.08813997358083725,
		0.49929177761077881,
		6.4035606384277344,
		0.029346374794840813,
		0.08813997358083725,
		0.29366543889045715,
		1.2924506664276123,
		0.058793600648641586,
		6.8147125244140625,
		0.029346374794840813,
		0.058692749589681625,
		2.4087221622467041,
		1.6449096202850342,
		0.20562630891799927,
		0.14683271944522858,
		0.029346374794840813,
		0.29376628994941711,
		0.029346374794840813,
		0.14693357050418854,
		0.08813997358083725,
		2.0267150402069092,
		0.20562630891799927,
		1.4980769157409668,
		0.99868440628051758,
		6.8147125244140625,
		0.029346374794840813,
		0.20562630891799927,
		0.41125261783599854,
		0.14683271944522858,
		0.08813997358083725,
		0.49939256906509399,
		1.1749643087387085,
		0.46994537115097046,
		0.029346374794840813,
		2.8786675930023193,
		0.029346374794840813,
		0.64622533321380615,
		5.4341216087341309,
		0.029447220265865326,
		0.23497268557548523,
		5.4047751426696777,
		0.058692749589681625,
		3.7598655223846436,
		0.32311266660690308,
		0.029346374794840813,
		5.9922070503234863,
		0.029447220265865326,
		0.058692749589681625,
		1.9680224657058716,
		25.995744705200195
	],
	"end" : 15.27388858795166,
	"labels" : 
	[
		"Prep",
		"Scan",
		"Break",
		"Prep",
		"Scan",
		"Break",
		"Scan",
		"Prep",
		"Scan",
		"Break",
		"Scan",
		"Break",
		"Prep",
		"Scan",
		"Break",
		"Prep",
		"Scan",
		"Break",
		"Prep",
		"Scan",
		"Break",
		"Prep",
		"Scan",
		"Break",
		"Prep",
		"Break",
		"Prep",
		"Break",
		"Prep",
		"Break",
		"Prep",
		"Break",
		"Prep",
		"Break",
		"Prep",
		"Scan",
		"Break",
		"Prep",
		"Break",
		"Prep",
		"Break",
		"Prep",
		"Scan",
		"Break",
		"Prep",
		"Scan",
		"Break",
		"Prep",
		"Scan",
		"Break",
		"Prep",
		"Scan",
		"Break",
		"Scan",
		"Break",
		"Prep",
		"Scan",
		"Break",
		"Prep",
		"Scan",
		"Dead"
	],
	"start" : 14.329166412353516
}