{
	"data" : 
	[
		0.50284463167190552,
		0.90521246194839478,
		0.53633695840835571,
		0.033492282032966614,
		0.70402848720550537,
		4.9949541091918945,
		0.13408423960208893,
		0.40236780047416687,
		0.93858957290649414,
		1.7768175601959229,
		0.23467616736888885,
		5.9000511169433594,
		0.73752081394195557,
		0.033492282032966614,
		1.1398885250091553,
		0.23467616736888885,
		0.23467616736888885,
		8.2132062911987305,
		0.97219699621200562,
		0.23467616736888885,
		4.2239408493041992,
		0.93858957290649414,
		0.77112817764282227,
		2.4807307720184326,
		0.43574497103691101,
		7.4421920776367188,
		0.033607378602027893,
		0.26816847920417786,
		0.90509730577468872,
		1.5756336450576782,
		0.23467616736888885,
		4.2239408493041992,
		0.23467616736888885,
		7.4421920776367188,
		0.16757652163505554,
		0.033607378602027893,
		8.2132062911987305,
		31.411502838134766
	],
	"end" : 11.127222061157227,
	"labels" : 
	[
		"Prep",
		"Scan",
		"Break",
		"Prep",
		"Scan",
		"Break",
		"Break",
		"Prep",
		"Scan",
		"Break",
		"Prep",
		"Scan",
		"Break",
		"Prep",
		"Scan",
		"Break",
		"Prep",
		"Scan",
		"Break",
		"Prep",
		"Scan",
		"Break",
		"Scan",
		"Break",
		"Prep",
		"Scan",
		"Break",
		"Prep",
		"Scan",
		"Break",
		"Prep",
		"Scan",
		"Prep",
		"Scan",
		"Break",
		"Prep",
		"Scan",
		"Dead"
	],
	"start" : 10.299444198608398
}