{
	"data" : 
	[
		0.39815452694892883,
		0.94108116626739502,
		1.0135294198989868,
		0.50664043426513672,
		0.61537492275238037,
		1.1944636106491089,
		3.0766260623931885,
		0.65153688192367554,
		2.316478967666626,
		0.036286242306232452,
		0.28954431414604187,
		0.07232394814491272,
		0.03616197407245636,
		4.2710895538330078,
		1.0496914386749268,
		0.90491920709609985,
		3.0766260623931885,
		0.03616197407245636,
		6.8772373199462891,
		0.03616197407245636,
		0.54292672872543335,
		5.3932290077209473,
		66.563758850097656
	],
	"end" : 10.299444198608398,
	"labels" : 
	[
		"Prep",
		"Scan",
		"Break",
		"Prep",
		"Scan",
		"Break",
		"Scan",
		"Prep",
		"Scan",
		"Break",
		"Prep",
		"Break",
		"Prep",
		"Scan",
		"Break",
		"Prep",
		"Scan",
		"Break",
		"Scan",
		"Break",
		"Prep",
		"Scan",
		"Dead"
	],
	"start" : 9.5327777862548828
}