{
	"data" : 
	[
		2.5954406261444092,
		0.70783275365829468,
		0.84943169355392456,
		4.011106014251709,
		0.70783275365829468,
		2.9257841110229492,
		0.51908814907073975,
		0.047145642340183258,
		2.0292067527770996,
		0.75497835874557495,
		0.047145642340183258,
		2.9257841110229492,
		3.6336169242858887,
		0.66068708896636963,
		4.011106014251709,
		5.1907196044921875,
		4.1053972244262695,
		4.4359030723571777,
		0.75497835874557495,
		3.9641225337982178,
		4.7187767028808594,
		5.5683703422546387,
		5.8985519409179688,
		0.66068708896636963,
		4.7660846710205078,
		6.3233489990234375,
		27.086875915527344
	],
	"end" : 16.447221755981445,
	"labels" : 
	[
		"Prep",
		"Prep",
		"Scan",
		"Break",
		"Prep",
		"Scan",
		"Break",
		"Prep",
		"Scan",
		"Break",
		"Prep",
		"Scan",
		"Break",
		"Prep",
		"Break",
		"Scan",
		"Break",
		"Scan",
		"Prep",
		"Break",
		"Scan",
		"Break",
		"Scan",
		"Prep",
		"Break",
		"Scan",
		"Dead"
	],
	"start" : 15.84333324432373
}