{
	"data" : 
	[
		0.71288144588470459,
		1.3307991027832031,
		2.2812533378601074,
		0.66539955139160156,
		7.604123592376709,
		0.90297234058380127,
		9.4102306365966797,
		0.047481920570135117,
		10.978602409362793,
		10.645902633666992,
		0.1900908499956131,
		0.1900908499956131,
		11.026084899902344,
		0.047481920570135117,
		0.095127008855342865,
		3.1842257976531982,
		0.094963841140270233,
		11.50139331817627,
		5.275388240814209,
		23.715505599975586
	],
	"end" : 10.058610916137695,
	"labels" : 
	[
		"Prep",
		"Scan",
		"Break",
		"Prep",
		"Scan",
		"Prep",
		"Scan",
		"Prep",
		"Scan",
		"Scan",
		"Break",
		"Prep",
		"Scan",
		"Break",
		"Prep",
		"Scan",
		"Prep",
		"Scan",
		"Scan",
		"Dead"
	],
	"start" : 9.4747219085693359
}