{
	"data" : 
	[
		0.38017651438713074,
		0.76035302877426147,
		0.8417394757270813,
		0.21721707284450531,
		5.132103443145752,
		0.081479713320732117,
		0.48878505825996399,
		6.4083700180053711,
		0.027128828689455986,
		7.3044600486755371,
		0.027222055941820145,
		7.3858470916748047,
		0.10860853642225266,
		0.24443913996219635,
		6.2997617721557617,
		0.027128828689455986,
		0.054350882768630981,
		1.9821759462356567,
		0.054350882768630981,
		6.7070670127868652,
		0.027128828689455986,
		7.3315896987915039,
		0.38017651438713074,
		6.7614173889160156,
		40.866924285888672
	],
	"end" : 11.08055591583252,
	"labels" : 
	[
		"Prep",
		"Scan",
		"Break",
		"Prep",
		"Scan",
		"Break",
		"Prep",
		"Scan",
		"Prep",
		"Scan",
		"Prep",
		"Scan",
		"Break",
		"Prep",
		"Scan",
		"Break",
		"Prep",
		"Scan",
		"Prep",
		"Scan",
		"Prep",
		"Scan",
		"Break",
		"Scan",
		"Dead"
	],
	"start" : 10.058610916137695
}