{
	"data" : 
	[
		0.34775537252426147,
		0.25289326906204224,
		0.94840401411056519,
		0.79037284851074219,
		0.28447777032852173,
		0.94840401411056519,
		1.9600856304168701,
		0.28458631038665771,
		2.97165846824646,
		2.9084897041320801,
		0.44261744618415833,
		3.6040005683898926,
		4.0149250030517578,
		0.28458631038665771,
		1.9283925294876099,
		0.50578653812408447,
		1.9917786121368408,
		2.4974565505981445,
		1.9916701316833496,
		2.0865323543548584,
		2.1498098373413086,
		2.2445633411407471,
		9.6105947494506836,
		2.2446718215942383,
		9.6105947494506836,
		0.66392624378204346,
		2.2129788398742676,
		0.6638176441192627,
		2.2762563228607178,
		2.97165846824646,
		0.12644663453102112,
		2.2445633411407471,
		0.1580311506986618,
		2.2446718215942383,
		2.4974565505981445,
		26.935085296630859
	],
	"end" : 15.09416675567627,
	"labels" : 
	[
		"Prep",
		"Break",
		"Scan",
		"Break",
		"Prep",
		"Scan",
		"Break",
		"Prep",
		"Break",
		"Scan",
		"Prep",
		"Break",
		"Scan",
		"Prep",
		"Break",
		"Scan",
		"Break",
		"Prep",
		"Break",
		"Break",
		"Prep",
		"Prep",
		"Scan",
		"Prep",
		"Scan",
		"Prep",
		"Break",
		"Scan",
		"Break",
		"Prep",
		"Prep",
		"Break",
		"Scan",
		"Break",
		"Prep",
		"Dead"
	],
	"start" : 14.190278053283691
}