{
	"data" : 
	[
		4.4874186515808105,
		8.3751459121704102,
		12.262872695922852,
		9.2705755233764648,
		65.503990173339844
	],
	"end" : 16.540000915527344,
	"labels" : 
	[
		"Prep",
		"Scan",
		"Break",
		"Prep",
		"Scan"
	],
	"start" : 16.447221755981445
}