{
	"data" : 
	[
		0.55560898780822754,
		1.0372046232223511,
		1.1112179756164551,
		0.51847511529922485,
		7.5194797515869141,
		0.037006687372922897,
		0.037006687372922897,
		2.2224359512329102,
		0.29643502831459045,
		9.5936346054077148,
		0.037006687372922897,
		0.666756272315979,
		2.815051794052124,
		0.25930115580558777,
		0.33344170451164246,
		6.7784557342529297,
		0.03713386133313179,
		0.11114723980426788,
		7.8526668548583984,
		0.074140548706054688,
		9.1861791610717773,
		0.037006687372922897,
		3.5929551124572754,
		16.779672622680664,
		0.14815393090248108,
		7.8156604766845703,
		0.03713386133313179,
		2.2965767383575439,
		18.113056182861328
	],
	"end" : 15.84333324432373,
	"labels" : 
	[
		"Prep",
		"Scan",
		"Break",
		"Prep",
		"Scan",
		"Break",
		"Prep",
		"Break",
		"Prep",
		"Scan",
		"Break",
		"Prep",
		"Scan",
		"Break",
		"Prep",
		"Scan",
		"Break",
		"Prep",
		"Scan",
		"Prep",
		"Scan",
		"Prep",
		"Scan",
		"Break",
		"Prep",
		"Scan",
		"Break",
		"Scan",
		"Dead"
	],
	"start" : 15.09416675567627
}