{
	"data" : 
	[
		0.11486425995826721,
		0.20882780849933624,
		0.26106163859367371,
		0.20882780849933624,
		0.36549347639083862,
		0.083531126379966736,
		1.5976314544677734,
		0.55345648527145386,
		2.0466561317443848,
		0.093963555991649628,
		0.093999408185482025,
		0.14619739353656769,
		1.9317916631698608,
		0.010432428680360317,
		1.2321736812591553,
		0.010432428680360317,
		0.76228427886962891,
		2.7567422389984131,
		0.05219799280166626,
		0.010432428680360317,
		2.0571243762969971,
		6.8187212944030762,
		0.11486425995826721,
		0.073098696768283844,
		0.62651926279067993,
		0.10443183779716492,
		0.30279135704040527,
		0.073098696768283844,
		0.93981480598449707,
		0.093963555991649628,
		0.29239478707313538,
		0.020864857360720634,
		1.0859763622283936,
		1.4514697790145874,
		0.031333137303590775,
		0.073098696768283844,
		1.4827672243118286,
		0.010468278080224991,
		0.18792711198329926,
		0.083566978573799133,
		0.073098696768283844,
		0.30279135704040527,
		0.010468278080224991,
		0.56385302543640137,
		0.073098696768283844,
		1.0755438804626465,
		0.020900705829262733,
		0.12529668211936951,
		0.010432428680360317,
		0.062666274607181549,
		0.27149409055709839,
		0.010432428680360317,
		0.020900705829262733,
		2.3494832515716553,
		0.093963555991649628,
		0.10443183779716492,
		0.72051870822906494,
		0.92934650182723999,
		0.041765563189983368,
		0.16706225275993347,
		0.010432428680360317,
		1.6185320615768433,
		0.020900705829262733,
		0.083531126379966736,
		1.5976673364639282,
		61.076099395751953
	],
	"end" : 13.741110801696777,
	"labels" : 
	[
		"Prep",
		"Scan",
		"Break",
		"Scan",
		"Break",
		"Prep",
		"Scan",
		"Break",
		"Scan",
		"Break",
		"Prep",
		"Break",
		"Scan",
		"Prep",
		"Scan",
		"Break",
		"Prep",
		"Scan",
		"Break",
		"Prep",
		"Scan",
		"Break",
		"Prep",
		"Break",
		"Scan",
		"Break",
		"Prep",
		"Break",
		"Scan",
		"Break",
		"Prep",
		"Break",
		"Break",
		"Scan",
		"Prep",
		"Break",
		"Scan",
		"Break",
		"Prep",
		"Break",
		"Break",
		"Scan",
		"Break",
		"Break",
		"Break",
		"Scan",
		"Prep",
		"Break",
		"Prep",
		"Break",
		"Scan",
		"Break",
		"Prep",
		"Scan",
		"Break",
		"Prep",
		"Break",
		"Scan",
		"Prep",
		"Break",
		"Prep",
		"Scan",
		"Prep",
		"Break",
		"Scan",
		"Dead"
	],
	"start" : 11.08055591583252
}