{
	"data" : 
	[
		0.92670077085494995,
		1.6682311296463013,
		2.7801024913787842,
		0.92670077085494995,
		7.4755420684814453,
		0.061723493039608002,
		1.0503599643707275,
		6.3634586334228516,
		0.061723493039608002,
		5.0659928321838379,
		0.061723493039608002,
		0.4944242537021637,
		14.64204216003418,
		0.18538258969783783,
		6.7340121269226074,
		0.061723493039608002,
		6.2400116920471191,
		0.061723493039608002,
		5.2513751983642578,
		0.061723493039608002,
		7.5372657775878906,
		0.24731819331645966,
		0.061723493039608002,
		4.7571630477905273,
		27.121854782104492
	],
	"end" : 14.190278053283691,
	"labels" : 
	[
		"Prep",
		"Scan",
		"Break",
		"Prep",
		"Scan",
		"Break",
		"Prep",
		"Scan",
		"Break",
		"Scan",
		"Break",
		"Prep",
		"Scan",
		"Prep",
		"Scan",
		"Break",
		"Scan",
		"Prep",
		"Scan",
		"Prep",
		"Scan",
		"Break",
		"Prep",
		"Scan",
		"Dead"
	],
	"start" : 13.741110801696777
}