{
	"data" : 
	[
		0.60732471942901611,
		0.47716242074966431,
		0.34700015187263489,
		0.043486714363098145,
		0.91083818674087524,
		0.86764931678771973,
		0.60717582702636719,
		0.65081143379211426,
		1.8218251466751099,
		0.65066254138946533,
		5.6391243934631348,
		0.043337784707546234,
		0.21698677539825439,
		5.1619620323181152,
		0.043337784707546234,
		0.043486714363098145,
		0.043337784707546234,
		3.7739617824554443,
		0.043337784707546234,
		2.0821497440338135,
		0.56383800506591797,
		0.043486714363098145,
		5.7258000373840332,
		0.95432484149932861,
		4.9017863273620605,
		27.458433151245117,
		0.17350007593631744,
		0.043337784707546234,
		6.463287353515625,
		0.043486714363098145,
		0.1300133615732193,
		0.30366235971450806,
		11.53857421875,
		17.481510162353516
	],
	"end" : 13.522222518920898,
	"labels" : 
	[
		"Prep",
		"Scan",
		"Break",
		"Prep",
		"Scan",
		"Break",
		"Prep",
		"Scan",
		"Break",
		"Prep",
		"Scan",
		"Prep",
		"Break",
		"Scan",
		"Break",
		"Break",
		"Prep",
		"Scan",
		"Break",
		"Prep",
		"Break",
		"Prep",
		"Scan",
		"Prep",
		"Scan",
		"Break",
		"Prep",
		"Break",
		"Scan",
		"Break",
		"Prep",
		"Break",
		"Scan",
		"Dead"
	],
	"start" : 12.882499694824219
}