{
	"data" : 
	[
		0.48213350772857666,
		0.37880229949951172,
		0.37880229949951172,
		0.72320026159286499,
		2.5138804912567139,
		2.0661513805389404,
		4.7866940498352051,
		0.034404326230287552,
		4.0978984832763672,
		0.034404326230287552,
		3.8913540840148926,
		0.034404326230287552,
		5.4065632820129395,
		1.1708112955093384,
		5.6820344924926758,
		3.960162878036499,
		0.068926885724067688,
		4.7865762710571289,
		0.068926885724067688,
		5.6820344924926758,
		53.651832580566406
	],
	"end" : 9.7202777862548828,
	"labels" : 
	[
		"Prep",
		"Scan",
		"Break",
		"Scan",
		"Break",
		"Prep",
		"Scan",
		"Prep",
		"Scan",
		"Prep",
		"Scan",
		"Prep",
		"Scan",
		"Prep",
		"Scan",
		"Break",
		"Prep",
		"Scan",
		"Prep",
		"Scan",
		"Dead"
	],
	"start" : 8.9144439697265625
}