{
	"data" : 
	[
		0.70038610696792603,
		0.70038610696792603,
		1.5507078170776367,
		0.40017157793045044,
		3.5519094467163086,
		0.90030020475387573,
		7.3037323951721191,
		0.80034315586090088,
		13.95688533782959,
		0.40051507949829102,
		8.4039468765258789,
		0.40017157793045044,
		7.7039041519165039,
		7.2535820007324219,
		7.7039041519165039,
		0.10030051320791245,
		0.40017157793045044,
		15.857787132263184,
		21.810897827148438
	],
	"end" : 16.441110610961914,
	"labels" : 
	[
		"Prep",
		"Scan",
		"Break",
		"Prep",
		"Scan",
		"Prep",
		"Scan",
		"Prep",
		"Scan",
		"Prep",
		"Scan",
		"Prep",
		"Scan",
		"Break",
		"Scan",
		"Break",
		"Prep",
		"Scan",
		"Dead"
	],
	"start" : 15.886388778686523
}