{
	"data" : 
	[
		1.3889474868774414,
		0.59536051750183105,
		2.7778949737548828,
		0.098772630095481873,
		1.6866277456283569,
		3.6709358692169189,
		2.5789873600006104,
		14.186474800109863,
		2.9761216640472412,
		0.1982264369726181,
		9.8214054107666016,
		0.099453829228878021,
		0.099453829228878021,
		10.713765144348145,
		0.099453829228878021,
		0.1982264369726181,
		9.8214054107666016,
		38.88848876953125
	],
	"end" : 16.720832824707031,
	"labels" : 
	[
		"Prep",
		"Scan",
		"Break",
		"Prep",
		"Scan",
		"Break",
		"Prep",
		"Scan",
		"Break",
		"Prep",
		"Scan",
		"Break",
		"Prep",
		"Scan",
		"Break",
		"Prep",
		"Scan",
		"Dead"
	],
	"start" : 16.441110610961914
}