{
	"data" : 
	[
		0.58359271287918091,
		1.6977740526199341,
		3.0239720344543457,
		0.47758430242538452,
		0.37139374017715454,
		8.1701164245605469,
		0.47758430242538452,
		0.47740218043327332,
		0.37139374017715454,
		6.2073211669921875,
		0.053004208952188492,
		1.9099730253219604,
		7.958099365234375,
		1.2201895713806152,
		0.37139374017715454,
		2.2281804084777832,
		0.53058850765228271,
		1.4323886632919312,
		2.2281804084777832,
		0.10619056969881058,
		26.261491775512695,
		1.4855749607086182,
		0.37139374017715454,
		3.4483702182769775,
		28.436847686767578
	],
	"end" : 10.65333366394043,
	"labels" : 
	[
		"Prep",
		"Scan",
		"Break",
		"Prep",
		"Break",
		"Scan",
		"Break",
		"Prep",
		"Break",
		"Scan",
		"Break",
		"Prep",
		"Scan",
		"Prep",
		"Break",
		"Scan",
		"Break",
		"Prep",
		"Break",
		"Prep",
		"Scan",
		"Prep",
		"Break",
		"Scan",
		"Dead"
	],
	"start" : 10.130277633666992
}