{
	"data" : 
	[
		1.0097551345825195,
		0.94249975681304932,
		3.0966360569000244,
		0.067370936274528503,
		4.914149284362793,
		0.067370936274528503,
		1.1443814039230347,
		10.770913124084473,
		0.067255370318889618,
		1.6156313419342041,
		5.4527702331542969,
		5.789393424987793,
		0.94238418340682983,
		0.94249975681304932,
		2.7600128650665283,
		1.1443814039230347,
		19.993452072143555,
		0.067255370318889618,
		0.47124987840652466,
		11.848039627075195,
		0.53850525617599487,
		9.5592765808105469,
		16.694816589355469
	],
	"end" : 8.2038888931274414,
	"labels" : 
	[
		"Prep",
		"Scan",
		"Break",
		"Prep",
		"Scan",
		"Break",
		"Prep",
		"Scan",
		"Break",
		"Prep",
		"Scan",
		"Break",
		"Prep",
		"Scan",
		"Break",
		"Prep",
		"Scan",
		"Break",
		"Prep",
		"Scan",
		"Break",
		"Scan",
		"Dead"
	],
	"start" : 7.7916665077209473
}