{
	"data" : 
	[
		1.7374727725982666,
		2.3578164577484131,
		5.7083525657653809,
		7.6946444511413574,
		0.12440953403711319,
		12.03704833984375,
		0.12440953403711319,
		7.6937923431396484,
		1.8618824481964111,
		1.6130632162094116,
		0.12440953403711319,
		12.03704833984375,
		46.785652160644531
	],
	"end" : 16.94444465637207,
	"labels" : 
	[
		"Prep",
		"Scan",
		"Break",
		"Scan",
		"Break",
		"Scan",
		"Prep",
		"Scan",
		"Break",
		"Prep",
		"Break",
		"Scan",
		"Dead"
	],
	"start" : 16.720832824707031
}