{
	"data" : 
	[
		0.6603732705116272,
		0.99039798974990845,
		0.84886628389358521,
		0.80190497636795044,
		0.047285187989473343,
		0.70733463764190674,
		0.80190497636795044,
		0.7546197772026062,
		2.783024787902832,
		0.047285187989473343,
		4.5750041007995605,
		0.047285187989473343,
		2.8299860954284668,
		0.047285187989473343,
		4.4334721565246582,
		0.047285187989473343,
		0.70733463764190674,
		0.094570375978946686,
		0.046961318701505661,
		4.1507325172424316,
		0.047285187989473343,
		0.047285187989473343,
		5.0468845367431641,
		0.046961318701505661,
		3.4433982372283936,
		0.046961318701505661,
		0.33034858107566833,
		4.4334721565246582,
		0.94343668222427368,
		9.9522371292114258,
		0.70765846967697144,
		2.4053912162780762,
		8.254180908203125,
		0.37763378024101257,
		0.56580287218093872,
		0.6603732705116272,
		1.3207465410232544,
		2.8772711753845215,
		0.046961318701505661,
		0.80190497636795044,
		6.4145922660827637,
		0.047285187989473343,
		0.7546197772026062,
		12.074888229370117,
		0.047285187989473343,
		0.3773098886013031,
		6.6034088134765625,
		0.046961318701505661,
		0.094570375978946686,
		5.6599721908569336
	],
	"end" : 18.450555801391602,
	"labels" : 
	[
		"Prep",
		"Scan",
		"Prep",
		"Scan",
		"Break",
		"Prep",
		"Scan",
		"Prep",
		"Scan",
		"Break",
		"Scan",
		"Prep",
		"Scan",
		"Break",
		"Scan",
		"Break",
		"Prep",
		"Break",
		"Prep",
		"Scan",
		"Prep",
		"Break",
		"Scan",
		"Prep",
		"Scan",
		"Break",
		"Prep",
		"Scan",
		"Prep",
		"Scan",
		"Prep",
		"Scan",
		"Break",
		"Break",
		"Prep",
		"Scan",
		"Break",
		"Scan",
		"Break",
		"Prep",
		"Scan",
		"Break",
		"Prep",
		"Scan",
		"Break",
		"Prep",
		"Scan",
		"Break",
		"Prep",
		"Scan"
	],
	"start" : 17.862222671508789
}