{
	"data" : 
	[
		1.0901556015014648,
		1.0901556015014648,
		2.8809726238250732,
		0.62286967039108276,
		6.8521008491516113,
		1.3237984180450439,
		12.76962947845459,
		0.077791877090930939,
		1.4793821573257446,
		23.125839233398438,
		0.077791877090930939,
		0.62286967039108276,
		13.626409530639648,
		0.077791877090930939,
		11.368306159973145,
		22.814138412475586
	],
	"end" : 15.886388778686523,
	"labels" : 
	[
		"Prep",
		"Scan",
		"Break",
		"Prep",
		"Scan",
		"Prep",
		"Scan",
		"Break",
		"Prep",
		"Scan",
		"Break",
		"Prep",
		"Scan",
		"Break",
		"Scan",
		"Dead"
	],
	"start" : 15.529999732971191
}