{
	"data" : 
	[
		0.74451661109924316,
		1.2859410047531128,
		2.2335498332977295,
		2.2335498332977295,
		0.067619957029819489,
		0.067852325737476349,
		0.47357204556465149,
		1.4214133024215698,
		3.3163986206054688,
		1.5568856000900269,
		0.067619957029819489,
		0.067619957029819489,
		0.067619957029819489,
		0.067852325737476349,
		0.47380441427230835,
		1.1504687070846558,
		0.9476088285446167,
		1.2183210849761963,
		0.47380441427230835,
		4.331627368927002,
		0.067619957029819489,
		2.3690221309661865,
		10.152520179748535,
		1.2859410047531128,
		0.47380441427230835,
		7.0389814376831055,
		0.13523991405963898,
		0.47380441427230835,
		1.2183210849761963,
		7.0389814376831055,
		0.47380441427230835,
		0.33856451511383057,
		1.6918931007385254,
		0.47380441427230835,
		1.2183210849761963,
		0.067619957029819489,
		1.1507011651992798,
		1.1507011651992798,
		0.067619957029819489,
		1.1507011651992798,
		1.2180887460708618,
		0.067852325737476349,
		1.1504687070846558,
		1.1507011651992798,
		0.60904437303543091,
		1.6921254396438599,
		0.47380441427230835,
		1.1507011651992798,
		0.60904437303543091,
		1.6921254396438599,
		0.47380441427230835,
		6.6327972412109375,
		22.673830032348633
	],
	"end" : 10.130277633666992,
	"labels" : 
	[
		"Prep",
		"Scan",
		"Break",
		"Prep",
		"Break",
		"Prep",
		"Break",
		"Scan",
		"Break",
		"Prep",
		"Break",
		"Prep",
		"Break",
		"Prep",
		"Break",
		"Scan",
		"Break",
		"Prep",
		"Break",
		"Scan",
		"Break",
		"Prep",
		"Scan",
		"Prep",
		"Break",
		"Scan",
		"Prep",
		"Break",
		"Scan",
		"Break",
		"Prep",
		"Break",
		"Scan",
		"Break",
		"Scan",
		"Prep",
		"Break",
		"Scan",
		"Break",
		"Break",
		"Scan",
		"Prep",
		"Break",
		"Scan",
		"Break",
		"Prep",
		"Break",
		"Scan",
		"Break",
		"Prep",
		"Break",
		"Scan",
		"Dead"
	],
	"start" : 9.7202777862548828
}