{
	"data" : 
	[
		0.2759682834148407,
		0.47665685415267944,
		2.2830259799957275,
		0.70240992307662964,
		0.050215207040309906,
		0.17562399804592133,
		0.50172132253646851,
		0.30111894011497498,
		0.72747445106506348,
		0.025150667876005173,
		0.050129067152738571,
		0.025150667876005173,
		0.17553786933422089,
		0.42652773857116699,
		0.025064533576369286,
		0.42652773857116699,
		0.20068854093551636,
		1.4049060344696045,
		0.025150667876005173,
		0.85296940803527832,
		3.7631256580352783,
		0.2007746696472168,
		0.65228086709976196,
		0.17562399804592133,
		2.1575310230255127,
		0.45159229636192322,
		0.17562399804592133,
		0.45159229636192322,
		4.7917189598083496,
		0.050215207040309906,
		0.25090375542640686,
		0.72747445106506348,
		0.025150667876005173,
		0.17562399804592133,
		0.45150616765022278,
		0.025150667876005173,
		0.42644163966178894,
		0.42652773857116699,
		0.025064533576369286,
		0.42652773857116699,
		0.45159229636192322,
		0.025064533576369286,
		0.42652773857116699,
		0.42644163966178894,
		0.025064533576369286,
		0.22583922743797302,
		0.42652773857116699,
		0.37631255388259888,
		72.554161071777344
	],
	"end" : 12.495555877685547,
	"labels" : 
	[
		"Prep",
		"Scan",
		"Break",
		"Prep",
		"Break",
		"Break",
		"Scan",
		"Break",
		"Prep",
		"Break",
		"Break",
		"Prep",
		"Break",
		"Scan",
		"Break",
		"Prep",
		"Break",
		"Scan",
		"Break",
		"Prep",
		"Scan",
		"Break",
		"Prep",
		"Break",
		"Scan",
		"Prep",
		"Break",
		"Scan",
		"Break",
		"Prep",
		"Break",
		"Scan",
		"Break",
		"Break",
		"Scan",
		"Prep",
		"Break",
		"Scan",
		"Break",
		"Break",
		"Scan",
		"Prep",
		"Break",
		"Scan",
		"Break",
		"Prep",
		"Break",
		"Scan",
		"Dead"
	],
	"start" : 11.389444351196289
}