{
	"data" : 
	[
		7.5179471969604492,
		5.3715429306030273,
		9.6680393218994141,
		0.53660106658935547,
		16.112783432006836,
		60.693088531494141
	],
	"end" : 13.573888778686523,
	"labels" : 
	[
		"Prep",
		"Scan",
		"Break",
		"Prep",
		"Scan",
		"Dead"
	],
	"start" : 13.522222518920898
}