{
	"data" : 
	[
		0.52767091989517212,
		0.37701874971389771,
		0.60312646627426147,
		0.037792474031448364,
		0.64078950881958008,
		0.52780038118362427,
		0.3393557071685791,
		1.8095088005065918,
		0.52767091989517212,
		0.67858201265335083,
		0.037792474031448364,
		3.7320065498352051,
		0.037792474031448364,
		0.30156323313713074,
		4.3729257583618164,
		0.075455516576766968,
		4.1090254783630371,
		0.30169263482093811,
		0.037663046270608902,
		5.2022891044616699,
		0.26390019059181213,
		0.037663046270608902,
		5.2024188041687012,
		70.118492126464844
	],
	"end" : 11.389444351196289,
	"labels" : 
	[
		"Prep",
		"Scan",
		"Break",
		"Prep",
		"Scan",
		"Prep",
		"Scan",
		"Break",
		"Prep",
		"Break",
		"Prep",
		"Scan",
		"Break",
		"Break",
		"Scan",
		"Break",
		"Scan",
		"Prep",
		"Break",
		"Scan",
		"Break",
		"Prep",
		"Scan",
		"Dead"
	],
	"start" : 10.65333366394043
}