{
	"data" : 
	[
		0.02113211527466774,
		0.10580581426620483,
		0.25380322337150574,
		0.12693792581558228,
		0.40187326073646545,
		0.35953640937805176,
		1.6286977529525757,
		0.35960903763771057,
		3.0035197734832764,
		1.2479566335678101,
		0.042336847633123398,
		2.0940399169921875,
		0.50760644674301147,
		0.021204734221100807,
		2.4324443340301514,
		0.02113211527466774,
		0.02113211527466774,
		2.242110013961792,
		85.009117126464844
	],
	"end" : 14.885833740234375,
	"labels" : 
	[
		"Prep",
		"Break",
		"Prep",
		"Scan",
		"Break",
		"Scan",
		"Break",
		"Prep",
		"Scan",
		"Break",
		"Prep",
		"Scan",
		"Break",
		"Prep",
		"Scan",
		"Break",
		"Prep",
		"Scan",
		"Dead"
	],
	"start" : 13.573888778686523
}