{
	"data" : 
	[
		0.57298964262008667,
		0.85962498188018799,
		1.4730807542800903,
		0.041028197854757309,
		0.16383175551891327,
		4.7064394950866699,
		0.081775374710559845,
		5.6068120002746582,
		0.041028197854757309,
		3.4376568794250488,
		0.041028197854757309,
		0.32738253474235535,
		5.3612046241760254,
		3.0695271492004395,
		0.36812970042228699,
		0.77784961462020874,
		1.5141090154647827,
		0.28663533926010132,
		0.81831580400466919,
		0.24560712277889252,
		4.8702716827392578,
		0.49093326926231384,
		0.28663533926010132,
		6.6299877166748047,
		0.040747180581092834,
		0.041028197854757309,
		7.6939105987548828,
		1.0231757164001465,
		6.3846611976623535,
		0.040747180581092834,
		0.081775374710559845,
		8.0626020431518555,
		0.28635430335998535,
		0.4501861035823822,
		9.1265249252319336,
		0.16355074942111969,
		8.3899850845336914,
		16.042867660522461
	],
	"end" : 17.862222671508789,
	"labels" : 
	[
		"Prep",
		"Scan",
		"Break",
		"Prep",
		"Break",
		"Scan",
		"Break",
		"Scan",
		"Break",
		"Scan",
		"Break",
		"Prep",
		"Scan",
		"Break",
		"Prep",
		"Scan",
		"Break",
		"Prep",
		"Break",
		"Prep",
		"Scan",
		"Prep",
		"Break",
		"Scan",
		"Prep",
		"Break",
		"Scan",
		"Prep",
		"Scan",
		"Break",
		"Prep",
		"Scan",
		"Break",
		"Prep",
		"Scan",
		"Prep",
		"Scan",
		"Dead"
	],
	"start" : 17.184165954589844
}