{
	"data" : 
	[
		1.5046640634536743,
		2.4306724071502686,
		7.640164852142334,
		1.6207133531570435,
		14.354320526123047,
		0.11604911088943481,
		0.23130336403846741,
		15.85898494720459,
		0.11604911088943481,
		0.80995917320251465,
		16.3223876953125,
		0.11525425314903259,
		10.186885833740234,
		28.592594146728516
	],
	"end" : 17.184165954589844,
	"labels" : 
	[
		"Prep",
		"Scan",
		"Break",
		"Prep",
		"Scan",
		"Break",
		"Break",
		"Scan",
		"Break",
		"Prep",
		"Scan",
		"Prep",
		"Scan",
		"Dead"
	],
	"start" : 16.94444465637207
}