{
	"data" : 
	[
		0.93217676877975464,
		0.71722948551177979,
		1.5777571201324463,
		0.071649089455604553,
		2.151442289352417,
		2.4382848739624023,
		1.2909146547317505,
		13.052444458007812,
		5.7370972633361816,
		1.0040720701217651,
		10.900755882263184,
		0.071895301342010498,
		10.11187744140625,
		0.071649089455604553,
		0.071649089455604553,
		13.482585906982422,
		36.216522216796875
	],
	"end" : 12.882499694824219,
	"labels" : 
	[
		"Prep",
		"Scan",
		"Break",
		"Prep",
		"Scan",
		"Break",
		"Prep",
		"Scan",
		"Break",
		"Prep",
		"Scan",
		"Break",
		"Scan",
		"Break",
		"Prep",
		"Scan",
		"Dead"
	],
	"start" : 12.495555877685547
}