{
	"data" : 
	[
		1.4981123208999634,
		2.4194493293762207,
		4.4939413070678711,
		8.8723697662353516,
		0.23023538291454315,
		10.370481491088867,
		0.11511769145727158,
		8.4115028381347656,
		0.11511769145727158,
		0.80661499500274658,
		14.057413101196289,
		3.5718131065368652,
		14.057413101196289,
		30.88041877746582
	],
	"end" : 8.4447221755981445,
	"labels" : 
	[
		"Prep",
		"Scan",
		"Break",
		"Scan",
		"Break",
		"Scan",
		"Prep",
		"Scan",
		"Break",
		"Prep",
		"Scan",
		"Break",
		"Scan",
		"Dead"
	],
	"start" : 8.2038888931274414
}