{
	"data" : 
	[
		0.82712674140930176,
		0.82712674140930176,
		2.3629295825958252,
		0.82712674140930176,
		5.5533919334411621,
		0.059022534638643265,
		1.2997127771377563,
		9.8658905029296875,
		1.1224422454833984,
		17.546121597290039,
		0.059022534638643265,
		0.53181129693984985,
		10.338476181030273,
		0.059022534638643265,
		9.5115518569946289,
		39.109226226806641
	],
	"end" : 8.9144439697265625,
	"labels" : 
	[
		"Prep",
		"Scan",
		"Break",
		"Prep",
		"Scan",
		"Break",
		"Prep",
		"Scan",
		"Prep",
		"Scan",
		"Break",
		"Prep",
		"Scan",
		"Prep",
		"Scan",
		"Dead"
	],
	"start" : 8.4447221755981445
}