{
	"data" : 
	[
		0.47387117147445679,
		1.5507301092147827,
		1.4216135740280151,
		0.30156782269477844,
		0.21549010276794434,
		0.043038863688707352,
		1.5076912641525269,
		3.1878337860107422,
		0.38779345154762268,
		0.38764554262161255,
		6.0310606956481934,
		0.043038863688707352,
		1.8524458408355713,
		0.30156782269477844,
		11.846778869628906,
		0.043038863688707352,
		0.30156782269477844,
		0.60313564538955688,
		12.535844802856445,
		1.3355357646942139,
		1.1200456619262695,
		0.30156782269477844,
		8.1849269866943359,
		1.0770069360733032,
		9.1328163146972656,
		0.043038863688707352,
		0.86151671409606934,
		10.812811851501465,
		0.21549010276794434,
		9.5635013580322266,
		14.215987205505371
	],
	"end" : 15.529999732971191,
	"labels" : 
	[
		"Prep",
		"Scan",
		"Break",
		"Prep",
		"Break",
		"Prep",
		"Scan",
		"Break",
		"Prep",
		"Break",
		"Scan",
		"Prep",
		"Break",
		"Break",
		"Scan",
		"Break",
		"Prep",
		"Break",
		"Scan",
		"Break",
		"Prep",
		"Break",
		"Scan",
		"Prep",
		"Scan",
		"Break",
		"Prep",
		"Scan",
		"Prep",
		"Scan",
		"Dead"
	],
	"start" : 14.885833740234375
}