{
	"data" : 
	[
		0.61364156007766724,
		0.40897735953330994,
		1.3803424835205078,
		0.56238776445388794,
		0.66489535570144653,
		2.9649980068206787,
		0.71579807996749878,
		0.97136503458023071,
		4.4991021156311035,
		0.71579807996749878,
		0.46023115515708923,
		0.56238776445388794,
		0.30682078003883362,
		0.050902757793664932,
		0.40932837128639221,
		6.7995553016662598,
		1.5850065946578979,
		0.35772353410720825,
		0.61364156007766724,
		0.050902757793664932,
		7.5157051086425781,
		0.051253814250230789,
		0.45988011360168457,
		1.9939841032028198,
		0.66454428434371948,
		0.051253814250230789,
		10.173882484436035,
		0.051253814250230789,
		0.35772353410720825,
		8.6917333602905273,
		0.050902757793664932,
		11.554574966430664,
		0.050902757793664932,
		5.6751308441162109,
		4.5503559112548828,
		0.35772353410720825,
		1.073521614074707,
		1.3806934356689453,
		5.4704670906066895,
		0.050902757793664932,
		0.051253814250230789,
		7.0551228523254395,
		0.051253814250230789,
		0.10215657949447632,
		0.56238776445388794,
		7.157630443572998
	],
	"end" : 19.094999313354492,
	"labels" : 
	[
		"Prep",
		"Scan",
		"Break",
		"Prep",
		"Scan",
		"Break",
		"Prep",
		"Scan",
		"Break",
		"Prep",
		"Break",
		"Prep",
		"Break",
		"Prep",
		"Break",
		"Scan",
		"Break",
		"Prep",
		"Break",
		"Prep",
		"Scan",
		"Break",
		"Prep",
		"Break",
		"Break",
		"Prep",
		"Scan",
		"Break",
		"Prep",
		"Scan",
		"Prep",
		"Scan",
		"Break",
		"Scan",
		"Break",
		"Prep",
		"Break",
		"Prep",
		"Scan",
		"Break",
		"Prep",
		"Scan",
		"Break",
		"Scan",
		"Break",
		"Scan"
	],
	"start" : 18.552221298217773
}