{
	"data" : 
	[
		0.81973528861999512,
		0.7651362419128418,
		2.7871747016906738,
		0.7651362419128418,
		3.4975244998931885,
		0.054786607623100281,
		0.92893314361572266,
		9.0172758102416992,
		1.6394705772399902,
		0.16398458182811737,
		16.230907440185547,
		1.3662879467010498,
		0.3825681209564209,
		8.962489128112793,
		0.054786607623100281,
		6.2301006317138672,
		2.6231904029846191,
		6.2301006317138672,
		37.380413055419922
	],
	"end" : 15.217222213745117,
	"labels" : 
	[
		"Prep",
		"Scan",
		"Break",
		"Prep",
		"Scan",
		"Break",
		"Prep",
		"Scan",
		"Break",
		"Prep",
		"Scan",
		"Break",
		"Prep",
		"Scan",
		"Prep",
		"Scan",
		"Break",
		"Scan",
		"Dead"
	],
	"start" : 14.709444046020508
}