{
	"data" : 
	[
		0.68730801343917847,
		0.68713951110839844,
		1.5709656476974487,
		0.63826274871826172,
		3.6327211856842041,
		2.5527138710021973,
		0.83444380760192871,
		0.098259083926677704,
		7.5108370780944824,
		0.049213811755180359,
		7.7562322616577148,
		0.049213811755180359,
		2.6508042812347412,
		8.5910129547119141,
		0.049045272171497345,
		1.1290526390075684,
		0.29460874199867249,
		8.2473592758178711,
		0.049045272171497345,
		0.73635327816009521,
		8.9344987869262695,
		7.8054461479187012,
		0.14730437099933624,
		0.049045272171497345,
		11.781821250915527,
		0.098259083926677704,
		0.049045272171497345,
		0.049213811755180359,
		10.750859260559082,
		12.419916152954102
	],
	"end" : 9.8847217559814453,
	"labels" : 
	[
		"Prep",
		"Scan",
		"Break",
		"Prep",
		"Scan",
		"Break",
		"Prep",
		"Break",
		"Scan",
		"Break",
		"Scan",
		"Prep",
		"Break",
		"Scan",
		"Break",
		"Prep",
		"Break",
		"Scan",
		"Break",
		"Prep",
		"Scan",
		"Break",
		"Prep",
		"Break",
		"Scan",
		"Prep",
		"Break",
		"Prep",
		"Scan",
		"Dead"
	],
	"start" : 9.3194446563720703
}