{
	"data" : 
	[
		0.76472163200378418,
		1.3208394050598145,
		5.839714527130127,
		2.2247099876403809,
		0.069455057382583618,
		0.55611777305603027,
		1.3905332088470459,
		1.5294432640075684,
		2.0158674716949463,
		0.13914880156517029,
		0.48666274547576904,
		2.9197378158569336,
		5.2835965156555176,
		1.2513844966888428,
		0.48666274547576904,
		5.0052986145019531,
		1.181929349899292,
		2.5027689933776855,
		10.35835075378418,
		0.069455057382583618,
		1.3208394050598145,
		0.48666274547576904,
		8.8291463851928711,
		0.20860384404659271,
		1.1816906929016113,
		1.2513844966888428,
		5.9786248207092285,
		0.48666274547576904,
		0.13914880156517029,
		1.3208394050598145,
		0.069455057382583618,
		0.48666274547576904,
		1.2513844966888428,
		1.181929349899292,
		1.2511457204818726,
		0.069693736732006073,
		1.1816906929016113,
		1.181929349899292,
		0.069455057382583618,
		1.181929349899292,
		1.2513844966888428,
		0.69502788782119751,
		0.48666274547576904,
		1.2513844966888428,
		21.690265655517578
	],
	"end" : 9.3194446563720703,
	"labels" : 
	[
		"Prep",
		"Scan",
		"Break",
		"Prep",
		"Break",
		"Break",
		"Scan",
		"Break",
		"Prep",
		"Break",
		"Break",
		"Scan",
		"Break",
		"Prep",
		"Break",
		"Scan",
		"Break",
		"Prep",
		"Scan",
		"Break",
		"Prep",
		"Break",
		"Scan",
		"Prep",
		"Break",
		"Scan",
		"Break",
		"Prep",
		"Break",
		"Scan",
		"Prep",
		"Break",
		"Scan",
		"Break",
		"Scan",
		"Prep",
		"Break",
		"Scan",
		"Break",
		"Break",
		"Scan",
		"Prep",
		"Break",
		"Scan",
		"Dead"
	],
	"start" : 8.9202775955200195
}