{
	"data" : 
	[
		0.9048774242401123,
		0.84460753202438354,
		3.0163962841033936,
		0.9048774242401123,
		4.886420726776123,
		0.060269933193922043,
		0.54284363985061646,
		11.582596778869629,
		11.824090957641602,
		11.642866134643555,
		0.060269933193922043,
		11.341310501098633,
		1.8097548484802246,
		22.200046539306641,
		18.278774261474609
	],
	"end" : 13.476666450500488,
	"labels" : 
	[
		"Prep",
		"Scan",
		"Break",
		"Prep",
		"Scan",
		"Break",
		"Prep",
		"Scan",
		"Break",
		"Scan",
		"Prep",
		"Scan",
		"Prep",
		"Scan",
		"Dead"
	],
	"start" : 13.016666412353516
}