{
	"data" : 
	[
		0.40019157528877258,
		0.31442221999168396,
		1.3148030042648315,
		0.028557071462273598,
		6.5457520484924316,
		0.82884204387664795,
		0.085769355297088623,
		9.1468009948730469,
		0.057212281972169876,
		7.6603617668151855,
		0.62884443998336792,
		7.660459041595459,
		3.1442220211029053,
		0.085671216249465942,
		7.4603638648986816,
		8.575169563293457,
		45.962562561035156
	],
	"end" : 12.444167137145996,
	"labels" : 
	[
		"Prep",
		"Scan",
		"Break",
		"Prep",
		"Scan",
		"Prep",
		"Break",
		"Scan",
		"Prep",
		"Scan",
		"Prep",
		"Scan",
		"Break",
		"Prep",
		"Scan",
		"Scan",
		"Dead"
	],
	"start" : 11.473333358764648
}