{
	"data" : 
	[
		0.43315136432647705,
		1.3782027959823608,
		1.9689191579818726,
		0.35433512926101685,
		0.90571087598800659,
		0.98439198732376099,
		0.35440272092819214,
		5.5128111839294434,
		0.19690541923046112,
		0.078748650848865509,
		6.9303550720214844,
		0.31506219506263733,
		0.35440272092819214,
		0.039340529590845108,
		6.5366110801696777,
		0.94505143165588379,
		0.039408124983310699,
		7.0091032981872559,
		0.039408124983310699,
		0.078748650848865509,
		6.8122653961181641,
		0.11808917671442032,
		8.3086252212524414,
		50.205947875976562
	],
	"end" : 8.3919448852539062,
	"labels" : 
	[
		"Prep",
		"Scan",
		"Break",
		"Prep",
		"Scan",
		"Break",
		"Prep",
		"Scan",
		"Break",
		"Break",
		"Scan",
		"Prep",
		"Break",
		"Prep",
		"Scan",
		"Prep",
		"Break",
		"Scan",
		"Break",
		"Prep",
		"Scan",
		"Prep",
		"Scan",
		"Dead"
	],
	"start" : 7.6872220039367676
}