{
	"data" : 
	[
		0.39345017075538635,
		1.5379432439804077,
		1.2162081003189087,
		0.32185795903205872,
		1.6095355749130249,
		1.7884546518325806,
		0.035734709352254868,
		5.0432600975036621,
		0.50077712535858154,
		8.4055156707763672,
		0.035734709352254868,
		0.42918488383293152,
		8.4412498474121094,
		0.85849255323410034,
		10.050786018371582,
		0.71530812978744507,
		0.071592219173908234,
		10.945013046264648,
		0.071469418704509735,
		0.50077712535858154,
		11.481525421142578,
		9.6931934356689453,
		0.32185795903205872,
		15.41602611541748,
		10.01505184173584
	],
	"end" : 11.473333358764648,
	"labels" : 
	[
		"Prep",
		"Scan",
		"Break",
		"Prep",
		"Scan",
		"Break",
		"Prep",
		"Scan",
		"Prep",
		"Scan",
		"Break",
		"Prep",
		"Scan",
		"Prep",
		"Scan",
		"Break",
		"Prep",
		"Scan",
		"Break",
		"Prep",
		"Scan",
		"Break",
		"Prep",
		"Scan",
		"Dead"
	],
	"start" : 10.697500228881836
}