{
	"data" : 
	[
		0.2282053679227829,
		0.016284395009279251,
		0.40750154852867126,
		0.94539022445678711,
		0.35859242081642151,
		0.016284395009279251,
		0.11410268396139145,
		0.32596766948699951,
		0.048909146338701248,
		0.53788864612579346,
		0.032568790018558502,
		0.016340354457497597,
		0.11410268396139145,
		0.35859242081642151,
		0.032568790018558502,
		0.27711451053619385,
		1.1735396385192871,
		0.14672742784023285,
		0.016284395009279251,
		0.016284395009279251,
		0.11410268396139145,
		0.30968329310417175,
		0.91276544332504272,
		0.016340354457497597,
		0.048909146338701248,
		0.24448975920677185,
		0.016284395009279251,
		0.016284395009279251,
		0.30968329310417175,
		0.29339888691902161,
		0.11410268396139145,
		0.27711451053619385,
		2.1678390502929688,
		0.52154833078384399,
		2.8198301792144775,
		0.016340354457497597,
		0.016284395009279251,
		0.032568790018558502,
		1.2714139223098755,
		0.14667147397994995,
		0.11410268396139145,
		0.24448975920677185,
		0.016284395009279251,
		0.048909146338701248,
		0.11410268396139145,
		0.30968329310417175,
		84.203521728515625
	],
	"end" : 16.919721603393555,
	"labels" : 
	[
		"Prep",
		"Break",
		"Scan",
		"Break",
		"Prep",
		"Break",
		"Break",
		"Scan",
		"Break",
		"Prep",
		"Break",
		"Prep",
		"Break",
		"Scan",
		"Prep",
		"Break",
		"Scan",
		"Prep",
		"Break",
		"Prep",
		"Break",
		"Scan",
		"Break",
		"Prep",
		"Break",
		"Scan",
		"Break",
		"Break",
		"Scan",
		"Prep",
		"Break",
		"Scan",
		"Break",
		"Prep",
		"Scan",
		"Prep",
		"Break",
		"Prep",
		"Scan",
		"Prep",
		"Break",
		"Scan",
		"Break",
		"Prep",
		"Break",
		"Scan",
		"Dead"
	],
	"start" : 15.217222213745117
}