{
	"data" : 
	[
		0.90295225381851196,
		0.90295225381851196,
		3.6760208606719971,
		0.45125475525856018,
		1.2899950742721558,
		3.0958995819091797,
		4.0630636215209961,
		0.064211905002593994,
		7.9330487251281738,
		10.254420280456543,
		0.064211905002593994,
		0.45169755816459656,
		7.0296540260314941,
		0.064654752612113953,
		1.0318189859390259,
		8.8997707366943359,
		49.724372863769531
	],
	"end" : 18.552221298217773,
	"labels" : 
	[
		"Prep",
		"Scan",
		"Break",
		"Prep",
		"Scan",
		"Break",
		"Scan",
		"Prep",
		"Scan",
		"Scan",
		"Break",
		"Prep",
		"Scan",
		"Break",
		"Prep",
		"Scan",
		"Dead"
	],
	"start" : 18.121944427490234
}