{
	"data" : 
	[
		0.47981783747673035,
		0.30850473046302795,
		0.47981783747673035,
		0.68548768758773804,
		0.78808724880218506,
		0.54829597473144531,
		2.7417154312133789,
		1.1994268894195557,
		0.37698289752006531,
		4.4896736145019531,
		0.034121423959732056,
		0.068713486194610596,
		4.0439772605895996,
		0.068478167057037354,
		3.8039505481719971,
		79.782951354980469
	],
	"end" : 18.121944427490234,
	"labels" : 
	[
		"Prep",
		"Scan",
		"Break",
		"Scan",
		"Break",
		"Prep",
		"Scan",
		"Break",
		"Prep",
		"Scan",
		"Break",
		"Prep",
		"Scan",
		"Prep",
		"Scan",
		"Dead"
	],
	"start" : 17.312221527099609
}