{
	"data" : 
	[
		0.68967932462692261,
		0.54186677932739258,
		1.4777876138687134,
		1.0345189571380615,
		4.1379070281982422,
		0.049214489758014679,
		0.098428979516029358,
		5.4680514335632324,
		0.049214489758014679,
		5.5170965194702148,
		0.049214489758014679,
		4.8275861740112305,
		3.6944689750671387,
		4.1871213912963867,
		0.049383610486984253,
		2.3644940853118896,
		4.4825773239135742,
		2.9063608646392822,
		0.049383610486984253,
		8.3248586654663086,
		0.049383610486984253,
		1.0837335586547852,
		6.108177661895752,
		5.9605340957641602,
		0.098598100244998932,
		4.5319609642028809,
		32.068397521972656
	],
	"end" : 14.039999961853027,
	"labels" : 
	[
		"Prep",
		"Scan",
		"Break",
		"Scan",
		"Break",
		"Prep",
		"Break",
		"Scan",
		"Break",
		"Scan",
		"Prep",
		"Scan",
		"Break",
		"Scan",
		"Break",
		"Prep",
		"Scan",
		"Break",
		"Prep",
		"Scan",
		"Break",
		"Prep",
		"Scan",
		"Break",
		"Prep",
		"Scan",
		"Dead"
	],
	"start" : 13.476666450500488
}