{
	"data" : 
	[
		0.034227583557367325,
		0.92180043458938599,
		0.37556567788124084,
		1.2291454076766968,
		0.64868301153182983,
		0.34145531058311462,
		0.78524178266525269,
		0.27311736345291138,
		0.3073449432849884,
		4.9164643287658691,
		0.068220727145671844,
		5.974940299987793,
		0.3072277307510376,
		0.27311736345291138,
		0.034110363572835922,
		6.726071834564209,
		0.034110363572835922,
		0.58046233654022217,
		0.034110363572835922,
		0.034110363572835922,
		5.4628162384033203,
		0.034110363572835922,
		0.068220727145671844,
		7.5796513557434082,
		0.034110363572835922,
		0.81935203075408936,
		0.034227583557367325,
		0.61457270383834839,
		7.2039690017700195,
		0.034110363572835922,
		0.3072277307510376,
		7.8186583518981934,
		0.034110363572835922,
		0.068220727145671844,
		6.2480583190917969,
		0.068337947130203247,
		0.068220727145671844,
		6.8967409133911133,
		0.034110363572835922,
		0.068337947130203247,
		3.7555396556854248,
		0.27323457598686218,
		0.64868301153182983,
		5.2579193115234375,
		22.567934036254883
	],
	"end" : 10.697500228881836,
	"labels" : 
	[
		"Prep",
		"Break",
		"Prep",
		"Scan",
		"Break",
		"Prep",
		"Scan",
		"Break",
		"Prep",
		"Scan",
		"Break",
		"Scan",
		"Prep",
		"Break",
		"Prep",
		"Scan",
		"Break",
		"Prep",
		"Break",
		"Prep",
		"Scan",
		"Break",
		"Prep",
		"Scan",
		"Break",
		"Scan",
		"Break",
		"Prep",
		"Scan",
		"Break",
		"Prep",
		"Scan",
		"Break",
		"Prep",
		"Scan",
		"Break",
		"Prep",
		"Scan",
		"Break",
		"Prep",
		"Scan",
		"Break",
		"Prep",
		"Scan",
		"Dead"
	],
	"start" : 9.8847217559814453
}