{
	"data" : 
	[
		0.91946661472320557,
		0.98937332630157471,
		3.0404539108276367,
		4.8075385093688965,
		1.2020059823989868,
		9.7568321228027344,
		2.1209871768951416,
		21.068601608276367,
		0.63644176721572876,
		11.523917198181152,
		0.21214726567268372,
		10.039372444152832,
		33.582862854003906
	],
	"end" : 17.312221527099609,
	"labels" : 
	[
		"Prep",
		"Scan",
		"Break",
		"Scan",
		"Prep",
		"Scan",
		"Prep",
		"Scan",
		"Prep",
		"Scan",
		"Prep",
		"Scan",
		"Dead"
	],
	"start" : 16.919721603393555
}