{
	"data" : 
	[
		0.62177509069442749,
		0.87054210901260376,
		2.2798893451690674,
		0.70460253953933716,
		0.37315043807029724,
		5.3887648582458496,
		0.041413720697164536,
		1.077752947807312,
		6.0935096740722656,
		0.041413720697164536,
		4.5183653831481934,
		0.53894764184951782,
		5.0571703910827637,
		0.66318881511688232,
		5.8447427749633789,
		65.784774780273438
	],
	"end" : 14.709444046020508,
	"labels" : 
	[
		"Prep",
		"Scan",
		"Break",
		"Prep",
		"Break",
		"Scan",
		"Break",
		"Break",
		"Scan",
		"Break",
		"Scan",
		"Prep",
		"Scan",
		"Prep",
		"Scan",
		"Dead"
	],
	"start" : 14.039999961853027
}