{
	"data" : 
	[
		0.72706407308578491,
		0.48459842801094055,
		0.48476484417915344,
		0.048426561057567596,
		1.0179562568664551,
		11.39089298248291,
		0.048426561057567596,
		0.048426561057567596,
		7.076934814453125,
		1.066382884979248,
		0.048426561057567596,
		5.8166790008544922,
		1.3571085929870605,
		0.048426561057567596,
		7.125361442565918,
		0.14544610679149628,
		6.6891894340515137,
		0.048426561057567596,
		0.048426561057567596,
		6.7376160621643066,
		2.3750648498535156,
		6.8344688415527344,
		1.5511476993560791,
		5.1864681243896484,
		4.6532769203186035,
		0.096853122115135193,
		6.8346357345581055,
		0.096853122115135193,
		5.1864681243896484,
		16.625785827636719
	],
	"end" : 13.016666412353516,
	"labels" : 
	[
		"Prep",
		"Scan",
		"Break",
		"Prep",
		"Scan",
		"Break",
		"Break",
		"Prep",
		"Scan",
		"Prep",
		"Break",
		"Scan",
		"Break",
		"Prep",
		"Scan",
		"Prep",
		"Scan",
		"Break",
		"Break",
		"Scan",
		"Prep",
		"Scan",
		"Prep",
		"Scan",
		"Break",
		"Prep",
		"Scan",
		"Prep",
		"Scan",
		"Dead"
	],
	"start" : 12.444167137145996
}