{
	"data" : 
	[
		0.42015931010246277,
		0.3150293231010437,
		0.52528929710388184,
		1.6281623840332031,
		2.4686615467071533,
		0.36768448352813721,
		5.5675616264343262,
		0.052474834024906158,
		9.4018316268920898,
		5.8825912475585938,
		0.99792343378067017,
		9.5592555999755859,
		0.15760482847690582,
		0.10512999445199966,
		0.26255449652671814,
		7.9835681915283203,
		0.052655160427093506,
		0.10494966804981232,
		7.7210135459899902,
		46.325901031494141
	],
	"end" : 8.9202775955200195,
	"labels" : 
	[
		"Prep",
		"Scan",
		"Break",
		"Scan",
		"Break",
		"Prep",
		"Scan",
		"Prep",
		"Scan",
		"Scan",
		"Prep",
		"Scan",
		"Prep",
		"Break",
		"Break",
		"Scan",
		"Break",
		"Prep",
		"Scan",
		"Dead"
	],
	"start" : 8.3919448852539062
}