{
	"data" : 
	[
		1.7259701490402222,
		2.4166741371154785,
		6.5608987808227539,
		1.6113796234130859,
		0.34456178545951843,
		0.11538078635931015,
		13.350978851318359,
		0.22997130453586578,
		15.883033752441406,
		9.8974580764770508,
		1.6113796234130859,
		16.113006591796875,
		0.11538078635931015,
		2.071321964263916,
		13.811712265014648,
		0.11459050327539444,
		13.926301956176758
	],
	"end" : 19.447221755981445,
	"labels" : 
	[
		"Prep",
		"Scan",
		"Break",
		"Prep",
		"Break",
		"Prep",
		"Scan",
		"Break",
		"Scan",
		"Scan",
		"Prep",
		"Scan",
		"Break",
		"Prep",
		"Scan",
		"Break",
		"Scan"
	],
	"start" : 19.206111907958984
}