{
	"data" : 
	[
		0.77061724662780762,
		0.77042829990386963,
		1.926543116569519,
		0.054990101605653763,
		4.0730466842651367,
		0.054990101605653763,
		0.93577653169631958,
		0.11016916483640671,
		9.0816812515258789,
		0.055179070681333542,
		1.6512147188186646,
		16.347177505493164,
		0.055179070681333542,
		0.44029873609542847,
		8.9717006683349609,
		0.054990101605653763,
		0.38530862331390381,
		7.8159637451171875,
		10.127437591552734,
		7.8159637451171875,
		0.49528881907463074,
		15.962057113647461,
		11.944000244140625
	],
	"end" : 14.734444618225098,
	"labels" : 
	[
		"Prep",
		"Scan",
		"Break",
		"Prep",
		"Scan",
		"Break",
		"Prep",
		"Break",
		"Scan",
		"Break",
		"Prep",
		"Scan",
		"Break",
		"Prep",
		"Scan",
		"Break",
		"Prep",
		"Scan",
		"Break",
		"Scan",
		"Prep",
		"Scan",
		"Dead"
	],
	"start" : 14.230278015136719
}