{
	"data" : 
	[
		0.88973772525787354,
		1.2711161375045776,
		2.0334367752075195,
		1.0804269313812256,
		0.19068925082683563,
		8.4520721435546875,
		0.063490353524684906,
		0.063490353524684906,
		0.063708536326885223,
		10.485508918762207,
		0.063708536326885223,
		0.063490353524684906,
		0.063490353524684906,
		5.8465671539306641,
		0.063490353524684906,
		0.82624733448028564,
		8.9604310989379883,
		0.95322811603546143,
		6.8632855415344238,
		1.9066742658615112,
		6.0370383262634277,
		43.658672332763672
	],
	"end" : 12.635833740234375,
	"labels" : 
	[
		"Prep",
		"Scan",
		"Break",
		"Prep",
		"Break",
		"Scan",
		"Prep",
		"Break",
		"Prep",
		"Scan",
		"Break",
		"Break",
		"Prep",
		"Scan",
		"Break",
		"Prep",
		"Scan",
		"Prep",
		"Scan",
		"Break",
		"Scan",
		"Dead"
	],
	"start" : 12.199166297912598
}