{
	"data" : 
	[
		0.60313481092453003,
		0.47387045621871948,
		2.3693523406982422,
		0.64602571725845337,
		8.3572177886962891,
		1.2494561672210693,
		0.12926429510116577,
		13.914399147033691,
		0.086077593266963959,
		12.837689399719238,
		0.042890898883342743,
		0.99092763662338257,
		12.449896812438965,
		3.7477772235870361,
		0.38779288530349731,
		13.268077850341797,
		12.92376708984375,
		15.422384262084961
	],
	"end" : 17.498056411743164,
	"labels" : 
	[
		"Prep",
		"Scan",
		"Break",
		"Prep",
		"Scan",
		"Prep",
		"Break",
		"Scan",
		"Prep",
		"Scan",
		"Break",
		"Prep",
		"Scan",
		"Break",
		"Prep",
		"Scan",
		"Scan",
		"Dead"
	],
	"start" : 16.853889465332031
}