{
	"data" : 
	[
		0.40383994579315186,
		1.0093920230865479,
		2.1805696487426758,
		0.36335894465446472,
		0.32315516471862793,
		0.84788370132446289,
		1.9787188768386841,
		0.36335894465446472,
		0.080823451280593872,
		9.5296802520751953,
		0.40370133519172668,
		6.380061149597168,
		1.2922048568725586,
		7.4702773094177246,
		0.040342409163713455,
		0.040481042116880417,
		0.08068481832742691,
		8.3989839553833008,
		0.040481042116880417,
		0.40370133519172668,
		7.712608814239502,
		0.726856529712677,
		15.950084686279297,
		0.36349755525588989,
		0.40370133519172668,
		2.5439283847808838,
		0.36349755525588989,
		2.4227626323699951,
		2.3420777320861816,
		0.40370133519172668,
		2.8266024589538574,
		22.208980560302734
	],
	"end" : 13.688888549804688,
	"labels" : 
	[
		"Prep",
		"Scan",
		"Break",
		"Prep",
		"Break",
		"Scan",
		"Break",
		"Prep",
		"Break",
		"Scan",
		"Prep",
		"Scan",
		"Prep",
		"Scan",
		"Prep",
		"Break",
		"Prep",
		"Scan",
		"Prep",
		"Break",
		"Scan",
		"Prep",
		"Scan",
		"Break",
		"Prep",
		"Break",
		"Scan",
		"Break",
		"Prep",
		"Prep",
		"Scan",
		"Dead"
	],
	"start" : 12.998888969421387
}