{
	"data" : 
	[
		0.53035986423492432,
		1.4464058876037598,
		1.5429102182388306,
		0.48202496767044067,
		0.048334918916225433,
		0.38568615913391113,
		6.026801586151123,
		0.048169389367103577,
		0.72320294380187988,
		0.33751678466796875,
		5.641115665435791,
		0.048169389367103577,
		1.8320920467376709,
		0.57869482040405273,
		7.5695466995239258,
		0.048169389367103577,
		1.0125503540039062,
		0.048169389367103577,
		0.33751678466796875,
		1.0607197284698486,
		0.09650430828332901,
		0.96421545743942261,
		2.0251007080078125,
		0.096338778734207153,
		17.646385192871094,
		0.09650430828332901,
		0.048169389367103577,
		0.048169389367103577,
		0.33751678466796875,
		3.1339898109436035,
		0.048169389367103577,
		0.38568615913391113,
		1.4947408437728882,
		0.048169389367103577,
		11.137557983398438,
		32.544628143310547
	],
	"end" : 10.272222518920898,
	"labels" : 
	[
		"Prep",
		"Scan",
		"Break",
		"Prep",
		"Break",
		"Break",
		"Scan",
		"Break",
		"Break",
		"Break",
		"Scan",
		"Break",
		"Prep",
		"Break",
		"Scan",
		"Break",
		"Prep",
		"Break",
		"Break",
		"Scan",
		"Break",
		"Prep",
		"Break",
		"Prep",
		"Scan",
		"Prep",
		"Break",
		"Prep",
		"Break",
		"Scan",
		"Break",
		"Prep",
		"Break",
		"Prep",
		"Scan",
		"Dead"
	],
	"start" : 9.6966667175292969
}