{
	"data" : 
	[
		0.67529398202896118,
		0.63031560182571411,
		1.6206902265548706,
		0.31515780091285706,
		3.0613894462585449,
		0.04497838020324707,
		0.81038373708724976,
		7.4283881187438965,
		0.40511459112167358,
		13.37102222442627,
		0.045132946223020554,
		0.31500324606895447,
		7.3834099769592285,
		6.3928041458129883,
		57.400920867919922
	],
	"end" : 8.4580554962158203,
	"labels" : 
	[
		"Prep",
		"Scan",
		"Break",
		"Prep",
		"Scan",
		"Break",
		"Prep",
		"Scan",
		"Prep",
		"Scan",
		"Break",
		"Prep",
		"Scan",
		"Scan",
		"Dead"
	],
	"start" : 7.8416666984558105
}