{
	"data" : 
	[
		0.41436827182769775,
		0.37660437822341919,
		1.2431048154830933,
		0.79123133420944214,
		0.33884048461914062,
		0.30133524537086487,
		0.79123133420944214,
		0.33909910917282104,
		0.33884048461914062,
		0.30133524537086487,
		8.325129508972168,
		0.26357132196426392,
		0.26382997632026672,
		0.037505242973566055,
		7.8729968070983887,
		0.037763901054859161,
		0.26357132196426392,
		0.41436827182769775,
		0.037763901054859161,
		6.3660621643066406,
		0.037763901054859161,
		0.6404343843460083,
		14.916998863220215,
		0.33909910917282104,
		0.52740132808685303,
		0.45213219523429871,
		7.3831014633178711,
		1.2808687686920166,
		0.82873654365539551,
		0.037505242973566055,
		0.30159389972686768,
		11.828119277954102,
		0.33909910917282104,
		0.33909910917282104,
		0.30133524537086487,
		2.6367480754852295,
		0.33909910917282104,
		0.30133524537086487,
		0.037763901054859161,
		2.7875449657440186,
		0.30133524537086487,
		2.5992426872253418,
		0.33884048461914062,
		0.26382997632026672,
		0.037505242973566055,
		3.2774410247802734,
		8.0235357284545898,
		10.283937454223633
	],
	"end" : 19.206111907958984,
	"labels" : 
	[
		"Prep",
		"Break",
		"Scan",
		"Break",
		"Prep",
		"Break",
		"Scan",
		"Break",
		"Prep",
		"Break",
		"Scan",
		"Prep",
		"Break",
		"Prep",
		"Scan",
		"Break",
		"Prep",
		"Break",
		"Prep",
		"Scan",
		"Break",
		"Prep",
		"Scan",
		"Prep",
		"Break",
		"Break",
		"Scan",
		"Prep",
		"Break",
		"Prep",
		"Break",
		"Scan",
		"Break",
		"Prep",
		"Break",
		"Break",
		"Scan",
		"Break",
		"Prep",
		"Break",
		"Break",
		"Prep",
		"Prep",
		"Break",
		"Prep",
		"Scan",
		"Scan",
		"Dead"
	],
	"start" : 18.467222213745117
}