{
	"data" : 
	[
		0.60298776626586914,
		0.60313564538955688,
		1.9385236501693726,
		0.64632242918014526,
		4.4801826477050781,
		0.043038863688707352,
		0.73240011930465698,
		7.2802228927612305,
		0.043186761438846588,
		1.2923489809036255,
		12.837560653686523,
		0.38764554262161255,
		6.5049319267272949,
		0.34460669755935669,
		8.1850748062133789,
		9.6927652359008789,
		8.2279653549194336,
		0.38779345154762268,
		1.5076912641525269,
		13.182167053222656,
		20.979448318481445
	],
	"end" : 10.916388511657715,
	"labels" : 
	[
		"Prep",
		"Scan",
		"Break",
		"Prep",
		"Scan",
		"Break",
		"Prep",
		"Scan",
		"Break",
		"Prep",
		"Scan",
		"Prep",
		"Scan",
		"Prep",
		"Scan",
		"Break",
		"Scan",
		"Prep",
		"Break",
		"Scan",
		"Dead"
	],
	"start" : 10.272222518920898
}