{
	"data" : 
	[
		0.7180020809173584,
		1.0770031213760376,
		2.1538300514221191,
		0.051411624997854233,
		1.3333569765090942,
		1.9487117528915405,
		0.87188482284545898,
		1.3333569765090942,
		1.2307097911834717,
		0.76923757791519165,
		1.2821213006973267,
		0.30776548385620117,
		5.0256619453430176,
		5.9489583969116211,
		0.051235552877187729,
		4.6154255867004395,
		0.61553096771240234,
		6.2565479278564453,
		6.3590188026428223,
		0.051235552877187729,
		0.051411624997854233,
		6.0514297485351562,
		0.7180020809173584,
		4.2564249038696289,
		5.2309565544128418,
		0.051235552877187729,
		6.9745502471923828,
		0.051235552877187729,
		0.10264717042446136,
		0.10247110575437546,
		10.20538330078125,
		0.82047319412231445,
		7.6925525665283203,
		15.590222358703613
	],
	"end" : 15.902222633361816,
	"labels" : 
	[
		"Prep",
		"Scan",
		"Break",
		"Prep",
		"Scan",
		"Break",
		"Prep",
		"Scan",
		"Break",
		"Prep",
		"Scan",
		"Break",
		"Scan",
		"Scan",
		"Break",
		"Scan",
		"Prep",
		"Scan",
		"Scan",
		"Prep",
		"Break",
		"Scan",
		"Prep",
		"Scan",
		"Scan",
		"Prep",
		"Scan",
		"Break",
		"Break",
		"Prep",
		"Scan",
		"Prep",
		"Scan",
		"Dead"
	],
	"start" : 15.361110687255859
}