{
	"data" : 
	[
		0.40815147757530212,
		0.6123773455619812,
		0.14576122164726257,
		0.08749677985906601,
		1.6621385812759399,
		0.90389984846115112,
		0.17499355971813202,
		0.058264445513486862,
		1.312151312828064,
		0.495748370885849,
		0.78727084398269653,
		1.8370320796966553,
		0.40825158357620239,
		0.81650316715240479,
		1.1372579336166382,
		0.43728369474411011,
		0.72900635004043579,
		0.029232336208224297,
		0.46651604771614075,
		2.5368058681488037,
		3.2075481414794922,
		0.029232336208224297,
		2.4202771186828613,
		0.43728369474411011,
		4.2863411903381348,
		4.4030704498291016,
		0.43748393654823303,
		4.7238249778747559,
		0.495748370885849,
		2.9450576305389404,
		0.029232336208224297,
		0.029032113030552864,
		3.2658126354217529,
		0.029232336208224297,
		0.029232336208224297,
		4.3446054458618164,
		0.029232336208224297,
		5.6278252601623535,
		0.029032113030552864,
		0.46651604771614075,
		4.0823159217834473,
		0.029232336208224297,
		3.1783156394958496,
		0.43748393654823303,
		4.0823159217834473,
		0.029232336208224297,
		3.9363541603088379,
		2.7702641487121582,
		0.058264445513486862,
		3.2950446605682373,
		0.029032113030552864,
		4.4323024749755859,
		0.029232336208224297,
		3.5573348999023438,
		0.029232336208224297,
		3.2658126354217529,
		0.029232336208224297,
		3.9948186874389648,
		10.322418212890625
	],
	"end" : 16.853889465332031,
	"labels" : 
	[
		"Prep",
		"Scan",
		"Break",
		"Prep",
		"Break",
		"Scan",
		"Break",
		"Prep",
		"Break",
		"Prep",
		"Scan",
		"Break",
		"Prep",
		"Scan",
		"Break",
		"Prep",
		"Scan",
		"Break",
		"Prep",
		"Scan",
		"Scan",
		"Break",
		"Scan",
		"Prep",
		"Scan",
		"Scan",
		"Break",
		"Scan",
		"Prep",
		"Scan",
		"Break",
		"Prep",
		"Scan",
		"Prep",
		"Break",
		"Scan",
		"Prep",
		"Scan",
		"Break",
		"Prep",
		"Scan",
		"Prep",
		"Scan",
		"Prep",
		"Scan",
		"Prep",
		"Scan",
		"Break",
		"Prep",
		"Scan",
		"Prep",
		"Scan",
		"Break",
		"Scan",
		"Break",
		"Scan",
		"Prep",
		"Scan",
		"Dead"
	],
	"start" : 15.902222633361816
}