{
	"data" : 
	[
		0.50717049837112427,
		0.54600846767425537,
		1.4043278694152832,
		2.5355846881866455,
		0.93612933158874512,
		6.4363918304443359,
		0.93626326322555542,
		11.624342918395996,
		0.31204310059547424,
		6.3584480285644531,
		0.077943816781044006,
		5.5392341613769531,
		0.27307119965553284,
		3.9397785663604736,
		16.227447509765625,
		42.245815277099609
	],
	"end" : 9.1694440841674805,
	"labels" : 
	[
		"Prep",
		"Scan",
		"Break",
		"Scan",
		"Prep",
		"Scan",
		"Prep",
		"Scan",
		"Prep",
		"Scan",
		"Prep",
		"Scan",
		"Prep",
		"Break",
		"Scan",
		"Dead"
	],
	"start" : 8.4580554962158203
}