{
	"data" : 
	[
		0.30287358164787292,
		0.30287358164787292,
		0.95184588432312012,
		0.32448616623878479,
		1.3844693899154663,
		0.021686876192688942,
		0.34609878063201904,
		3.5910348892211914,
		0.17304939031600952,
		6.4465723037719727,
		0.17304939031600952,
		3.5261225700378418,
		0.021686876192688942,
		0.28118669986724854,
		3.0501997470855713,
		3.7424716949462891,
		0.32448616623878479,
		0.43269777297973633,
		1.1032826900482178,
		0.32448616623878479,
		4.3914437294006348,
		0.021612606942653656,
		0.15143679082393646,
		2.466139554977417,
		0.021612606942653656,
		0.30287358164787292,
		0.15143679082393646,
		7.8094296455383301,
		3.482823371887207,
		0.021612606942653656,
		7.8094296455383301,
		0.17304939031600952,
		7.3118934631347656,
		0.064912088215351105,
		3.1151118278503418,
		0.021612606942653656,
		0.17304939031600952,
		6.8792705535888672,
		28.706592559814453
	],
	"end" : 12.199166297912598,
	"labels" : 
	[
		"Prep",
		"Scan",
		"Break",
		"Prep",
		"Scan",
		"Break",
		"Prep",
		"Scan",
		"Prep",
		"Scan",
		"Prep",
		"Scan",
		"Break",
		"Prep",
		"Scan",
		"Break",
		"Prep",
		"Scan",
		"Break",
		"Prep",
		"Scan",
		"Break",
		"Prep",
		"Scan",
		"Break",
		"Prep",
		"Break",
		"Scan",
		"Break",
		"Prep",
		"Scan",
		"Prep",
		"Scan",
		"Prep",
		"Scan",
		"Break",
		"Prep",
		"Scan",
		"Dead"
	],
	"start" : 10.916388511657715
}