{
	"data" : 
	[
		0.88195145130157471,
		1.6031478643417358,
		4.329930305480957,
		2.4850993156433105,
		6.8150296211242676,
		0.72174686193466187,
		0.40078696608543396,
		9.7014665603637695,
		1.202911376953125,
		0.079827070236206055,
		0.080377601087093353,
		0.080377601087093353,
		12.667731285095215,
		0.080377601087093353,
		0.079827070236206055,
		0.080377601087093353,
		9.0600976943969727,
		0.079827070236206055,
		0.56154215335845947,
		12.347320556640625,
		4.4097576141357422,
		0.079827070236206055,
		12.266942977905273,
		2.0848627090454102,
		0.56099164485931396,
		12.347320556640625,
		4.810544490814209
	],
	"end" : 17.844165802001953,
	"labels" : 
	[
		"Prep",
		"Scan",
		"Break",
		"Scan",
		"Break",
		"Prep",
		"Break",
		"Scan",
		"Break",
		"Prep",
		"Break",
		"Prep",
		"Scan",
		"Prep",
		"Break",
		"Break",
		"Scan",
		"Break",
		"Prep",
		"Scan",
		"Break",
		"Prep",
		"Scan",
		"Break",
		"Prep",
		"Scan",
		"Dead"
	],
	"start" : 17.498056411743164
}