{
	"data" : 
	[
		0.0091715371236205101,
		0.029186327010393143,
		0.028344744816422462,
		0.0083414036780595779,
		0.029180603101849556,
		0.024176904931664467,
		0.0083414036780595779,
		0.020844923332333565,
		0.031682450324296951,
		0.0025018488522619009,
		0.12006011605262756,
		0.00083585799438878894,
		0.001665990799665451,
		0.14590874314308167,
		0.0066696885041892529,
		0.0075055463239550591,
		0.011673386208713055,
		0.00083585799438878894,
		0.0058338306844234467,
		45.048671722412109,
		0.15257842838764191,
		54.205982208251953
	],
	"end" : 18.059165954589844,
	"labels" : 
	[
		"Prep",
		"Scan",
		"Break",
		"Prep",
		"Scan",
		"Break",
		"Prep",
		"Scan",
		"Break",
		"Break",
		"Scan",
		"Break",
		"Break",
		"Scan",
		"Break",
		"Prep",
		"Break",
		"Prep",
		"Break",
		"Scan",
		"Dead",
		"Break"
	],
	"start" : 17.844165802001953
}