{
	"data" : 
	[
		1.1763428449630737,
		1.1760542392730713,
		3.1929714679718018,
		1.1763428449630737,
		7.0574798583984375,
		0.084230527281761169,
		1.4281690120697021,
		1.0081702470779419,
		14.115535736083984,
		0.083942070603370667,
		0.92422807216644287,
		25.038101196289062,
		0.67211341857910156,
		13.77947998046875,
		0.16788414120674133,
		11.931023597717285,
		16.887931823730469
	],
	"end" : 15.064722061157227,
	"labels" : 
	[
		"Prep",
		"Scan",
		"Break",
		"Prep",
		"Scan",
		"Break",
		"Prep",
		"Break",
		"Scan",
		"Break",
		"Prep",
		"Scan",
		"Prep",
		"Scan",
		"Prep",
		"Scan",
		"Dead"
	],
	"start" : 14.734444618225098
}