{
	"data" : 
	[
		1.0698763132095337,
		1.605208158493042,
		3.1337904930114746,
		1.2231281995773315,
		0.22909052670001984,
		7.3377199172973633,
		0.076625928282737732,
		0.91714936494827271,
		0.53506940603256226,
		8.3312320709228516,
		0.076625928282737732,
		0.076363511383533478,
		10.012804985046387,
		6.5735597610473633,
		0.53506940603256226,
		11.465023040771484,
		46.701663970947266
	],
	"end" : 12.998888969421387,
	"labels" : 
	[
		"Prep",
		"Scan",
		"Break",
		"Prep",
		"Break",
		"Scan",
		"Prep",
		"Scan",
		"Break",
		"Scan",
		"Break",
		"Prep",
		"Scan",
		"Scan",
		"Prep",
		"Scan",
		"Dead"
	],
	"start" : 12.635833740234375
}