{
	"data" : 
	[
		0.57898062467575073,
		1.894878625869751,
		1.9474638700485229,
		4.947718620300293,
		0.15775595605373383,
		0.052766025066375732,
		0.052585318684577942,
		9.9478416442871094,
		1.1053760051727295,
		0.47362929582595825,
		9.1057538986206055,
		0.31587332487106323,
		2.3159224987030029,
		1.6841758489608765,
		0.052766025066375732,
		0.42104396224021912,
		0.36845862865447998,
		0.10517063736915588,
		8.842646598815918,
		0.42104396224021912,
		0.47380998730659485,
		0.526214599609375,
		0.052766025066375732,
		12.632223129272461,
		3.1054251194000244,
		1.7369418144226074,
		5.579103946685791,
		0.78950268030166626,
		0.42104396224021912,
		4.3161525726318359,
		0.526214599609375,
		0.47380998730659485,
		0.10517063736915588,
		8.2110805511474609,
		16.15869140625
	],
	"end" : 9.6966667175292969,
	"labels" : 
	[
		"Prep",
		"Scan",
		"Break",
		"Scan",
		"Break",
		"Break",
		"Prep",
		"Scan",
		"Break",
		"Prep",
		"Scan",
		"Break",
		"Break",
		"Break",
		"Prep",
		"Break",
		"Break",
		"Break",
		"Scan",
		"Break",
		"Prep",
		"Break",
		"Prep",
		"Scan",
		"Break",
		"Break",
		"Scan",
		"Break",
		"Prep",
		"Scan",
		"Break",
		"Prep",
		"Break",
		"Scan",
		"Dead"
	],
	"start" : 9.1694440841674805
}