{
	"data" : 
	[
		1.3108447790145874,
		1.9662671089172363,
		2.9958493709564209,
		1.3108447790145874,
		0.28094121813774109,
		0.093539930880069733,
		8.8011102676391602,
		0.093539930880069733,
		0.093539930880069733,
		0.093861371278762817,
		10.954136848449707,
		0.093861371278762817,
		7.958287239074707,
		0.093539930880069733,
		0.6554223895072937,
		13.950307846069336,
		0.093539930880069733,
		1.5917859077453613,
		10.20549488067627,
		37.263286590576172
	],
	"end" : 15.361110687255859,
	"labels" : 
	[
		"Prep",
		"Scan",
		"Break",
		"Prep",
		"Break",
		"Prep",
		"Scan",
		"Prep",
		"Break",
		"Prep",
		"Scan",
		"Prep",
		"Scan",
		"Break",
		"Prep",
		"Scan",
		"Break",
		"Prep",
		"Scan",
		"Dead"
	],
	"start" : 15.064722061157227
}