{
	"data" : 
	[
		0.71763402223587036,
		0.71763402223587036,
		1.486477255821228,
		0.71763402223587036,
		5.6381254196166992,
		0.051385272294282913,
		1.1788696050643921,
		8.6110801696777344,
		1.332849383354187,
		0.15362788736820221,
		15.274623870849609,
		0.10259456187486649,
		15.889662742614746,
		0.76884329319000244,
		0.41002628207206726,
		8.3548574447631836,
		0.30760771036148071,
		0.051209293305873871,
		9.2775039672851562,
		0.66642469167709351,
		0.56383013725280762,
		9.1237010955810547,
		18.503799438476562
	],
	"end" : 14.230278015136719,
	"labels" : 
	[
		"Prep",
		"Scan",
		"Break",
		"Prep",
		"Scan",
		"Break",
		"Prep",
		"Scan",
		"Break",
		"Prep",
		"Scan",
		"Prep",
		"Scan",
		"Break",
		"Prep",
		"Scan",
		"Break",
		"Prep",
		"Scan",
		"Break",
		"Break",
		"Scan",
		"Dead"
	],
	"start" : 13.688888549804688
}