{
	"data" : 
	[
		0.068175509572029114,
		1.6320095062255859,
		0.068175509572029114,
		11.900829315185547,
		1.7001850605010986,
		11.696769714355469,
		0.068175509572029114,
		0.20405957102775574,
		15.028964042663574,
		0.068175509572029114,
		0.5440031886100769,
		0.068175509572029114,
		0.067708559334278107,
		12.308948516845703,
		0.068175509572029114,
		0.13588406145572662,
		11.764945030212402,
		0.13588406145572662,
		15.029430389404297,
		17.341327667236328
	],
	"end" : 18.467222213745117,
	"labels" : 
	[
		"Break",
		"Prep",
		"Break",
		"Scan",
		"Prep",
		"Scan",
		"Break",
		"Prep",
		"Scan",
		"Break",
		"Prep",
		"Break",
		"Prep",
		"Scan",
		"Break",
		"Prep",
		"Scan",
		"Prep",
		"Scan",
		"Dead"
	],
	"start" : 18.059165954589844
}