{
	"data" : 
	[
		0.096749946475028992,
		0.10370302945375443,
		0.0069056251086294651,
		0.21426422894001007,
		0.13132552802562714,
		0.16590110957622528,
		0.041457481682300568,
		0.21428795158863068,
		0.01381125021725893,
		0.10367929935455322,
		0.04148121178150177,
		0.21428795158863068,
		0.020716875791549683,
		0.10367929935455322,
		0.64974576234817505,
		0.0069056251086294651,
		0.11058492213487625,
		0.78797692060470581,
		0.0069293556734919548,
		0.069103710353374481,
		0.44929277896881104,
		0.15897177159786224,
		0.0069293556734919548,
		0.0069056251086294651,
		1.6588925123214722,
		0.11058492213487625,
		0.80871748924255371,
		0.062198087573051453,
		0.0069293556734919548,
		1.3409253358840942,
		0.10367929935455322,
		0.80871748924255371,
		0.0069056251086294651,
		1.3409490585327148,
		0.0069056251086294651,
		0.82945811748504639,
		0.0069056251086294651,
		0.048386838287115097,
		1.4722745418548584,
		0.25574544072151184,
		0.0069056251086294651,
		1.285632848739624,
		0.0069293556734919548,
		1.4722508192062378,
		0.0069293556734919548,
		0.096749946475028992,
		0.37325972318649292,
		0.0069056251086294651,
		0.10367929935455322,
		0.55987775325775146,
		0.062221817672252655,
		0.60133516788482666,
		82.723548889160156
	],
	"end" : 18.793056488037109,
	"labels" : 
	[
		"Prep",
		"Break",
		"Prep",
		"Scan",
		"Break",
		"Prep",
		"Break",
		"Scan",
		"Break",
		"Prep",
		"Break",
		"Scan",
		"Break",
		"Prep",
		"Scan",
		"Break",
		"Prep",
		"Scan",
		"Break",
		"Prep",
		"Scan",
		"Break",
		"Break",
		"Prep",
		"Scan",
		"Prep",
		"Scan",
		"Break",
		"Prep",
		"Scan",
		"Prep",
		"Scan",
		"Prep",
		"Scan",
		"Break",
		"Scan",
		"Break",
		"Prep",
		"Scan",
		"Break",
		"Prep",
		"Scan",
		"Break",
		"Scan",
		"Break",
		"Prep",
		"Scan",
		"Break",
		"Prep",
		"Scan",
		"Prep",
		"Scan",
		"Dead"
	],
	"start" : 14.77833366394043
}