{
	"data" : 
	[
		0.54651534557342529,
		1.1773320436477661,
		1.8500106334686279,
		0.33633935451507568,
		7.399754524230957,
		0.71482938528060913,
		0.71482938528060913,
		3.0273427963256836,
		0.67267870903015137,
		1.2613447904586792,
		4.8773536682128906,
		0.50436466932296753,
		0.33662804961204529,
		9.1657524108886719,
		0.042150679975748062,
		0.12616333365440369,
		9.7544183731079102,
		0.042150679975748062,
		0.084012657403945923,
		10.427385330200195,
		0.33633935451507568,
		4.1203737258911133,
		0.042150679975748062,
		1.5555332899093628,
		1.093319296836853,
		0.37820133566856384,
		9.2922048568725586,
		1.765709400177002,
		0.33662804961204529,
		5.2977056503295898,
		0.041861977428197861,
		9.3340663909912109,
		0.084301359951496124,
		0.084012657403945923,
		13.076238632202148
	],
	"end" : 19.453056335449219,
	"labels" : 
	[
		"Prep",
		"Scan",
		"Break",
		"Prep",
		"Scan",
		"Break",
		"Prep",
		"Scan",
		"Break",
		"Prep",
		"Scan",
		"Break",
		"Prep",
		"Scan",
		"Break",
		"Prep",
		"Scan",
		"Break",
		"Prep",
		"Scan",
		"Prep",
		"Scan",
		"Prep",
		"Scan",
		"Break",
		"Prep",
		"Scan",
		"Break",
		"Prep",
		"Scan",
		"Prep",
		"Scan",
		"Break",
		"Prep",
		"Scan"
	],
	"start" : 18.793056488037109
}