{
	"data" : 
	[
		1.0508244037628174,
		1.9616672992706299,
		2.1016488075256348,
		1.1208152770996094,
		13.310764312744141,
		1.1908061504364014,
		5.0441503524780273,
		2.8722696304321289,
		2.1716399192810059,
		21.787591934204102,
		7.0755677223205566,
		0.21021300554275513,
		17.794265747070312,
		1.3310283422470093,
		0.49041682481765747,
		20.386331558227539
	],
	"end" : 14.405278205871582,
	"labels" : 
	[
		"Prep",
		"Scan",
		"Break",
		"Prep",
		"Scan",
		"Prep",
		"Scan",
		"Break",
		"Prep",
		"Scan",
		"Break",
		"Prep",
		"Scan",
		"Break",
		"Prep",
		"Scan"
	],
	"start" : 14.009166717529297
}