{
	"data" : 
	[
		0.7715497612953186,
		0.83105647563934326,
		2.7303812503814697,
		0.35622531175613403,
		6.351325511932373,
		1.0686758756637573,
		8.7849884033203125,
		0.41532447934150696,
		9.7346506118774414,
		0.17811265587806702,
		17.688989639282227,
		0.059099163860082626,
		0.11901348829269409,
		17.273258209228516,
		33.537349700927734
	],
	"end" : 18.651111602783203,
	"labels" : 
	[
		"Prep",
		"Scan",
		"Break",
		"Prep",
		"Scan",
		"Prep",
		"Scan",
		"Prep",
		"Scan",
		"Prep",
		"Scan",
		"Break",
		"Prep",
		"Scan",
		"Dead"
	],
	"start" : 18.183610916137695
}