{
	"data" : 
	[
		0.76805585622787476,
		0.71689903736114502,
		2.0482075214385986,
		3.3283593654632568,
		0.10231368243694305,
		0.87054532766342163,
		8.4486141204833984,
		0.051332641392946243,
		1.5361117124557495,
		15.207647323608398,
		0.051332641392946243,
		0.40960633754730225,
		8.3463010787963867,
		0.40960633754730225,
		7.2711281776428223,
		14.337277412414551,
		7.2709527015686035,
		0.051156841218471527,
		0.46093899011611938,
		14.849198341369629,
		13.364418983459473
	],
	"end" : 13.110833168029785,
	"labels" : 
	[
		"Prep",
		"Scan",
		"Break",
		"Scan",
		"Break",
		"Prep",
		"Scan",
		"Break",
		"Prep",
		"Scan",
		"Break",
		"Prep",
		"Scan",
		"Prep",
		"Scan",
		"Break",
		"Scan",
		"Break",
		"Prep",
		"Scan",
		"Dead"
	],
	"start" : 12.568888664245605
}