{
	"data" : 
	[
		1.1675035953521729,
		1.1675035953521729,
		4.8363504409790039,
		1.0008809566497803,
		6.4209837913513184,
		0.083311319351196289,
		1.4174375534057617,
		13.926158905029297,
		0.25022023916244507,
		24.849676132202148,
		0.66734939813613892,
		13.592342376708984,
		0.083311319351196289,
		12.091305732727051,
		18.345666885375977
	],
	"end" : 13.443611145019531,
	"labels" : 
	[
		"Prep",
		"Scan",
		"Break",
		"Prep",
		"Scan",
		"Break",
		"Prep",
		"Scan",
		"Prep",
		"Scan",
		"Prep",
		"Scan",
		"Prep",
		"Scan",
		"Dead"
	],
	"start" : 13.110833168029785
}