{
	"data" : 
	[
		0.4979187548160553,
		1.3579319715499878,
		1.4031549692153931,
		0.40747284889221191,
		0.36209449172019958,
		5.4318833351135254,
		0.36209449172019958,
		0.40731742978096008,
		0.3168715238571167,
		4.1643972396850586,
		3.7569243907928467,
		1.5391346216201782,
		6.7444367408752441,
		0.04522295668721199,
		0.95061451196670532,
		0.04522295668721199,
		0.36224988102912903,
		0.86001318693161011,
		0.090445913374423981,
		1.086438775062561,
		27.928518295288086,
		0.45269578695297241,
		0.3168715238571167,
		2.9421341419219971,
		0.04522295668721199,
		0.40747284889221191,
		0.22627019882202148,
		19.599878311157227,
		17.789096832275391
	],
	"end" : 10.071944236755371,
	"labels" : 
	[
		"Prep",
		"Scan",
		"Break",
		"Prep",
		"Break",
		"Scan",
		"Break",
		"Prep",
		"Break",
		"Scan",
		"Break",
		"Prep",
		"Scan",
		"Break",
		"Prep",
		"Break",
		"Break",
		"Scan",
		"Break",
		"Prep",
		"Scan",
		"Prep",
		"Break",
		"Scan",
		"Break",
		"Prep",
		"Break",
		"Scan",
		"Dead"
	],
	"start" : 9.4588890075683594
}