{
	"data" : 
	[
		0.34498423337936401,
		0.37159159779548645,
		1.1412910223007202,
		0.18579579889774323,
		1.69858717918396,
		0.4777475893497467,
		4.3792767524719238,
		0.026516221463680267,
		0.79621565341949463,
		7.8826985359191895,
		0.026516221463680267,
		0.2123120129108429,
		4.3261532783508301,
		0.026607343927025795,
		0.079548664391040802,
		3.7423410415649414,
		1.4331516027450562,
		3.7688572406768799,
		68.979812622070312
	],
	"end" : 14.489166259765625,
	"labels" : 
	[
		"Prep",
		"Scan",
		"Break",
		"Prep",
		"Scan",
		"Prep",
		"Scan",
		"Break",
		"Prep",
		"Scan",
		"Break",
		"Prep",
		"Scan",
		"Break",
		"Prep",
		"Scan",
		"Break",
		"Scan",
		"Dead"
	],
	"start" : 13.443611145019531
}