{
	"data" : 
	[
		0.2950780987739563,
		0.40043210983276367,
		0.021056333556771278,
		0.44261717796325684,
		0.46367347240447998,
		0.37937578558921814,
		0.40043210983276367,
		0.50585854053497314,
		0.31613445281982422,
		0.44254478812217712,
		0.4215608537197113,
		0.63226890563964844,
		0.14753904938697815,
		1.9811042547225952,
		0.042185023427009583,
		0.35824710130691528,
		0.37937578558921814,
		1.0959423780441284,
		0.56909984350204468,
		0.14753904938697815,
		1.9811042547225952,
		0.042185023427009583,
		0.35824710130691528,
		1.9811766147613525,
		0.021056333556771278,
		0.14753904938697815,
		0.35831946134567261,
		1.9600480794906616,
		0.23183673620223999,
		0.71656656265258789,
		3.0981752872467041,
		0.042112667113542557,
		0.14753904938697815,
		0.37937578558921814,
		1.138127326965332,
		0.14753904938697815,
		0.021056333556771278,
		0.37937578558921814,
		0.021056333556771278,
		0.14753904938697815,
		0.37937578558921814,
		0.37937578558921814,
		0.35824710130691528,
		0.021128691732883453,
		0.35824710130691528,
		0.37937578558921814,
		0.35831946134567261,
		0.37937578558921814,
		0.021056333556771278,
		0.16859538853168488,
		0.35831946134567261,
		0.37937578558921814,
		73.59716796875
	],
	"end" : 12.568888664245605,
	"labels" : 
	[
		"Prep",
		"Scan",
		"Prep",
		"Scan",
		"Break",
		"Prep",
		"Scan",
		"Break",
		"Prep",
		"Scan",
		"Break",
		"Prep",
		"Break",
		"Scan",
		"Prep",
		"Break",
		"Scan",
		"Break",
		"Prep",
		"Break",
		"Scan",
		"Prep",
		"Break",
		"Scan",
		"Break",
		"Prep",
		"Break",
		"Scan",
		"Break",
		"Prep",
		"Scan",
		"Prep",
		"Break",
		"Scan",
		"Break",
		"Prep",
		"Break",
		"Scan",
		"Break",
		"Break",
		"Scan",
		"Break",
		"Scan",
		"Break",
		"Break",
		"Scan",
		"Break",
		"Scan",
		"Break",
		"Prep",
		"Break",
		"Scan",
		"Dead"
	],
	"start" : 11.252222061157227
}