{
	"data" : 
	[
		0.78102868795394897,
		1.4908775091171265,
		2.4142658710479736,
		0.63866889476776123,
		6.3194093704223633,
		0.63915640115737915,
		0.63866889476776123,
		1.8462892770767212,
		1.8458017110824585,
		0.071179889142513275,
		7.3134903907775879,
		0.070692352950572968,
		6.0351772308349609,
		0.78102868795394897,
		0.78102868795394897,
		9.0885992050170898,
		5.4667129516601562,
		0.85220855474472046,
		0.071179889142513275,
		0.070692352950572968,
		11.57355785369873,
		0.63915640115737915,
		0.78102868795394897,
		9.3011636734008789,
		0.071179889142513275,
		5.3248410224914551,
		12.638330459594727,
		0.42610427737236023,
		0.4972841739654541,
		11.431198120117188
	],
	"end" : 19.04194450378418,
	"labels" : 
	[
		"Prep",
		"Scan",
		"Break",
		"Prep",
		"Scan",
		"Break",
		"Prep",
		"Scan",
		"Break",
		"Prep",
		"Scan",
		"Prep",
		"Scan",
		"Break",
		"Prep",
		"Scan",
		"Break",
		"Prep",
		"Break",
		"Break",
		"Scan",
		"Break",
		"Prep",
		"Scan",
		"Break",
		"Prep",
		"Scan",
		"Break",
		"Prep",
		"Scan"
	],
	"start" : 18.651111602783203
}