{
	"data" : 
	[
		0.55421274900436401,
		0.59695714712142944,
		2.771503210067749,
		2.7287585735321045,
		0.042744357138872147,
		0.7247510552406311,
		6.7367739677429199,
		0.042597971856594086,
		1.0233759880065918,
		12.663308143615723,
		0.042744357138872147,
		0.29833218455314636,
		6.9926548004150391,
		0.29847857356071472,
		6.0544748306274414,
		5.0312447547912598,
		6.0546207427978516,
		0.042597971856594086,
		0.34107652306556702,
		12.407574653625488,
		34.451217651367188
	],
	"end" : 11.252222061157227,
	"labels" : 
	[
		"Prep",
		"Scan",
		"Break",
		"Scan",
		"Break",
		"Prep",
		"Scan",
		"Break",
		"Prep",
		"Scan",
		"Break",
		"Prep",
		"Scan",
		"Prep",
		"Scan",
		"Break",
		"Scan",
		"Break",
		"Prep",
		"Scan",
		"Dead"
	],
	"start" : 10.601388931274414
}