{
	"data" : 
	[
		0.61482959985733032,
		0.61482959985733032,
		0.79908859729766846,
		0.4919903576374054,
		1.1063978672027588,
		4.5492749214172363,
		0.55340999364852905,
		0.55319893360137939,
		5.8403539657592773,
		1.5369685888290405,
		14.447124481201172,
		0.43035963177680969,
		0.061419647186994553,
		2.336057186126709,
		0.18446999788284302,
		0.43035963177680969,
		8.6681900024414062,
		0.12305034697055817,
		0.67624926567077637,
		0.061419647186994553,
		9.8976383209228516,
		0.12305034697055817,
		0.12305034697055817,
		0.36872893571853638,
		0.43035963177680969,
		9.1599693298339844,
		35.718162536621094
	],
	"end" : 14.940555572509766,
	"labels" : 
	[
		"Prep",
		"Scan",
		"Break",
		"Prep",
		"Scan",
		"Break",
		"Prep",
		"Scan",
		"Break",
		"Prep",
		"Scan",
		"Break",
		"Prep",
		"Break",
		"Prep",
		"Break",
		"Scan",
		"Prep",
		"Break",
		"Prep",
		"Scan",
		"Break",
		"Prep",
		"Break",
		"Prep",
		"Scan",
		"Dead"
	],
	"start" : 14.489166259765625
}