{
	"data" : 
	[
		1.5209486484527588,
		1.419969916343689,
		3.0425937175750732,
		0.10167513787746429,
		7.505157470703125,
		1.8252776861190796,
		17.038942337036133,
		0.20265386998653412,
		9.9397897720336914,
		1.3182947635650635,
		14.401656150817871,
		0.81131190061569214,
		16.632938385009766,
		24.138792037963867
	],
	"end" : 16.350833892822266,
	"labels" : 
	[
		"Prep",
		"Scan",
		"Break",
		"Prep",
		"Scan",
		"Prep",
		"Scan",
		"Prep",
		"Scan",
		"Prep",
		"Scan",
		"Prep",
		"Scan",
		"Dead"
	],
	"start" : 16.07722282409668
}