{
	"data" : 
	[
		0.58631587028503418,
		1.0824352502822876,
		1.0824352502822876,
		0.40592291951179504,
		0.40592291951179504,
		0.90204226970672607,
		0.40584546327590942,
		0.45105981826782227,
		10.373370170593262,
		0.36078593134880066,
		0.40592291951179504,
		10.32823371887207,
		0.36078593134880066,
		9.0654048919677734,
		0.49611937999725342,
		0.81184583902359009,
		17.860221862792969,
		0.40592291951179504,
		0.40584546327590942,
		7.5771241188049316,
		0.45105981826782227,
		1.6687511205673218,
		8.4338750839233398,
		0.045214377343654633,
		0.40584546327590942,
		2.9316568374633789,
		0.40584546327590942,
		2.7060494422912598,
		2.7062044143676758,
		0.45105981826782227,
		3.2924425601959229,
		12.628437042236328
	],
	"end" : 8.2291669845581055,
	"labels" : 
	[
		"Prep",
		"Scan",
		"Break",
		"Prep",
		"Break",
		"Scan",
		"Break",
		"Prep",
		"Scan",
		"Break",
		"Prep",
		"Scan",
		"Prep",
		"Scan",
		"Break",
		"Prep",
		"Scan",
		"Break",
		"Prep",
		"Scan",
		"Break",
		"Prep",
		"Scan",
		"Break",
		"Prep",
		"Break",
		"Scan",
		"Break",
		"Prep",
		"Prep",
		"Scan",
		"Dead"
	],
	"start" : 7.6111111640930176
}