{
	"data" : 
	[
		1.133442759513855,
		1.1331648826599121,
		2.4289250373840332,
		2.2666077613830566,
		9.5528268814086914,
		0.080880783498287201,
		1.3763630390167236,
		12.710234642028809,
		0.080880783498287201,
		0.72848296165466309,
		24.044107437133789,
		0.080880783498287201,
		0.64760220050811768,
		13.195796966552734,
		0.16203951835632324,
		15.705326080322266,
		14.57243824005127
	],
	"end" : 16.07722282409668,
	"labels" : 
	[
		"Prep",
		"Scan",
		"Break",
		"Prep",
		"Scan",
		"Break",
		"Prep",
		"Scan",
		"Break",
		"Prep",
		"Scan",
		"Break",
		"Prep",
		"Scan",
		"Prep",
		"Scan",
		"Dead"
	],
	"start" : 15.734444618225098
}