{
	"data" : 
	[
		0.73382449150085449,
		0.73382449150085449,
		2.2012934684753418,
		4.6124053001403809,
		0.89109832048416138,
		8.805354118347168,
		0.052364625036716461,
		0.10490918904542923,
		15.619233131408691,
		0.57655066251754761,
		0.36691224575042725,
		9.2246303558349609,
		8.5958957672119141,
		4.5598611831665039,
		8.5958957672119141,
		0.052364625036716461,
		0.41927686333656311,
		13.627577781677246,
		20.126728057861328
	],
	"end" : 10.601388931274414,
	"labels" : 
	[
		"Prep",
		"Scan",
		"Break",
		"Scan",
		"Prep",
		"Scan",
		"Break",
		"Prep",
		"Scan",
		"Break",
		"Prep",
		"Scan",
		"Scan",
		"Break",
		"Scan",
		"Break",
		"Prep",
		"Scan",
		"Dead"
	],
	"start" : 10.071944236755371
}