{
	"data" : 
	[
		0.81702977418899536,
		0.074205890297889709,
		1.8569324016571045,
		2.9710407257080078,
		2.1540110111236572,
		0.074205890297889709,
		0.074460893869400024,
		0.51969623565673828,
		1.4856477975845337,
		0.59415715932846069,
		0.22287267446517944,
		0.5199512243270874,
		1.6340595483779907,
		0.14841178059577942,
		1.262775182723999,
		5.9420814514160156,
		1.1141083240509033,
		0.14841178059577942,
		0.074205890297889709,
		0.074460893869400024,
		0.5199512243270874,
		1.3367260694503784,
		5.8678755760192871,
		0.29707857966423035,
		1.262775182723999,
		0.074205890297889709,
		1.4111869335174561,
		0.074205890297889709,
		1.7082655429840088,
		0.59441214799880981,
		1.2625201940536499,
		63.728073120117188
	],
	"end" : 9.4588890075683594,
	"labels" : 
	[
		"Prep",
		"Break",
		"Scan",
		"Break",
		"Prep",
		"Break",
		"Prep",
		"Break",
		"Scan",
		"Prep",
		"Break",
		"Break",
		"Scan",
		"Prep",
		"Break",
		"Scan",
		"Break",
		"Prep",
		"Break",
		"Prep",
		"Break",
		"Scan",
		"Break",
		"Break",
		"Scan",
		"Prep",
		"Scan",
		"Break",
		"Prep",
		"Break",
		"Scan",
		"Dead"
	],
	"start" : 9.0852775573730469
}