{
	"data" : 
	[
		0.18519502878189087,
		0.44454437494277954,
		0.87064564228057861,
		0.50012832880020142,
		0.01857038214802742,
		0.24077898263931274,
		1.8153183460235596,
		0.48168513178825378,
		0.25934934616088867,
		1.2410356998443604,
		0.14818146824836731,
		0.14830866456031799,
		0.35194686055183411,
		0.037013567984104156,
		0.16675184667110443,
		0.018443187698721886,
		4.6125774383544922,
		0.64830982685089111,
		0.53714191913604736,
		0.037013567984104156,
		0.37051728367805481,
		1.7968752384185791,
		0.037013567984104156,
		0.37051728367805481,
		84.562141418457031
	],
	"end" : 18.183610916137695,
	"labels" : 
	[
		"Prep",
		"Scan",
		"Break",
		"Prep",
		"Break",
		"Scan",
		"Break",
		"Prep",
		"Break",
		"Scan",
		"Prep",
		"Break",
		"Scan",
		"Prep",
		"Break",
		"Prep",
		"Scan",
		"Break",
		"Prep",
		"Break",
		"Scan",
		"Break",
		"Break",
		"Scan",
		"Dead"
	],
	"start" : 16.685556411743164
}