{
	"data" : 
	[
		0.52430963516235352,
		0.38450169563293457,
		2.2370462417602539,
		0.035041976720094681,
		0.48926764726638794,
		1.1885471343994141,
		0.83884739875793457,
		11.60489559173584,
		0.4893876314163208,
		5.4528679847717285,
		0.035041976720094681,
		5.0334444046020508,
		0.90881133079528809,
		0.13980789482593536,
		13.422517776489258,
		0.27961578965187073,
		0.17472986876964569,
		0.035041976720094681,
		9.3328065872192383,
		0.34957975149154663,
		0.2446938157081604,
		4.4740924835205078,
		9.1931190490722656,
		0.13980789482593536,
		0.13980789482593536,
		0.10488592833280563,
		2.8313198089599609,
		0.069843940436840057,
		0.10488592833280563,
		11.674739837646484,
		0.10488592833280563,
		9.8221950531005859,
		8.0396137237548828
	],
	"end" : 15.734444618225098,
	"labels" : 
	[
		"Prep",
		"Scan",
		"Break",
		"Prep",
		"Scan",
		"Break",
		"Prep",
		"Scan",
		"Prep",
		"Scan",
		"Prep",
		"Scan",
		"Prep",
		"Break",
		"Scan",
		"Prep",
		"Break",
		"Prep",
		"Scan",
		"Break",
		"Prep",
		"Scan",
		"Break",
		"Prep",
		"Break",
		"Prep",
		"Scan",
		"Break",
		"Prep",
		"Scan",
		"Prep",
		"Scan",
		"Dead"
	],
	"start" : 14.940555572509766
}