{
	"data" : 
	[
		1.1607210636138916,
		1.7407970428466797,
		5.1398482322692871,
		1.1607210636138916,
		0.33187857270240784,
		10.777229309082031,
		1.4094877243041992,
		0.083111956715583801,
		0.082542695105075836,
		13.182353973388672,
		0.082542695105075836,
		8.9538898468017578,
		2.1552183628082275,
		10.11461067199707,
		0.74629980325698853,
		13.927515029907227,
		28.851234436035156
	],
	"end" : 16.685556411743164,
	"labels" : 
	[
		"Prep",
		"Scan",
		"Break",
		"Prep",
		"Break",
		"Scan",
		"Break",
		"Break",
		"Prep",
		"Scan",
		"Prep",
		"Scan",
		"Prep",
		"Scan",
		"Prep",
		"Scan",
		"Dead"
	],
	"start" : 16.350833892822266
}