{
	"data" : 
	[
		0.4537079930305481,
		0.45381927490234375,
		1.4262256622314453,
		0.032383866608142853,
		2.0745706558227539,
		0.032383866608142853,
		0.55108213424682617,
		0.3889402449131012,
		5.380730152130127,
		0.29167738556861877,
		9.6594066619873047,
		0.25929349660873413,
		5.2835779190063477,
		0.064767733216285706,
		4.602849006652832,
		68.944580078125
	],
	"end" : 9.0852775573730469,
	"labels" : 
	[
		"Prep",
		"Scan",
		"Break",
		"Prep",
		"Scan",
		"Break",
		"Prep",
		"Break",
		"Scan",
		"Prep",
		"Scan",
		"Prep",
		"Scan",
		"Prep",
		"Scan",
		"Dead"
	],
	"start" : 8.2291669845581055
}