{
	"data" : 
	[
		0.9639316201210022,
		0.4822022020816803,
		1.5832304954528809,
		0.75734108686447144,
		1.8593149185180664,
		1.1015011072158813,
		0.4127083420753479,
		0.9639316201210022,
		0.75734108686447144,
		2.4786138534545898,
		2.0654327869415283,
		11.015955924987793,
		1.0329527854919434,
		0.13756944239139557,
		10.396184921264648,
		0.13756944239139557,
		9.0880928039550781,
		0.13756944239139557,
		0.13756944239139557,
		2.3410444259643555,
		9.1571140289306641,
		1.0324798822402954,
		0.13756944239139557,
		11.704276084899902,
		0.06902109831571579,
		0.13756944239139557,
		11.153526306152344,
		0.9639316201210022,
		0.13804219663143158,
		17.556415557861328
	],
	"end" : 17.610834121704102,
	"labels" : 
	[
		"Prep",
		"Scan",
		"Break",
		"Scan",
		"Break",
		"Prep",
		"Scan",
		"Prep",
		"Scan",
		"Break",
		"Prep",
		"Scan",
		"Break",
		"Prep",
		"Scan",
		"Prep",
		"Scan",
		"Prep",
		"Scan",
		"Break",
		"Scan",
		"Break",
		"Prep",
		"Scan",
		"Break",
		"Prep",
		"Scan",
		"Break",
		"Prep",
		"Scan"
	],
	"start" : 17.20777702331543
}