{
	"data" : 
	[
		0.6749761700630188,
		0.26408606767654419,
		0.58701467514038086,
		0.38146883249282837,
		0.32282784581184387,
		1.5260769128799438,
		0.029421262443065643,
		0.29340657591819763,
		1.9957088232040405,
		0.70429670810699463,
		5.0185418128967285,
		0.46953111886978149,
		0.029320504516363144,
		2.4945604801177979,
		0.058741770684719086,
		0.088062278926372528,
		0.029320504516363144,
		0.029320504516363144,
		0.029421262443065643,
		6.7206425666809082,
		1.2032490968704224,
		0.029320504516363144,
		5.0184416770935059,
		1.350053071975708,
		0.38146883249282837,
		5.8109011650085449,
		1.4674359560012817,
		0.029320504516363144,
		5.165245532989502,
		1.3206318616867065,
		7.2195949554443359,
		2.1717324256896973,
		1.7608425617218018,
		12.20871639251709,
		33.016300201416016
	],
	"end" : 15.886944770812988,
	"labels" : 
	[
		"Prep",
		"Scan",
		"Break",
		"Prep",
		"Scan",
		"Break",
		"Prep",
		"Scan",
		"Break",
		"Prep",
		"Scan",
		"Break",
		"Scan",
		"Break",
		"Prep",
		"Break",
		"Prep",
		"Break",
		"Prep",
		"Scan",
		"Break",
		"Prep",
		"Scan",
		"Break",
		"Break",
		"Scan",
		"Break",
		"Prep",
		"Scan",
		"Break",
		"Scan",
		"Break",
		"Prep",
		"Scan",
		"Dead"
	],
	"start" : 14.941389083862305
}