{
	"data" : 
	[
		0.38968327641487122,
		0.24799132347106934,
		0.77936655282974243,
		0.95645105838775635,
		1.1336572170257568,
		0.24799132347106934,
		3.7196264266967773,
		1.771331787109375,
		0.9210585355758667,
		0.24799132347106934,
		6.1285114288330078,
		0.8856658935546875,
		0.070906788110733032,
		0.21247710287570953,
		0.24799132347106934,
		5.1721820831298828,
		0.10629936307668686,
		1.6649107933044434,
		8.7501163482666016,
		0.28350552916526794,
		32.662364959716797,
		0.70845973491668701,
		0.070906788110733032,
		0.10617773979902267,
		0.63767457008361816,
		0.99196529388427734,
		0.10629936307668686,
		0.63755297660827637,
		0.035514205694198608,
		0.14169195294380188,
		0.60216039419174194,
		0.035514205694198608,
		0.42507585883140564,
		0.63767457008361816,
		0.42507585883140564,
		0.63767457008361816,
		0.63767457008361816,
		0.1770845353603363,
		0.60228198766708374,
		0.035392582416534424,
		0.9210585355758667,
		0.10629936307668686,
		0.63767457008361816,
		0.38968327641487122,
		0.14169195294380188,
		0.24799132347106934,
		0.56676781177520752,
		0.85027331113815308,
		0.5313752293586731,
		0.070785164833068848,
		0.5313752293586731,
		20.653091430664062
	],
	"end" : 11.228888511657715,
	"labels" : 
	[
		"Prep",
		"Break",
		"Scan",
		"Break",
		"Prep",
		"Break",
		"Scan",
		"Break",
		"Prep",
		"Break",
		"Scan",
		"Break",
		"Prep",
		"Break",
		"Break",
		"Scan",
		"Break",
		"Prep",
		"Scan",
		"Prep",
		"Scan",
		"Break",
		"Prep",
		"Break",
		"Scan",
		"Break",
		"Prep",
		"Scan",
		"Prep",
		"Break",
		"Scan",
		"Break",
		"Break",
		"Scan",
		"Break",
		"Scan",
		"Break",
		"Break",
		"Scan",
		"Break",
		"Prep",
		"Break",
		"Scan",
		"Break",
		"Prep",
		"Break",
		"Scan",
		"Prep",
		"Scan",
		"Prep",
		"Scan",
		"Dead"
	],
	"start" : 10.445555686950684
}