{
	"data" : 
	[
		0.35126033425331116,
		0.65572881698608398,
		0.98351287841796875,
		0.046872232109308243,
		0.093664065003395081,
		0.35126033425331116,
		4.4494047164916992,
		0.39805218577384949,
		1.6861140727996826,
		0.093664065003395081,
		0.72591662406921387,
		7.2828831672668457,
		0.070268146693706512,
		5.9481105804443359,
		0.070268146693706512,
		5.7841782569885254,
		0.023395916447043419,
		0.18732813000679016,
		2.2715747356414795,
		0.53858846426010132,
		0.37465626001358032,
		0.44492441415786743,
		0.51519256830215454,
		0.37473666667938232,
		0.58538031578063965,
		0.44500479102134705,
		0.35126033425331116,
		0.46832031011581421,
		0.86645293235778809,
		0.3981325626373291,
		3.114551305770874,
		1.3582495450973511,
		0.37465626001358032,
		4.0512723922729492,
		0.2341199666261673,
		6.1355190277099609,
		0.023395916447043419,
		3.4892077445983887,
		0.49179664254188538,
		3.372147798538208,
		0.023395916447043419,
		0.37473666667938232,
		3.7234079837799072,
		1.8265697956085205,
		0.023395916447043419,
		7.2828831672668457,
		0.9367210865020752,
		0.37473666667938232,
		5.7607016563415527,
		0.56206482648849487,
		0.35126033425331116,
		0.30438810586929321,
		0.023476315662264824,
		6.439826488494873,
		12.411413192749023
	],
	"end" : 10.445555686950684,
	"labels" : 
	[
		"Prep",
		"Scan",
		"Break",
		"Prep",
		"Break",
		"Prep",
		"Scan",
		"Prep",
		"Scan",
		"Break",
		"Prep",
		"Scan",
		"Prep",
		"Scan",
		"Prep",
		"Scan",
		"Break",
		"Prep",
		"Scan",
		"Break",
		"Prep",
		"Scan",
		"Break",
		"Prep",
		"Scan",
		"Break",
		"Prep",
		"Scan",
		"Break",
		"Prep",
		"Scan",
		"Break",
		"Prep",
		"Scan",
		"Prep",
		"Scan",
		"Prep",
		"Scan",
		"Prep",
		"Scan",
		"Break",
		"Prep",
		"Scan",
		"Break",
		"Prep",
		"Scan",
		"Break",
		"Prep",
		"Scan",
		"Break",
		"Prep",
		"Break",
		"Prep",
		"Scan",
		"Dead"
	],
	"start" : 9.2605552673339844
}