{
	"data" : 
	[
		0.28336912393569946,
		0.15450870990753174,
		1.4168456792831421,
		0.48943966627120972,
		0.74707216024398804,
		0.15459713339805603,
		1.7002148628234863,
		0.56673824787139893,
		0.74698364734649658,
		1.3911088705062866,
		1.6744780540466309,
		0.25763240456581116,
		1.7002148628234863,
		0.10303528606891632,
		0.02573671005666256,
		1.3138103485107422,
		0.95314270257949829,
		0.90166926383972168,
		0.18033385276794434,
		3.7095353603363037,
		0.41214114427566528,
		0.46370300650596619,
		0.02573671005666256,
		0.077298566699028015,
		5.2036800384521484,
		0.51517641544342041,
		0.18033385276794434,
		5.2294163703918457,
		0.02573671005666256,
		0.36066770553588867,
		5.4097504615783691,
		0.10303528606891632,
		0.02573671005666256,
		0.25763240456581116,
		1.7002148628234863,
		0.02573671005666256,
		1.3138103485107422,
		0.95314270257949829,
		0.51526480913162231,
		0.15450870990753174,
		0.74707216024398804,
		1.004704475402832,
		0.18033385276794434,
		2.6275322437286377,
		0.20615901052951813,
		0.18024541437625885,
		0.61830013990402222,
		0.02573671005666256,
		0.74707216024398804,
		5.6158208847045898,
		0.23189571499824524,
		0.59247499704360962,
		3.8125708103179932,
		0.38640442490577698,
		0.25763240456581116,
		2.3184266090393066,
		2.3185148239135742,
		0.15450870990753174,
		0.23189571499824524,
		0.02573671005666256,
		2.3699882030487061,
		0.02573671005666256,
		4.5853796005249023,
		0.025825152173638344,
		1.5198808908462524,
		6.8780694007873535,
		20.78889274597168
	],
	"end" : 14.941389083862305,
	"labels" : 
	[
		"Prep",
		"Break",
		"Scan",
		"Break",
		"Prep",
		"Break",
		"Scan",
		"Break",
		"Prep",
		"Break",
		"Scan",
		"Break",
		"Scan",
		"Break",
		"Prep",
		"Break",
		"Scan",
		"Prep",
		"Break",
		"Scan",
		"Prep",
		"Scan",
		"Break",
		"Prep",
		"Scan",
		"Break",
		"Prep",
		"Scan",
		"Break",
		"Prep",
		"Scan",
		"Break",
		"Prep",
		"Break",
		"Scan",
		"Break",
		"Break",
		"Scan",
		"Prep",
		"Break",
		"Scan",
		"Break",
		"Break",
		"Scan",
		"Prep",
		"Break",
		"Scan",
		"Break",
		"Prep",
		"Scan",
		"Break",
		"Prep",
		"Scan",
		"Break",
		"Prep",
		"Break",
		"Scan",
		"Prep",
		"Break",
		"Prep",
		"Scan",
		"Prep",
		"Scan",
		"Break",
		"Prep",
		"Scan",
		"Dead"
	],
	"start" : 13.787500381469727
}