{
	"data" : 
	[
		0.29407534003257751,
		0.58829498291015625,
		0.98746424913406372,
		0.16806367039680481,
		3.9707744121551514,
		6.9331669807434082,
		0.42023131251335144,
		1.5125730037689209,
		0.14714586734771729,
		0.39916926622390747,
		6.5338535308837891,
		0.063041910529136658,
		5.3364901542663574,
		0.10502176731824875,
		5.1893444061279297,
		1.8699066638946533,
		0.020917795598506927,
		2.0799500942230225,
		5.2104067802429199,
		0.041979853063821793,
		0.021062055602669716,
		6.5549159049987793,
		0.31506526470184326,
		0.042124111205339432,
		5.3154282569885254,
		45.779533386230469
	],
	"end" : 17.20777702331543,
	"labels" : 
	[
		"Prep",
		"Scan",
		"Break",
		"Prep",
		"Scan",
		"Break",
		"Prep",
		"Scan",
		"Break",
		"Prep",
		"Scan",
		"Prep",
		"Scan",
		"Prep",
		"Scan",
		"Break",
		"Prep",
		"Scan",
		"Scan",
		"Break",
		"Prep",
		"Scan",
		"Break",
		"Prep",
		"Scan",
		"Dead"
	],
	"start" : 15.886944770812988
}