{
	"data" : 
	[
		0.10846800357103348,
		0.065088249742984772,
		0.3253667950630188,
		0.29282265901565552,
		0.13013927638530731,
		0.054252620786428452,
		0.3253667950630188,
		0.83512544631958008,
		0.097595132887363434,
		1.5943270921707153,
		0.21693600714206696,
		0.10843077301979065,
		0.10846800357103348,
		1.0303529500961304,
		0.53142988681793213,
		0.097595132887363434,
		0.93275779485702515,
		0.1626833975315094,
		1.5617828369140625,
		0.010835629887878895,
		0.1626833975315094,
		1.8329342603683472,
		0.1626833975315094,
		1.6485424041748047,
		0.10846800357103348,
		0.10846800357103348,
		1.2797958850860596,
		0.79170846939086914,
		0.10846800357103348,
		0.24944290518760681,
		0.065088249742984772,
		0.010835629887878895,
		0.13017649948596954,
		0.010835629887878895,
		1.8003901243209839,
		0.010835629887878895,
		0.14101213216781616,
		0.010835629887878895,
		1.8871496915817261,
		0.054215386509895325,
		0.16272063553333282,
		1.2580873966217041,
		0.010835629887878895,
		0.1626833975315094,
		1.5726557970046997,
		77.568618774414062
	],
	"end" : 13.787500381469727,
	"labels" : 
	[
		"Prep",
		"Break",
		"Scan",
		"Break",
		"Prep",
		"Break",
		"Scan",
		"Break",
		"Prep",
		"Scan",
		"Break",
		"Prep",
		"Break",
		"Scan",
		"Break",
		"Prep",
		"Scan",
		"Prep",
		"Scan",
		"Break",
		"Prep",
		"Scan",
		"Prep",
		"Scan",
		"Break",
		"Prep",
		"Scan",
		"Break",
		"Prep",
		"Scan",
		"Break",
		"Prep",
		"Break",
		"Prep",
		"Scan",
		"Prep",
		"Break",
		"Prep",
		"Scan",
		"Break",
		"Break",
		"Scan",
		"Break",
		"Prep",
		"Scan",
		"Dead"
	],
	"start" : 11.228888511657715
}