{
	"data" : 
	[
		0.67455697059631348,
		1.1417224407196045,
		3.6329152584075928,
		0.83027881383895874,
		1.349113941192627,
		0.6228872537612915,
		2.0240273475646973,
		0.77825278043746948,
		1.1937484741210938,
		1.972001314163208,
		0.72658306360244751,
		1.5568618774414062,
		0.83027881383895874,
		2.8026363849639893,
		0.051669709384441376,
		3.9443588256835938,
		0.051669709384441376,
		2.7506103515625,
		0.77825278043746948,
		7.2654738426208496,
		0.052026055753231049,
		7.4211959838867188,
		0.051669709384441376,
		0.3634696900844574,
		8.043726921081543,
		0.77860909700393677,
		4.566889762878418,
		0.052026055753231049,
		5.7082557678222656,
		0.052026055753231049,
		7.5769176483154297,
		0.052026055753231049,
		7.5248913764953613,
		0.83027881383895874,
		6.7983088493347168,
		15.049782752990723
	],
	"end" : 18.139165878295898,
	"labels" : 
	[
		"Prep",
		"Scan",
		"Break",
		"Prep",
		"Scan",
		"Prep",
		"Break",
		"Prep",
		"Scan",
		"Break",
		"Prep",
		"Scan",
		"Prep",
		"Scan",
		"Prep",
		"Scan",
		"Prep",
		"Scan",
		"Prep",
		"Scan",
		"Prep",
		"Scan",
		"Prep",
		"Break",
		"Scan",
		"Prep",
		"Scan",
		"Prep",
		"Scan",
		"Prep",
		"Scan",
		"Prep",
		"Scan",
		"Prep",
		"Scan",
		"Dead"
	],
	"start" : 17.60444450378418
}