{
	"data" : 
	[
		1.671051025390625,
		2.5069863796234131,
		4.6541924476623535,
		1.671051025390625,
		0.35814091563224792,
		15.754920959472656,
		0.11965347826480865,
		0.23848742246627808,
		21.006561279296875,
		0.11965347826480865,
		0.11883393675088882,
		11.339216232299805,
		0.95476919412612915,
		16.828523635864258,
		22.557958602905273
	],
	"end" : 18.371665954589844,
	"labels" : 
	[
		"Prep",
		"Scan",
		"Break",
		"Prep",
		"Break",
		"Scan",
		"Break",
		"Break",
		"Scan",
		"Prep",
		"Break",
		"Scan",
		"Prep",
		"Scan",
		"Dead"
	],
	"start" : 18.139165878295898
}