{
	"data" : 
	[
		0.9564509391784668,
		1.0299464464187622,
		2.3538744449615479,
		0.5149732232093811,
		5.3702182769775391,
		0.073495440185070038,
		1.2506852149963379,
		12.285103797912598,
		0.22073888778686523,
		21.922098159790039,
		0.58846861124038696,
		12.064365386962891,
		10.519697189331055,
		30.749887466430664
	],
	"end" : 12.161389350891113,
	"labels" : 
	[
		"Prep",
		"Scan",
		"Break",
		"Prep",
		"Scan",
		"Break",
		"Prep",
		"Scan",
		"Prep",
		"Scan",
		"Prep",
		"Scan",
		"Scan",
		"Dead"
	],
	"start" : 11.78416633605957
}