{
	"data" : 
	[
		0.48768168687820435,
		0.7314029335975647,
		1.9855269193649292,
		0.48768168687820435,
		3.5876533985137939,
		4.354095458984375,
		0.034919824451208115,
		2.960770845413208,
		0.034800238907337189,
		0.59220200777053833,
		4.2495756149291992,
		80.393692016601562
	],
	"end" : 11.78416633605957,
	"labels" : 
	[
		"Prep",
		"Scan",
		"Break",
		"Prep",
		"Scan",
		"Scan",
		"Prep",
		"Scan",
		"Break",
		"Prep",
		"Scan",
		"Dead"
	],
	"start" : 10.987500190734863
}