{
	"data" : 
	[
		0.47300291061401367,
		0.47300291061401367,
		1.689146876335144,
		0.54062443971633911,
		2.3986513614654541,
		0.033752784132957458,
		0.74325716495513916,
		5.6081814765930176,
		0.10137433558702469,
		10.033971786499023,
		0.033752784132957458,
		0.23650145530700684,
		5.5405597686767578,
		0.06762155145406723,
		6.8244414329528809,
		0.033752784132957458,
		10.844734191894531,
		54.223674774169922
	],
	"end" : 15.5625,
	"labels" : 
	[
		"Prep",
		"Scan",
		"Break",
		"Prep",
		"Scan",
		"Break",
		"Prep",
		"Scan",
		"Prep",
		"Scan",
		"Break",
		"Prep",
		"Scan",
		"Prep",
		"Scan",
		"Prep",
		"Scan",
		"Dead"
	],
	"start" : 14.741110801696777
}