{
	"data" : 
	[
		0.72279554605484009,
		0.77814561128616333,
		2.1126549243927002,
		0.77814561128616333,
		4.0583052635192871,
		1.2230457067489624,
		6.8380236625671387,
		2.7239866256713867,
		0.05554092675447464,
		0.16681365668773651,
		1.5564820766448975,
		9.339655876159668,
		0.50025010108947754,
		16.566656112670898,
		0.44470915198326111,
		9.7843656539916992,
		0.11127272248268127,
		7.8940649032592773,
		34.245086669921875
	],
	"end" : 16.061666488647461,
	"labels" : 
	[
		"Prep",
		"Scan",
		"Break",
		"Prep",
		"Scan",
		"Prep",
		"Scan",
		"Break",
		"Prep",
		"Break",
		"Prep",
		"Scan",
		"Prep",
		"Scan",
		"Prep",
		"Scan",
		"Prep",
		"Scan",
		"Dead"
	],
	"start" : 15.5625
}