{
	"data" : 
	[
		7.3006091117858887,
		0.18497414886951447,
		0.92391890287399292,
		11.829144477844238,
		0.092328436672687531,
		0.18497414886951447,
		18.20551872253418,
		0.18497414886951447,
		8.8717794418334961,
		52.121780395507812
	],
	"end" : 12.814167022705078,
	"labels" : 
	[
		"Break",
		"Prep",
		"Break",
		"Scan",
		"Break",
		"Prep",
		"Scan",
		"Prep",
		"Scan",
		"Dead"
	],
	"start" : 12.513889312744141
}