{
	"data" : 
	[
		0.8672940731048584,
		1.4003089666366577,
		4.7348575592041016,
		0.93369191884994507,
		0.20010955631732941,
		0.066855825483798981,
		8.5360231399536133,
		0.46661704778671265,
		0.066855825483798981,
		0.066855825483798981,
		9.86993408203125,
		0.066397905349731445,
		6.4021315574645996,
		0.066855825483798981,
		0.86683613061904907,
		10.603516578674316,
		54.684856414794922
	],
	"end" : 18.787776947021484,
	"labels" : 
	[
		"Prep",
		"Scan",
		"Break",
		"Prep",
		"Break",
		"Prep",
		"Scan",
		"Break",
		"Prep",
		"Break",
		"Scan",
		"Break",
		"Scan",
		"Break",
		"Prep",
		"Scan",
		"Dead"
	],
	"start" : 18.371665954589844
}