{
	"data" : 
	[
		0.54536312818527222,
		0.94195985794067383,
		0.54536312818527222,
		0.049532040953636169,
		1.4377909898757935,
		1.8839197158813477,
		1.2890245914459229,
		0.14876633882522583,
		0.34706470370292664,
		5.4536309242248535,
		2.4292829036712646,
		0.049532040953636169,
		0.34706470370292664,
		5.3545670509338379,
		0.049532040953636169,
		0.34706470370292664,
		5.4039287567138672,
		0.049702256917953491,
		1.586387038230896,
		7.4367847442626953,
		0.14876633882522583,
		0.34706470370292664,
		0.89242786169052124,
		3.8670737743377686,
		0.34706470370292664,
		0.099064081907272339,
		1.4377909898757935,
		0.396596759557724,
		0.84289580583572388,
		0.049532040953636169,
		0.84289580583572388,
		0.89242786169052124,
		0.89225757122039795,
		0.84289580583572388,
		0.049532040953636169,
		0.84289580583572388,
		0.89242786169052124,
		1.2394925355911255,
		0.34689450263977051,
		0.89242786169052124,
		48.041313171386719
	],
	"end" : 10.20805549621582,
	"labels" : 
	[
		"Prep",
		"Scan",
		"Break",
		"Prep",
		"Scan",
		"Break",
		"Prep",
		"Break",
		"Break",
		"Scan",
		"Break",
		"Prep",
		"Break",
		"Scan",
		"Break",
		"Break",
		"Scan",
		"Break",
		"Prep",
		"Scan",
		"Prep",
		"Break",
		"Scan",
		"Break",
		"Prep",
		"Break",
		"Scan",
		"Break",
		"Scan",
		"Break",
		"Break",
		"Scan",
		"Break",
		"Scan",
		"Break",
		"Break",
		"Scan",
		"Prep",
		"Break",
		"Scan",
		"Dead"
	],
	"start" : 9.6483335494995117
}