{
	"data" : 
	[
		0.40775719285011292,
		1.0750077962875366,
		1.4085694551467896,
		0.33368894457817078,
		0.25949341058731079,
		4.0404105186462402,
		0.33368894457817078,
		0.33356165885925293,
		0.25949341058731079,
		3.7068488597869873,
		0.037034124135971069,
		1.2974671125411987,
		5.5602092742919922,
		1.0009396076202393,
		0.037034124135971069,
		0.037034124135971069,
		0.25949341058731079,
		0.81551438570022583,
		0.074195519089698792,
		1.000812292098999,
		1.7052242755889893,
		0.074068248271942139,
		0.074195519089698792,
		0.074068248271942139,
		3.9663419723510742,
		0.51898682117462158,
		1.0750077962875366,
		0.037034124135971069,
		0.25949341058731079,
		2.4095091819763184,
		0.037034124135971069,
		0.63021647930145264,
		3.7068488597869873,
		0.037034124135971069,
		0.92674404382705688,
		0.14826376736164093,
		0.037034124135971069,
		15.568840980529785,
		46.335800170898438
	],
	"end" : 9.6483335494995117,
	"labels" : 
	[
		"Prep",
		"Scan",
		"Break",
		"Prep",
		"Break",
		"Scan",
		"Break",
		"Prep",
		"Break",
		"Scan",
		"Break",
		"Prep",
		"Scan",
		"Prep",
		"Break",
		"Prep",
		"Break",
		"Scan",
		"Break",
		"Prep",
		"Break",
		"Prep",
		"Break",
		"Prep",
		"Scan",
		"Break",
		"Prep",
		"Break",
		"Break",
		"Scan",
		"Break",
		"Break",
		"Scan",
		"Break",
		"Prep",
		"Break",
		"Prep",
		"Scan",
		"Dead"
	],
	"start" : 8.8997220993041992
}