{
	"data" : 
	[
		0.44075754284858704,
		0.70548450946807861,
		1.2785298824310303,
		0.61709082126617432,
		0.74953001737594604,
		0.088090971112251282,
		0.088242322206497192,
		0.57319670915603638,
		1.1902875900268555,
		0.044045485556125641,
		0.57319670915603638,
		1.8956208229064941,
		0.13228781521320343,
		0.57319670915603638,
		3.5710139274597168,
		0.044045485556125641,
		0.044045485556125641,
		1.3225753307342529,
		0.044196844100952148,
		0.57304537296295166,
		5.9517402648925781,
		1.3666208982467651,
		8.5528459548950195,
		4.1440596580505371,
		0.57319670915603638,
		6.2161645889282227,
		0.79357558488845825,
		7.1860733032226562,
		0.088242322206497192,
		0.044045485556125641,
		6.833406925201416,
		0.044045485556125641,
		9.3464212417602539,
		0.044045485556125641,
		4.4526805877685547,
		29.714353561401367
	],
	"end" : 13.443611145019531,
	"labels" : 
	[
		"Prep",
		"Scan",
		"Break",
		"Prep",
		"Scan",
		"Break",
		"Prep",
		"Scan",
		"Break",
		"Prep",
		"Scan",
		"Break",
		"Prep",
		"Scan",
		"Break",
		"Prep",
		"Scan",
		"Break",
		"Prep",
		"Scan",
		"Break",
		"Prep",
		"Scan",
		"Break",
		"Prep",
		"Scan",
		"Prep",
		"Scan",
		"Break",
		"Prep",
		"Scan",
		"Prep",
		"Scan",
		"Prep",
		"Scan",
		"Dead"
	],
	"start" : 12.814167022705078
}