{
	"data" : 
	[
		0.29943704605102539,
		0.29943704605102539,
		1.6040222644805908,
		0.021367382258176804,
		1.561287522315979,
		0.021367382258176804,
		0.36361262202262878,
		3.5930244922637939,
		0.064175575971603394,
		6.3734273910522461,
		0.17108592391014099,
		3.7641837596893311,
		0.021367382258176804,
		3.037031888961792,
		78.705177307128906
	],
	"end" : 14.741110801696777,
	"labels" : 
	[
		"Prep",
		"Scan",
		"Break",
		"Prep",
		"Scan",
		"Break",
		"Prep",
		"Scan",
		"Prep",
		"Scan",
		"Prep",
		"Scan",
		"Prep",
		"Scan",
		"Dead"
	],
	"start" : 13.443611145019531
}