{
	"data" : 
	[
		1.4645756483078003,
		1.4645756483078003,
		3.8708181381225586,
		1.6735954284667969,
		7.2180089950561523,
		0.10415078699588776,
		1.6743136644363403,
		17.364450454711914,
		0.94166678190231323,
		31.172689437866211,
		0.83679771423339844,
		17.051280975341797,
		0.10486907511949539,
		0.20901986956596375,
		14.749189376831055
	],
	"end" : 19.053054809570312,
	"labels" : 
	[
		"Prep",
		"Scan",
		"Break",
		"Prep",
		"Scan",
		"Break",
		"Prep",
		"Scan",
		"Prep",
		"Scan",
		"Prep",
		"Scan",
		"Break",
		"Prep",
		"Scan"
	],
	"start" : 18.787776947021484
}