{
	"data" : 
	[
		0.34500965476036072,
		0.51759904623031616,
		0.197124183177948,
		0.024534769356250763,
		0.61607652902603149,
		0.394248366355896,
		0.4189523458480835,
		0.64078050851821899,
		0.54213380813598633,
		0.394248366355896,
		2.7352039813995361,
		0.024703975766897202,
		0.024703975766897202,
		0.024534769356250763,
		3.0803828239440918,
		0.024534769356250763,
		2.1192965507507324,
		0.34500965476036072,
		2.7599077224731445,
		0.024703975766897202,
		0.394248366355896,
		2.414898157119751,
		0.024703975766897202,
		0.024703975766897202,
		0.024534769356250763,
		4.2385931015014648,
		0.024534769356250763,
		0.197124183177948,
		0.073942720890045166,
		4.8299660682678223,
		0.024534769356250763,
		3.4253923892974854,
		68.949134826660156
	],
	"end" : 17.60444450378418,
	"labels" : 
	[
		"Prep",
		"Scan",
		"Break",
		"Prep",
		"Scan",
		"Break",
		"Prep",
		"Scan",
		"Break",
		"Prep",
		"Scan",
		"Break",
		"Break",
		"Prep",
		"Scan",
		"Break",
		"Scan",
		"Prep",
		"Scan",
		"Break",
		"Prep",
		"Scan",
		"Break",
		"Break",
		"Prep",
		"Scan",
		"Break",
		"Prep",
		"Break",
		"Scan",
		"Prep",
		"Scan",
		"Dead"
	],
	"start" : 16.47833251953125
}