{
	"data" : 
	[
		0.017376352101564407,
		0.013655588030815125,
		0.026070920750498772,
		0.0099305612966418266,
		0.026070920750498772,
		0.026070920750498772,
		0.040962502360343933,
		0.017380613833665848,
		0.044691789895296097,
		0.028551431372761726,
		0.14152117073535919,
		0.12538506090641022,
		0.1837281733751297,
		0.031031938269734383,
		0.0012445166939869523,
		0.11545024067163467,
		0.059587631374597549,
		0.012415332719683647,
		0.1291058212518692,
		0.028551431372761726,
		0.20607408881187439,
		0.16759207844734192,
		0.0037250260356813669,
		42.399127960205078,
		0.1191752627491951,
		55.925529479980469
	],
	"end" : 12.513889312744141,
	"labels" : 
	[
		"Prep",
		"Scan",
		"Break",
		"Scan",
		"Break",
		"Scan",
		"Break",
		"Scan",
		"Break",
		"Scan",
		"Break",
		"Scan",
		"Scan",
		"Break",
		"Prep",
		"Scan",
		"Prep",
		"Break",
		"Scan",
		"Prep",
		"Scan",
		"Break",
		"Prep",
		"Scan",
		"Dead",
		"Break"
	],
	"start" : 12.161389350891113
}