{
	"data" : 
	[
		0.49845674633979797,
		0.39162713289260864,
		1.4241098165512085,
		0.4627653956413269,
		2.9550492763519287,
		1.9224443435668945,
		0.28491973876953125,
		0.32036665081977844,
		2.3497629165649414,
		0.60516417026519775,
		0.035691361874341965,
		6.4795713424682617,
		0.035569131374359131,
		0.53402590751647949,
		6.4440021514892578,
		1.8869974613189697,
		0.035569131374359131,
		7.2628254890441895,
		1.2461419105529785,
		0.85439252853393555,
		1.2461419105529785,
		10.217874526977539,
		0.17796789109706879,
		0.28479751944541931,
		6.0880661010742188,
		0.035569131374359131,
		6.1236352920532227,
		0.10670740157365799,
		0.85451477766036987,
		5.6607480049133301,
		4.2010688781738281,
		0.035569131374359131,
		0.17809012532234192,
		0.071138262748718262,
		0.78325426578521729,
		7.8681120872497559,
		0.890083909034729,
		7.049166202545166,
		11.998043060302734
	],
	"end" : 10.987500190734863,
	"labels" : 
	[
		"Prep",
		"Scan",
		"Break",
		"Prep",
		"Scan",
		"Break",
		"Prep",
		"Scan",
		"Break",
		"Prep",
		"Break",
		"Scan",
		"Break",
		"Prep",
		"Scan",
		"Break",
		"Scan",
		"Break",
		"Prep",
		"Break",
		"Prep",
		"Scan",
		"Break",
		"Prep",
		"Scan",
		"Prep",
		"Scan",
		"Break",
		"Prep",
		"Scan",
		"Break",
		"Prep",
		"Break",
		"Prep",
		"Break",
		"Scan",
		"Prep",
		"Scan",
		"Dead"
	],
	"start" : 10.20805549621582
}