{
	"data" : 
	[
		0.66583842039108276,
		1.2658246755599976,
		3.7293353080749512,
		1.7318201065063477,
		18.048521041870117,
		0.99875760078430176,
		5.7277650833129883,
		0.599528968334198,
		0.4659954309463501,
		5.7277650833129883,
		0.06676676869392395,
		0.19938568770885468,
		1.1322911977767944,
		1.199057936668396,
		2.8636541366577148,
		0.19984298944473267,
		1.1322911977767944,
		0.066309459507465363,
		0.46645271778106689,
		1.1986006498336792,
		0.06676676869392395,
		1.1322911977767944,
		1.1986006498336792,
		0.06676676869392395,
		1.1322911977767944,
		1.1986006498336792,
		0.06676676869392395,
		1.1318339109420776,
		1.199057936668396,
		1.6650533676147461,
		0.4659954309463501,
		1.199057936668396,
		41.891117095947266
	],
	"end" : 16.47833251953125,
	"labels" : 
	[
		"Prep",
		"Scan",
		"Break",
		"Prep",
		"Scan",
		"Prep",
		"Scan",
		"Prep",
		"Break",
		"Scan",
		"Break",
		"Prep",
		"Break",
		"Scan",
		"Break",
		"Prep",
		"Scan",
		"Prep",
		"Break",
		"Scan",
		"Prep",
		"Break",
		"Scan",
		"Prep",
		"Break",
		"Scan",
		"Prep",
		"Break",
		"Scan",
		"Prep",
		"Break",
		"Scan",
		"Dead"
	],
	"start" : 16.061666488647461
}