{
	"data" : 
	[
		1.1362087726593018,
		1.1362087726593018,
		6.4110264778137207,
		1.2170083522796631,
		5.9245572090148926,
		1.8661909103393555,
		13.633947372436523,
		0.08135678619146347,
		0.16215632855892181,
		24.183582305908203,
		0.08135678619146347,
		0.56838297843933105,
		13.309079170227051,
		0.16215632855892181,
		11.523687362670898,
		18.503095626831055
	],
	"end" : 18.212499618530273,
	"labels" : 
	[
		"Prep",
		"Scan",
		"Break",
		"Prep",
		"Scan",
		"Prep",
		"Scan",
		"Break",
		"Prep",
		"Scan",
		"Break",
		"Prep",
		"Scan",
		"Prep",
		"Scan",
		"Dead"
	],
	"start" : 17.870555877685547
}