{
	"data" : 
	[
		0.61599677801132202,
		0.66350626945495605,
		0.047346819192171097,
		0.18954998254776001,
		4.549525260925293,
		0.28440633416175842,
		0.52130317687988281,
		5.260378360748291,
		0.52130317687988281,
		13.411678314208984,
		0.047346819192171097,
		0.47395634651184082,
		10.568102836608887,
		0.047346819192171097,
		0.47395634651184082,
		62.224300384521484
	],
	"end" : 15.326944351196289,
	"labels" : 
	[
		"Prep",
		"Scan",
		"Break",
		"Prep",
		"Break",
		"Prep",
		"Scan",
		"Break",
		"Scan",
		"Break",
		"Prep",
		"Scan",
		"Break",
		"Prep",
		"Scan",
		"Dead"
	],
	"start" : 14.741389274597168
}