{
	"data" : 
	[
		0.55044072866439819,
		0.82552611827850342,
		0.70755523443222046,
		0.039413608610630035,
		0.23594173789024353,
		0.86493974924087524,
		0.58958441019058228,
		0.7078251838684082,
		0.66841161251068115,
		0.55044072866439819,
		0.70755523443222046,
		3.5383162498474121,
		0.62899798154830933,
		0.11797086894512177,
		5.3861665725708008,
		1.4153804779052734,
		5.4255805015563965,
		1.7298794984817505,
		0.039413608610630035,
		0.27508538961410522,
		11.95177173614502,
		0.86493974924087524,
		0.039413608610630035,
		9.5534811019897461,
		0.039413608610630035,
		0.3539125919342041,
		0.039143655449151993,
		7.3914017677307129,
		0.94349706172943115,
		0.039413608610630035,
		0.039143655449151993,
		0.039413608610630035,
		6.8406906127929688,
		0.039413608610630035,
		0.27535533905029297,
		0.039143655449151993,
		6.9589314460754395,
		0.62899798154830933,
		6.7621335983276367,
		0.039413608610630035,
		0.58958441019058228,
		5.3861665725708008,
		0.62926793098449707,
		5.5041375160217285,
		9.9073934555053711
	],
	"end" : 17.505556106567383,
	"labels" : 
	[
		"Prep",
		"Scan",
		"Prep",
		"Break",
		"Prep",
		"Break",
		"Prep",
		"Scan",
		"Break",
		"Prep",
		"Scan",
		"Break",
		"Prep",
		"Break",
		"Scan",
		"Break",
		"Scan",
		"Break",
		"Prep",
		"Break",
		"Scan",
		"Break",
		"Prep",
		"Scan",
		"Break",
		"Break",
		"Prep",
		"Scan",
		"Break",
		"Prep",
		"Break",
		"Prep",
		"Scan",
		"Prep",
		"Break",
		"Prep",
		"Scan",
		"Prep",
		"Scan",
		"Break",
		"Prep",
		"Scan",
		"Prep",
		"Scan",
		"Dead"
	],
	"start" : 16.799722671508789
}