{
	"data" : 
	[
		0.24497596919536591,
		0.26373568177223206,
		0.75368762016296387,
		0.26380038261413574,
		1.6957485675811768,
		0.018889091908931732,
		0.339162677526474,
		3.1654107570648193,
		0.65950095653533936,
		5.5960226058959961,
		0.018824402242898941,
		0.15078927576541901,
		3.0712237358093262,
		0.018824402242898941,
		0.15072458982467651,
		2.9016749858856201,
		80.587005615234375
	],
	"end" : 16.799722671508789,
	"labels" : 
	[
		"Prep",
		"Scan",
		"Break",
		"Prep",
		"Scan",
		"Break",
		"Prep",
		"Scan",
		"Prep",
		"Scan",
		"Break",
		"Prep",
		"Scan",
		"Break",
		"Prep",
		"Scan",
		"Dead"
	],
	"start" : 15.326944351196289
}