{
	"data" : 
	[
		0.37979307770729065,
		0.31268507242202759,
		0.93828529119491577,
		0.022318212315440178,
		2.0775113105773926,
		0.44682440161705017,
		3.1944954395294189,
		0.20101732015609741,
		0.49146085977554321,
		0.46914264559745789,
		0.31268507242202759,
		0.40211129188537598,
		0.40211129188537598,
		0.40211129188537598,
		0.40211129188537598,
		0.37979307770729065,
		0.022318212315440178,
		0.33507996797561646,
		6.6346445083618164,
		0.022394906729459763,
		0.24573042988777161,
		3.9092919826507568,
		0.022318212315440178,
		0.067031338810920715,
		0.022318212315440178,
		4.1997356414794922,
		0.40211129188537598,
		2.3009233474731445,
		0.20109400153160095,
		2.7029581069946289,
		2.7477478981018066,
		0.37971639633178711,
		0.55849218368530273,
		0.022318212315440178,
		2.9264469146728516,
		0.022318212315440178,
		3.8423373699188232,
		0.15638087689876556,
		0.022318212315440178,
		0.24573042988777161,
		0.78190433979034424,
		0.17869909107685089,
		4.2443718910217285,
		0.067031338810920715,
		0.022318212315440178,
		3.239208459854126,
		0.044636424630880356,
		4.825258731842041,
		0.022318212315440178,
		0.24573042988777161,
		3.8646554946899414,
		0.022318212315440178,
		0.33507996797561646,
		2.7477478981018066,
		0.33507996797561646,
		3.1050691604614258,
		32.972362518310547
	],
	"end" : 13.361110687255859,
	"labels" : 
	[
		"Prep",
		"Scan",
		"Break",
		"Prep",
		"Scan",
		"Prep",
		"Scan",
		"Break",
		"Prep",
		"Scan",
		"Break",
		"Prep",
		"Scan",
		"Break",
		"Prep",
		"Scan",
		"Break",
		"Prep",
		"Scan",
		"Break",
		"Prep",
		"Scan",
		"Break",
		"Prep",
		"Break",
		"Scan",
		"Prep",
		"Scan",
		"Prep",
		"Scan",
		"Scan",
		"Prep",
		"Break",
		"Prep",
		"Scan",
		"Break",
		"Scan",
		"Break",
		"Prep",
		"Scan",
		"Break",
		"Prep",
		"Scan",
		"Break",
		"Prep",
		"Scan",
		"Break",
		"Scan",
		"Break",
		"Prep",
		"Scan",
		"Break",
		"Prep",
		"Scan",
		"Prep",
		"Scan",
		"Dead"
	],
	"start" : 12.118888854980469
}