{
	"data" : 
	[
		1.0644376277923584,
		1.0644376277923584,
		2.9646596908569336,
		6.1584944725036621,
		0.075695663690567017,
		1.3687863349914551,
		10.339505195617676,
		1.0644376277923584,
		0.60817545652389526,
		11.480160713195801,
		0.98821991682052612,
		0.68439316749572754,
		22.580278396606445,
		0.076217696070671082,
		0.60817545652389526,
		22.124015808105469,
		16.649913787841797
	],
	"end" : 17.870555877685547,
	"labels" : 
	[
		"Prep",
		"Scan",
		"Break",
		"Scan",
		"Break",
		"Prep",
		"Scan",
		"Break",
		"Prep",
		"Scan",
		"Break",
		"Prep",
		"Scan",
		"Break",
		"Prep",
		"Scan",
		"Dead"
	],
	"start" : 17.505556106567383
}