{
	"data" : 
	[
		1.7587759494781494,
		1.6416314840316772,
		2.4620447158813477,
		2.2277560234069824,
		2.6971385478973389,
		10.318367004394531,
		0.117144376039505,
		11.959595680236816,
		0.1175469383597374,
		10.083675384521484,
		1.6416314840316772,
		14.304898262023926,
		5.7453079223632812,
		1.7587759494781494,
		14.304898262023926,
		18.760812759399414
	],
	"end" : 8.6441669464111328,
	"labels" : 
	[
		"Break",
		"Prep",
		"Scan",
		"Break",
		"Prep",
		"Scan",
		"Break",
		"Scan",
		"Break",
		"Scan",
		"Prep",
		"Scan",
		"Break",
		"Prep",
		"Scan",
		"Dead"
	],
	"start" : 8.4075002670288086
}