{
	"data" : 
	[
		0.27983340620994568,
		0.68691939115524292,
		1.1701648235321045,
		0.22900225222110748,
		0.025415578857064247,
		0.17808373272418976,
		3.485166072845459,
		0.22891491651535034,
		0.025502920150756836,
		0.17808373272418976,
		2.6201629638671875,
		0.91583424806594849,
		4.1465826034545898,
		0.025502920150756836,
		0.53416389226913452,
		0.025502920150756836,
		0.025415578857064247,
		0.17808373272418976,
		0.55966681241989136,
		0.22891491651535034,
		0.63600093126296997,
		1.0429995059967041,
		0.025415578857064247,
		0.10174965858459473,
		0.050918500870466232,
		12.363500595092773,
		0.17808373272418976,
		0.58508241176605225,
		0.17808373272418976,
		1.6790004968643188,
		0.22891491651535034,
		0.10174965858459473,
		0.025415578857064247,
		7.4028339385986328,
		10.379251480102539,
		0.38158306479454041,
		1.5263322591781616,
		0.20349931716918945,
		0.35616746544837952,
		0.83950024843215942,
		0.48333272337913513,
		0.43250155448913574,
		1.7553346157073975,
		0.40699863433837891,
		1.8570842742919922,
		2.7728312015533447,
		0.45791712403297424,
		7.9625005722045898,
		3.6124186515808105,
		0.025415578857064247,
		0.076334081590175629,
		0.38158306479454041,
		0.35616746544837952,
		1.5009167194366455,
		0.45782983303070068,
		4.9861698150634766,
		0.025415578857064247,
		0.25441780686378479,
		1.0174965858459473,
		0.15266816318035126,
		0.27983340620994568,
		3.7904150485992432,
		12.821418762207031
	],
	"end" : 12.118888854980469,
	"labels" : 
	[
		"Prep",
		"Scan",
		"Break",
		"Prep",
		"Break",
		"Break",
		"Scan",
		"Prep",
		"Break",
		"Break",
		"Scan",
		"Prep",
		"Scan",
		"Break",
		"Prep",
		"Break",
		"Prep",
		"Break",
		"Scan",
		"Break",
		"Prep",
		"Break",
		"Prep",
		"Break",
		"Prep",
		"Scan",
		"Break",
		"Prep",
		"Break",
		"Scan",
		"Prep",
		"Break",
		"Prep",
		"Scan",
		"Break",
		"Prep",
		"Break",
		"Prep",
		"Scan",
		"Break",
		"Prep",
		"Scan",
		"Break",
		"Prep",
		"Scan",
		"Break",
		"Prep",
		"Scan",
		"Break",
		"Prep",
		"Break",
		"Prep",
		"Scan",
		"Break",
		"Prep",
		"Scan",
		"Break",
		"Prep",
		"Scan",
		"Break",
		"Prep",
		"Scan",
		"Dead"
	],
	"start" : 11.028055191040039
}