{
	"data" : 
	[
		1.0307072401046753,
		1.5460609197616577,
		1.5458081960678101,
		0.14735221862792969,
		1.472258448600769,
		1.251609206199646,
		1.5460609197616577,
		2.2820637226104736,
		10.453919410705566,
		0.073549732565879822,
		0.14709946513175964,
		12.662432670593262,
		0.95715749263763428,
		8.9814081192016602,
		0.073549732565879822,
		7.4353475570678711,
		48.293617248535156
	],
	"end" : 9.206110954284668,
	"labels" : 
	[
		"Prep",
		"Scan",
		"Break",
		"Scan",
		"Break",
		"Prep",
		"Scan",
		"Break",
		"Scan",
		"Prep",
		"Break",
		"Scan",
		"Prep",
		"Scan",
		"Prep",
		"Scan",
		"Dead"
	],
	"start" : 8.8291664123535156
}