{
	"data" : 
	[
		0.39120930433273315,
		0.67570286989212036,
		0.035531181842088699,
		0.42686253786087036,
		2.133824348449707,
		0.035531181842088699,
		1.1025655269622803,
		3.3429832458496094,
		0.92466533184051514,
		0.24896246194839478,
		4.8367581367492676,
		0.071062363684177399,
		0.60464054346084595,
		3.8409082889556885,
		3.1296744346618652,
		0.28449365496635437,
		0.24896246194839478,
		4.2677707672119141,
		0.39120930433273315,
		1.2802213430404663,
		6.3305325508117676,
		0.035531181842088699,
		0.071184456348419189,
		0.24884036183357239,
		4.9434738159179688,
		0.035531181842088699,
		0.60464054346084595,
		4.9790048599243164,
		0.035531181842088699,
		0.035653278231620789,
		0.28449365496635437,
		3.3429832458496094,
		0.071184456348419189,
		0.32002481818199158,
		1.7782683372497559,
		0.035531181842088699,
		18.386713027954102,
		0.32014691829681396,
		0.035531181842088699,
		0.035531181842088699,
		0.24896246194839478,
		2.3117244243621826,
		0.28449365496635437,
		0.74676531553268433,
		0.24896246194839478,
		0.67582499980926514,
		2.7028114795684814,
		0.071184456348419189,
		0.035531181842088699,
		0.88913416862487793,
		0.035531181842088699,
		0.24896246194839478,
		0.71123409271240234,
		0.035653278231620789,
		0.60451847314834595,
		0.71135616302490234,
		0.60451847314834595,
		0.71135616302490234,
		0.035531181842088699,
		0.60464054346084595,
		0.71123409271240234,
		0.28449365496635437,
		0.60464054346084595,
		0.53345608711242676,
		15.043607711791992
	],
	"end" : 10.384721755981445,
	"labels" : 
	[
		"Prep",
		"Scan",
		"Prep",
		"Scan",
		"Break",
		"Break",
		"Scan",
		"Break",
		"Prep",
		"Break",
		"Scan",
		"Prep",
		"Break",
		"Scan",
		"Break",
		"Prep",
		"Break",
		"Scan",
		"Break",
		"Prep",
		"Scan",
		"Break",
		"Prep",
		"Break",
		"Scan",
		"Break",
		"Break",
		"Scan",
		"Prep",
		"Break",
		"Break",
		"Scan",
		"Break",
		"Prep",
		"Break",
		"Prep",
		"Scan",
		"Prep",
		"Break",
		"Prep",
		"Break",
		"Scan",
		"Break",
		"Prep",
		"Break",
		"Scan",
		"Break",
		"Prep",
		"Break",
		"Scan",
		"Break",
		"Break",
		"Scan",
		"Prep",
		"Break",
		"Scan",
		"Break",
		"Scan",
		"Prep",
		"Break",
		"Scan",
		"Prep",
		"Break",
		"Scan",
		"Dead"
	],
	"start" : 9.6044445037841797
}