{
	"data" : 
	[
		0.14986081421375275,
		0.74981904029846191,
		1.8003897666931152,
		2.0995965003967285,
		13.800069808959961,
		1.8003897666931152,
		2.0995965003967285,
		33.150138854980469,
		0.45009744167327881,
		1.7998747825622559,
		2.8504455089569092,
		39.149723052978516
	],
	"end" : 8.8291664123535156,
	"labels" : 
	[
		"Prep",
		"Break",
		"Prep",
		"Scan",
		"Break",
		"Prep",
		"Scan",
		"Break",
		"Break",
		"Prep",
		"Scan",
		"Dead"
	],
	"start" : 8.6441669464111328
}