{
	"data" : 
	[
		0.77644252777099609,
		0.43138986825942993,
		6.5133500099182129,
		0.043094560503959656,
		0.69025343656539917,
		0.64701074361801147,
		0.60376811027526855,
		2.1998958587646484,
		3.1919591426849365,
		0.043242648243904114,
		0.81953710317611694,
		7.2465505599975586,
		1.1647378206253052,
		0.12928368151187897,
		12.85417366027832,
		0.043242648243904114,
		0.47448441386222839,
		7.0309295654296875,
		0.043094560503959656,
		6.1250548362731934,
		6.427161693572998,
		0.043094560503959656,
		6.0819602012634277,
		0.043242648243904114,
		0.47448441386222839,
		12.508974075317383,
		23.249589920043945
	],
	"end" : 11.028055191040039,
	"labels" : 
	[
		"Prep",
		"Scan",
		"Break",
		"Prep",
		"Break",
		"Prep",
		"Scan",
		"Break",
		"Scan",
		"Break",
		"Prep",
		"Scan",
		"Break",
		"Prep",
		"Scan",
		"Break",
		"Prep",
		"Scan",
		"Prep",
		"Scan",
		"Break",
		"Prep",
		"Scan",
		"Break",
		"Prep",
		"Scan",
		"Dead"
	],
	"start" : 10.384721755981445
}