{
	"data" : 
	[
		0.7564471960067749,
		0.7564471960067749,
		1.080691933631897,
		0.81024062633514404,
		0.86440515518188477,
		0.16212232410907745,
		0.7564471960067749,
		4.5386829376220703,
		2.7011730670928955,
		0.86477607488632202,
		13.399022102355957,
		73.209541320800781
	],
	"end" : 18.726110458374023,
	"labels" : 
	[
		"Prep",
		"Scan",
		"Break",
		"Prep",
		"Scan",
		"Break",
		"Prep",
		"Scan",
		"Break",
		"Prep",
		"Scan",
		"Dead"
	],
	"start" : 18.212499618530273
}