{
	"data" : 
	[
		0.69672143459320068,
		1.3236033916473389,
		0.069600388407707214,
		0.69672143459320068,
		19.366847991943359,
		77.746505737304688
	],
	"end" : 9.6044445037841797,
	"labels" : 
	[
		"Prep",
		"Scan",
		"Break",
		"Scan",
		"Break",
		"Dead"
	],
	"start" : 9.206110954284668
}