{
	"data" : 
	[
		0.22115223109722137,
		0.56295806169509888,
		1.2465007305145264,
		0.1809113621711731,
		0.60312992334365845,
		0.74386942386627197,
		0.56295806169509888,
		12.223630905151367,
		1.2062598466873169,
		0.20106631517410278,
		0.080412723124027252,
		0.020085925236344337,
		1.5883064270019531,
		0.52271723747253418,
		0.10049864649772644,
		0.98510760068893433,
		0.1608254462480545,
		0.3418058454990387,
		2.0707828998565674,
		0.76395535469055176,
		0.64337074756622314,
		3.538435697555542,
		0.020085925236344337,
		0.36189174652099609,
		0.14073951542377472,
		0.40206360816955566,
		0.020085925236344337,
		0.46245944499969482,
		0.14073951542377472,
		0.38197767734527588,
		0.020085925236344337,
		0.060326796025037766,
		0.14073951542377472,
		0.40206360816955566,
		0.020085925236344337,
		0.14073951542377472,
		0.14073951542377472,
		0.38197767734527588,
		2.0306110382080078,
		0.58304399251937866,
		8.423802375793457,
		1.4676529169082642,
		0.060326796025037766,
		0.020085925236344337,
		0.12065359205007553,
		0.44230446219444275,
		0.020085925236344337,
		0.14073951542377472,
		2.2919352054595947,
		0.020085925236344337,
		0.040240872651338577,
		0.14067049324512482,
		0.40213263034820557,
		0.020085925236344337,
		0.3418058454990387,
		1.2665866613388062,
		0.1608254462480545,
		0.3418058454990387,
		0.020085925236344337,
		0.1608254462480545,
		0.38197767734527588,
		49.196090698242188
	],
	"end" : 14.741389274597168,
	"labels" : 
	[
		"Prep",
		"Scan",
		"Break",
		"Prep",
		"Scan",
		"Break",
		"Prep",
		"Scan",
		"Break",
		"Prep",
		"Break",
		"Prep",
		"Scan",
		"Prep",
		"Break",
		"Scan",
		"Prep",
		"Break",
		"Scan",
		"Break",
		"Prep",
		"Scan",
		"Break",
		"Prep",
		"Break",
		"Scan",
		"Break",
		"Prep",
		"Break",
		"Scan",
		"Break",
		"Prep",
		"Break",
		"Scan",
		"Break",
		"Prep",
		"Break",
		"Scan",
		"Break",
		"Prep",
		"Scan",
		"Break",
		"Prep",
		"Break",
		"Break",
		"Scan",
		"Break",
		"Break",
		"Scan",
		"Break",
		"Prep",
		"Break",
		"Scan",
		"Prep",
		"Break",
		"Scan",
		"Break",
		"Scan",
		"Prep",
		"Break",
		"Scan",
		"Dead"
	],
	"start" : 13.361110687255859
}