{
	"data" : 
	[
		2.4746675491333008,
		1.1406466960906982,
		2.6641221046447754,
		2.0931453704833984,
		6.4701967239379883,
		2.4733607769012451,
		10.465726852416992,
		3.0443375110626221,
		16.555707931518555,
		0.38021555542945862,
		9.3237743377685547,
		7.8016047477722168,
		0.38021555542945862,
		10.085511207580566,
		11.987895965576172,
		0.19076105952262878,
		12.368110656738281
	],
	"end" : 18.871944427490234,
	"labels" : 
	[
		"Prep",
		"Scan",
		"Break",
		"Scan",
		"Break",
		"Prep",
		"Scan",
		"Prep",
		"Scan",
		"Prep",
		"Scan",
		"Break",
		"Prep",
		"Scan",
		"Break",
		"Prep",
		"Scan"
	],
	"start" : 18.726110458374023
}