{
	"data" : 
	[
		0.9148213267326355,
		0.6099507212638855,
		2.1347229480743408,
		0.060932252556085587,
		2.2565872669219971,
		3.4153473377227783,
		10.368115425109863,
		5.3061313629150391,
		0.060932252556085587,
		7.9285221099853516,
		1.5857043266296387,
		0.061141643673181534,
		0.060932252556085587,
		7.4406447410583496,
		0.060932252556085587,
		0.060932252556085587,
		0.061141643673181534,
		7.013700008392334,
		0.18300615251064301,
		6.0988788604736328,
		44.216922760009766
	],
	"end" : 8.4849996566772461,
	"labels" : 
	[
		"Prep",
		"Scan",
		"Break",
		"Prep",
		"Scan",
		"Break",
		"Scan",
		"Break",
		"Break",
		"Scan",
		"Prep",
		"Break",
		"Prep",
		"Scan",
		"Break",
		"Break",
		"Prep",
		"Scan",
		"Prep",
		"Scan",
		"Dead"
	],
	"start" : 8.0299997329711914
}