{
	"data" : 
	[
		0.30832436680793762,
		0.23107792437076569,
		0.61638414859771729,
		0.26970115303993225,
		1.1559187173843384,
		1.6950564384460449,
		0.038623213768005371,
		0.038490943610668182,
		0.038490943610668182,
		4.777374267578125,
		0.69349837303161621,
		7.1274380683898926,
		3.5444736480712891,
		0.038490943610668182,
		6.9733419418334961,
		0.038490943610668182,
		0.50091135501861572,
		0.30819207429885864,
		0.038490943610668182,
		8.822758674621582,
		0.11547282338142395,
		7.3201570510864258,
		55.208839416503906
	],
	"end" : 9.2052774429321289,
	"labels" : 
	[
		"Prep",
		"Scan",
		"Break",
		"Prep",
		"Scan",
		"Break",
		"Prep",
		"Break",
		"Prep",
		"Scan",
		"Prep",
		"Scan",
		"Scan",
		"Break",
		"Scan",
		"Prep",
		"Break",
		"Break",
		"Prep",
		"Scan",
		"Prep",
		"Scan",
		"Dead"
	],
	"start" : 8.4849996566772461
}