{
	"data" : 
	[
		0.2622743546962738,
		0.44391289353370667,
		0.56500524282455444,
		0.34304878115653992,
		0.50438976287841797,
		0.44391289353370667,
		0.30266156792640686,
		0.64571034908294678,
		0.58516418933868408,
		0.34304878115653992,
		1.997538685798645,
		2.4819080829620361,
		0.020158965140581131,
		1.896674633026123,
		0.30273085832595825,
		0.020158965140581131,
		0.020158965140581131,
		2.9257514476776123,
		0.24218468368053436,
		2.6432490348815918,
		0.020158965140581131,
		2.6433181762695312,
		0.020158965140581131,
		0.36320775747299194,
		0.020158965140581131,
		2.3608157634735107,
		0.30266156792640686,
		1.5335360765457153,
		0.020158965140581131,
		0.12109234184026718,
		2.0580847263336182,
		2.6634771823883057,
		0.18163850903511047,
		2.8248181343078613,
		0.38343599438667297,
		0.32282054424285889,
		2.8248875141143799,
		0.020158965140581131,
		0.18163850903511047,
		2.8248875141143799,
		61.219245910644531
	],
	"end" : 11.784999847412109,
	"labels" : 
	[
		"Prep",
		"Scan",
		"Break",
		"Prep",
		"Scan",
		"Break",
		"Prep",
		"Scan",
		"Break",
		"Prep",
		"Scan",
		"Scan",
		"Break",
		"Scan",
		"Prep",
		"Break",
		"Prep",
		"Scan",
		"Prep",
		"Scan",
		"Prep",
		"Scan",
		"Break",
		"Break",
		"Prep",
		"Scan",
		"Prep",
		"Scan",
		"Break",
		"Prep",
		"Scan",
		"Scan",
		"Prep",
		"Scan",
		"Break",
		"Prep",
		"Scan",
		"Break",
		"Prep",
		"Scan",
		"Dead"
	],
	"start" : 10.409722328186035
}