{
	"data" : 
	[
		0.87524336576461792,
		0.40376290678977966,
		1.4810032844543457,
		1.8849972486495972,
		4.6450066566467285,
		1.9522526264190674,
		12.45378589630127,
		4.1062712669372559,
		0.13474172353744507,
		7.2702746391296387,
		0.13474172353744507,
		6.7317700386047363,
		0.1345105916261673,
		6.6645145416259766,
		51.027122497558594
	],
	"end" : 16.02833366394043,
	"labels" : 
	[
		"Prep",
		"Scan",
		"Break",
		"Scan",
		"Break",
		"Prep",
		"Scan",
		"Break",
		"Prep",
		"Scan",
		"Prep",
		"Scan",
		"Prep",
		"Scan",
		"Dead"
	],
	"start" : 15.616110801696777
}