{
	"data" : 
	[
		0.63473796844482422,
		0.54428350925445557,
		1.7684544324874878,
		0.63489365577697754,
		8.616058349609375,
		0.13591518998146057,
		1.3150923252105713,
		0.45351767539978027,
		0.22668102383613586,
		8.7974338531494141,
		0.090610131621360779,
		12.107817649841309,
		0.045305065810680389,
		1.5417733192443848,
		13.014697074890137,
		7.1648945808410645,
		0.906879723072052,
		13.921731948852539,
		0.045305065810680389,
		13.604130744934082,
		14.329789161682129
	],
	"end" : 10.409722328186035,
	"labels" : 
	[
		"Prep",
		"Scan",
		"Break",
		"Prep",
		"Scan",
		"Break",
		"Prep",
		"Break",
		"Break",
		"Scan",
		"Prep",
		"Scan",
		"Break",
		"Prep",
		"Scan",
		"Break",
		"Prep",
		"Scan",
		"Prep",
		"Scan",
		"Dead"
	],
	"start" : 9.7977781295776367
}