{
	"data" : 
	[
		0.51519215106964111,
		0.46840035915374756,
		0.93663984537124634,
		0.046952594071626663,
		0.56198394298553467,
		1.2177122831344604,
		0.37465596199035645,
		1.5455763339996338,
		2.8100805282592773,
		0.18748877942562103,
		3.8872566223144531,
		3.6531367301940918,
		0.421608567237854,
		6.4632172584533691,
		1.9202322959899902,
		0.046791795641183853,
		7.0721540451049805,
		0.046952594071626663,
		0.046791795641183853,
		7.4000182151794434,
		0.84305626153945923,
		8.008793830871582,
		5.1051292419433594,
		0.23411977291107178,
		8.008793830871582,
		38.077266693115234
	],
	"end" : 9.7977781295776367,
	"labels" : 
	[
		"Prep",
		"Scan",
		"Break",
		"Prep",
		"Scan",
		"Break",
		"Prep",
		"Scan",
		"Break",
		"Prep",
		"Scan",
		"Break",
		"Prep",
		"Scan",
		"Break",
		"Prep",
		"Scan",
		"Break",
		"Break",
		"Scan",
		"Prep",
		"Scan",
		"Break",
		"Prep",
		"Scan",
		"Dead"
	],
	"start" : 9.2052774429321289
}