{
	"data" : 
	[
		0.31250184774398804,
		0.20847766101360321,
		0.45845052599906921,
		0.020747603848576546,
		0.68767577409744263,
		0.37517392635345459,
		0.33339253067970276,
		0.29175424575805664,
		1.7503823041915894,
		1.0419590473175049,
		0.29175424575805664,
		2.4173104763031006,
		2.2088329792022705,
		0.27086356282234192,
		4.3343892097473145,
		2.9799284934997559,
		0.020890692248940468,
		2.2506141662597656,
		0.50008881092071533,
		1.8338021039962769,
		0.52097952365875244,
		1.8338021039962769,
		1.500266432762146,
		0.083419680595397949,
		2.2713620662689209,
		3.2300441265106201,
		0.70842337608337402,
		2.1464471817016602,
		0.10416728258132935,
		0.062528982758522034,
		2.2922525405883789,
		0.083276592195034027,
		1.6671057939529419,
		60.806938171386719
	],
	"end" : 17.360000610351562,
	"labels" : 
	[
		"Prep",
		"Scan",
		"Break",
		"Prep",
		"Scan",
		"Break",
		"Prep",
		"Scan",
		"Break",
		"Prep",
		"Break",
		"Scan",
		"Break",
		"Prep",
		"Scan",
		"Scan",
		"Prep",
		"Scan",
		"Prep",
		"Scan",
		"Prep",
		"Scan",
		"Break",
		"Prep",
		"Scan",
		"Break",
		"Prep",
		"Scan",
		"Break",
		"Prep",
		"Scan",
		"Prep",
		"Scan",
		"Dead"
	],
	"start" : 16.02833366394043
}