{
	"data" : 
	[
		0.50166618824005127,
		0.46825239062309265,
		1.0033323764801025,
		2.9097554683685303,
		0.033413790166378021,
		0.56860858201980591,
		5.5852699279785156,
		0.033413790166378021,
		0.96991854906082153,
		9.9666099548339844,
		0.033413790166378021,
		0.26753997802734375,
		5.451500415802002,
		0.033528614789247513,
		5.0836038589477539,
		4.0802717208862305,
		5.0836038589477539,
		0.033413790166378021,
		0.30106860399246216,
		9.7324848175048828,
		47.759330749511719
	],
	"end" : 14.476388931274414,
	"labels" : 
	[
		"Prep",
		"Scan",
		"Break",
		"Scan",
		"Break",
		"Prep",
		"Scan",
		"Break",
		"Prep",
		"Scan",
		"Break",
		"Prep",
		"Scan",
		"Break",
		"Scan",
		"Break",
		"Scan",
		"Break",
		"Prep",
		"Scan",
		"Dead"
	],
	"start" : 13.646666526794434
}