{
	"data" : 
	[
		1.5508630275726318,
		1.4478981494903564,
		2.6891565322875977,
		0.10296479612588882,
		7.6527705192565918,
		0.10367490351200104,
		1.7582128047943115,
		17.374067306518555,
		2.5847716331481934,
		30.818429946899414,
		1.1375834941864014,
		0.82726895809173584,
		16.856403350830078,
		0.10367490351200104,
		0.20663970708847046,
		14.685622215270996
	],
	"end" : 18.967500686645508,
	"labels" : 
	[
		"Prep",
		"Scan",
		"Break",
		"Prep",
		"Scan",
		"Break",
		"Prep",
		"Scan",
		"Prep",
		"Scan",
		"Break",
		"Prep",
		"Scan",
		"Break",
		"Prep",
		"Scan"
	],
	"start" : 18.699167251586914
}