{
	"data" : 
	[
		0.93537759780883789,
		0.7484734058380127,
		2.3072934150695801,
		0.93537759780883789,
		0.62365645170211792,
		14.342598915100098,
		1.8084537982940674,
		0.12460283935070038,
		0.12481693178415298,
		19.89256477355957,
		0.18711835145950317,
		16.712408065795898,
		2.1824765205383301,
		18.022022247314453,
		20.9527587890625
	],
	"end" : 12.690278053283691,
	"labels" : 
	[
		"Prep",
		"Scan",
		"Break",
		"Prep",
		"Break",
		"Scan",
		"Prep",
		"Break",
		"Prep",
		"Scan",
		"Prep",
		"Scan",
		"Prep",
		"Scan",
		"Dead"
	],
	"start" : 12.245277404785156
}