{
	"data" : 
	[
		0.31025025248527527,
		0.73321318626403809,
		0.93075078725814819,
		0.45123791694641113,
		0.22561895847320557,
		4.3717784881591797,
		0.8178444504737854,
		0.45143157243728638,
		0.22561895847320557,
		4.851097583770752,
		0.56414419412612915,
		4.4279413223266602,
		0.028274992480874062,
		2.1153955459594727,
		5.0203604698181152,
		0.36660659313201904,
		0.16926263272762299,
		5.5281481742858887,
		68.311027526855469
	],
	"end" : 18.343889236450195,
	"labels" : 
	[
		"Prep",
		"Scan",
		"Break",
		"Prep",
		"Break",
		"Scan",
		"Break",
		"Prep",
		"Break",
		"Scan",
		"Prep",
		"Scan",
		"Break",
		"Prep",
		"Scan",
		"Break",
		"Prep",
		"Scan",
		"Dead"
	],
	"start" : 17.360000610351562
}