{
	"data" : 
	[
		0.60295689105987549,
		1.5675222873687744,
		3.4364194869995117,
		2.833669900894165,
		3.0145773887634277,
		0.060233592987060547,
		0.060233592987060547,
		8.4405679702758789,
		0.66319048404693604,
		0.54272329807281494,
		3.3159525394439697,
		0.54251629114151001,
		0.54251629114151001,
		3.3159525394439697,
		0.060440585017204285,
		1.0247989892959595,
		4.0393767356872559,
		0.060440585017204285,
		1.1454731225967407,
		4.0996103286743164,
		4.8232412338256836,
		0.060233592987060547,
		4.8834748268127441,
		4.4011921882629395,
		0.30137494206428528,
		4.0998172760009766,
		0.24114136397838593,
		0.060233592987060547,
		4.0393767356872559,
		37.620742797851562
	],
	"end" : 12.245277404785156,
	"labels" : 
	[
		"Prep",
		"Scan",
		"Break",
		"Scan",
		"Break",
		"Prep",
		"Break",
		"Scan",
		"Break",
		"Prep",
		"Scan",
		"Break",
		"Prep",
		"Scan",
		"Break",
		"Prep",
		"Scan",
		"Break",
		"Prep",
		"Scan",
		"Scan",
		"Prep",
		"Scan",
		"Break",
		"Prep",
		"Scan",
		"Prep",
		"Break",
		"Scan",
		"Dead"
	],
	"start" : 11.784999847412109
}