{
	"data" : 
	[
		0.65302342176437378,
		1.1049840450286865,
		1.0546319484710693,
		0.8037344217300415,
		1.2555224895477295,
		1.4064059257507324,
		0.75338250398635864,
		1.5067650079727173,
		0.050179515033960342,
		0.050351954996585846,
		3.4654905796051025,
		4.2692251205444336,
		0.050351954996585846,
		3.1140613555908203,
		0.050179515033960342,
		0.70320296287536621,
		0.15053854882717133,
		0.050351954996585846,
		7.3832864761352539,
		0.050179515033960342,
		0.050179515033960342,
		7.2827553749084473,
		0.050351954996585846,
		1.8080145120620728,
		0.050351954996585846,
		0.050179515033960342,
		7.8855991363525391,
		0.75338250398635864,
		3.9678027629852295,
		0.050179515033960342,
		4.9724278450012207,
		0.050179515033960342,
		6.5797238349914551,
		0.050179515033960342,
		7.7348880767822266,
		0.050179515033960342,
		0.8037344217300415,
		9.7437925338745117,
		0.75338250398635864,
		7.4838180541992188,
		11.80305004119873
	],
	"end" : 15.616110801696777,
	"labels" : 
	[
		"Prep",
		"Scan",
		"Break",
		"Prep",
		"Scan",
		"Break",
		"Prep",
		"Scan",
		"Break",
		"Prep",
		"Scan",
		"Scan",
		"Prep",
		"Scan",
		"Break",
		"Prep",
		"Break",
		"Prep",
		"Scan",
		"Prep",
		"Break",
		"Scan",
		"Prep",
		"Break",
		"Prep",
		"Break",
		"Scan",
		"Prep",
		"Scan",
		"Break",
		"Scan",
		"Prep",
		"Scan",
		"Prep",
		"Scan",
		"Break",
		"Prep",
		"Scan",
		"Prep",
		"Scan",
		"Dead"
	],
	"start" : 15.063611030578613
}