{
	"data" : 
	[
		0.57135272026062012,
		0.44875991344451904,
		1.8365108966827393,
		0.69366532564163208,
		9.222905158996582,
		0.040770880877971649,
		1.1425653696060181,
		0.12245273590087891,
		0.081681862473487854,
		0.040770880877971649,
		11.997847557067871,
		0.040770880877971649,
		0.081681862473487854,
		9.7532072067260742,
		0.040910985320806503,
		1.3874708414077759,
		11.79371166229248,
		11.385723114013672,
		1.1834763288497925,
		11.916164398193359,
		0.081541761755943298,
		10.936822891235352,
		15.099234580993652
	],
	"end" : 13.370277404785156,
	"labels" : 
	[
		"Prep",
		"Scan",
		"Break",
		"Prep",
		"Scan",
		"Break",
		"Prep",
		"Break",
		"Break",
		"Prep",
		"Scan",
		"Break",
		"Prep",
		"Scan",
		"Break",
		"Prep",
		"Scan",
		"Break",
		"Prep",
		"Scan",
		"Prep",
		"Scan",
		"Dead"
	],
	"start" : 12.690278053283691
}