{
	"data" : 
	[
		0.66162270307540894,
		0.66162270307540894,
		2.0319182872772217,
		0.047212410718202591,
		3.9695742130279541,
		3.4969635009765625,
		0.047374654561281204,
		9.1204319000244141,
		0.56703567504882812,
		0.047212410718202591,
		6.8995018005371094,
		0.047212410718202591,
		8.8842077255249023,
		6.2850914001464844,
		9.1678066253662109,
		0.047212410718202591,
		0.80342215299606323,
		9.5458297729492188,
		37.568748474121094
	],
	"end" : 15.063611030578613,
	"labels" : 
	[
		"Prep",
		"Scan",
		"Break",
		"Prep",
		"Scan",
		"Break",
		"Prep",
		"Scan",
		"Break",
		"Prep",
		"Scan",
		"Prep",
		"Scan",
		"Break",
		"Scan",
		"Break",
		"Prep",
		"Scan",
		"Dead"
	],
	"start" : 14.476388931274414
}