{
	"data" : 
	[
		1.0152614116668701,
		1.0935646295547485,
		2.7336435317993164,
		1.0935646295547485,
		5.9360342025756836,
		1.0935646295547485,
		1.3279381990432739,
		12.966169357299805,
		0.077766977250576019,
		2.4215028285980225,
		23.27592658996582,
		0.70312076807022095,
		13.668753623962402,
		0.23437358438968658,
		11.091180801391602,
		21.167636871337891
	],
	"end" : 18.699167251586914,
	"labels" : 
	[
		"Prep",
		"Scan",
		"Break",
		"Prep",
		"Scan",
		"Break",
		"Prep",
		"Scan",
		"Break",
		"Prep",
		"Scan",
		"Prep",
		"Scan",
		"Prep",
		"Scan",
		"Dead"
	],
	"start" : 18.343889236450195
}