{
	"data" : 
	[
		1.6339609622955322,
		0.81698048114776611,
		2.1007494926452637,
		1.2837692499160767,
		4.0847020149230957,
		1.8671549558639526,
		18.556154251098633,
		5.9520573616027832,
		13.421076774597168,
		0.11679735034704208,
		0.116597019135952,
		0.11679735034704208,
		11.903914451599121,
		0.23339436948299408,
		11.553922653198242,
		26.141973495483398
	],
	"end" : 8.0299997329711914,
	"labels" : 
	[
		"Prep",
		"Scan",
		"Break",
		"Scan",
		"Break",
		"Prep",
		"Scan",
		"Break",
		"Scan",
		"Break",
		"Prep",
		"Break",
		"Scan",
		"Prep",
		"Scan",
		"Dead"
	],
	"start" : 7.7922220230102539
}