{
	"data" : 
	[
		0.10065317898988724,
		1.5060058832168579,
		0.60219556093215942,
		0.30127012729644775,
		6.0240235328674316,
		1.3053890466690063,
		0.9034656286239624,
		2.0082376003265381,
		1.1044273376464844,
		5.1205577850341797,
		2.8110501766204834,
		15.060403823852539,
		6.325294017791748,
		0.2009616494178772,
		10.140462875366211,
		0.30127012729644775,
		8.9357271194458008,
		0.20061694085597992,
		8.0322608947753906,
		28.915727615356445
	],
	"end" : 13.646666526794434,
	"labels" : 
	[
		"Prep",
		"Break",
		"Break",
		"Break",
		"Break",
		"Prep",
		"Scan",
		"Break",
		"Scan",
		"Break",
		"Prep",
		"Scan",
		"Break",
		"Prep",
		"Scan",
		"Prep",
		"Scan",
		"Prep",
		"Scan",
		"Dead"
	],
	"start" : 13.370277404785156
}