{
	"data" : 
	[
		0.93870466947555542,
		0.93847447633743286,
		2.2797770500183105,
		0.93847447633743286,
		4.894477367401123,
		0.067214757204055786,
		1.1396584510803223,
		11.263996124267578,
		0.066984564065933228,
		1.9443939924240112,
		19.980047225952148,
		0.60332149267196655,
		11.733118057250977,
		0.5365670919418335,
		9.5205554962158203,
		33.054237365722656
	],
	"end" : 10.688333511352539,
	"labels" : 
	[
		"Prep",
		"Scan",
		"Break",
		"Prep",
		"Scan",
		"Break",
		"Prep",
		"Scan",
		"Break",
		"Prep",
		"Scan",
		"Prep",
		"Scan",
		"Prep",
		"Scan",
		"Dead"
	],
	"start" : 10.274444580078125
}