{
	"data" : 
	[
		1.4645408391952515,
		0.8479200005531311,
		0.8479200005531311,
		0.07727610319852829,
		1.6185637712478638,
		2.0811619758605957,
		1.0792189836502075,
		0.8479200005531311,
		3.5457029342651367,
		1.7731159925460815,
		6.0894627571105957,
		1.0019428730010986,
		0.15455220639705658,
		11.947626113891602,
		13.952041625976562,
		8.9417972564697266,
		0.076746813952922821,
		3.7002549171447754,
		11.79360294342041,
		2.543759822845459,
		13.643996238708496,
		0.076746813952922821,
		0.07727610319852829,
		11.716856002807617
	],
	"end" : 18.819723129272461,
	"labels" : 
	[
		"Prep",
		"Scan",
		"Break",
		"Prep",
		"Scan",
		"Break",
		"Prep",
		"Scan",
		"Break",
		"Scan",
		"Break",
		"Prep",
		"Break",
		"Scan",
		"Scan",
		"Scan",
		"Break",
		"Prep",
		"Scan",
		"Prep",
		"Scan",
		"Prep",
		"Break",
		"Scan"
	],
	"start" : 18.459722518920898
}