{
	"data" : 
	[
		0.474201500415802,
		0.44261699914932251,
		1.0432649850845337,
		0.22130849957466125,
		2.5607314109802246,
		0.031584490090608597,
		0.75878745317459106,
		0.063168980181217194,
		0.031693026423454285,
		4.2993979454040527,
		0.031693026423454285,
		0.6322324275970459,
		0.56906348466873169,
		0.094861999154090881,
		0.031584490090608597,
		0.094861999154090881,
		0.474201500415802,
		0.56906348466873169,
		0.18972399830818176,
		9.4208602905273438,
		0.031693026423454285,
		0.25289297103881836,
		9.1679677963256836,
		0.031693026423454285,
		0.474201500415802,
		1.6123284101486206,
		0.474201500415802,
		0.063168980181217194,
		3.0349328517913818,
		0.031584490090608597,
		3.2246568202972412,
		0.25289297103881836,
		3.4775497913360596,
		0.031584490090608597,
		5.1531558036804199,
		0.031584490090608597,
		0.50578594207763672,
		0.66392546892166138,
		6.6389288902282715,
		1.0748494863510132,
		0.031584490090608597,
		0.031693026423454285,
		0.063168980181217194,
		5.4692177772521973,
		0.031584490090608597,
		0.474201500415802,
		0.50589454174041748,
		7.0814380645751953,
		0.031693026423454285,
		0.31606197357177734,
		1.1065424680709839,
		7.7770566940307617,
		0.031584490090608597,
		0.12644648551940918,
		6.0698657035827637,
		0.031584490090608597,
		0.474201500415802,
		4.8054008483886719,
		7.176300048828125
	],
	"end" : 12.08305549621582,
	"labels" : 
	[
		"Prep",
		"Scan",
		"Break",
		"Prep",
		"Scan",
		"Break",
		"Prep",
		"Break",
		"Prep",
		"Scan",
		"Break",
		"Prep",
		"Scan",
		"Break",
		"Prep",
		"Break",
		"Prep",
		"Scan",
		"Prep",
		"Scan",
		"Break",
		"Prep",
		"Scan",
		"Break",
		"Prep",
		"Scan",
		"Prep",
		"Break",
		"Scan",
		"Break",
		"Scan",
		"Prep",
		"Scan",
		"Prep",
		"Scan",
		"Prep",
		"Break",
		"Prep",
		"Scan",
		"Break",
		"Prep",
		"Break",
		"Prep",
		"Scan",
		"Break",
		"Prep",
		"Break",
		"Scan",
		"Break",
		"Prep",
		"Break",
		"Scan",
		"Break",
		"Prep",
		"Scan",
		"Break",
		"Prep",
		"Scan",
		"Dead"
	],
	"start" : 11.205277442932129
}