{
	"data" : 
	[
		0.50041854381561279,
		0.75062775611877441,
		0.035709116607904434,
		0.57183676958084106,
		0.60766857862472534,
		0.035709116607904434,
		0.53612762689590454,
		0.60766857862472534,
		12.116680145263672,
		0.071418233215808868,
		0.071540944278240204,
		0.035709116607904434,
		1.2510462999343872,
		0.71479594707489014,
		0.60766857862472534,
		1.2509235143661499,
		3.8959751129150391,
		0.53612762689590454,
		0.035709116607904434,
		5.3971080780029297,
		0.035709116607904434,
		5.0754804611206055,
		0.64337772130966187,
		0.46458670496940613,
		3.645766019821167,
		0.60754585266113281,
		4.3248529434204102,
		0.035709116607904434,
		3.288306713104248,
		0.035831831395626068,
		0.39316841959953308,
		0.035709116607904434,
		0.035709116607904434,
		5.4686489105224609,
		0.035709116607904434,
		0.50041854381561279,
		0.64337772130966187,
		0.035709116607904434,
		6.9339499473571777,
		0.035831831395626068,
		1.7156329154968262,
		0.035709116607904434,
		8.0777463912963867,
		28.165044784545898
	],
	"end" : 10.274444580078125,
	"labels" : 
	[
		"Prep",
		"Scan",
		"Break",
		"Prep",
		"Scan",
		"Break",
		"Prep",
		"Scan",
		"Break",
		"Prep",
		"Break",
		"Prep",
		"Scan",
		"Break",
		"Prep",
		"Scan",
		"Break",
		"Prep",
		"Break",
		"Scan",
		"Break",
		"Scan",
		"Break",
		"Prep",
		"Scan",
		"Prep",
		"Scan",
		"Prep",
		"Scan",
		"Break",
		"Break",
		"Prep",
		"Prep",
		"Scan",
		"Break",
		"Break",
		"Prep",
		"Break",
		"Scan",
		"Prep",
		"Break",
		"Prep",
		"Scan",
		"Dead"
	],
	"start" : 9.4980554580688477
}