{
	"data" : 
	[
		1.2582551240921021,
		2.0329494476318359,
		4.2593231201171875,
		1.3552995920181274,
		14.036223411560059,
		0.19375665485858917,
		17.036960601806641,
		9.7772331237792969,
		0.096712157130241394,
		0.67764979600906372,
		13.649044036865234,
		1.7424805164337158,
		7.9377083778381348,
		25.846406936645508
	],
	"end" : 9.1350002288818359,
	"labels" : 
	[
		"Prep",
		"Scan",
		"Break",
		"Prep",
		"Scan",
		"Break",
		"Scan",
		"Scan",
		"Break",
		"Prep",
		"Scan",
		"Prep",
		"Scan",
		"Dead"
	],
	"start" : 8.8483333587646484
}