{
	"data" : 
	[
		1.1362024545669556,
		1.1362024545669556,
		2.1910486221313477,
		0.64973616600036621,
		5.9239668846130371,
		0.081356331706047058,
		1.3791569471359253,
		13.633872032165527,
		0.081356331706047058,
		1.4605133533477783,
		24.184005737304688,
		0.72997808456420898,
		13.228204727172852,
		0.081356331706047058,
		11.604421615600586,
		22.398622512817383
	],
	"end" : 18.459722518920898,
	"labels" : 
	[
		"Prep",
		"Scan",
		"Break",
		"Prep",
		"Scan",
		"Break",
		"Prep",
		"Scan",
		"Break",
		"Prep",
		"Scan",
		"Prep",
		"Scan",
		"Prep",
		"Scan",
		"Dead"
	],
	"start" : 18.117776870727539
}