{
	"data" : 
	[
		1.2104964256286621,
		0.55873984098434448,
		0.74477338790893555,
		0.093016766011714935,
		0.93112653493881226,
		3.4448163509368896,
		1.5825635194778442,
		13.965619087219238,
		2.7930600643157959,
		0.1863531768321991,
		9.3103065490722656,
		0.093016766011714935,
		10.148416519165039,
		0.18603353202342987,
		9.217289924621582,
		0.093016766011714935,
		0.1863531768321991,
		9.217289924621582,
		35.937713623046875
	],
	"end" : 11.205277442932129,
	"labels" : 
	[
		"Prep",
		"Scan",
		"Break",
		"Prep",
		"Scan",
		"Break",
		"Prep",
		"Scan",
		"Break",
		"Prep",
		"Scan",
		"Prep",
		"Scan",
		"Prep",
		"Scan",
		"Break",
		"Prep",
		"Scan",
		"Dead"
	],
	"start" : 10.907221794128418
}