{
	"data" : 
	[
		0.41116249561309814,
		0.69572991132736206,
		0.53754037618637085,
		0.56924349069595337,
		0.47435146570205688,
		0.53764897584915161,
		0.063188955187797546,
		0.031703051179647446,
		2.9410006999969482,
		0.18978402018547058,
		4.7435145378112793,
		0.031594477593898773,
		3.4154608249664307,
		0.31616193056106567,
		0.063297532498836517,
		0.031594477593898773,
		4.332460880279541,
		0.25308153033256531,
		0.47435146570205688,
		0.09478343278169632,
		0.12659506499767303,
		0.60083794593811035,
		0.031594477593898773,
		2.8461086750030518,
		0.031703051179647446,
		0.031594477593898773,
		0.031594477593898773,
		4.016298770904541,
		0.25297296047210693,
		4.332460880279541,
		0.53764897584915161,
		3.8264060020446777,
		4.016298770904541,
		0.031594477593898773,
		0.031594477593898773,
		4.3008661270141602,
		0.031594477593898773,
		0.44275698065757751,
		5.2812724113464355,
		48.890556335449219
	],
	"end" : 15.117500305175781,
	"labels" : 
	[
		"Prep",
		"Scan",
		"Prep",
		"Scan",
		"Prep",
		"Scan",
		"Break",
		"Prep",
		"Scan",
		"Break",
		"Scan",
		"Prep",
		"Scan",
		"Prep",
		"Break",
		"Prep",
		"Scan",
		"Break",
		"Prep",
		"Scan",
		"Break",
		"Scan",
		"Prep",
		"Scan",
		"Prep",
		"Break",
		"Prep",
		"Scan",
		"Break",
		"Scan",
		"Prep",
		"Scan",
		"Scan",
		"Prep",
		"Break",
		"Scan",
		"Break",
		"Prep",
		"Scan",
		"Dead"
	],
	"start" : 14.239999771118164
}