{
	"data" : 
	[
		0.66624987125396729,
		0.71763527393341064,
		3.5367908477783203,
		0.35881763696670532,
		6.4583654403686523,
		0.76884466409683228,
		0.87126338481903076,
		9.2263116836547852,
		0.25639885663986206,
		16.504732131958008,
		0.41002702713012695,
		9.7901430130004883,
		0.51262176036834717,
		0.1536281406879425,
		9.6877241134643555,
		39.980449676513672
	],
	"end" : 15.658888816833496,
	"labels" : 
	[
		"Prep",
		"Scan",
		"Break",
		"Prep",
		"Scan",
		"Break",
		"Prep",
		"Scan",
		"Prep",
		"Scan",
		"Prep",
		"Scan",
		"Break",
		"Prep",
		"Scan",
		"Dead"
	],
	"start" : 15.117500305175781
}