{
	"data" : 
	[
		0.010084573179483414,
		0.13123807311058044,
		0.12111884355545044,
		0.080745898187160492,
		0.010084573179483414,
		0.30284911394119263,
		0.262441486120224,
		0.1715763658285141,
		0.060576751828193665,
		0.010084573179483414,
		0.31293365359306335,
		0.12111884355545044,
		0.16149179637432098,
		0.060576751828193665,
		0.010084573179483414,
		0.31289899349212646,
		0.55517137050628662,
		0.060576751828193665,
		0.080745898187160492,
		0.10094969719648361,
		1.4131571054458618,
		0.010084573179483414,
		0.47442543506622314,
		0.010084573179483414,
		0.010084573179483414,
		3.5530965328216553,
		0.15140722692012787,
		1.3424957990646362,
		0.010084573179483414,
		0.010084573179483414,
		2.4831268787384033,
		0.010084573179483414,
		0.10094969719648361,
		1.3324112892150879,
		0.010084573179483414,
		0.21198397874832153,
		0.010084573179483414,
		0.39367955923080444,
		0.15140722692012787,
		0.010084573179483414,
		1.4232417345046997,
		0.01011922862380743,
		0.33306816220283508,
		0.01011922862380743,
		3.169501781463623,
		0.010084573179483414,
		0.0908651202917099,
		1.5140721797943115,
		0.01011922862380743,
		2.1096165180206299,
		0.010084573179483414,
		0.24227234721183777,
		0.020203800871968269,
		0.060542095452547073,
		4.4514555931091309,
		0.040372949093580246,
		0.090830467641353607,
		0.010084573179483414,
		0.01011922862380743,
		0.030288375914096832,
		1.7664291858673096,
		0.010084573179483414,
		0.34322202205657959,
		0.070626668632030487,
		0.020203800871968269,
		0.010084573179483414,
		2.4023809432983398,
		0.010084573179483414,
		0.080745898187160492,
		0.010084573179483414,
		0.020203800871968269,
		1.8370904922485352,
		1.6150565147399902,
		0.27252605557441711,
		0.35330662131309509,
		0.010084573179483414,
		0.020169146358966827,
		0.01011922862380743,
		4.8551850318908691,
		5.8040361404418945,
		0.25235691666603088,
		0.060542095452547073,
		0.01011922862380743,
		8.7211799621582031,
		1.0699697732925415,
		0.15140722692012787,
		0.020169146358966827,
		0.010084573179483414,
		1.7664637565612793,
		0.010084573179483414,
		0.020203800871968269,
		1.5746488571166992,
		0.010084573179483414,
		0.020203800871968269,
		0.050457518547773361,
		0.010084573179483414,
		2.3922965526580811,
		35.944606781005859
	],
	"end" : 14.136388778686523,
	"labels" : 
	[
		"Prep",
		"Break",
		"Prep",
		"Break",
		"Prep",
		"Scan",
		"Break",
		"Prep",
		"Break",
		"Prep",
		"Scan",
		"Break",
		"Prep",
		"Break",
		"Prep",
		"Scan",
		"Break",
		"Prep",
		"Break",
		"Prep",
		"Scan",
		"Break",
		"Break",
		"Prep",
		"Break",
		"Scan",
		"Prep",
		"Scan",
		"Prep",
		"Break",
		"Scan",
		"Break",
		"Prep",
		"Scan",
		"Break",
		"Break",
		"Prep",
		"Scan",
		"Break",
		"Prep",
		"Scan",
		"Break",
		"Break",
		"Prep",
		"Scan",
		"Prep",
		"Break",
		"Scan",
		"Prep",
		"Scan",
		"Break",
		"Break",
		"Break",
		"Break",
		"Scan",
		"Break",
		"Prep",
		"Break",
		"Prep",
		"Break",
		"Scan",
		"Break",
		"Break",
		"Break",
		"Break",
		"Prep",
		"Scan",
		"Prep",
		"Break",
		"Prep",
		"Break",
		"Scan",
		"Break",
		"Prep",
		"Break",
		"Prep",
		"Break",
		"Prep",
		"Scan",
		"Break",
		"Prep",
		"Break",
		"Prep",
		"Scan",
		"Break",
		"Prep",
		"Break",
		"Prep",
		"Scan",
		"Prep",
		"Break",
		"Scan",
		"Break",
		"Break",
		"Break",
		"Prep",
		"Scan",
		"Dead"
	],
	"start" : 11.387222290039062
}