{
	"data" : 
	[
		0.22683586180210114,
		0.45367172360420227,
		0.92347443103790283,
		0.12960459291934967,
		3.2727663516998291,
		0.01618666760623455,
		0.27545148134231567,
		1.2475415468215942,
		0.11341793090105057,
		0.50223171710968018,
		5.0387821197509766,
		0.01618666760623455,
		0.048615630716085434,
		4.1151962280273438,
		0.048615630716085434,
		4.0018339157104492,
		0.016242291778326035,
		0.12960459291934967,
		1.571553111076355,
		77.752189636230469
	],
	"end" : 10.898611068725586,
	"labels" : 
	[
		"Prep",
		"Scan",
		"Break",
		"Prep",
		"Scan",
		"Break",
		"Prep",
		"Scan",
		"Break",
		"Prep",
		"Scan",
		"Break",
		"Prep",
		"Scan",
		"Prep",
		"Scan",
		"Break",
		"Prep",
		"Scan",
		"Dead"
	],
	"start" : 9.1858329772949219
}