{
	"data" : 
	[
		0.70076686143875122,
		1.5096287727355957,
		3.1808450222015381,
		0.75481438636779785,
		10.890206336975098,
		3.5582520961761475,
		1.2401314973831177,
		12.723380088806152,
		3.2347073554992676,
		0.1077248677611351,
		14.071235656738281,
		14.718140602111816,
		0.053862433880567551,
		1.6175388097763062,
		13.693644523620605,
		0.4853171706199646,
		13.316422462463379,
		0.16177238523960114,
		3.8816118240356445
	],
	"end" : 15.85777759552002,
	"labels" : 
	[
		"Prep",
		"Scan",
		"Break",
		"Prep",
		"Scan",
		"Break",
		"Prep",
		"Scan",
		"Break",
		"Prep",
		"Scan",
		"Scan",
		"Break",
		"Prep",
		"Scan",
		"Prep",
		"Scan",
		"Prep",
		"Scan"
	],
	"start" : 15.343055725097656
}