{
	"data" : 
	[
		0.32197737693786621,
		0.71288228034973145,
		1.8627790212631226,
		0.32197737693786621,
		4.0475354194641113,
		0.55189359188079834,
		1.7707967758178711,
		0.16098868846893311,
		0.069006435573101044,
		6.5312142372131348,
		0.069006435573101044,
		5.4042935371398926,
		0.13801287114620209,
		0.04603060707449913,
		5.1973533630371094,
		0.022975828498601913,
		0.18396452069282532,
		0.023054782301187515,
		0.022975828498601913,
		5.956265926361084,
		0.18396452069282532,
		3.7485337257385254,
		62.552516937255859
	],
	"end" : 15.343055725097656,
	"labels" : 
	[
		"Prep",
		"Scan",
		"Break",
		"Prep",
		"Scan",
		"Prep",
		"Scan",
		"Break",
		"Prep",
		"Scan",
		"Prep",
		"Scan",
		"Break",
		"Prep",
		"Scan",
		"Break",
		"Prep",
		"Break",
		"Prep",
		"Scan",
		"Prep",
		"Scan",
		"Dead"
	],
	"start" : 14.136388778686523
}