{
	"data" : 
	[
		0.17041724920272827,
		0.34063953161239624,
		0.11367649585008621,
		6.5312318801879883,
		0.68147408962249756,
		1.2494666576385498,
		5.3954415321350098,
		0.73840981721878052,
		1.3062074184417725,
		3.1804070472717285,
		0.51125174760818481,
		0.45431604981422424,
		0.056740760803222656,
		17.889913558959961,
		4.6572270393371582,
		0.96537286043167114,
		0.17041724920272827,
		11.869932174682617,
		0.056740760803222656,
		0.11367649585008621,
		8.0645971298217773,
		4.2027158737182617,
		0.11367649585008621,
		10.506789207458496,
		1.3062074184417725,
		0.34083449840545654,
		14.084772109985352,
		4.827448844909668
	],
	"end" : 11.387222290039062,
	"labels" : 
	[
		"Prep",
		"Break",
		"Prep",
		"Break",
		"Prep",
		"Scan",
		"Break",
		"Prep",
		"Scan",
		"Break",
		"Prep",
		"Break",
		"Prep",
		"Scan",
		"Break",
		"Prep",
		"Break",
		"Scan",
		"Break",
		"Break",
		"Scan",
		"Break",
		"Break",
		"Scan",
		"Prep",
		"Break",
		"Scan",
		"Dead"
	],
	"start" : 10.898611068725586
}