{
	"data" : 
	[
		0.80199968814849854,
		1.4442603588104248,
		3.1551194190979004,
		0.74875336885452271,
		8.5568666458129883,
		0.053246315568685532,
		1.1765599250793457,
		3.7437667846679688,
		0.32094675302505493,
		1.2834197282791138,
		13.797772407531738,
		0.053246315568685532,
		0.16047337651252747,
		12.407493591308594,
		0.053246315568685532,
		0.10722705721855164,
		14.332439422607422,
		0.053613528609275818,
		0.10685984790325165,
		3.5832931995391846,
		0.053246315568685532,
		0.42780661582946777,
		7.594393253326416,
		0.10685984790325165,
		5.2945199012756348,
		10.37495231628418,
		1.3370332717895508,
		8.7705860137939453
	],
	"end" : 16.730833053588867,
	"labels" : 
	[
		"Prep",
		"Scan",
		"Break",
		"Prep",
		"Scan",
		"Break",
		"Prep",
		"Scan",
		"Break",
		"Prep",
		"Scan",
		"Break",
		"Prep",
		"Scan",
		"Break",
		"Prep",
		"Scan",
		"Break",
		"Prep",
		"Scan",
		"Break",
		"Prep",
		"Scan",
		"Prep",
		"Scan",
		"Scan",
		"Break",
		"Scan"
	],
	"start" : 16.211944580078125
}