{
	"data" : 
	[
		0.14501504600048065,
		0.27964645624160767,
		0.39358177781105042,
		0.14501504600048065,
		1.439731240272522,
		0.13463142514228821,
		0.24860228598117828,
		0.010348057374358177,
		1.657218337059021,
		0.020731674507260323,
		1.9679443836212158,
		0.010383617132902145,
		2.2579746246337891,
		0.051775842905044556,
		0.020731674507260323,
		2.1751189231872559,
		0.010348057374358177,
		0.0310797318816185,
		2.0301039218902588,
		0.19679088890552521,
		0.66288018226623535,
		0.020731674507260323,
		2.1129593849182129,
		0.124318927526474,
		0.010348057374358177,
		2.1129593849182129,
		81.6290283203125
	],
	"end" : 13.937222480773926,
	"labels" : 
	[
		"Prep",
		"Scan",
		"Break",
		"Prep",
		"Scan",
		"Break",
		"Prep",
		"Break",
		"Scan",
		"Prep",
		"Scan",
		"Break",
		"Scan",
		"Break",
		"Prep",
		"Scan",
		"Break",
		"Prep",
		"Scan",
		"Prep",
		"Scan",
		"Prep",
		"Scan",
		"Break",
		"Prep",
		"Scan",
		"Dead"
	],
	"start" : 11.258055686950684
}