{
	"data" : 
	[
		0.76180881261825562,
		1.4221360683441162,
		1.7774957418441772,
		0.76180881261825562,
		7.5675210952758789,
		0.91403108835220337,
		3.4029436111450195,
		0.30461889505386353,
		0.40627479553222656,
		11.732099533081055,
		0.050740756094455719,
		0.10165587812662125,
		9.5988950729370117,
		0.15239663422107697,
		11.782840728759766,
		0.050740756094455719,
		3.5551657676696777,
		0.050740756094455719,
		0.10165587812662125,
		11.021031379699707,
		34.383399963378906
	],
	"end" : 9.7072219848632812,
	"labels" : 
	[
		"Prep",
		"Scan",
		"Break",
		"Prep",
		"Scan",
		"Prep",
		"Scan",
		"Break",
		"Prep",
		"Scan",
		"Break",
		"Prep",
		"Scan",
		"Prep",
		"Scan",
		"Prep",
		"Scan",
		"Break",
		"Prep",
		"Scan",
		"Dead"
	],
	"start" : 9.1608333587646484
}