{
	"data" : 
	[
		0.170798659324646,
		0.073169507086277008,
		0.37820300459861755,
		1.2564883232116699,
		0.23182210326194763,
		0.048793632537126541,
		0.012187937274575233,
		0.37816113233566284,
		0.12200502306222916,
		0.19517453014850616,
		0.048835515975952148,
		0.012187937274575233,
		0.37816113233566284,
		0.36597320437431335,
		1.3663474321365356,
		0.012187937274575233,
		0.18298660218715668,
		1.6591092348098755,
		0.012187937274575233,
		1.9519128799438477,
		0.012187937274575233,
		2.0982518196105957,
		0.20740436017513275,
		1.7079029083251953,
		0.012187937274575233,
		2.0982937812805176,
		0.012187937274575233,
		0.19521641731262207,
		0.012187937274575233,
		1.207736611366272,
		0.012187937274575233,
		0.18298660218715668,
		1.5615220069885254,
		0.012187937274575233,
		0.170798659324646,
		1.7445085048675537,
		0.012187937274575233,
		2.3910555839538574,
		0.085399329662322998,
		0.024375874549150467,
		3.3914299011230469,
		0.012187937274575233,
		0.024417757987976074,
		0.012187937274575233,
		2.2812802791595459,
		0.060981571674346924,
		0.012187937274575233,
		0.024417757987976074,
		0.024375874549150467,
		1.6712971925735474,
		0.012229819782078266,
		2.0982518196105957,
		67.657295227050781
	],
	"end" : 16.211944580078125,
	"labels" : 
	[
		"Prep",
		"Break",
		"Scan",
		"Break",
		"Prep",
		"Break",
		"Prep",
		"Scan",
		"Break",
		"Prep",
		"Break",
		"Prep",
		"Scan",
		"Break",
		"Scan",
		"Break",
		"Prep",
		"Scan",
		"Break",
		"Scan",
		"Break",
		"Scan",
		"Prep",
		"Scan",
		"Prep",
		"Scan",
		"Prep",
		"Break",
		"Prep",
		"Scan",
		"Break",
		"Prep",
		"Scan",
		"Break",
		"Prep",
		"Scan",
		"Prep",
		"Scan",
		"Prep",
		"Break",
		"Scan",
		"Break",
		"Break",
		"Break",
		"Scan",
		"Break",
		"Prep",
		"Break",
		"Prep",
		"Scan",
		"Break",
		"Scan",
		"Dead"
	],
	"start" : 13.937222480773926
}