{
	"data" : 
	[
		0.23264603316783905,
		0.5009845495223999,
		0.5367998480796814,
		0.25052300095558167,
		2.791445255279541,
		0.017876945436000824,
		0.14313843846321106,
		4.6344294548034668,
		0.017938379198312759,
		0.33996915817260742,
		1.2883074283599854,
		0.10738454014062881,
		0.44735372066497803,
		3.274491548538208,
		0.017876945436000824,
		0.053692270070314407,
		3.7755374908447266,
		0.017938379198312759,
		0.035753890872001648,
		4.4376602172851562,
		0.017876945436000824,
		1.7893533706665039,
		0.75150752067565918,
		0.053692270070314407,
		0.50104600191116333,
		0.41153839230537415,
		0.28627687692642212,
		0.089507602155208588,
		0.017876945436000824,
		0.55467683076858521,
		0.19683071970939636,
		0.30421525239944458,
		0.07156921923160553,
		0.017876945436000824,
		0.5367998480796814,
		0.34003058075904846,
		0.25046154856681824,
		0.07156921923160553,
		0.017938379198312759,
		0.55467683076858521,
		0.5367998480796814,
		0.017938379198312759,
		0.16101539134979248,
		1.950430154800415,
		0.23258461058139801,
		2.1114456653594971,
		1.0557228326797485,
		3.5071372985839844,
		0.14313843846321106,
		1.4136302471160889,
		0.017876945436000824,
		1.5209534168243408,
		0.017876945436000824,
		0.12526150047779083,
		2.8093221187591553,
		0.25052300095558167,
		1.4135688543319702,
		0.017876945436000824,
		0.089507602155208588,
		0.017876945436000824,
		0.39366143941879272,
		2.8271992206573486,
		0.30415380001068115,
		0.19683071970939636,
		2.3798453807830811,
		0.2683999240398407,
		1.3599380254745483,
		0.017876945436000824,
		1.7535994052886963,
		0.017876945436000824,
		2.8093221187591553,
		0.28627687692642212,
		1.2346765995025635,
		0.017876945436000824,
		1.5746457576751709,
		0.017876945436000824,
		3.3461220264434814,
		0.017876945436000824,
		1.2167996168136597,
		0.017876945436000824,
		2.2545840740203857,
		0.017876945436000824,
		1.0557228326797485,
		29.345529556274414
	],
	"end" : 11.258055686950684,
	"labels" : 
	[
		"Prep",
		"Scan",
		"Break",
		"Prep",
		"Scan",
		"Break",
		"Prep",
		"Scan",
		"Break",
		"Prep",
		"Scan",
		"Break",
		"Prep",
		"Scan",
		"Break",
		"Prep",
		"Scan",
		"Break",
		"Prep",
		"Scan",
		"Prep",
		"Scan",
		"Break",
		"Prep",
		"Scan",
		"Break",
		"Prep",
		"Break",
		"Prep",
		"Scan",
		"Break",
		"Prep",
		"Break",
		"Prep",
		"Scan",
		"Break",
		"Prep",
		"Break",
		"Prep",
		"Scan",
		"Break",
		"Prep",
		"Scan",
		"Break",
		"Prep",
		"Scan",
		"Break",
		"Scan",
		"Prep",
		"Scan",
		"Prep",
		"Scan",
		"Break",
		"Prep",
		"Scan",
		"Prep",
		"Scan",
		"Prep",
		"Break",
		"Scan",
		"Break",
		"Scan",
		"Prep",
		"Break",
		"Scan",
		"Prep",
		"Scan",
		"Break",
		"Scan",
		"Break",
		"Scan",
		"Prep",
		"Scan",
		"Prep",
		"Scan",
		"Break",
		"Scan",
		"Prep",
		"Scan",
		"Break",
		"Scan",
		"Break",
		"Scan",
		"Dead"
	],
	"start" : 9.7072219848632812
}