{
	"data" : 
	[
		0.14174540340900421,
		0.50408577919006348,
		0.86637204885482788,
		0.5040317177772522,
		0.47255674004554749,
		0.18906597793102264,
		0.29928234219551086,
		0.70883512496948242,
		0.29928234219551086,
		1.5752071142196655,
		0.50408577919006348,
		0.12600792944431305,
		0.015737470239400864,
		0.29928234219551086,
		0.015791552141308784,
		0.29928234219551086,
		1.0396465063095093,
		0.3938153088092804,
		2.4887917041778564,
		0.094532988965511322,
		0.33081135153770447,
		1.1183879375457764,
		0.58282721042633057,
		0.031529020518064499,
		0.18901188671588898,
		0.031474940478801727,
		0.031529020518064499,
		0.2835448682308197,
		0.17327441275119781,
		1.9217561483383179,
		0.015737470239400864,
		0.50408577919006348,
		0.14174540340900421,
		3.7175040245056152,
		0.015737470239400864,
		0.031529020518064499,
		0.015737470239400864,
		2.7093865871429443,
		0.07874143123626709,
		1.8272770643234253,
		0.047266494482755661,
		3.1346228122711182,
		3.371009349822998,
		0.5040317177772522,
		0.83489710092544556,
		0.047212410718202591,
		1.8272770643234253,
		0.29928234219551086,
		1.2286584377288818,
		0.015737470239400864,
		0.29933640360832214,
		0.17327441275119781,
		0.015737470239400864,
		2.0320265293121338,
		0.015737470239400864,
		0.031529020518064499,
		0.015737470239400864,
		1.8114855289459229,
		0.20480345189571381,
		0.047212410718202591,
		3.1189393997192383,
		0.015737470239400864,
		0.6773601770401001,
		0.14174540340900421,
		3.2922141551971436,
		0.047266494482755661,
		0.047266494482755661,
		2.6463286876678467,
		0.047266494482755661,
		2.6778576374053955,
		0.031529020518064499,
		0.031474940478801727,
		0.015791552141308784,
		0.031474940478801727,
		0.15753693878650665,
		0.031474940478801727,
		0.15753693878650665,
		0.14174540340900421,
		2.8039195537567139,
		0.12600792944431305,
		0.23627837002277374,
		0.015737470239400864,
		0.015737470239400864,
		0.031529020518064499,
		0.015737470239400864,
		4.2215900421142578,
		38.576976776123047
	],
	"end" : 11.811388969421387,
	"labels" : 
	[
		"Prep",
		"Scan",
		"Break",
		"Scan",
		"Break",
		"Prep",
		"Scan",
		"Break",
		"Scan",
		"Break",
		"Scan",
		"Break",
		"Prep",
		"Scan",
		"Break",
		"Scan",
		"Break",
		"Prep",
		"Scan",
		"Break",
		"Prep",
		"Scan",
		"Break",
		"Prep",
		"Scan",
		"Break",
		"Prep",
		"Break",
		"Prep",
		"Scan",
		"Break",
		"Prep",
		"Break",
		"Scan",
		"Break",
		"Prep",
		"Break",
		"Scan",
		"Prep",
		"Scan",
		"Prep",
		"Scan",
		"Break",
		"Scan",
		"Break",
		"Prep",
		"Scan",
		"Scan",
		"Break",
		"Prep",
		"Scan",
		"Break",
		"Prep",
		"Scan",
		"Break",
		"Prep",
		"Break",
		"Scan",
		"Break",
		"Prep",
		"Scan",
		"Break",
		"Break",
		"Break",
		"Scan",
		"Break",
		"Prep",
		"Scan",
		"Prep",
		"Scan",
		"Prep",
		"Break",
		"Prep",
		"Scan",
		"Break",
		"Prep",
		"Break",
		"Break",
		"Scan",
		"Break",
		"Break",
		"Break",
		"Prep",
		"Break",
		"Prep",
		"Scan",
		"Dead"
	],
	"start" : 10.049722671508789
}