{
	"data" : 
	[
		0.37762007117271423,
		0.75542539358139038,
		2.0773272514343262,
		0.40466567873954773,
		5.0988435745239258,
		0.48561733961105347,
		1.9424693584442139,
		0.13485768437385559,
		0.83628439903259277,
		5.9082674980163574,
		0.026953013613820076,
		0.080951660871505737,
		5.6923651695251465,
		0.026953013613820076,
		0.053998645395040512,
		6.6905531883239746,
		0.21580934524536133,
		2.6169431209564209,
		6.5556025505065918,
		0.053998645395040512,
		6.9063620567321777,
		1.969422459602356,
		50.988712310791016
	],
	"end" : 10.049722671508789,
	"labels" : 
	[
		"Prep",
		"Scan",
		"Break",
		"Prep",
		"Scan",
		"Prep",
		"Scan",
		"Break",
		"Prep",
		"Scan",
		"Break",
		"Prep",
		"Scan",
		"Break",
		"Prep",
		"Scan",
		"Prep",
		"Scan",
		"Break",
		"Prep",
		"Scan",
		"Scan",
		"Dead"
	],
	"start" : 9.0211114883422852
}