{
	"data" : 
	[
		0.31184464693069458,
		0.67179214954376221,
		0.81568872928619385,
		0.40780317783355713,
		4.5344319343566895,
		0.023969043046236038,
		0.40788552165031433,
		1.7273359298706055,
		0.14397898316383362,
		0.59980261325836182,
		7.4612908363342285,
		0.21588610112667084,
		2.3272209167480469,
		1.0076057910919189,
		0.31184464693069458,
		3.0709202289581299,
		2.3751590251922607,
		0.023969043046236038,
		0.16794803738594055,
		3.8626399040222168,
		3.1668787002563477,
		0.047938086092472076,
		7.4612908363342285,
		0.024051409214735031,
		0.047938086092472076,
		2.8070137500762939,
		0.048020452260971069,
		2.3271386623382568,
		0.023969043046236038,
		1.4874807596206665,
		51.989265441894531
	],
	"end" : 14.861110687255859,
	"labels" : 
	[
		"Prep",
		"Scan",
		"Break",
		"Prep",
		"Scan",
		"Break",
		"Prep",
		"Scan",
		"Break",
		"Prep",
		"Scan",
		"Prep",
		"Scan",
		"Break",
		"Prep",
		"Scan",
		"Scan",
		"Break",
		"Prep",
		"Scan",
		"Break",
		"Prep",
		"Scan",
		"Break",
		"Prep",
		"Scan",
		"Prep",
		"Scan",
		"Prep",
		"Scan",
		"Dead"
	],
	"start" : 13.704444885253906
}