{
	"data" : 
	[
		0.65216821432113647,
		1.5414700508117676,
		3.3795096874237061,
		0.059232510626316071,
		1.3635690212249756,
		2.964475154876709,
		0.53349965810775757,
		0.17790107429027557,
		7.5888853073120117,
		1.0672029256820679,
		4.3278403282165527,
		0.47426718473434448,
		0.53370320796966553,
		0.059436056762933731,
		0.059028957039117813,
		8.5966520309448242,
		0.059436056762933731,
		1.3637725114822388,
		6.1658802032470703,
		0.11846502125263214,
		5.1579098701477051,
		0.11887211352586746,
		6.4028105735778809,
		15.829938888549805,
		0.53370320796966553,
		0.11846502125263214,
		4.6246137619018555,
		3.4977712631225586,
		0.2373371422290802,
		6.4028105735778809,
		0.65216821432113647,
		0.11846502125263214,
		0.059436056762933731,
		15.059305191040039
	],
	"end" : 16.382223129272461,
	"labels" : 
	[
		"Prep",
		"Scan",
		"Break",
		"Prep",
		"Scan",
		"Break",
		"Prep",
		"Break",
		"Scan",
		"Prep",
		"Scan",
		"Break",
		"Prep",
		"Break",
		"Prep",
		"Scan",
		"Break",
		"Prep",
		"Scan",
		"Prep",
		"Scan",
		"Prep",
		"Scan",
		"Break",
		"Prep",
		"Break",
		"Scan",
		"Break",
		"Prep",
		"Scan",
		"Break",
		"Prep",
		"Break",
		"Scan"
	],
	"start" : 15.914166450500488
}