{
	"data" : 
	[
		0.20523403584957123,
		0.073276296257972717,
		0.45440363883972168,
		0.35183694958686829,
		0.014645194634795189,
		0.45445394515991211,
		0.014645194634795189,
		0.24921992421150208,
		0.073276296257972717,
		0.014645194634795189,
		0.45445394515991211,
		0.70362353324890137,
		0.24916960299015045,
		0.058631099760532379,
		0.01469552144408226,
		0.45440363883972168,
		0.26386511325836182,
		0.10261701792478561,
		0.45440363883972168,
		0.043985910713672638,
		0.23452439904212952,
		2.1548564434051514,
		2.7558631896972656,
		0.23452439904212952,
		2.6386010646820068,
		0.01469552144408226,
		0.1025666818022728,
		3.3862104415893555,
		0.014645194634795189,
		2.6825869083404541,
		0.014645194634795189,
		0.014645194634795189,
		0.01469552144408226,
		3.1662807464599609,
		0.01469552144408226,
		0.014645194634795189,
		2.0815298557281494,
		0.01469552144408226,
		0.20518369972705841,
		2.4040765762329102,
		0.043985910713672638,
		0.014645194634795189,
		0.014645194634795189,
		0.014645194634795189,
		4.8081026077270508,
		0.14660292863845825,
		2.8438351154327393,
		0.014645194634795189,
		0.19058883190155029,
		2.389380931854248,
		1.9789129495620728,
		0.45445394515991211,
		2.4186713695526123,
		0.043985910713672638,
		0.01469552144408226,
		1.8323099613189697,
		55.806243896484375
	],
	"end" : 13.704444885253906,
	"labels" : 
	[
		"Prep",
		"Break",
		"Scan",
		"Break",
		"Prep",
		"Scan",
		"Break",
		"Prep",
		"Break",
		"Prep",
		"Scan",
		"Break",
		"Prep",
		"Break",
		"Prep",
		"Scan",
		"Break",
		"Prep",
		"Scan",
		"Break",
		"Prep",
		"Scan",
		"Scan",
		"Prep",
		"Scan",
		"Prep",
		"Break",
		"Scan",
		"Prep",
		"Scan",
		"Prep",
		"Break",
		"Prep",
		"Scan",
		"Prep",
		"Break",
		"Scan",
		"Break",
		"Prep",
		"Scan",
		"Break",
		"Prep",
		"Break",
		"Prep",
		"Scan",
		"Break",
		"Scan",
		"Break",
		"Prep",
		"Scan",
		"Break",
		"Prep",
		"Scan",
		"Prep",
		"Break",
		"Scan",
		"Dead"
	],
	"start" : 11.811388969421387
}