{
	"data" : 
	[
		0.28987231850624084,
		0.6588171124458313,
		0.42169001698493958,
		0.026327354833483696,
		0.73779922723770142,
		0.18447242677211761,
		0.21079976856708527,
		0.079072527587413788,
		4.3480844497680664,
		0.15814505517482758,
		0.47434473037719727,
		2.6087601184844971,
		0.026417825371026993,
		0.21079976856708527,
		0.026327354833483696,
		0.026327354833483696,
		5.3758463859558105,
		1.4229437112808228,
		0.6588171124458313,
		0.15814505517482758,
		0.13172723352909088,
		0.21079976856708527,
		3.715595006942749,
		0.026417825371026993,
		2.2662332057952881,
		0.026327354833483696,
		0.05274517834186554,
		3.9263944625854492,
		0.68514448404312134,
		0.05274517834186554,
		3.9263944625854492,
		66.775665283203125
	],
	"end" : 15.914166450500488,
	"labels" : 
	[
		"Prep",
		"Scan",
		"Break",
		"Prep",
		"Scan",
		"Break",
		"Prep",
		"Break",
		"Scan",
		"Break",
		"Prep",
		"Scan",
		"Break",
		"Prep",
		"Break",
		"Prep",
		"Scan",
		"Break",
		"Prep",
		"Scan",
		"Break",
		"Prep",
		"Scan",
		"Prep",
		"Scan",
		"Break",
		"Prep",
		"Scan",
		"Break",
		"Prep",
		"Scan",
		"Dead"
	],
	"start" : 14.861110687255859
}