{
	"data" : 
	[
		0.33966076374053955,
		0.36567124724388123,
		1.4107537269592285,
		0.1828804612159729,
		2.2727763652801514,
		1.4368538856506348,
		0.83601218461990356,
		0.052290000021457672,
		0.026100154966115952,
		6.8968086242675781,
		0.026189845055341721,
		0.052200309932231903,
		3.5529394149780273,
		0.026100154966115952,
		0.1828804612159729,
		5.3294544219970703,
		0.57474154233932495,
		0.026100154966115952,
		4.8853034973144531,
		2.2727763652801514,
		0.026100154966115952,
		0.44415107369422913,
		4.3889517784118652,
		3.3700592517852783,
		0.20898061990737915,
		5.3293642997741699,
		0.078390158712863922,
		0.026100154966115952,
		0.026100154966115952,
		6.6095280647277832,
		0.052200309932231903,
		0.026189845055341721,
		0.026100154966115952,
		5.7474155426025391,
		0.026100154966115952,
		0.20898061990737915,
		7.6022305488586426,
		34.954563140869141
	],
	"end" : 13.868611335754395,
	"labels" : 
	[
		"Prep",
		"Scan",
		"Break",
		"Prep",
		"Scan",
		"Break",
		"Break",
		"Break",
		"Prep",
		"Scan",
		"Prep",
		"Break",
		"Scan",
		"Break",
		"Prep",
		"Scan",
		"Break",
		"Prep",
		"Scan",
		"Scan",
		"Break",
		"Prep",
		"Scan",
		"Break",
		"Prep",
		"Scan",
		"Prep",
		"Break",
		"Prep",
		"Scan",
		"Prep",
		"Break",
		"Prep",
		"Scan",
		"Break",
		"Prep",
		"Scan",
		"Dead"
	],
	"start" : 12.806388854980469
}