{
	"data" : 
	[
		0.9013141393661499,
		1.7035523653030396,
		2.5051026344299316,
		0.10045179724693298,
		2.0042197704315186,
		4.3084192276000977,
		2.8057701587677002,
		14.829712867736816,
		3.4064168930053711,
		0.20090359449386597,
		8.0155029296875,
		0.30066734552383423,
		11.223080635070801,
		0.20021557807922363,
		0.099763773381710052,
		8.116642951965332,
		0.10045179724693298,
		0.099763773381710052,
		18.637247085571289,
		20.340801239013672
	],
	"end" : 18.83277702331543,
	"labels" : 
	[
		"Prep",
		"Scan",
		"Break",
		"Prep",
		"Scan",
		"Break",
		"Prep",
		"Scan",
		"Break",
		"Prep",
		"Scan",
		"Prep",
		"Scan",
		"Break",
		"Prep",
		"Scan",
		"Prep",
		"Break",
		"Scan",
		"Dead"
	],
	"start" : 18.55583381652832
}