{
	"data" : 
	[
		1.4541049003601074,
		0.78351134061813354,
		2.5732970237731934,
		0.11138150840997696,
		1.1191922426223755,
		4.586613655090332,
		3.1317408084869385,
		17.228031158447266,
		1.6784042119979858,
		0.22353117167949677,
		13.759841918945312,
		0.22353117167949677,
		12.530035972595215,
		1.789785623550415,
		0.22353117167949677,
		12.529268264770508,
		25.954196929931641
	],
	"end" : 18.55583381652832,
	"labels" : 
	[
		"Prep",
		"Scan",
		"Break",
		"Prep",
		"Scan",
		"Break",
		"Prep",
		"Scan",
		"Break",
		"Prep",
		"Scan",
		"Prep",
		"Scan",
		"Break",
		"Prep",
		"Scan",
		"Dead"
	],
	"start" : 18.307777404785156
}