{
	"data" : 
	[
		0.32990279793739319,
		0.56981337070465088,
		0.029963081702589989,
		0.80972397327423096,
		2.0394458770751953,
		0.77976089715957642,
		0.20994751155376434,
		3.9887964725494385,
		0.059926163405179977,
		0.5098872184753418,
		3.9887964725494385,
		0.029963081702589989,
		0.5098872184753418,
		3.8988041877746582,
		0.98970836400985718,
		4.4986834526062012,
		0.059926163405179977,
		0.20994751155376434,
		0.53985029458999634,
		6.4480342864990234,
		0.20994751155376434,
		0.15002132952213287,
		0.9896053671836853,
		0.030066046863794327,
		0.20994751155376434,
		0.53974729776382446,
		0.5098872184753418,
		0.53985029458999634,
		0.029963081702589989,
		0.5098872184753418,
		0.53985029458999634,
		0.5097842812538147,
		0.53985029458999634,
		0.26997664570808411,
		0.5097842812538147,
		0.5098872184753418,
		62.801177978515625
	],
	"end" : 12.037500381469727,
	"labels" : 
	[
		"Prep",
		"Scan",
		"Prep",
		"Scan",
		"Break",
		"Prep",
		"Break",
		"Scan",
		"Prep",
		"Break",
		"Scan",
		"Prep",
		"Break",
		"Scan",
		"Prep",
		"Scan",
		"Prep",
		"Break",
		"Scan",
		"Break",
		"Prep",
		"Break",
		"Scan",
		"Prep",
		"Break",
		"Scan",
		"Break",
		"Scan",
		"Prep",
		"Break",
		"Scan",
		"Break",
		"Scan",
		"Prep",
		"Break",
		"Scan",
		"Dead"
	],
	"start" : 11.112222671508789
}