{
	"data" : 
	[
		1.1790823936462402,
		0.10745694488286972,
		2.679431676864624,
		3.858881950378418,
		2.4652538299560547,
		0.10745694488286972,
		0.75035858154296875,
		2.1436188220977783,
		1.8223521709442139,
		3.1081554889678955,
		0.21454590559005737,
		0.10708893835544586,
		0.75035858154296875,
		3.7517931461334229,
		0.21417787671089172,
		1.8223521709442139,
		7.5032186508178711,
		0.10708893835544586,
		0.21454590559005737,
		0.10708893835544586,
		0.75035858154296875,
		1.929440975189209,
		2.4652538299560547,
		0.21417787671089172,
		3.001434326171875,
		0.10708893835544586,
		2.0365300178527832,
		0.10745694488286972,
		2.1436188220977783,
		0.75035858154296875,
		1.8223521709442139,
		51.557621002197266
	],
	"end" : 9.9375,
	"labels" : 
	[
		"Prep",
		"Break",
		"Scan",
		"Break",
		"Prep",
		"Break",
		"Break",
		"Scan",
		"Break",
		"Prep",
		"Break",
		"Prep",
		"Break",
		"Scan",
		"Prep",
		"Break",
		"Scan",
		"Prep",
		"Break",
		"Prep",
		"Break",
		"Scan",
		"Break",
		"Break",
		"Scan",
		"Prep",
		"Scan",
		"Break",
		"Prep",
		"Break",
		"Scan",
		"Dead"
	],
	"start" : 9.6786108016967773
}