{
	"data" : 
	[
		0.64422881603240967,
		0.42953503131866455,
		1.3313668966293335,
		0.90197932720184326,
		0.98779791593551636,
		0.085965991020202637,
		1.503151535987854,
		0.042909268289804459,
		1.2455483675003052,
		1.202639102935791,
		0.60131955146789551,
		5.5833659172058105,
		0.77310413122177124,
		0.68713808059692383,
		7.0866646766662598,
		0.73019486665725708,
		0.042909268289804459,
		7.8167119026184082,
		0.042909268289804459,
		5.5835132598876953,
		2.1473803520202637,
		7.9455876350402832,
		1.4173328876495361,
		0.30065977573394775,
		7.0006985664367676,
		0.043056722730398178,
		5.6691842079162598,
		38.053150177001953
	],
	"end" : 15.212778091430664,
	"labels" : 
	[
		"Prep",
		"Scan",
		"Break",
		"Scan",
		"Break",
		"Prep",
		"Break",
		"Prep",
		"Scan",
		"Break",
		"Prep",
		"Scan",
		"Break",
		"Prep",
		"Scan",
		"Break",
		"Prep",
		"Scan",
		"Prep",
		"Scan",
		"Prep",
		"Scan",
		"Prep",
		"Break",
		"Scan",
		"Break",
		"Scan",
		"Dead"
	],
	"start" : 14.566666603088379
}