{
	"data" : 
	[
		0.38585191965103149,
		0.80662798881530762,
		0.91212314367294312,
		0.3157627284526825,
		0.31552186608314514,
		0.70161467790603638,
		1.718751072883606,
		0.3157627284526825,
		0.77170383930206299,
		1.9292596578598022,
		0.28059768676757812,
		0.070089206099510193,
		0.035165030509233475,
		8.6640853881835938,
		2.1046030521392822,
		1.0874664783477783,
		16.345958709716797,
		0.034924175590276718,
		0.42101693153381348,
		0.035165030509233475,
		0.034924175590276718,
		7.4364409446716309,
		0.035165030509233475,
		0.31552186608314514,
		1.1575558185577393,
		0.035165030509233475,
		0.035165030509233475,
		0.034924175590276718,
		9.6462984085083008,
		0.35068687796592712,
		0.3157627284526825,
		0.035165030509233475,
		5.8227028846740723,
		0.035165030509233475,
		0.3157627284526825,
		0.77170383930206299,
		0.034924175590276718,
		1.2979750633239746,
		0.070089206099510193,
		7.5065298080444336,
		0.035165030509233475,
		1.1223907470703125,
		0.42101693153381348,
		0.034924175590276718,
		1.2979750633239746,
		0.73653882741928101,
		7.9624710083007812,
		0.35092774033546448,
		0.31552186608314514,
		0.3157627284526825,
		0.035165030509233475,
		2.9815611839294434,
		11.750901222229004
	],
	"end" : 18.073333740234375,
	"labels" : 
	[
		"Prep",
		"Scan",
		"Break",
		"Prep",
		"Break",
		"Scan",
		"Break",
		"Prep",
		"Scan",
		"Break",
		"Prep",
		"Break",
		"Prep",
		"Scan",
		"Break",
		"Prep",
		"Scan",
		"Break",
		"Prep",
		"Break",
		"Prep",
		"Scan",
		"Break",
		"Prep",
		"Break",
		"Prep",
		"Break",
		"Prep",
		"Scan",
		"Break",
		"Prep",
		"Prep",
		"Scan",
		"Break",
		"Prep",
		"Break",
		"Prep",
		"Break",
		"Break",
		"Scan",
		"Break",
		"Prep",
		"Break",
		"Prep",
		"Break",
		"Break",
		"Scan",
		"Break",
		"Prep",
		"Break",
		"Prep",
		"Scan",
		"Dead"
	],
	"start" : 17.282222747802734
}