{
	"data" : 
	[
		0.60609573125839233,
		0.51278865337371826,
		1.4917925596237183,
		0.9788438081741333,
		4.9880061149597168,
		1.7715535163879395,
		6.2466111183166504,
		4.708244800567627,
		0.13988055288791656,
		6.8527069091796875,
		1.0255773067474365,
		9.4166498184204102,
		0.046573501080274582,
		5.7338223457336426,
		2.2843422889709473,
		8.1578845977783203,
		44.938629150390625
	],
	"end" : 9.6786108016967773,
	"labels" : 
	[
		"Prep",
		"Scan",
		"Break",
		"Scan",
		"Break",
		"Prep",
		"Scan",
		"Break",
		"Prep",
		"Scan",
		"Break",
		"Scan",
		"Prep",
		"Scan",
		"Prep",
		"Scan",
		"Dead"
	],
	"start" : 9.0833330154418945
}