{
	"data" : 
	[
		0.59223467111587524,
		0.59203130006790161,
		1.2436317205429077,
		0.47370639443397522,
		1.0659409761428833,
		14.982133865356445,
		1.1251034736633301,
		2.1910445690155029,
		1.1251034736633301,
		3.3161482810974121,
		0.47370639443397522,
		0.47390967607498169,
		8.7048120498657227,
		1.776703953742981,
		6.928311824798584,
		0.11852825433015823,
		7.9942531585693359,
		0.41454392671585083,
		0.17769071459770203,
		7.698237419128418,
		0.059365779161453247,
		9.1193561553955078,
		0.76992535591125488,
		9.5932655334472656,
		18.890312194824219
	],
	"end" : 9.0833330154418945,
	"labels" : 
	[
		"Prep",
		"Scan",
		"Break",
		"Prep",
		"Scan",
		"Break",
		"Scan",
		"Break",
		"Scan",
		"Break",
		"Prep",
		"Break",
		"Scan",
		"Prep",
		"Scan",
		"Prep",
		"Scan",
		"Break",
		"Prep",
		"Scan",
		"Prep",
		"Scan",
		"Prep",
		"Scan",
		"Dead"
	],
	"start" : 8.6147222518920898
}