{
	"data" : 
	[
		1.1436342000961304,
		1.5519547462463379,
		2.4504842758178711,
		1.1436342000961304,
		7.5965576171875,
		0.081888459622859955,
		10.455362319946289,
		0.081888459622859955,
		11.35389232635498,
		0.081888459622859955,
		8.7401914596557617,
		1.4706271886825562,
		17.153390884399414,
		36.594608306884766
	],
	"end" : 17.282222747802734,
	"labels" : 
	[
		"Prep",
		"Scan",
		"Break",
		"Prep",
		"Scan",
		"Prep",
		"Scan",
		"Prep",
		"Scan",
		"Prep",
		"Scan",
		"Prep",
		"Scan",
		"Dead"
	],
	"start" : 16.942499160766602
}