{
	"data" : 
	[
		1.5385360717773438,
		0.82819241285324097,
		1.4206873178482056,
		1.4206873178482056,
		3.7874159812927246,
		3.3143954277038574,
		14.203622817993164,
		3.7874159812927246,
		0.23732306063175201,
		8.8768577575683594,
		0.23732306063175201,
		11.48090934753418,
		0.11866153031587601,
		0.23651029169559479,
		9.9431858062744141,
		38.468276977539062
	],
	"end" : 18.307777404785156,
	"labels" : 
	[
		"Prep",
		"Scan",
		"Break",
		"Scan",
		"Break",
		"Prep",
		"Scan",
		"Break",
		"Prep",
		"Scan",
		"Prep",
		"Scan",
		"Break",
		"Prep",
		"Scan",
		"Dead"
	],
	"start" : 18.073333740234375
}