{
	"data" : 
	[
		0.47300291061401367,
		0.47288694977760315,
		1.0811330080032349,
		0.27025425434112549,
		2.8041486740112305,
		0.033752784132957458,
		0.57437723875045776,
		5.6081814765930176,
		0.033752784132957458,
		0.67563557624816895,
		11.689366340637207,
		0.27025425434112549,
		5.5069231986999512,
		0.033752784132957458,
		5.6081814765930176,
		3.4121627807617188,
		5.5744285583496094,
		0.067505568265914917,
		0.2703702449798584,
		10.743359565734863,
		44.696571350097656
	],
	"end" : 11.112222671508789,
	"labels" : 
	[
		"Prep",
		"Scan",
		"Break",
		"Prep",
		"Scan",
		"Break",
		"Prep",
		"Scan",
		"Break",
		"Prep",
		"Scan",
		"Prep",
		"Scan",
		"Break",
		"Scan",
		"Break",
		"Scan",
		"Break",
		"Prep",
		"Scan",
		"Dead"
	],
	"start" : 10.290833473205566
}