{
	"data" : 
	[
		0.020288810133934021,
		0.030438188463449478,
		0.060856480151414871,
		0.011592184193432331,
		0.16665878891944885,
		0.0028955584857612848,
		0.19852983951568604,
		0.0014428041176870465,
		0.12462842464447021,
		0.023184368386864662,
		0.16230052709579468,
		0.0014527544844895601,
		0.021741565316915512,
		99.073989868164062
	],
	"end" : 18.991111755371094,
	"labels" : 
	[
		"Prep",
		"Scan",
		"Break",
		"Prep",
		"Scan",
		"Break",
		"Scan",
		"Break",
		"Scan",
		"Prep",
		"Scan",
		"Break",
		"Prep",
		"Scan"
	],
	"start" : 18.83277702331543
}