{
	"data" : 
	[
		0.57820165157318115,
		0.86730247735977173,
		0.041259609162807465,
		0.74338185787200928,
		0.70198047161102295,
		0.041401393711566925,
		0.61946123838424683,
		0.70198047161102295,
		0.61946123838424683,
		0.70212221145629883,
		0.082519218325614929,
		6.112093448638916,
		0.61960303783416748,
		0.082519218325614929,
		0.041401393711566925,
		6.112093448638916,
		0.041117820888757706,
		6.5252566337585449,
		0.041401393711566925,
		0.041117820888757706,
		0.041401393711566925,
		6.7728142738342285,
		0.041401393711566925,
		0.6607208251953125,
		7.2270956039428711,
		0.61960303783416748,
		3.262486457824707,
		0.041117820888757706,
		0.57820165157318115,
		0.041401393711566925,
		4.8731708526611328,
		0.041401393711566925,
		0.041117820888757706,
		0.12392060458660126,
		6.7728142738342285,
		0.041401393711566925,
		4.2535676956176758,
		0.041401393711566925,
		0.041401393711566925,
		0.041117820888757706,
		4.9559736251831055,
		0.70183867216110229,
		0.53708380460739136,
		9.4159812927246094,
		0.41287964582443237,
		5.3274521827697754,
		0.041401393711566925,
		0.61931943893432617,
		6.0709753036499023,
		10.943862915039062
	],
	"end" : 16.637222290039062,
	"labels" : 
	[
		"Prep",
		"Scan",
		"Break",
		"Prep",
		"Scan",
		"Break",
		"Prep",
		"Scan",
		"Break",
		"Prep",
		"Break",
		"Scan",
		"Prep",
		"Break",
		"Prep",
		"Scan",
		"Break",
		"Scan",
		"Prep",
		"Break",
		"Prep",
		"Scan",
		"Break",
		"Prep",
		"Scan",
		"Prep",
		"Scan",
		"Prep",
		"Break",
		"Prep",
		"Scan",
		"Prep",
		"Break",
		"Prep",
		"Scan",
		"Prep",
		"Scan",
		"Break",
		"Break",
		"Prep",
		"Scan",
		"Prep",
		"Break",
		"Scan",
		"Prep",
		"Scan",
		"Break",
		"Prep",
		"Scan",
		"Dead"
	],
	"start" : 15.965277671813965
}