{
	"data" : 
	[
		1.0995830297470093,
		1.0995830297470093,
		7.0682859420776367,
		1.0995830297470093,
		5.1047830581665039,
		1.4137110710144043,
		12.958793640136719,
		0.078464604914188385,
		2.3560953140258789,
		23.325826644897461,
		0.078464604914188385,
		0.62825608253479004,
		12.801863670349121,
		0.078464604914188385,
		0.15692920982837677,
		11.15248966217041,
		19.398822784423828
	],
	"end" : 10.290833473205566,
	"labels" : 
	[
		"Prep",
		"Scan",
		"Break",
		"Prep",
		"Scan",
		"Prep",
		"Scan",
		"Break",
		"Prep",
		"Scan",
		"Break",
		"Prep",
		"Scan",
		"Break",
		"Prep",
		"Scan",
		"Dead"
	],
	"start" : 9.9375
}