{
	"data" : 
	[
		0.55850803852081299,
		0.70749884843826294,
		2.6808767318725586,
		0.63297146558761597,
		2.941530704498291,
		4.0957465171813965,
		3.9840834140777588,
		0.037263695150613785,
		4.0213470458984375,
		0.67023515701293945,
		7.8564395904541016,
		0.55850803852081299,
		0.59570777416229248,
		0.78196233510971069,
		1.6383241415023804,
		0.52130824327468872,
		0.074399553239345551,
		0.037199776619672775,
		4.0586109161376953,
		0.037199776619672775,
		0.037327609956264496,
		0.037199776619672775,
		4.8032455444335938,
		0.037199776619672775,
		3.2021210193634033,
		0.52130824327468872,
		4.5425915718078613,
		0.63303536176681519,
		4.5053915977478027,
		45.090862274169922
	],
	"end" : 8.6147222518920898,
	"labels" : 
	[
		"Prep",
		"Scan",
		"Break",
		"Prep",
		"Scan",
		"Scan",
		"Scan",
		"Prep",
		"Scan",
		"Prep",
		"Scan",
		"Break",
		"Prep",
		"Scan",
		"Break",
		"Prep",
		"Break",
		"Prep",
		"Scan",
		"Prep",
		"Break",
		"Prep",
		"Scan",
		"Break",
		"Scan",
		"Prep",
		"Scan",
		"Prep",
		"Scan",
		"Dead"
	],
	"start" : 7.8694443702697754
}