{
	"data" : 
	[
		0.36082249879837036,
		0.3609464168548584,
		0.72176891565322876,
		0.25265011191368103,
		0.79400771856307983,
		1.3353654146194458,
		0.2888314425945282,
		0.25252616405487061,
		0.03618137538433075,
		6.0992879867553711,
		1.371546745300293,
		0.32476502656936646,
		0.28870755434036255,
		0.03618137538433075,
		5.7384653091430664,
		0.036057468503713608,
		0.036057468503713608,
		6.8573617935180664,
		0.613472580909729,
		4.8362855911254883,
		5.6301689147949219,
		0.036057468503713608,
		0.39700385928153992,
		0.39700385928153992,
		1.1549540758132935,
		2.0210769176483154,
		6.8573617935180664,
		0.072114937007427216,
		4.8362855911254883,
		47.856685638427734
	],
	"end" : 12.806388854980469,
	"labels" : 
	[
		"Prep",
		"Scan",
		"Break",
		"Prep",
		"Scan",
		"Break",
		"Prep",
		"Break",
		"Prep",
		"Scan",
		"Break",
		"Prep",
		"Break",
		"Prep",
		"Scan",
		"Prep",
		"Break",
		"Scan",
		"Prep",
		"Scan",
		"Break",
		"Prep",
		"Scan",
		"Break",
		"Scan",
		"Break",
		"Scan",
		"Prep",
		"Scan",
		"Dead"
	],
	"start" : 12.037500381469727
}