{
	"data" : 
	[
		1.1815505027770996,
		0.90941315889358521,
		1.5448164939880371,
		0.09112856537103653,
		1.7270735502243042,
		5.7267436981201172,
		2.6364867687225342,
		17.543497085571289,
		3.363642692565918,
		0.090504400432109833,
		11.817377090454102,
		0.18163296580314636,
		10.544698715209961,
		0.18163296580314636,
		10.180809020996094,
		32.178993225097656
	],
	"end" : 16.942499160766602,
	"labels" : 
	[
		"Prep",
		"Scan",
		"Break",
		"Prep",
		"Scan",
		"Break",
		"Prep",
		"Scan",
		"Break",
		"Prep",
		"Scan",
		"Prep",
		"Scan",
		"Prep",
		"Scan",
		"Dead"
	],
	"start" : 16.637222290039062
}