{
	"data" : 
	[
		0.43728873133659363,
		1.1130117177963257,
		3.7765970230102539,
		0.35785612463951111,
		0.039716299623250961,
		0.039716299623250961,
		0.27828705310821533,
		5.1678953170776367,
		0.35785612463951111,
		0.35771965980529785,
		0.039716299623250961,
		0.27828705310821533,
		5.0088939666748047,
		1.4311516284942627,
		5.963040828704834,
		0.35771965980529785,
		1.232433557510376,
		0.039716299623250961,
		0.27828705310821533,
		0.87457746267318726,
		1.5503004789352417,
		0.79514485597610474,
		1.7093021869659424,
		0.039852779358625412,
		0.23843427002429962,
		0.079569078981876373,
		22.222019195556641,
		0.039852779358625412,
		0.11928537487983704,
		0.039716299623250961,
		0.27828705310821533,
		2.5838797092437744,
		0.039852779358625412,
		0.95401006937026978,
		0.19871796667575836,
		0.039852779358625412,
		12.045229911804199,
		0.11928537487983704,
		0.51672130823135376,
		0.039852779358625412,
		11.488656044006348,
		17.33241081237793
	],
	"end" : 14.566666603088379,
	"labels" : 
	[
		"Prep",
		"Scan",
		"Break",
		"Prep",
		"Break",
		"Prep",
		"Break",
		"Scan",
		"Break",
		"Prep",
		"Break",
		"Break",
		"Scan",
		"Prep",
		"Scan",
		"Break",
		"Prep",
		"Break",
		"Break",
		"Scan",
		"Break",
		"Prep",
		"Break",
		"Prep",
		"Break",
		"Prep",
		"Scan",
		"Break",
		"Prep",
		"Break",
		"Break",
		"Scan",
		"Break",
		"Prep",
		"Break",
		"Prep",
		"Scan",
		"Prep",
		"Break",
		"Prep",
		"Scan",
		"Dead"
	],
	"start" : 13.868611335754395
}