{
	"data" : 
	[
		0.55314803123474121,
		0.40565031766891479,
		0.036842774599790573,
		1.0326104164123535,
		0.44249311089515686,
		3.5401978492736816,
		0.036842774599790573,
		5.4209518432617188,
		0.36880755424499512,
		6.9697408676147461,
		0.55314803123474121,
		0.44249311089515686,
		3.3927004337310791,
		0.073812156915664673,
		0.33183816075325012,
		6.0847549438476562,
		1.5857584476470947,
		0.29499539732933044,
		7.1172385215759277,
		0.036842774599790573,
		5.4947638511657715,
		7.5597319602966309,
		0.8482699990272522,
		7.4122343063354492,
		0.036842774599790573,
		1.4751036167144775,
		9.3668003082275391,
		0.14749769866466522,
		1.4012913703918457,
		0.036969378590583801,
		10.067445755004883,
		0.14749769866466522,
		7.0803956985473633,
		10.104289054870605
	],
	"end" : 15.965277671813965,
	"labels" : 
	[
		"Prep",
		"Scan",
		"Break",
		"Prep",
		"Scan",
		"Break",
		"Prep",
		"Scan",
		"Break",
		"Scan",
		"Prep",
		"Scan",
		"Scan",
		"Break",
		"Prep",
		"Scan",
		"Break",
		"Prep",
		"Scan",
		"Prep",
		"Scan",
		"Break",
		"Prep",
		"Scan",
		"Break",
		"Prep",
		"Scan",
		"Prep",
		"Break",
		"Prep",
		"Scan",
		"Prep",
		"Scan",
		"Dead"
	],
	"start" : 15.212778091430664
}