{
	"data" : 
	[
		1.237870454788208,
		1.3333426713943481,
		3.3330299854278564,
		0.66634440422058105,
		6.5712409019470215,
		4.6663727760314941,
		0.0954723060131073,
		16.665803909301758,
		3.6187930107116699,
		7.8097662925720215,
		0.094818390905857086,
		16.189750671386719,
		37.617397308349609
	],
	"end" : 17.108055114746094,
	"labels" : 
	[
		"Prep",
		"Scan",
		"Break",
		"Prep",
		"Scan",
		"Break",
		"Prep",
		"Scan",
		"Break",
		"Scan",
		"Break",
		"Scan",
		"Dead"
	],
	"start" : 16.816667556762695
}