{
	"data" : 
	[
		0.8405454158782959,
		0.8405454158782959,
		2.2813036441802979,
		0.8405454158782959,
		4.863126277923584,
		3.5419158935546875,
		0.48025280237197876,
		11.587078094482422,
		4.9830865859985352,
		8.4050426483154297,
		12.967650413513184,
		0.48025280237197876,
		11.587078094482422,
		1.1406518220901489,
		22.093276977539062,
		12.967650413513184
	],
	"end" : 16.503055572509766,
	"labels" : 
	[
		"Prep",
		"Scan",
		"Break",
		"Prep",
		"Scan",
		"Break",
		"Prep",
		"Scan",
		"Scan",
		"Break",
		"Scan",
		"Prep",
		"Scan",
		"Prep",
		"Scan",
		"Dead"
	],
	"start" : 16.04083251953125
}