{
	"data" : 
	[
		1.3384417295455933,
		2.0073344707489014,
		2.4852085113525391,
		1.6252975463867188,
		2.0079905986785889,
		3.7278127670288086,
		0.76538646221160889,
		0.28619939088821411,
		10.707533836364746,
		0.095180988311767578,
		2.1990091800689697,
		0.095180988311767578,
		0.095837414264678955,
		8.6037054061889648,
		5.8316411972045898,
		16.15648078918457,
		0.095180988311767578,
		10.037984848022461,
		0.86056745052337646,
		11.949481964111328,
		18.928544998168945
	],
	"end" : 18.289722442626953,
	"labels" : 
	[
		"Prep",
		"Scan",
		"Break",
		"Prep",
		"Scan",
		"Break",
		"Prep",
		"Break",
		"Scan",
		"Break",
		"Break",
		"Break",
		"Prep",
		"Scan",
		"Break",
		"Scan",
		"Break",
		"Scan",
		"Prep",
		"Scan",
		"Dead"
	],
	"start" : 17.999444961547852
}