{
	"data" : 
	[
		1.2388541698455811,
		1.2388541698455811,
		1.8579773902893066,
		0.088706567883491516,
		7.6093225479125977,
		1.5043661594390869,
		14.688836097717285,
		0.088098987936973572,
		0.2655121386051178,
		26.280233383178711,
		0.088706567883491516,
		0.61912322044372559,
		14.511423110961914,
		11.149078369140625,
		18.670909881591797
	],
	"end" : 16.816667556762695,
	"labels" : 
	[
		"Prep",
		"Scan",
		"Break",
		"Prep",
		"Scan",
		"Prep",
		"Scan",
		"Break",
		"Prep",
		"Scan",
		"Break",
		"Prep",
		"Scan",
		"Scan",
		"Dead"
	],
	"start" : 16.503055572509766
}