{
	"data" : 
	[
		0.87144583463668823,
		1.3069549798965454,
		3.0500602722167969,
		0.49790799617767334,
		0.12437014281749725,
		0.062398765236139297,
		6.9711389541625977,
		0.12458384782075882,
		0.062185071408748627,
		9.5854768753051758,
		0.062185071408748627,
		5.5396003723144531,
		0.80926072597503662,
		7.0333242416381836,
		1.1203997135162354,
		7.5936307907104492,
		55.085075378417969
	],
	"end" : 10.416110992431641,
	"labels" : 
	[
		"Prep",
		"Scan",
		"Break",
		"Prep",
		"Break",
		"Prep",
		"Scan",
		"Break",
		"Prep",
		"Scan",
		"Break",
		"Scan",
		"Prep",
		"Scan",
		"Prep",
		"Scan",
		"Dead"
	],
	"start" : 9.9702777862548828
}