{
	"data" : 
	[
		0.98596835136413574,
		0.45522257685661316,
		1.1377960443496704,
		0.075783617794513702,
		0.83440113067626953,
		2.2755920886993408,
		0.98622876405715942,
		8.2679672241210938,
		1.2896237373352051,
		7.5096096992492676,
		0.1515672355890274,
		7.5853934288024902,
		0.15182766318321228,
		12.060794830322266,
		56.132221221923828
	],
	"end" : 13.521111488342285,
	"labels" : 
	[
		"Prep",
		"Scan",
		"Break",
		"Prep",
		"Scan",
		"Break",
		"Prep",
		"Scan",
		"Prep",
		"Scan",
		"Prep",
		"Scan",
		"Prep",
		"Scan",
		"Dead"
	],
	"start" : 13.155278205871582
}