{
	"data" : 
	[
		0.82743072509765625,
		0.77212983369827271,
		1.434415340423584,
		4.0820422172546387,
		0.055111546069383621,
		1.2135903835296631,
		0.055111546069383621,
		9.2121505737304688,
		1.6548614501953125,
		16.438581466674805,
		0.4965721070766449,
		8.9915151596069336,
		0.055111546069383621,
		0.11041248589754105,
		7.8330364227294922,
		5.1854095458984375,
		7.8330364227294922,
		0.055111546069383621,
		0.44146054983139038,
		16.052421569824219,
		17.100488662719727
	],
	"end" : 12.573333740234375,
	"labels" : 
	[
		"Prep",
		"Scan",
		"Break",
		"Scan",
		"Break",
		"Prep",
		"Break",
		"Scan",
		"Prep",
		"Scan",
		"Prep",
		"Scan",
		"Break",
		"Prep",
		"Scan",
		"Break",
		"Scan",
		"Break",
		"Prep",
		"Scan",
		"Dead"
	],
	"start" : 12.070278167724609
}