{
	"data" : 
	[
		1.2209959030151367,
		1.4499982595443726,
		4.5789971351623535,
		0.076508760452270508,
		6.5632462501525879,
		9.0055007934570312,
		0.076246745884418488,
		7.0212507247924805,
		0.99225568771362305,
		0.15249349176883698,
		9.7687530517578125,
		0.076246745884418488,
		1.2975046634674072,
		16.026750564575195,
		0.076246745884418488,
		6.5632462501525879,
		34.953762054443359
	],
	"end" : 14.612222671508789,
	"labels" : 
	[
		"Prep",
		"Scan",
		"Break",
		"Prep",
		"Scan",
		"Scan",
		"Prep",
		"Scan",
		"Prep",
		"Break",
		"Scan",
		"Break",
		"Prep",
		"Scan",
		"Prep",
		"Scan",
		"Dead"
	],
	"start" : 14.248611450195312
}