{
	"data" : 
	[
		1.107011079788208,
		1.6181192398071289,
		1.0222162008285522,
		1.4479447603225708,
		1.6181192398071289,
		3.3216180801391602,
		0.084794826805591583,
		5.9619536399841309,
		9.2829866409301758,
		9.1128129959106445,
		2.5549557209014893,
		28.616207122802734,
		0.17017444968223572,
		15.159560203552246,
		18.821527481079102
	],
	"end" : 18.615554809570312,
	"labels" : 
	[
		"Prep",
		"Scan",
		"Break",
		"Prep",
		"Scan",
		"Break",
		"Prep",
		"Scan",
		"Scan",
		"Scan",
		"Prep",
		"Scan",
		"Prep",
		"Scan",
		"Dead"
	],
	"start" : 18.289722442626953
}