{
	"data" : 
	[
		0.81412661075592041,
		0.81412661075592041,
		1.5699588060379028,
		5.6403923034667969,
		0.058294497430324554,
		0.9303162693977356,
		9.6527309417724609,
		0.05809485912322998,
		0.4651581346988678,
		9.4784460067749023,
		0.05809485912322998,
		0.40706330537796021,
		14.653480529785156,
		0.17448422312736511,
		17.270145416259766,
		0.058294497430324554,
		18.723913192749023,
		19.072881698608398
	],
	"end" : 10.893333435058594,
	"labels" : 
	[
		"Prep",
		"Scan",
		"Break",
		"Scan",
		"Break",
		"Prep",
		"Scan",
		"Break",
		"Prep",
		"Scan",
		"Prep",
		"Break",
		"Scan",
		"Prep",
		"Scan",
		"Break",
		"Scan",
		"Dead"
	],
	"start" : 10.416110992431641
}