{
	"data" : 
	[
		0.29136273264884949,
		0.21367044746875763,
		0.58272546529769897,
		0.019406396895647049,
		4.117957592010498,
		0.46622037887573242,
		6.0992774963378906,
		0.038879483938217163,
		5.2057161331176758,
		0.6604844331741333,
		5.6330571174621582,
		1.8647480010986328,
		0.019406396895647049,
		5.8079147338867188,
		0.038879483938217163,
		3.7294960021972656,
		65.110801696777344
	],
	"end" : 16.04083251953125,
	"labels" : 
	[
		"Prep",
		"Scan",
		"Break",
		"Prep",
		"Scan",
		"Prep",
		"Scan",
		"Prep",
		"Scan",
		"Prep",
		"Scan",
		"Break",
		"Prep",
		"Scan",
		"Prep",
		"Scan",
		"Dead"
	],
	"start" : 14.612222671508789
}