{
	"data" : 
	[
		1.7931625843048096,
		2.5617866516113281,
		4.2265520095825195,
		1.9215598106384277,
		0.383432537317276,
		0.12839712202548981,
		15.113044738769531,
		0.12839712202548981,
		0.1275177001953125,
		0.12839712202548981,
		17.54643440246582,
		11.14240837097168,
		0.12839712202548981,
		14.472818374633789,
		30.097692489624023
	],
	"end" : 18.832221984863281,
	"labels" : 
	[
		"Prep",
		"Scan",
		"Break",
		"Prep",
		"Break",
		"Prep",
		"Scan",
		"Break",
		"Break",
		"Prep",
		"Scan",
		"Scan",
		"Break",
		"Scan",
		"Dead"
	],
	"start" : 18.615554809570312
}