{
	"data" : 
	[
		0.74150174856185913,
		2.4267749786376953,
		0.53923189640045166,
		0.60680943727493286,
		1.5501182079315186,
		0.87665688991546631,
		0.60634660720825195,
		9.3025598526000977,
		0.067577563226222992,
		0.13469226658344269,
		11.796450614929199,
		0.067577563226222992,
		0.53923189640045166,
		0.53923189640045166,
		0.067577563226222992,
		11.661757469177246,
		1.2131561040878296,
		11.661757469177246,
		0.067577563226222992,
		0.13469226658344269,
		15.032304763793945,
		1.280733585357666,
		14.223224639892578,
		0.53923189640045166,
		0.33696207404136658,
		13.886263847351074
	],
	"end" : 19.243888854980469,
	"labels" : 
	[
		"Prep",
		"Scan",
		"Break",
		"Prep",
		"Scan",
		"Break",
		"Prep",
		"Scan",
		"Break",
		"Break",
		"Scan",
		"Break",
		"Prep",
		"Break",
		"Prep",
		"Scan",
		"Prep",
		"Scan",
		"Break",
		"Prep",
		"Scan",
		"Prep",
		"Scan",
		"Break",
		"Prep",
		"Scan"
	],
	"start" : 18.832221984863281
}