{
	"data" : 
	[
		0.73061823844909668,
		0.073262542486190796,
		1.388475775718689,
		1.8270474672317505,
		1.4617382287979126,
		3.1422605514526367,
		0.65785747766494751,
		5.4806404113769531,
		0.65785747766494751,
		10.377187728881836,
		10.742999076843262,
		0.072760745882987976,
		12.131474494934082,
		0.072760745882987976,
		10.816261291503906,
		0.072760745882987976,
		2.41164231300354,
		15.5662841796875,
		22.216114044189453
	],
	"end" : 17.999444961547852,
	"labels" : 
	[
		"Prep",
		"Break",
		"Scan",
		"Break",
		"Scan",
		"Break",
		"Prep",
		"Scan",
		"Prep",
		"Scan",
		"Scan",
		"Prep",
		"Scan",
		"Break",
		"Scan",
		"Break",
		"Prep",
		"Scan",
		"Dead"
	],
	"start" : 17.619722366333008
}