{
	"data" : 
	[
		0.23373562097549438,
		0.17535185813903809,
		0.46747124195098877,
		0.20454372465610504,
		1.46089768409729,
		1.2272623777389526,
		0.35060340166091919,
		2.6004841327667236,
		0.70130711793899536,
		6.5158061981201172,
		0.029191872105002403,
		0.058484058827161789,
		0.29221966862678528,
		0.029191872105002403,
		5.1425843238830566,
		0.029191872105002403,
		0.23373562097549438,
		6.2820711135864258,
		0.058484058827161789,
		0.1752515435218811,
		0.029292188584804535,
		8.4442758560180664,
		0.26302778720855713,
		7.4215569496154785,
		0.029292188584804535,
		7.5092325210571289,
		0.26302778720855713,
		0.058383744210004807,
		7.1879215240478516,
		0.058484058827161789,
		5.1132922172546387,
		0.029191872105002403,
		5.1133928298950195,
		0.087675929069519043,
		4.7918810844421387,
		2.7465438842773438,
		2.3375566005706787,
		0.058484058827161789,
		4.7918810844421387,
		17.297739028930664
	],
	"end" : 9.6205558776855469,
	"labels" : 
	[
		"Prep",
		"Scan",
		"Break",
		"Prep",
		"Scan",
		"Break",
		"Prep",
		"Scan",
		"Prep",
		"Scan",
		"Break",
		"Prep",
		"Break",
		"Prep",
		"Scan",
		"Break",
		"Break",
		"Scan",
		"Prep",
		"Break",
		"Prep",
		"Scan",
		"Prep",
		"Scan",
		"Prep",
		"Scan",
		"Break",
		"Prep",
		"Scan",
		"Prep",
		"Scan",
		"Prep",
		"Scan",
		"Prep",
		"Scan",
		"Scan",
		"Break",
		"Prep",
		"Scan",
		"Dead"
	],
	"start" : 8.6708335876464844
}