{
	"data" : 
	[
		0.87784212827682495,
		0.58529502153396606,
		0.87784212827682495,
		0.058469228446483612,
		1.2290593385696411,
		0.058469228446483612,
		0.93631136417388916,
		0.64376425743103027,
		1.2875285148620605,
		3.5113685131072998,
		8.1348581314086914,
		0.11713937669992447,
		8.6030139923095703,
		0.058469228446483612,
		8.4858741760253906,
		0.70223349332809448,
		10.592775344848633,
		1.9312927722930908,
		6.4376430511474609,
		6.3791732788085938,
		0.17560860514640808,
		8.1346569061279297,
		1.9312927722930908,
		5.969487190246582,
		22.180532455444336
	],
	"end" : 12.070278167724609,
	"labels" : 
	[
		"Prep",
		"Scan",
		"Break",
		"Prep",
		"Scan",
		"Break",
		"Prep",
		"Scan",
		"Break",
		"Prep",
		"Scan",
		"Prep",
		"Scan",
		"Break",
		"Scan",
		"Break",
		"Scan",
		"Prep",
		"Scan",
		"Break",
		"Prep",
		"Scan",
		"Prep",
		"Scan",
		"Dead"
	],
	"start" : 11.596111297607422
}