{
	"data" : 
	[
		1.9750379323959351,
		0.84679079055786133,
		2.3989176750183105,
		1.5521268844604492,
		3.5271646976470947,
		15.380297660827637,
		2.3989176750183105,
		13.968657493591309,
		0.28242507576942444,
		14.110111236572266,
		0.28242507576942444,
		22.435111999511719,
		20.742013931274414
	],
	"end" : 13.155278205871582,
	"labels" : 
	[
		"Prep",
		"Scan",
		"Break",
		"Scan",
		"Break",
		"Scan",
		"Prep",
		"Scan",
		"Prep",
		"Scan",
		"Prep",
		"Scan",
		"Dead"
	],
	"start" : 12.958611488342285
}