{
	"data" : 
	[
		0.70495039224624634,
		1.1931649446487427,
		0.86806100606918335,
		0.92168635129928589,
		0.054370187222957611,
		0.75932061672210693,
		0.97605651617050171,
		0.86806100606918335,
		6.0741920471191406,
		0.86768859624862671,
		5.748715877532959,
		5.5319805145263672,
		6.0201945304870605,
		3.2540185451507568,
		0.81331837177276611,
		6.0201945304870605,
		0.054370187222957611,
		0.81331837177276611,
		12.744967460632324,
		0.054370187222957611,
		6.7251448631286621,
		6.3452982902526855,
		0.054370187222957611,
		0.75932061672210693,
		10.575745582580566,
		0.86768859624862671,
		7.9723076820373535,
		0.86768859624862671,
		5.423612117767334,
		5.9658241271972656
	],
	"end" : 17.619722366333008,
	"labels" : 
	[
		"Prep",
		"Scan",
		"Prep",
		"Scan",
		"Break",
		"Prep",
		"Scan",
		"Prep",
		"Scan",
		"Prep",
		"Scan",
		"Scan",
		"Scan",
		"Break",
		"Prep",
		"Scan",
		"Break",
		"Prep",
		"Scan",
		"Break",
		"Scan",
		"Scan",
		"Break",
		"Prep",
		"Scan",
		"Prep",
		"Scan",
		"Prep",
		"Scan",
		"Dead"
	],
	"start" : 17.108055114746094
}