{
	"data" : 
	[
		0.55283397436141968,
		0.82911539077758789,
		0.039584971964359283,
		0.67118221521377563,
		0.67131775617599487,
		0.039449408650398254,
		0.59228342771530151,
		0.67131775617599487,
		0.3158663809299469,
		0.59228342771530151,
		0.75021660327911377,
		2.5272023677825928,
		0.59228342771530151,
		5.8439350128173828,
		6.1992511749267578,
		0.039584971964359283,
		0.23683202266693115,
		0.039449408650398254,
		6.9496030807495117,
		0.59228342771530151,
		0.47393515706062317,
		6.5547022819519043,
		0.039449408650398254,
		0.82911539077758789,
		0.039584971964359283,
		0.35531580448150635,
		7.6998200416564941,
		0.039449408650398254,
		0.86870038509368896,
		0.039584971964359283,
		0.23683202266693115,
		0.039449408650398254,
		9.4768056869506836,
		0.039449408650398254,
		0.39490079879760742,
		8.568385124206543,
		0.35545137524604797,
		1.6189168691635132,
		0.039449408650398254,
		0.47379961609840393,
		12.951470375061035,
		0.039584971964359283,
		0.39476519823074341,
		0.079034380614757538,
		10.582338333129883,
		8.9238357543945312
	],
	"end" : 11.596111297607422,
	"labels" : 
	[
		"Prep",
		"Scan",
		"Break",
		"Prep",
		"Scan",
		"Break",
		"Prep",
		"Scan",
		"Break",
		"Prep",
		"Scan",
		"Break",
		"Prep",
		"Scan",
		"Scan",
		"Prep",
		"Break",
		"Prep",
		"Scan",
		"Prep",
		"Break",
		"Scan",
		"Prep",
		"Break",
		"Prep",
		"Break",
		"Scan",
		"Break",
		"Break",
		"Prep",
		"Break",
		"Prep",
		"Scan",
		"Break",
		"Prep",
		"Scan",
		"Prep",
		"Break",
		"Prep",
		"Break",
		"Scan",
		"Break",
		"Prep",
		"Break",
		"Scan",
		"Dead"
	],
	"start" : 10.893333435058594
}