{
	"data" : 
	[
		0.72008377313613892,
		1.1525790691375732,
		2.3046636581420898,
		0.14416512846946716,
		1.3684558868408203,
		3.2411189079284668,
		1.5845798254013062,
		1.6565389633178711,
		1.0084140300750732,
		0.14416512846946716,
		9.2913551330566406,
		0.071958921849727631,
		1.2245380878448486,
		8.4268598556518555,
		2.0168280601501465,
		0.36004188656806946,
		0.072206199169158936,
		10.947895050048828,
		0.57616591453552246,
		0.071958921849727631,
		20.311456680297852,
		0.071958921849727631,
		0.36004188656806946,
		0.6483721137046814,
		0.071958921849727631,
		12.316350936889648,
		19.73529052734375
	],
	"end" : 12.958611488342285,
	"labels" : 
	[
		"Prep",
		"Scan",
		"Break",
		"Prep",
		"Scan",
		"Break",
		"Scan",
		"Break",
		"Prep",
		"Break",
		"Scan",
		"Break",
		"Prep",
		"Scan",
		"Break",
		"Break",
		"Break",
		"Scan",
		"Break",
		"Prep",
		"Scan",
		"Break",
		"Prep",
		"Break",
		"Prep",
		"Scan",
		"Dead"
	],
	"start" : 12.573333740234375
}