{
	"data" : 
	[
		0.60358154773712158,
		0.37730324268341064,
		0.60358154773712158,
		0.79229795932769775,
		2.2635605335235596,
		0.94319337606430054,
		7.9225907325744629,
		0.37730324268341064,
		4.413917064666748,
		0.03782099112868309,
		3.7726438045501709,
		0.037691466510295868,
		5.1308317184448242,
		1.8108741044998169,
		6.2626118659973145,
		64.550201416015625
	],
	"end" : 8.6708335876464844,
	"labels" : 
	[
		"Prep",
		"Scan",
		"Break",
		"Scan",
		"Break",
		"Prep",
		"Scan",
		"Break",
		"Scan",
		"Break",
		"Scan",
		"Break",
		"Scan",
		"Prep",
		"Scan",
		"Dead"
	],
	"start" : 7.9352779388427734
}