{
	"data" : 
	[
		0.53391647338867188,
		0.53404742479324341,
		1.3732273578643799,
		3.6237437725067139,
		0.038108829408884048,
		0.877288818359375,
		6.3319587707519531,
		0.038108829408884048,
		1.1825523376464844,
		11.367037773132324,
		0.076217658817768097,
		0.64850485324859619,
		12.892701148986816,
		0.30526348948478699,
		0.83917999267578125,
		1.0298551321029663,
		0.3432413637638092,
		8.8113899230957031,
		0.3432413637638092,
		6.2557411193847656,
		6.4081764221191406,
		0.038239788264036179,
		0.30513253808021545,
		0.038108829408884048,
		6.6370911598205566,
		0.2670237123966217,
		0.038108829408884048,
		0.038239788264036179,
		4.6154899597167969,
		0.038108829408884048,
		0.53404742479324341,
		0.038108829408884048,
		8.1628847122192383,
		15.295915603637695
	],
	"end" : 14.248611450195312,
	"labels" : 
	[
		"Prep",
		"Scan",
		"Break",
		"Scan",
		"Break",
		"Prep",
		"Scan",
		"Break",
		"Prep",
		"Scan",
		"Prep",
		"Break",
		"Scan",
		"Prep",
		"Break",
		"Break",
		"Break",
		"Scan",
		"Prep",
		"Scan",
		"Scan",
		"Break",
		"Break",
		"Prep",
		"Scan",
		"Prep",
		"Break",
		"Prep",
		"Scan",
		"Break",
		"Break",
		"Prep",
		"Scan",
		"Dead"
	],
	"start" : 13.521111488342285
}