{
	"data" : 
	[
		0.8728412389755249,
		1.5075854063034058,
		3.1739928722381592,
		2.6185235977172852,
		0.07927490770816803,
		0.55546915531158447,
		1.6661351919174194,
		0.71429145336151123,
		2.3804264068603516,
		0.07927490770816803,
		0.15882223844528198,
		0.55546915531158447,
		1.7456824779510498,
		1.5075854063034058,
		0.55546915531158447,
		5.2370471954345703,
		2.6977987289428711,
		11.902405738830566,
		1.9042321443557739,
		0.55546915531158447,
		9.9979000091552734,
		0.07927490770816803,
		0.63501650094985962,
		0.55519676208496094,
		1.3490355014801025,
		5.4751443862915039,
		0.15854981541633606,
		0.079547323286533356,
		1.9835070371627808,
		0.079547323286533356,
		0.55546915531158447,
		1.348763108253479,
		0.07927490770816803,
		1.3490355014801025,
		1.4283103942871094,
		0.07927490770816803,
		1.3490355014801025,
		1.348763108253479,
		0.079547323286533356,
		1.348763108253479,
		1.4283103942871094,
		1.9837795495986938,
		0.55546915531158447,
		1.4283103942871094,
		24.677379608154297
	],
	"end" : 9.9702777862548828,
	"labels" : 
	[
		"Prep",
		"Scan",
		"Break",
		"Prep",
		"Break",
		"Break",
		"Scan",
		"Break",
		"Prep",
		"Break",
		"Break",
		"Break",
		"Scan",
		"Prep",
		"Break",
		"Scan",
		"Prep",
		"Scan",
		"Prep",
		"Break",
		"Scan",
		"Break",
		"Prep",
		"Break",
		"Scan",
		"Break",
		"Prep",
		"Break",
		"Scan",
		"Prep",
		"Break",
		"Scan",
		"Break",
		"Break",
		"Scan",
		"Prep",
		"Break",
		"Scan",
		"Break",
		"Break",
		"Scan",
		"Prep",
		"Break",
		"Scan",
		"Dead"
	],
	"start" : 9.6205558776855469
}