{
	"data" : 
	[
		0.61248427629470825,
		1.1026960611343384,
		1.9605666399002075,
		0.57182025909423828,
		7.7191524505615234,
		2.5730509757995605,
		0.73503726720809937,
		9.6387758255004883,
		0.57182025909423828,
		10.333148956298828,
		0.49021181464195251,
		0.24482546746730804,
		11.15007495880127,
		0.1632169634103775,
		0.12255295366048813,
		7.4333834648132324,
		1.838013768196106,
		0.12227250635623932,
		2.9407098293304443,
		0.24510590732097626,
		0.12255295366048813,
		10.333148956298828,
		0.12255295366048813,
		10.088042259216309,
		0.32671439647674561,
		10.128706932067871,
		1.0620321035385132,
		0.081608481705188751,
		0.040944460779428482,
		7.0247802734375
	],
	"end" : 17.505277633666992,
	"labels" : 
	[
		"Prep",
		"Scan",
		"Break",
		"Prep",
		"Scan",
		"Break",
		"Prep",
		"Scan",
		"Break",
		"Scan",
		"Break",
		"Prep",
		"Scan",
		"Break",
		"Prep",
		"Scan",
		"Break",
		"Prep",
		"Scan",
		"Break",
		"Prep",
		"Scan",
		"Prep",
		"Scan",
		"Break",
		"Scan",
		"Break",
		"Prep",
		"Break",
		"Scan"
	],
	"start" : 16.825834274291992
}