{
	"data" : 
	[
		1.1347337961196899,
		0.48663264513015747,
		1.1358473300933838,
		4.8652129173278809,
		0.32405054569244385,
		0.16258206963539124,
		0.16146849095821381,
		3.0812644958496094,
		12.974271774291992,
		1.6224799156188965,
		0.6481010913848877,
		3.0812644958496094,
		4.7037439346313477,
		3.729365348815918,
		0.32516413927078247,
		0.16146849095821381,
		26.921810150146484,
		2.2705812454223633,
		0.32405054569244385,
		0.32405054569244385,
		31.461858749389648
	],
	"end" : 17.181110382080078,
	"labels" : 
	[
		"Prep",
		"Break",
		"Scan",
		"Break",
		"Prep",
		"Break",
		"Prep",
		"Scan",
		"Break",
		"Prep",
		"Break",
		"Scan",
		"Break",
		"Prep",
		"Break",
		"Prep",
		"Scan",
		"Break",
		"Prep",
		"Break",
		"Scan"
	],
	"start" : 17.010000228881836
}