{
	"data" : 
	[
		6.8595085144042969,
		1.9569776058197021,
		7.8346352577209473,
		25.460882186889648,
		0.98185122013092041,
		1.9569776058197021,
		0.98185122013092041,
		18.608098983764648,
		35.259220123291016
	],
	"end" : 17.010000228881836,
	"labels" : 
	[
		"Prep",
		"Break",
		"Scan",
		"Break",
		"Prep",
		"Break",
		"Prep",
		"Scan",
		"Dead"
	],
	"start" : 16.981666564941406
}