{
	"data" : 
	[
		0.23451893031597137,
		0.26798877120018005,
		0.77061152458190918,
		0.033469844609498978,
		0.63650208711624146,
		4.2881650924682617,
		0.33504348993301392,
		1.440468430519104,
		0.2010490894317627,
		0.60303223133087158,
		3.1155707836151123,
		0.033469844609498978,
		0.067054696381092072,
		0.066939689218997955,
		2.881166934967041,
		0.80396628379821777,
		0.10052454471588135,
		4.4221596717834473,
		0.033469844609498978,
		0.033469844609498978,
		0.067054696381092072,
		0.033469844609498978,
		0.23451893031597137,
		0.60303223133087158,
		10.418782234191895,
		0.46903786063194275,
		0.10052454471588135,
		8.4756908416748047,
		0.067054696381092072,
		8.6432704925537109,
		0.10052454471588135,
		0.46892282366752625,
		6.2312564849853516,
		1.6080477237701416,
		0.23451893031597137,
		0.56944739818572998,
		0.60303223133087158,
		4.4892144203186035,
		0.066939689218997955,
		4.4221596717834473,
		0.40198314189910889,
		0.23451893031597137,
		0.83755117654800415,
		1.306473970413208,
		0.43556803464889526,
		1.1390097141265869,
		3.5176687240600586,
		0.87102103233337402,
		3.4506142139434814,
		0.066939689218997955,
		4.6901483535766602,
		0.43545296788215637,
		0.033584859222173691,
		0.066939689218997955,
		8.9448442459106445,
		5.1925411224365234
	],
	"end" : 16.168888092041016,
	"labels" : 
	[
		"Prep",
		"Scan",
		"Break",
		"Prep",
		"Scan",
		"Break",
		"Prep",
		"Scan",
		"Break",
		"Prep",
		"Scan",
		"Break",
		"Prep",
		"Break",
		"Scan",
		"Break",
		"Prep",
		"Scan",
		"Break",
		"Prep",
		"Break",
		"Prep",
		"Scan",
		"Break",
		"Scan",
		"Break",
		"Prep",
		"Scan",
		"Prep",
		"Scan",
		"Prep",
		"Break",
		"Scan",
		"Break",
		"Prep",
		"Scan",
		"Prep",
		"Scan",
		"Prep",
		"Scan",
		"Break",
		"Prep",
		"Scan",
		"Break",
		"Prep",
		"Break",
		"Break",
		"Prep",
		"Scan",
		"Prep",
		"Scan",
		"Break",
		"Prep",
		"Break",
		"Scan",
		"Dead"
	],
	"start" : 15.340555191040039
}