{
	"data" : 
	[
		0.23912420868873596,
		0.23888976871967316,
		1.6047109365463257,
		0.068220727145671844,
		0.64891749620437622,
		1.9118216037750244,
		0.10244831442832947,
		0.44378641247749329,
		1.3998143672943115,
		0.23912420868873596,
		0.23888976871967316,
		0.75113135576248169,
		4.7116847038269043,
		0.034227583557367325,
		0.068220727145671844,
		11.642536163330078,
		0.033993147313594818,
		0.068220727145671844,
		8.6040172576904297,
		0.033993147313594818,
		0.06845516711473465,
		8.7744522094726562,
		0.034227583557367325,
		0.10221387445926666,
		4.677457332611084,
		0.10244831442832947,
		4.4727950096130371,
		0.033993147313594818,
		0.034227583557367325,
		0.47801399230957031,
		0.17066904902458191,
		0.034227583557367325,
		5.3261404037475586,
		0.47801399230957031,
		0.30711051821708679,
		0.13667589426040649,
		0.85357964038848877,
		2.2191665172576904,
		0.88780725002288818,
		0.10244831442832947,
		3.55076003074646,
		0.10244831442832947,
		0.30711051821708679,
		0.034227583557367325,
		4.7456779479980469,
		0.034227583557367325,
		0.10244831442832947,
		0.068220727145671844,
		4.1994428634643555,
		7.2381963729858398,
		0.3073449432849884,
		0.17066904902458191,
		5.0187954902648926,
		0.06845516711473465,
		0.068220727145671844,
		0.034227583557367325,
		5.360133171081543,
		6.1114988327026367
	],
	"end" : 16.981666564941406,
	"labels" : 
	[
		"Prep",
		"Scan",
		"Break",
		"Prep",
		"Scan",
		"Break",
		"Prep",
		"Scan",
		"Break",
		"Prep",
		"Break",
		"Prep",
		"Scan",
		"Prep",
		"Break",
		"Scan",
		"Break",
		"Prep",
		"Scan",
		"Break",
		"Prep",
		"Scan",
		"Break",
		"Prep",
		"Scan",
		"Prep",
		"Scan",
		"Break",
		"Prep",
		"Break",
		"Break",
		"Prep",
		"Scan",
		"Break",
		"Prep",
		"Break",
		"Scan",
		"Break",
		"Prep",
		"Break",
		"Scan",
		"Prep",
		"Break",
		"Prep",
		"Scan",
		"Break",
		"Prep",
		"Break",
		"Scan",
		"Break",
		"Prep",
		"Break",
		"Scan",
		"Prep",
		"Break",
		"Prep",
		"Scan",
		"Dead"
	],
	"start" : 16.168888092041016
}