{
	"data" : 
	[
		4.1137433052062988,
		4.7008442878723145,
		35.847469329833984,
		0.58710110187530518,
		11.165009498596191,
		43.485836029052734
	],
	"end" : 15.340555191040039,
	"labels" : 
	[
		"Prep",
		"Scan",
		"Break",
		"Prep",
		"Scan",
		"Dead"
	],
	"start" : 15.293333053588867
}