{
	"data" : 
	[
		0.45858082175254822,
		0.22917795181274414,
		0.78626704216003418,
		1.244623064994812,
		0.6549227237701416,
		0.52425301074981689,
		0.032611191272735596,
		1.0154449939727783,
		0.42574471235275269,
		0.49141693115234375,
		0.29462525248527527,
		1.0154449939727783,
		1.4740258455276489,
		4.7493138313293457,
		0.52402812242507935,
		4.4544639587402344,
		0.032836098223924637,
		0.032836098223924637,
		5.2733421325683594,
		0.032836098223924637,
		5.6336398124694824,
		0.032836098223924637,
		0.49119201302528381,
		7.7628130912780762,
		0.26201406121253967,
		0.032836098223924637,
		5.8302063941955566,
		0.032611191272735596,
		0.065672196447849274,
		0.065447285771369934,
		6.7473678588867188,
		0.032611191272735596,
		6.8784875869750977,
		0.1637306809425354,
		0.032836098223924637,
		0.26201406121253967,
		0.032611191272735596,
		7.0422186851501465,
		0.032836098223924637,
		0.52402812242507935,
		0.032611191272735596,
		0.032836098223924637,
		4.9787168502807617,
		0.032611191272735596,
		0.45858082175254822,
		0.065672196447849274,
		0.032611191272735596,
		6.5181903839111328,
		0.36029744148254395,
		0.032611191272735596,
		0.032836098223924637,
		5.3387894630432129,
		0.16395558416843414,
		0.29462525248527527,
		0.065672196447849274,
		9.2694501876831055,
		0.032611191272735596,
		0.52402812242507935,
		5.928490161895752
	],
	"end" : 18.940277099609375,
	"labels" : 
	[
		"Prep",
		"Break",
		"Scan",
		"Break",
		"Prep",
		"Break",
		"Prep",
		"Scan",
		"Break",
		"Prep",
		"Break",
		"Scan",
		"Break",
		"Scan",
		"Prep",
		"Scan",
		"Break",
		"Prep",
		"Scan",
		"Prep",
		"Scan",
		"Break",
		"Prep",
		"Scan",
		"Prep",
		"Break",
		"Scan",
		"Break",
		"Break",
		"Prep",
		"Scan",
		"Break",
		"Scan",
		"Break",
		"Prep",
		"Break",
		"Prep",
		"Scan",
		"Break",
		"Prep",
		"Break",
		"Prep",
		"Scan",
		"Break",
		"Prep",
		"Break",
		"Prep",
		"Scan",
		"Prep",
		"Break",
		"Prep",
		"Scan",
		"Break",
		"Prep",
		"Break",
		"Scan",
		"Break",
		"Prep",
		"Scan"
	],
	"start" : 18.093055725097656
}