{
	"data" : 
	[
		0.39656051993370056,
		0.79312103986740112,
		1.7277320623397827,
		0.5098496675491333,
		5.3816709518432617,
		0.48145446181297302,
		2.0393986701965332,
		0.2265782505273819,
		0.84971702098846436,
		8.8088369369506836,
		0.028395213186740875,
		0.084991157054901123,
		3.5121574401855469,
		2.7474315166473389,
		0.056693181395530701,
		7.1943941116333008,
		0.084991157054901123,
		6.9961137771606445,
		0.028297970071434975,
		0.2265782505273819,
		2.7474315166473389,
		54.977607727050781
	],
	"end" : 11.186111450195312,
	"labels" : 
	[
		"Prep",
		"Scan",
		"Break",
		"Prep",
		"Scan",
		"Prep",
		"Scan",
		"Break",
		"Prep",
		"Scan",
		"Break",
		"Prep",
		"Scan",
		"Break",
		"Prep",
		"Scan",
		"Prep",
		"Scan",
		"Break",
		"Prep",
		"Scan",
		"Dead"
	],
	"start" : 10.206388473510742
}