{
	"data" : 
	[
		0.18093182146549225,
		0.34981256723403931,
		0.25330042839050293,
		0.16888074576854706,
		0.6151847243309021,
		0.25330042839050293,
		0.10856323689222336,
		0.012051078490912914,
		0.01207178458571434,
		0.55486726760864258,
		0.63930761814117432,
		0.4583551287651062,
		0.16888074576854706,
		1.3992089033126831,
		0.18093182146549225,
		0.096532858908176422,
		2.1953256130218506,
		0.26537218689918518,
		1.4957417249679565,
		0.012051078490912914,
		1.7490215301513672,
		0.74787086248397827,
		0.012051078490912914,
		0.85641342401504517,
		0.72376871109008789,
		2.2073764801025391,
		0.27746468782424927,
		0.21708504855632782,
		2.1471211910247803,
		1.7128268480300903,
		0.012051078490912914,
		0.084440372884273529,
		0.14477859437465668,
		0.34981256723403931,
		0.15678825974464417,
		0.37391474843025208,
		0.84436237812042236,
		1.3268609046936035,
		0.1206350177526474,
		2.5933837890625,
		0.012092490680515766,
		0.024102156981825829,
		1.4957417249679565,
		0.21712647378444672,
		0.16883933544158936,
		1.8938000202178955,
		0.20507539808750153,
		0.036153234541416168,
		0.80816763639450073,
		0.2412700355052948,
		0.28947436809539795,
		2.1471211910247803,
		0.012051078490912914,
		1.4233524799346924,
		0.036194648593664169,
		0.44630405306816101,
		0.012051078490912914,
		0.096491456031799316,
		0.88055700063705444,
		63.375335693359375
	],
	"end" : 10.206388473510742,
	"labels" : 
	[
		"Prep",
		"Scan",
		"Break",
		"Prep",
		"Scan",
		"Break",
		"Prep",
		"Break",
		"Prep",
		"Scan",
		"Scan",
		"Break",
		"Prep",
		"Scan",
		"Break",
		"Prep",
		"Scan",
		"Break",
		"Scan",
		"Prep",
		"Scan",
		"Break",
		"Prep",
		"Scan",
		"Break",
		"Scan",
		"Break",
		"Prep",
		"Scan",
		"Break",
		"Prep",
		"Break",
		"Prep",
		"Scan",
		"Break",
		"Prep",
		"Scan",
		"Break",
		"Prep",
		"Scan",
		"Break",
		"Prep",
		"Scan",
		"Break",
		"Prep",
		"Scan",
		"Break",
		"Prep",
		"Scan",
		"Break",
		"Prep",
		"Scan",
		"Break",
		"Scan",
		"Prep",
		"Scan",
		"Break",
		"Prep",
		"Scan",
		"Dead"
	],
	"start" : 7.9058332443237305
}