{
	"data" : 
	[
		0.53012543916702271,
		0.98985868692398071,
		2.6159164905548096,
		0.5303681492805481,
		6.6811819076538086,
		0.63619905710220337,
		0.35365968942642212,
		2.9338946342468262,
		0.49492934346199036,
		6.6811819076538086,
		0.35365968942642212,
		0.60100299119949341,
		2.5450389385223389,
		0.77771151065826416,
		1.0959323644638062,
		10.994034767150879,
		0.28278210759162903,
		9.1555862426757812,
		0.035438790917396545,
		0.10607363283634186,
		8.9788780212402344,
		0.10607363283634186,
		8.7315340042114258,
		0.035438790917396545,
		0.28278210759162903,
		3.4290668964385986,
		29.941648483276367
	],
	"end" : 18.093055725097656,
	"labels" : 
	[
		"Prep",
		"Scan",
		"Break",
		"Prep",
		"Scan",
		"Prep",
		"Scan",
		"Break",
		"Prep",
		"Scan",
		"Break",
		"Prep",
		"Scan",
		"Break",
		"Prep",
		"Scan",
		"Prep",
		"Scan",
		"Break",
		"Prep",
		"Scan",
		"Prep",
		"Scan",
		"Break",
		"Prep",
		"Scan",
		"Dead"
	],
	"start" : 17.308055877685547
}