{
	"data" : 
	[
		0.61062395572662354,
		1.2215474843978882,
		1.8759051561355591,
		0.61062395572662354,
		8.2887296676635742,
		0.74167525768280029,
		3.1408865451812744,
		0.34897077083587646,
		0.82884305715560913,
		9.7719306945800781,
		34.899623870849609,
		0.043583907186985016,
		0.52360594272613525,
		0.5670400857925415,
		1.2215474843978882,
		1.2651314735412598,
		0.61062395572662354,
		0.087317578494548798,
		7.7651243209838867,
		0.6543576717376709,
		4.0570473670959473,
		0.043733678758144379,
		0.34897077083587646,
		1.5705183744430542,
		0.82884305715560913,
		4.7987227439880371,
		0.34897077083587646,
		4.2315330505371094,
		8.5939674377441406
	],
	"end" : 11.822221755981445,
	"labels" : 
	[
		"Prep",
		"Scan",
		"Break",
		"Prep",
		"Scan",
		"Prep",
		"Scan",
		"Break",
		"Prep",
		"Scan",
		"Break",
		"Prep",
		"Break",
		"Prep",
		"Scan",
		"Break",
		"Prep",
		"Break",
		"Scan",
		"Prep",
		"Scan",
		"Break",
		"Prep",
		"Scan",
		"Prep",
		"Scan",
		"Prep",
		"Scan",
		"Dead"
	],
	"start" : 11.186111450195312
}