{
	"data" : 
	[
		0.76617932319641113,
		1.4555566310882568,
		3.0644543170928955,
		0.076539024710655212,
		1.4558197259902954,
		3.4474127292633057,
		0.76617932319641113,
		8.1205015182495117,
		0.076802045106887817,
		8.1205015182495117,
		0.076802045106887817,
		8.1205015182495117,
		0.076802045106887817,
		8.1205015182495117,
		0.076802045106887817,
		8.1205015182495117,
		1.302478551864624,
		1.8385146856307983,
		1.4558197259902954,
		5.209388256072998,
		1.4555566310882568,
		1.1491374969482422,
		35.547248840332031
	],
	"end" : 12.184444427490234,
	"labels" : 
	[
		"Prep",
		"Scan",
		"Break",
		"Prep",
		"Scan",
		"Break",
		"Prep",
		"Scan",
		"Break",
		"Scan",
		"Break",
		"Scan",
		"Prep",
		"Scan",
		"Prep",
		"Scan",
		"Break",
		"Prep",
		"Scan",
		"Break",
		"Prep",
		"Scan",
		"Dead"
	],
	"start" : 11.822221755981445
}