{
	"data" : 
	[
		1.0186970233917236,
		0.7276763916015625,
		1.6734309196472168,
		0.072692699730396271,
		1.3824102878570557,
		1.819066047668457,
		0.80036908388137817,
		2.8377630710601807,
		0.94575446844100952,
		10.186470031738281,
		0.072692699730396271,
		1.1643321514129639,
		13.606023788452148,
		0.21832789480686188,
		10.986839294433594,
		0.1456352025270462,
		0.14538539946079254,
		13.242561340332031,
		38.853870391845703
	],
	"end" : 14.41944408416748,
	"labels" : 
	[
		"Prep",
		"Scan",
		"Break",
		"Prep",
		"Scan",
		"Break",
		"Scan",
		"Break",
		"Prep",
		"Scan",
		"Break",
		"Prep",
		"Scan",
		"Prep",
		"Scan",
		"Break",
		"Prep",
		"Scan",
		"Dead"
	],
	"start" : 14.038055419921875
}