{
	"data" : 
	[
		0.67942899465560913,
		0.63371914625167847,
		1.5398316383361816,
		0.6340300440788269,
		3.30572509765625,
		0.04539891704916954,
		0.76991581916809082,
		0.13588578999042511,
		7.6080498695373535,
		0.045087963342666626,
		0.36225846409797668,
		13.495293617248535,
		0.045087963342666626,
		0.36225846409797668,
		7.3816766738891602,
		0.13588578999042511,
		6.3850774765014648,
		0.04539891704916954,
		0.81531476974487305,
		18.83868408203125,
		0.67911803722381592,
		13.133035659790039,
		0.45274531841278076,
		0.04539891704916954,
		7.426764965057373,
		0.04539891704916954,
		0.31685957312583923,
		6.9286208152770996,
		0.04539891704916954,
		5.6605606079101562,
		1.9020901918411255
	],
	"end" : 18.966388702392578,
	"labels" : 
	[
		"Prep",
		"Scan",
		"Break",
		"Prep",
		"Scan",
		"Break",
		"Prep",
		"Break",
		"Scan",
		"Break",
		"Prep",
		"Scan",
		"Break",
		"Prep",
		"Scan",
		"Prep",
		"Scan",
		"Break",
		"Prep",
		"Scan",
		"Prep",
		"Scan",
		"Prep",
		"Break",
		"Scan",
		"Break",
		"Prep",
		"Scan",
		"Prep",
		"Scan",
		"Dead"
	],
	"start" : 18.353610992431641
}