{
	"data" : 
	[
		1.708579421043396,
		2.6292085647583008,
		2.6292085647583008,
		1.0515029430389404,
		11.567434310913086,
		0.13087375462055206,
		15.90522289276123,
		0.13177633285522461,
		14.064867973327637,
		1.8403557538986206,
		13.933091163635254,
		34.307880401611328
	],
	"end" : 18.353610992431641,
	"labels" : 
	[
		"Prep",
		"Scan",
		"Break",
		"Prep",
		"Scan",
		"Prep",
		"Scan",
		"Break",
		"Scan",
		"Prep",
		"Scan",
		"Dead"
	],
	"start" : 18.142499923706055
}