{
	"data" : 
	[
		0.077974237501621246,
		1.3269017934799194,
		11.863069534301758,
		0.077974237501621246,
		0.54635554552078247,
		6.6339731216430664,
		1.6390668153762817,
		0.54635554552078247,
		3.1998913288116455,
		73.988441467285156
	],
	"end" : 15.118888854980469,
	"labels" : 
	[
		"Prep",
		"Break",
		"Scan",
		"Prep",
		"Break",
		"Scan",
		"Prep",
		"Break",
		"Scan",
		"Dead"
	],
	"start" : 14.763333320617676
}