{
	"data" : 
	[
		0.76263254880905151,
		0.76263254880905151,
		1.906394362449646,
		0.43611061573028564,
		3.9762365818023682,
		0.0546073317527771,
		0.92570644617080688,
		0.27266263961791992,
		9.1508426666259766,
		0.0546073317527771,
		1.6341056823730469,
		16.177982330322266,
		0.054233308881521225,
		0.43611061573028564,
		8.8785543441772461,
		0.0546073317527771,
		0.43573659658432007,
		7.6801848411560059,
		46.246051788330078
	],
	"end" : 16.948888778686523,
	"labels" : 
	[
		"Prep",
		"Scan",
		"Break",
		"Prep",
		"Scan",
		"Break",
		"Prep",
		"Break",
		"Scan",
		"Break",
		"Prep",
		"Scan",
		"Break",
		"Prep",
		"Scan",
		"Break",
		"Prep",
		"Scan",
		"Dead"
	],
	"start" : 16.439443588256836
}