{
	"data" : 
	[
		0.40720066428184509,
		0.40730056166648865,
		2.1236958503723145,
		0.49459353089332581,
		0.52365785837173462,
		0.52355802059173584,
		0.4655291736125946,
		0.49449366331100464,
		0.34917184710502625,
		0.29084336757659912,
		3.0837187767028809,
		0.0290643610060215,
		0.49459353089332581,
		4.2764558792114258,
		0.93085861206054688,
		0.11645720154047012,
		8.6401052474975586,
		0.0290643610060215,
		0.23281452059745789,
		8.4655189514160156,
		0.58188647031784058,
		3.287269115447998,
		0.029164239764213562,
		0.20365028083324432,
		0.0290643610060215,
		4.6545925140380859,
		0.029164239764213562,
		0.49449366331100464,
		0.0290643610060215,
		6.4001517295837402,
		0.61095088720321655,
		0.40730056166648865,
		0.0871930792927742,
		3.3455977439880371,
		0.0290643610060215,
		1.3963878154754639,
		0.32000762224197388,
		0.0290643610060215,
		6.7492241859436035,
		0.0290643610060215,
		0.37823620438575745,
		6.1382732391357422,
		0.0290643610060215,
		0.93095844984054565,
		6.1092085838317871,
		0.23271465301513672,
		0.46542930603027344,
		6.0801444053649902,
		0.14542168378829956,
		0.49459353089332581,
		1.1927374601364136,
		0.0290643610060215,
		8.232905387878418,
		8.3201971054077148
	],
	"end" : 11.574444770812988,
	"labels" : 
	[
		"Prep",
		"Scan",
		"Break",
		"Prep",
		"Scan",
		"Break",
		"Prep",
		"Scan",
		"Break",
		"Prep",
		"Scan",
		"Break",
		"Prep",
		"Scan",
		"Break",
		"Prep",
		"Scan",
		"Break",
		"Prep",
		"Scan",
		"Prep",
		"Scan",
		"Break",
		"Prep",
		"Break",
		"Scan",
		"Prep",
		"Break",
		"Prep",
		"Scan",
		"Break",
		"Prep",
		"Break",
		"Scan",
		"Prep",
		"Break",
		"Break",
		"Prep",
		"Scan",
		"Prep",
		"Break",
		"Scan",
		"Break",
		"Prep",
		"Scan",
		"Break",
		"Prep",
		"Scan",
		"Break",
		"Prep",
		"Break",
		"Prep",
		"Scan",
		"Dead"
	],
	"start" : 10.620555877685547
}