{
	"data" : 
	[
		0.0051931482739746571,
		0.086166337132453918,
		0.021802667528390884,
		0.0010372039396315813,
		0.0072675556875765324,
		0.0010372039396315813,
		0.0051931482739746571,
		0.15676034986972809,
		0.25539097189903259,
		0.030107427388429642,
		0.13392405211925507,
		0.023877076804637909,
		0.023877076804637909,
		0.0072675556875765324,
		43.847118377685547,
		0.11731453239917755,
		55.176666259765625
	],
	"end" : 14.763333320617676,
	"labels" : 
	[
		"Break",
		"Scan",
		"Break",
		"Prep",
		"Break",
		"Prep",
		"Break",
		"Scan",
		"Break",
		"Prep",
		"Scan",
		"Break",
		"Prep",
		"Break",
		"Scan",
		"Dead",
		"Break"
	],
	"start" : 14.528888702392578
}