{
	"data" : 
	[
		1.6170909404754639,
		2.6127166748046875,
		5.7226057052612305,
		1.7418111562728882,
		12.938436508178711,
		0.12472017109394073,
		0.12429305166006088,
		0.12429305166006088,
		15.675446510314941,
		0.87090557813644409,
		15.17784595489502,
		10.69945240020752,
		4.2298078536987305,
		2.239410400390625,
		15.053553581237793,
		10.947611808776855
	],
	"end" : 9.8847217559814453,
	"labels" : 
	[
		"Prep",
		"Scan",
		"Break",
		"Prep",
		"Scan",
		"Prep",
		"Break",
		"Prep",
		"Scan",
		"Prep",
		"Scan",
		"Scan",
		"Break",
		"Prep",
		"Scan",
		"Dead"
	],
	"start" : 9.6616668701171875
}