{
	"data" : 
	[
		0.011666536331176758,
		0.0053052883595228195,
		0.023333072662353516,
		0.16226826608181,
		0.0095473341643810272,
		0.005301646888256073,
		0.085907801985740662,
		0.10499882698059082,
		44.009113311767578,
		0.0095436936244368553,
		55.473011016845703
	],
	"end" : 14.528888702392578,
	"labels" : 
	[
		"Prep",
		"Break",
		"Scan",
		"Break",
		"Prep",
		"Break",
		"Scan",
		"Break",
		"Prep",
		"Dead",
		"Break"
	],
	"start" : 14.41944408416748
}