{
	"data" : 
	[
		0.96905434131622314,
		2.2904646396636963,
		9.1618585586547852,
		2.0261220932006836,
		1.5857527256011963,
		2.4667935371398926,
		0.088013358414173126,
		0.088315807282924652,
		0.61639600992202759,
		1.7620819807052612,
		6.0786681175231934,
		2.5545046329498291,
		0.17632916569709778,
		0.088013358414173126,
		0.61669838428497314,
		1.7620819807052612,
		0.17602671682834625,
		1.4977394342422485,
		6.2546954154968262,
		1.0570676326751709,
		0.88104099035263062,
		0.17602671682834625,
		0.61669838428497314,
		1.673766016960144,
		14.359787940979004,
		0.61669838428497314,
		0.17602671682834625,
		1.850095272064209,
		0.088013358414173126,
		1.7620819807052612,
		1.673766016960144,
		0.61669838428497314,
		1.4974368810653687,
		32.595188140869141
	],
	"end" : 15.43388843536377,
	"labels" : 
	[
		"Prep",
		"Scan",
		"Break",
		"Prep",
		"Break",
		"Prep",
		"Break",
		"Prep",
		"Break",
		"Scan",
		"Break",
		"Prep",
		"Break",
		"Prep",
		"Break",
		"Scan",
		"Prep",
		"Break",
		"Scan",
		"Break",
		"Prep",
		"Break",
		"Break",
		"Scan",
		"Break",
		"Prep",
		"Break",
		"Scan",
		"Break",
		"Scan",
		"Prep",
		"Break",
		"Scan",
		"Dead"
	],
	"start" : 15.118888854980469
}