{
	"data" : 
	[
		0.87842249870300293,
		2.3155920505523682,
		1.3576618432998657,
		0.87842249870300293,
		1.2776058912277222,
		0.080055989325046539,
		11.099817276000977,
		1.5172253847122192,
		0.87842249870300293,
		0.71885889768600464,
		0.080055989325046539,
		13.176338195800781,
		0.63880294561386108,
		0.87842249870300293,
		12.776606559753418,
		5.5101547241210938,
		14.214323997497559,
		0.080055989325046539,
		0.63880294561386108,
		14.214323997497559,
		16.690029144287109
	],
	"end" : 18.142499923706055,
	"labels" : 
	[
		"Prep",
		"Scan",
		"Break",
		"Prep",
		"Break",
		"Prep",
		"Scan",
		"Break",
		"Prep",
		"Break",
		"Prep",
		"Scan",
		"Break",
		"Prep",
		"Scan",
		"Prep",
		"Scan",
		"Break",
		"Prep",
		"Scan",
		"Dead"
	],
	"start" : 17.795000076293945
}