{
	"data" : 
	[
		0.45878812670707703,
		0.5396689772605896,
		0.4318278431892395,
		0.37772196531295776,
		3.1573185920715332,
		0.054013218730688095,
		3.4811196327209473,
		0.026960287243127823,
		2.2937552928924561,
		0.026960287243127823,
		0.37781462073326111,
		3.2922124862670898,
		0.026960287243127823,
		0.24292053282260895,
		3.2922124862670898,
		1.1873644590377808,
		0.37781462073326111,
		3.7509076595306396,
		0.026960287243127823,
		3.7510004043579102,
		72.725700378417969
	],
	"end" : 9.6616668701171875,
	"labels" : 
	[
		"Prep",
		"Scan",
		"Break",
		"Prep",
		"Scan",
		"Break",
		"Scan",
		"Prep",
		"Scan",
		"Break",
		"Prep",
		"Scan",
		"Break",
		"Prep",
		"Scan",
		"Break",
		"Prep",
		"Scan",
		"Prep",
		"Scan",
		"Dead"
	],
	"start" : 8.6333332061767578
}