{
	"data" : 
	[
		0.65930467844009399,
		1.2451857328414917,
		5.6395444869995117,
		0.65880179405212402,
		0.95249664783477783,
		7.4701085090637207,
		1.0254174470901489,
		7.6903796195983887,
		2.4169478416442871,
		1.3181065320968628,
		7.8367242813110352,
		0.1468474268913269,
		9.2282543182373047,
		0.072920814156532288,
		11.279088973999023,
		0.073423713445663452,
		0.58588099479675293,
		0.073423713445663452,
		11.937891006469727,
		0.58588099479675293,
		0.073423713445663452,
		16.918634414672852,
		12.011314392089844
	],
	"end" : 17.327777862548828,
	"labels" : 
	[
		"Prep",
		"Scan",
		"Break",
		"Prep",
		"Scan",
		"Break",
		"Prep",
		"Scan",
		"Break",
		"Prep",
		"Scan",
		"Break",
		"Scan",
		"Prep",
		"Scan",
		"Break",
		"Prep",
		"Break",
		"Scan",
		"Break",
		"Prep",
		"Scan",
		"Dead"
	],
	"start" : 16.948888778686523
}