{
	"data" : 
	[
		0.64573895931243896,
		0.64573895931243896,
		1.7988216876983643,
		0.046078972518444061,
		3.3669319152832031,
		0.046078972518444061,
		0.78413420915603638,
		7.7483930587768555,
		0.55342268943786621,
		1.3375569581985474,
		13.744359016418457,
		0.046078972518444061,
		0.36894845962524414,
		7.5179977416992188,
		0.046078972518444061,
		0.092157945036888123,
		6.5493893623352051,
		10.192954063415527,
		6.5492310523986816,
		0.50734370946884155,
		0.36910679936408997,
		13.421331405639648,
		23.522127151489258
	],
	"end" : 16.035554885864258,
	"labels" : 
	[
		"Prep",
		"Scan",
		"Break",
		"Prep",
		"Scan",
		"Break",
		"Prep",
		"Scan",
		"Break",
		"Prep",
		"Scan",
		"Break",
		"Prep",
		"Scan",
		"Break",
		"Prep",
		"Scan",
		"Break",
		"Scan",
		"Break",
		"Prep",
		"Scan",
		"Dead"
	],
	"start" : 15.43388843536377
}