{
	"data" : 
	[
		0.66114801168441772,
		0.66131019592285156,
		2.3617756366729736,
		0.94461303949356079,
		5.5264320373535156,
		0.85023277997970581,
		7.6991233825683594,
		0.18892259895801544,
		14.028596878051758,
		0.047190107405185699,
		0.33065509796142578,
		7.7463135719299316,
		0.047352276742458344,
		8.7854690551757812,
		6.9434328079223633,
		8.7854690551757812,
		0.23627488315105438,
		0.1415703296661377,
		1.0865076780319214,
		17.098711013793945,
		15.728901863098145
	],
	"end" : 12.161944389343262,
	"labels" : 
	[
		"Prep",
		"Scan",
		"Break",
		"Prep",
		"Scan",
		"Prep",
		"Scan",
		"Prep",
		"Scan",
		"Break",
		"Prep",
		"Scan",
		"Prep",
		"Scan",
		"Break",
		"Scan",
		"Break",
		"Prep",
		"Break",
		"Scan",
		"Dead"
	],
	"start" : 11.574444770812988
}