{
	"data" : 
	[
		0.87635916471481323,
		0.87635916471481323,
		1.6274319887161255,
		1.0014305114746094,
		0.56325095891952515,
		0.43817958235740662,
		0.87635916471481323,
		4.7572250366210938,
		3.9434013366699219,
		0.87635916471481323,
		11.392024040222168,
		0.062535688281059265,
		0.43817958235740662,
		2.1281473636627197,
		2.8794350624084473,
		0.062535688281059265,
		12.706562995910645,
		0.062535688281059265,
		0.062750585377216339,
		11.329488754272461,
		0.062535688281059265,
		0.12528626620769501,
		13.207277297973633,
		29.544349670410156
	],
	"end" : 12.605278015136719,
	"labels" : 
	[
		"Prep",
		"Scan",
		"Break",
		"Prep",
		"Scan",
		"Break",
		"Prep",
		"Scan",
		"Break",
		"Prep",
		"Scan",
		"Break",
		"Prep",
		"Scan",
		"Break",
		"Prep",
		"Scan",
		"Break",
		"Prep",
		"Scan",
		"Break",
		"Prep",
		"Scan",
		"Dead"
	],
	"start" : 12.161944389343262
}