{
	"data" : 
	[
		0.96194690465927124,
		0.96194690465927124,
		3.7789084911346436,
		0.96194690465927124,
		5.2215933799743652,
		0.068878978490829468,
		1.5804424285888672,
		11.336254119873047,
		0.34392312169075012,
		20.474514007568359,
		4.259645938873291,
		0.54961657524108887,
		11.199440002441406,
		0.61849552392959595,
		0.13728620111942291,
		9.7562828063964844,
		27.688879013061523
	],
	"end" : 16.439443588256836,
	"labels" : 
	[
		"Prep",
		"Scan",
		"Break",
		"Prep",
		"Scan",
		"Break",
		"Prep",
		"Scan",
		"Prep",
		"Scan",
		"Break",
		"Prep",
		"Scan",
		"Break",
		"Prep",
		"Scan",
		"Dead"
	],
	"start" : 16.035554885864258
}