{
	"data" : 
	[
		0.59379082918167114,
		0.95022839307785034,
		2.4946556091308594,
		0.059542208909988403,
		0.71246737241744995,
		5.583101749420166,
		0.53465640544891357,
		0.95022839307785034,
		2.9697697162628174,
		0.71246737241744995,
		6.2959771156311035,
		1.0689049959182739,
		6.3551111221313477,
		0.11908441781997681,
		0.059134382754564285,
		11.106660842895508,
		0.059542208909988403,
		0.059134382754564285,
		17.164876937866211,
		0.059542208909988403,
		0.47511419653892517,
		12.769356727600098,
		28.746652603149414
	],
	"end" : 17.795000076293945,
	"labels" : 
	[
		"Prep",
		"Scan",
		"Break",
		"Prep",
		"Scan",
		"Break",
		"Prep",
		"Scan",
		"Break",
		"Prep",
		"Scan",
		"Prep",
		"Scan",
		"Break",
		"Prep",
		"Scan",
		"Prep",
		"Break",
		"Scan",
		"Break",
		"Prep",
		"Scan",
		"Dead"
	],
	"start" : 17.327777862548828
}