{
	"data" : 
	[
		0.54569482803344727,
		0.40018454194068909,
		1.12773597240448,
		0.50934851169586182,
		6.6576266288757324,
		1.0913896560668945,
		1.0550433397293091,
		10.95036792755127,
		0.072817601263523102,
		9.7498140335083008,
		1.2370249032974243,
		10.513837814331055,
		8.0036907196044922,
		0.87306177616119385,
		8.4038753509521484,
		0.14551030099391937,
		8.2947111129760742,
		1.0549184083938599,
		1.2370249032974243,
		10.113653182983398,
		17.862668991088867
	],
	"end" : 14.038055419921875,
	"labels" : 
	[
		"Prep",
		"Scan",
		"Break",
		"Prep",
		"Scan",
		"Break",
		"Prep",
		"Scan",
		"Prep",
		"Scan",
		"Prep",
		"Scan",
		"Break",
		"Prep",
		"Scan",
		"Prep",
		"Scan",
		"Break",
		"Prep",
		"Scan",
		"Dead"
	],
	"start" : 13.275278091430664
}