{
	"data" : 
	[
		0.49032154679298401,
		0.45251485705375671,
		1.3576740026473999,
		0.037677202373743057,
		7.8819150924682617,
		0.037677202373743057,
		1.0559974908828735,
		0.11316107958555222,
		0.037677202373743057,
		12.06796932220459,
		0.037677202373743057,
		0.075354404747486115,
		10.06926441192627,
		0.037677202373743057,
		1.1313518285751343,
		8.2212696075439453,
		0.037806674838066101,
		1.018190860748291,
		10.898810386657715,
		4.9026975631713867,
		0.11303160339593887,
		11.615453720092773,
		2.074188232421875,
		0.075354404747486115,
		11.275970458984375,
		14.783317565917969
	],
	"end" : 10.620555877685547,
	"labels" : 
	[
		"Prep",
		"Scan",
		"Break",
		"Prep",
		"Scan",
		"Break",
		"Prep",
		"Break",
		"Prep",
		"Scan",
		"Break",
		"Prep",
		"Scan",
		"Break",
		"Prep",
		"Scan",
		"Break",
		"Prep",
		"Scan",
		"Break",
		"Prep",
		"Scan",
		"Break",
		"Prep",
		"Scan",
		"Dead"
	],
	"start" : 9.8847217559814453
}