{
	"data" : 
	[
		0.13006536662578583,
		0.3893052339553833,
		1.9456353187561035,
		2.4650058746337891,
		2.8543112277984619,
		1.8164609670639038,
		9.3415441513061523,
		0.13006536662578583,
		14.011425971984863,
		0.13006536662578583,
		13.752184867858887,
		7.2658438682556152,
		0.12917451560497284,
		14.14238166809082,
		2.3349406719207764,
		29.061592102050781
	],
	"end" : 19.180276870727539,
	"labels" : 
	[
		"Prep",
		"Break",
		"Prep",
		"Scan",
		"Break",
		"Prep",
		"Scan",
		"Prep",
		"Scan",
		"Prep",
		"Scan",
		"Break",
		"Prep",
		"Scan",
		"Prep",
		"Scan"
	],
	"start" : 18.966388702392578
}