{
	"data" : 
	[
		0.3420986533164978,
		0.25657400488853455,
		2.7797350883483887,
		0.29937303066253662,
		1.2829433679580688,
		2.0527389049530029,
		4.6614980697631836,
		0.04272562637925148,
		0.76979541778564453,
		6.7996878623962402,
		1.3256690502166748,
		4.6614980697631836,
		1.1118940114974976,
		0.085598081350326538,
		6.8424139022827148,
		1.1974921226501465,
		4.533027172088623,
		4.319399356842041,
		0.04272562637925148,
		8.1682291030883789,
		1.5395908355712891,
		0.08545125275850296,
		0.04272562637925148,
		0.12832370400428772,
		11.33286190032959,
		1.2829433679580688,
		0.04272562637925148,
		8.1682291030883789,
		0.12832370400428772,
		8.1255035400390625,
		17.448205947875977
	],
	"end" : 8.6333332061767578,
	"labels" : 
	[
		"Prep",
		"Scan",
		"Break",
		"Prep",
		"Scan",
		"Break",
		"Scan",
		"Break",
		"Prep",
		"Scan",
		"Break",
		"Scan",
		"Break",
		"Prep",
		"Scan",
		"Break",
		"Scan",
		"Break",
		"Prep",
		"Scan",
		"Break",
		"Break",
		"Prep",
		"Break",
		"Scan",
		"Break",
		"Prep",
		"Scan",
		"Prep",
		"Scan",
		"Dead"
	],
	"start" : 7.9844446182250977
}