{
	"data" : 
	[
		0.5798797607421875,
		0.45559948682785034,
		2.0294370651245117,
		0.041379354894161224,
		0.86981964111328125,
		2.6506960391998291,
		0.66263848543167114,
		2.4022777080535889,
		0.082900911569595337,
		0.86967748403549194,
		4.3489561080932617,
		1.3667984008789062,
		5.7985134124755859,
		3.4791364669799805,
		0.041379354894161224,
		5.094353199005127,
		0.041379354894161224,
		4.5975165367126465,
		0.041379354894161224,
		1.8637772798538208,
		3.8104557991027832,
		0.082900911569595337,
		7.1651692390441895,
		0.041521549224853516,
		5.1772541999816895,
		0.041379354894161224,
		1.3667984008789062,
		6.0884528160095215,
		6.046931266784668,
		0.12428025901317596,
		0.041379354894161224,
		7.2482123374938965,
		0.082758709788322449,
		6.2541122436523438,
		19.010898590087891
	],
	"end" : 13.275278091430664,
	"labels" : 
	[
		"Prep",
		"Scan",
		"Break",
		"Prep",
		"Scan",
		"Break",
		"Prep",
		"Break",
		"Prep",
		"Scan",
		"Break",
		"Prep",
		"Scan",
		"Break",
		"Prep",
		"Scan",
		"Break",
		"Scan",
		"Break",
		"Scan",
		"Break",
		"Prep",
		"Scan",
		"Prep",
		"Scan",
		"Break",
		"Prep",
		"Scan",
		"Break",
		"Prep",
		"Break",
		"Scan",
		"Prep",
		"Scan",
		"Dead"
	],
	"start" : 12.605278015136719
}