{
	"data" : 
	[
		0.46529224514961243,
		0.19944356381893158,
		0.033316660672426224,
		0.93035626411437988,
		0.69805246591567993,
		0.53169733285903931,
		0.19944356381893158,
		1.7281304597854614,
		1.4953703880310059,
		0.46529224514961243,
		0.19944356381893158,
		0.033316660672426224,
		1.8278522491455078,
		0.53169733285903931,
		4.7190995216369629,
		1.0303062200546265,
		0.36557045578956604,
		0.23253200948238373,
		0.99698960781097412,
		5.6165952682495117,
		0.16612689197063446,
		0.46529224514961243,
		0.79754602909088135,
		0.16612689197063446,
		0.13303843140602112,
		0.46529224514961243,
		0.033088460564613342,
		5.8824443817138672,
		0.033088460564613342,
		1.0967113971710205,
		0.033316660672426224,
		0.033316660672426224,
		6.9789276123046875,
		0.033316660672426224,
		5.8491272926330566,
		0.033088460564613342,
		7.3447260856628418,
		0.56501400470733643,
		3.6223878860473633,
		0.764229416847229,
		0.53192555904388428,
		3.6557044982910156,
		5.0180368423461914,
		0.2327602207660675,
		1.8611689805984497,
		0.1992153525352478,
		6.2146978378295898,
		0.16612689197063446,
		0.09972178190946579,
		1.0303062200546265,
		1.2297499179840088,
		0.4319756031036377,
		4.9516310691833496,
		0.033316660672426224,
		0.33225378394126892,
		9.238983154296875,
		0.066405124962329865,
		0.63141912221908569,
		7.1785988807678223
	],
	"end" : 18.299722671508789,
	"labels" : 
	[
		"Prep",
		"Break",
		"Prep",
		"Scan",
		"Break",
		"Prep",
		"Break",
		"Scan",
		"Break",
		"Prep",
		"Break",
		"Prep",
		"Scan",
		"Prep",
		"Scan",
		"Break",
		"Prep",
		"Scan",
		"Break",
		"Scan",
		"Break",
		"Prep",
		"Scan",
		"Break",
		"Scan",
		"Break",
		"Prep",
		"Scan",
		"Prep",
		"Break",
		"Break",
		"Prep",
		"Scan",
		"Break",
		"Scan",
		"Break",
		"Scan",
		"Prep",
		"Scan",
		"Break",
		"Prep",
		"Scan",
		"Break",
		"Prep",
		"Scan",
		"Break",
		"Scan",
		"Break",
		"Prep",
		"Scan",
		"Break",
		"Prep",
		"Scan",
		"Break",
		"Prep",
		"Scan",
		"Break",
		"Break",
		"Scan"
	],
	"start" : 17.4647216796875
}