{
	"data" : 
	[
		0.32705536484718323,
		0.56489527225494385,
		1.6352769136428833,
		0.2676464319229126,
		6.8086514472961426,
		0.20813544094562531,
		0.23783989250659943,
		0.50548630952835083,
		0.029704468324780464,
		0.029704468324780464,
		6.3329715728759766,
		0.26754435896873474,
		0.2676464319229126,
		5.2327837944030762,
		0.02980654314160347,
		0.20813544094562531,
		4.6381840705871582,
		0.26754435896873474,
		2.2299787998199463,
		7.9384422302246094,
		0.029704468324780464,
		0.74332618713378906,
		1.1000860929489136,
		0.059511013329029083,
		0.80273514986038208,
		0.029704468324780464,
		10.525180816650391,
		48.582321166992188
	],
	"end" : 9.4869441986083984,
	"labels" : 
	[
		"Prep",
		"Scan",
		"Break",
		"Prep",
		"Scan",
		"Break",
		"Prep",
		"Break",
		"Prep",
		"Break",
		"Scan",
		"Break",
		"Prep",
		"Scan",
		"Break",
		"Prep",
		"Scan",
		"Break",
		"Prep",
		"Scan",
		"Break",
		"Prep",
		"Break",
		"Prep",
		"Break",
		"Prep",
		"Scan",
		"Dead"
	],
	"start" : 8.5536108016967773
}