{
	"data" : 
	[
		0.31694301962852478,
		0.15847150981426239,
		0.20370465517044067,
		0.24901555478572845,
		2.7617876529693604,
		0.63388603925704956,
		3.1918911933898926,
		9.93792724609375,
		0.15847150981426239,
		0.24901555478572845,
		1.0186787843704224,
		0.18116581439971924,
		0.22632125020027161,
		6.4970202445983887,
		0.5433419942855835,
		0.022616580128669739,
		0.022616580128669739,
		5.8631348609924316,
		0.40748703479766846,
		0.045310880988836288,
		0.022616580128669739,
		0.022616580128669739,
		0.045310880988836288,
		0.022616580128669739,
		5.5009584426879883,
		0.045310880988836288,
		0.022616580128669739,
		2.6712436676025391,
		0.067927457392215729,
		0.1131606251001358,
		0.022616580128669739,
		4.1653366088867188,
		0.045310880988836288,
		0.47533679008483887,
		0.02269430086016655,
		0.022616580128669739,
		4.4595856666564941,
		0.02269430086016655,
		0.022616580128669739,
		0.022616580128669739,
		0.022616580128669739,
		3.6900002956390381,
		12.74494743347168,
		0.20378239452838898,
		0.24901555478572845,
		1.3582383394241333,
		0.65650260448455811,
		5.8631348609924316,
		24.607151031494141
	],
	"end" : 10.712778091430664,
	"labels" : 
	[
		"Prep",
		"Scan",
		"Break",
		"Scan",
		"Break",
		"Prep",
		"Scan",
		"Break",
		"Prep",
		"Scan",
		"Break",
		"Prep",
		"Scan",
		"Break",
		"Prep",
		"Break",
		"Prep",
		"Scan",
		"Break",
		"Prep",
		"Break",
		"Prep",
		"Break",
		"Prep",
		"Scan",
		"Prep",
		"Break",
		"Scan",
		"Break",
		"Prep",
		"Break",
		"Scan",
		"Prep",
		"Break",
		"Break",
		"Prep",
		"Scan",
		"Break",
		"Prep",
		"Break",
		"Prep",
		"Scan",
		"Break",
		"Prep",
		"Scan",
		"Break",
		"Prep",
		"Scan",
		"Dead"
	],
	"start" : 9.4869441986083984
}