{
	"data" : 
	[
		0.28543117642402649,
		0.38743588328361511,
		0.1223776564002037,
		0.020372938364744186,
		0.63219118118286133,
		0.14275059103965759,
		0.020372938364744186,
		0.1223776564002037,
		0.020372938364744186,
		0.63212120532989502,
		0.69331002235412598,
		0.36706295609474182,
		0.1223776564002037,
		0.020372938364744186,
		0.61174827814102173,
		0.26512825489044189,
		0.30587413907051086,
		0.1223776564002037,
		0.65249413251876831,
		0.02044294960796833,
		3.2830538749694824,
		0.020372938364744186,
		3.9764335155487061,
		0.02044294960796833,
		0.28543117642402649,
		0.061188828200101852,
		0.020372938364744186,
		3.7521214485168457,
		0.040815886110067368,
		0.020372938364744186,
		0.020372938364744186,
		4.261934757232666,
		0.020372938364744186,
		0.42825180292129517,
		0.020372938364744186,
		0.16312353312969208,
		4.792121410369873,
		0.020372938364744186,
		0.02044294960796833,
		0.020372938364744186,
		2.5897436141967773,
		0.28550118207931519,
		2.5489978790283203,
		0.30587413907051086,
		3.2219347953796387,
		0.9380652904510498,
		3.2423079013824463,
		59.952239990234375
	],
	"end" : 14.47611141204834,
	"labels" : 
	[
		"Prep",
		"Break",
		"Break",
		"Prep",
		"Scan",
		"Break",
		"Prep",
		"Break",
		"Prep",
		"Scan",
		"Break",
		"Prep",
		"Break",
		"Prep",
		"Scan",
		"Break",
		"Prep",
		"Break",
		"Scan",
		"Prep",
		"Scan",
		"Prep",
		"Scan",
		"Break",
		"Prep",
		"Break",
		"Prep",
		"Scan",
		"Break",
		"Break",
		"Prep",
		"Scan",
		"Prep",
		"Break",
		"Prep",
		"Break",
		"Scan",
		"Prep",
		"Break",
		"Prep",
		"Scan",
		"Prep",
		"Scan",
		"Prep",
		"Scan",
		"Break",
		"Scan",
		"Dead"
	],
	"start" : 13.115278244018555
}