{
	"data" : 
	[
		0.49069374799728394,
		0.98186904191970825,
		1.6131738424301147,
		0.24534687399864197,
		6.662407398223877,
		0.59615194797515869,
		2.5244967937469482,
		2.3846077919006348,
		1.0868457555770874,
		10.905295372009277,
		5.2948217391967773,
		1.0167810916900635,
		8.9066448211669922,
		1.051933765411377,
		8.6610574722290039,
		0.034911971539258957,
		0.45602259039878845,
		3.4011483192443848,
		0.035152744501829147,
		0.070064716041088104,
		6.066256046295166,
		5.0843868255615234,
		0.31565237045288086,
		10.905295372009277,
		21.108980178833008
	],
	"end" : 17.4647216796875,
	"labels" : 
	[
		"Prep",
		"Scan",
		"Break",
		"Prep",
		"Scan",
		"Prep",
		"Scan",
		"Break",
		"Prep",
		"Scan",
		"Break",
		"Prep",
		"Scan",
		"Prep",
		"Scan",
		"Break",
		"Prep",
		"Scan",
		"Break",
		"Prep",
		"Scan",
		"Break",
		"Prep",
		"Scan",
		"Dead"
	],
	"start" : 16.673334121704102
}