{
	"data" : 
	[
		0.17325437068939209,
		0.31184995174407959,
		0.46202486753463745,
		0.034658804535865784,
		0.17325437068939209,
		0.069277957081794739,
		2.3447434902191162,
		0.034658804535865784,
		0.080857329070568085,
		1.7210437059402466,
		0.16167499125003815,
		0.31188958883285522,
		0.046198524534702301,
		0.011539717204868793,
		0.41582638025283813,
		0.35804846882820129,
		3.5922224521636963,
		0.011539717204868793,
		0.092397049069404602,
		2.3447434902191162,
		0.092397049069404602,
		1.120383620262146,
		0.011579371988773346,
		0.16171465814113617,
		1.4784320592880249,
		1.4207334518432617,
		2.3562831878662109,
		0.023079434409737587,
		0.034658804535865784,
		2.9338240623474121,
		3.0377609729766846,
		0.011579371988773346,
		1.4206937551498413,
		16.182212829589844,
		0.16171465814113617,
		0.32338964939117432,
		0.011539717204868793,
		0.034658804535865784,
		0.41582638025283813,
		0.33496901392936707,
		3.5921831130981445,
		0.011579371988773346,
		0.092397049069404602,
		0.69301748275756836,
		0.011539717204868793,
		0.28877052664756775,
		0.057738237082958221,
		0.011579371988773346,
		0.35804846882820129,
		0.17325437068939209,
		0.080857329070568085,
		0.35804846882820129,
		0.41582638025283813,
		0.011539717204868793,
		1.5593289136886597,
		0.011539717204868793,
		1.5131304264068604,
		0.1847940981388092,
		0.011539717204868793,
		0.011579371988773346,
		1.8480597734451294,
		0.011539717204868793,
		0.080857329070568085,
		0.011579371988773346,
		0.011539717204868793,
		0.057738237082958221,
		0.011539717204868793,
		0.080857329070568085,
		1.7903215885162354,
		0.18483373522758484,
		1.8365201950073242,
		0.011539717204868793,
		0.023119088262319565,
		1.9519965648651123,
		0.17325437068939209,
		2.2061481475830078,
		0.17325437068939209,
		0.13863521814346313,
		2.1252508163452148,
		0.011579371988773346,
		1.7441229820251465,
		0.011539717204868793,
		0.17325437068939209,
		0.16171465814113617,
		0.011539717204868793,
		2.4371404647827148,
		0.011579371988773346,
		0.17325437068939209,
		0.33492937684059143,
		0.19637344777584076,
		2.5526566505432129,
		0.011539717204868793,
		0.11551613360643387,
		0.36962783336639404,
		2.1368303298950195,
		0.12705585360527039,
		0.13859556615352631,
		0.011539717204868793,
		3.3265314102172852,
		19.347068786621094
	],
	"end" : 13.115278244018555,
	"labels" : 
	[
		"Prep",
		"Scan",
		"Break",
		"Prep",
		"Break",
		"Prep",
		"Scan",
		"Break",
		"Prep",
		"Break",
		"Prep",
		"Scan",
		"Break",
		"Prep",
		"Break",
		"Prep",
		"Scan",
		"Break",
		"Prep",
		"Scan",
		"Prep",
		"Scan",
		"Break",
		"Prep",
		"Scan",
		"Break",
		"Scan",
		"Break",
		"Prep",
		"Scan",
		"Break",
		"Prep",
		"Scan",
		"Break",
		"Prep",
		"Scan",
		"Break",
		"Prep",
		"Break",
		"Prep",
		"Scan",
		"Break",
		"Prep",
		"Scan",
		"Break",
		"Prep",
		"Break",
		"Prep",
		"Scan",
		"Prep",
		"Break",
		"Scan",
		"Break",
		"Prep",
		"Scan",
		"Break",
		"Scan",
		"Prep",
		"Break",
		"Prep",
		"Scan",
		"Prep",
		"Break",
		"Break",
		"Scan",
		"Break",
		"Prep",
		"Break",
		"Scan",
		"Prep",
		"Scan",
		"Prep",
		"Break",
		"Scan",
		"Prep",
		"Scan",
		"Prep",
		"Break",
		"Scan",
		"Break",
		"Scan",
		"Break",
		"Prep",
		"Break",
		"Prep",
		"Scan",
		"Break",
		"Prep",
		"Break",
		"Break",
		"Scan",
		"Break",
		"Prep",
		"Break",
		"Scan",
		"Prep",
		"Break",
		"Prep",
		"Scan",
		"Dead"
	],
	"start" : 10.712778091430664
}