{
	"data" : 
	[
		0.0029048288706690073,
		0.063966132700443268,
		0.0014574056258425117,
		0.0058096577413380146,
		0.018906343728303909,
		0.015991533175110817,
		0.015991533175110817,
		0.010171892121434212,
		0.030525660142302513,
		0.024716001003980637,
		0.0014574056258425117,
		0.039250127971172333,
		0.023258594796061516,
		0.015991533175110817,
		0.023258594796061516,
		0.020353766158223152,
		0.11484555900096893,
		0.15555308759212494,
		0.0014574056258425117,
		0.015991533175110817,
		0.27621829509735107,
		0.0014474233612418175,
		0.069785773754119873,
		0.19626061618328094,
		0.0014474233612418175,
		0.033440470695495605,
		0.165724977850914,
		0.0014574056258425117,
		0.14828602969646454,
		0.0014474233612418175,
		0.069785773754119873,
		98.332839965820312
	],
	"end" : 18.788888931274414,
	"labels" : 
	[
		"Prep",
		"Break",
		"Prep",
		"Break",
		"Prep",
		"Scan",
		"Break",
		"Prep",
		"Scan",
		"Break",
		"Prep",
		"Break",
		"Prep",
		"Scan",
		"Break",
		"Prep",
		"Scan",
		"Scan",
		"Prep",
		"Break",
		"Scan",
		"Break",
		"Prep",
		"Scan",
		"Break",
		"Prep",
		"Scan",
		"Prep",
		"Scan",
		"Break",
		"Prep",
		"Scan"
	],
	"start" : 18.489444732666016
}