{
	"data" : 
	[
		1.4254097938537598,
		0.61113965511322021,
		2.7494289875030518,
		1.1201895475387573,
		4.4807581901550293,
		2.8515188694000244,
		4.8880681991577148,
		8.0448064804077148,
		4.7863278388977051,
		0.20382975041866302,
		8.7576866149902344,
		0.10174006223678589,
		0.20382975041866302,
		5.397118091583252,
		54.278152465820312
	],
	"end" : 12.405278205871582,
	"labels" : 
	[
		"Prep",
		"Scan",
		"Break",
		"Scan",
		"Break",
		"Prep",
		"Scan",
		"Break",
		"Scan",
		"Prep",
		"Scan",
		"Break",
		"Prep",
		"Scan",
		"Dead"
	],
	"start" : 12.132778167724609
}