{
	"data" : 
	[
		0.56238776445388794,
		1.1760292053222656,
		1.9936329126358032,
		0.56238776445388794,
		5.8794441223144531,
		4.4991021156311035,
		0.051253814250230789,
		7.7200174331665039,
		0.40897735953330994,
		0.56238776445388794,
		6.0328545570373535,
		1.7893197536468506,
		3.5789906978607178,
		9.1003599166870117,
		0.051253814250230789,
		0.45988011360168457,
		7.7712717056274414,
		47.700447082519531
	],
	"end" : 18.489444732666016,
	"labels" : 
	[
		"Prep",
		"Scan",
		"Break",
		"Prep",
		"Scan",
		"Break",
		"Prep",
		"Scan",
		"Break",
		"Prep",
		"Scan",
		"Break",
		"Prep",
		"Scan",
		"Break",
		"Prep",
		"Scan",
		"Dead"
	],
	"start" : 17.946666717529297
}