{
	"data" : 
	[
		1.0513753890991211,
		1.5774499177932739,
		5.9340691566467285,
		1.0513753890991211,
		0.22538681328296661,
		0.075042977929115295,
		9.689570426940918,
		0.07530086487531662,
		2.4787392616271973,
		11.266761779785156,
		0.60085958242416382,
		7.6616044044494629,
		1.3520630598068237,
		6.6099715232849121,
		0.075042977929115295,
		9.539484977722168,
		40.635902404785156
	],
	"end" : 10.022777557373047,
	"labels" : 
	[
		"Prep",
		"Scan",
		"Break",
		"Prep",
		"Break",
		"Prep",
		"Scan",
		"Break",
		"Break",
		"Scan",
		"Prep",
		"Scan",
		"Prep",
		"Scan",
		"Prep",
		"Scan",
		"Dead"
	],
	"start" : 9.6533336639404297
}