{
	"data" : 
	[
		0.33597519993782043,
		0.33605760335922241,
		5.7127318382263184,
		0.023980569094419479,
		0.096004687249660492,
		0.31207701563835144,
		0.33597519993782043,
		0.79210042953491211,
		0.33605760335922241,
		1.7522296905517578,
		0.023980569094419479,
		0.40808171033859253,
		4.0324440002441406,
		0.72007632255554199,
		7.1529669761657715,
		0.023898160085082054,
		0.52806693315505981,
		0.024062976241111755,
		0.50400400161743164,
		0.43214470148086548,
		0.35995575785636902,
		0.43214470148086548,
		0.047961138188838959,
		0.26403346657752991,
		3.648507833480835,
		0.40791687369346619,
		0.45604285597801208,
		0.36012056469917297,
		0.50400400161743164,
		0.024062976241111755,
		3.4803965091705322,
		0.38401874899864197,
		1.5362397432327271,
		2.4483253955841064,
		0.35995575785636902,
		3.3365130424499512,
		0.023898160085082054,
		3.4324352741241455,
		0.36012056469917297,
		1.8241714239120483,
		0.024062976241111755,
		0.047961138188838959,
		2.424262523651123,
		0.024062976241111755,
		0.23997052013874054,
		3.4083724021911621,
		0.21607235074043274,
		2.1122677326202393,
		1.1520562171936035,
		0.26403346657752991,
		0.62415403127670288,
		0.28809645771980286,
		3.5283575057983398,
		0.024062976241111755,
		3.8403522968292236,
		0.024062976241111755,
		0.38401874899864197,
		3.9364392757415771,
		0.024062976241111755,
		1.5842008590698242,
		0.024062976241111755,
		3.3843092918395996,
		0.024062976241111755,
		0.43197986483573914,
		1.8722974061965942,
		2.8082811832427979,
		0.047961138188838959,
		3.1445035934448242,
		0.023898160085082054,
		0.19200937449932098,
		5.0166363716125488,
		11.185328483581543
	],
	"end" : 16.992776870727539,
	"labels" : 
	[
		"Prep",
		"Scan",
		"Break",
		"Prep",
		"Break",
		"Prep",
		"Scan",
		"Break",
		"Prep",
		"Scan",
		"Break",
		"Prep",
		"Scan",
		"Prep",
		"Scan",
		"Prep",
		"Scan",
		"Break",
		"Prep",
		"Scan",
		"Prep",
		"Scan",
		"Break",
		"Prep",
		"Scan",
		"Prep",
		"Scan",
		"Prep",
		"Scan",
		"Break",
		"Scan",
		"Prep",
		"Scan",
		"Scan",
		"Prep",
		"Scan",
		"Prep",
		"Scan",
		"Prep",
		"Scan",
		"Break",
		"Prep",
		"Scan",
		"Break",
		"Prep",
		"Scan",
		"Prep",
		"Scan",
		"Break",
		"Prep",
		"Scan",
		"Break",
		"Scan",
		"Break",
		"Scan",
		"Break",
		"Prep",
		"Scan",
		"Prep",
		"Scan",
		"Prep",
		"Scan",
		"Break",
		"Prep",
		"Scan",
		"Break",
		"Prep",
		"Scan",
		"Break",
		"Prep",
		"Scan",
		"Dead"
	],
	"start" : 15.836667060852051
}