{
	"data" : 
	[
		0.9202919602394104,
		0.64363592863082886,
		0.9202919602394104,
		1.0118790864944458,
		1.0118790864944458,
		10.854644775390625,
		2.3913695812225342,
		15.17818546295166,
		5.5192255973815918,
		0.64426755905151367,
		11.406062126159668,
		0.092218689620494843,
		0.092218689620494843,
		9.566741943359375,
		0.091587051749229431,
		0.18443737924098969,
		11.866524696350098,
		27.504539489746094
	],
	"end" : 17.294445037841797,
	"labels" : 
	[
		"Prep",
		"Scan",
		"Break",
		"Prep",
		"Scan",
		"Break",
		"Prep",
		"Scan",
		"Break",
		"Prep",
		"Scan",
		"Break",
		"Prep",
		"Scan",
		"Break",
		"Prep",
		"Scan",
		"Dead"
	],
	"start" : 16.992776870727539
}