{
	"data" : 
	[
		1.0561381578445435,
		1.4338300228118896,
		2.3389432430267334,
		0.075382933020591736,
		7.6963129043579102,
		0.075382933020591736,
		10.638836860656738,
		1.5092129707336426,
		0.075382933020591736,
		7.6963129043579102,
		8.2998943328857422,
		0.15076586604118347,
		0.075382933020591736,
		11.393444061279297,
		1.3581880331039429,
		15.845181465148926,
		30.18140983581543
	],
	"end" : 9.6533336639404297,
	"labels" : 
	[
		"Prep",
		"Scan",
		"Break",
		"Prep",
		"Scan",
		"Break",
		"Scan",
		"Break",
		"Prep",
		"Scan",
		"Scan",
		"Break",
		"Break",
		"Scan",
		"Prep",
		"Scan",
		"Dead"
	],
	"start" : 9.2855558395385742
}