{
	"data" : 
	[
		0.80703592300415039,
		0.86927956342697144,
		3.0422651767730713,
		4.5324892997741699,
		2.1109552383422852,
		0.062243659049272537,
		10.865354537963867,
		3.6011791229248047,
		0.43463978171348572,
		5.7741646766662598,
		0.062030494213104248,
		10.865568161010742,
		10.43071460723877,
		10.865568161010742,
		0.062030494213104248,
		1.055584192276001,
		12.727973937988281,
		21.730922698974609
	],
	"end" : 12.928333282470703,
	"labels" : 
	[
		"Prep",
		"Scan",
		"Break",
		"Scan",
		"Break",
		"Prep",
		"Scan",
		"Break",
		"Prep",
		"Scan",
		"Prep",
		"Scan",
		"Break",
		"Scan",
		"Break",
		"Prep",
		"Scan",
		"Dead"
	],
	"start" : 12.481389045715332
}