{
	"data" : 
	[
		0.52548962831497192,
		0.52561855316162109,
		1.6518702507019043,
		0.5631258487701416,
		3.9043738842010498,
		0.037636246532201767,
		0.67577683925628662,
		6.0067191123962402,
		0.037507355213165283,
		1.3515536785125732,
		12.351391792297363,
		0.037507355213165283,
		0.30044549703598022,
		6.1568770408630371,
		0.30031663179397583,
		0.7132841944694519,
		7.5085597038269043,
		0.037507355213165283,
		0.37546020746231079,
		0.037507355213165283,
		8.1466999053955078,
		0.037507355213165283,
		0.11265096068382263,
		6.5698447227478027,
		6.4573230743408203,
		0.037507355213165283,
		1.0512371063232422,
		7.5084309577941895,
		0.075143605470657349,
		0.33782398700714111,
		12.163725852966309,
		14.303577423095703
	],
	"end" : 11.402777671813965,
	"labels" : 
	[
		"Prep",
		"Scan",
		"Break",
		"Prep",
		"Scan",
		"Break",
		"Prep",
		"Scan",
		"Break",
		"Prep",
		"Scan",
		"Break",
		"Prep",
		"Scan",
		"Prep",
		"Break",
		"Scan",
		"Break",
		"Break",
		"Prep",
		"Scan",
		"Break",
		"Prep",
		"Scan",
		"Break",
		"Prep",
		"Break",
		"Scan",
		"Break",
		"Prep",
		"Scan",
		"Dead"
	],
	"start" : 10.66361141204834
}