{
	"data" : 
	[
		0.88021999597549438,
		0.8800041675567627,
		2.8921205997467041,
		4.1494231224060059,
		0.062811188399791718,
		1.0688693523406982,
		0.31427177786827087,
		10.247719764709473,
		0.063027031719684601,
		0.50292116403579712,
		18.73521614074707,
		0.50292116403579712,
		10.247719764709473,
		0.12562237679958344,
		12.259620666503906,
		0.063027031719684601,
		20.181169509887695,
		16.723316192626953
	],
	"end" : 9.2855558395385742,
	"labels" : 
	[
		"Prep",
		"Scan",
		"Break",
		"Scan",
		"Break",
		"Prep",
		"Break",
		"Scan",
		"Break",
		"Prep",
		"Scan",
		"Prep",
		"Scan",
		"Prep",
		"Scan",
		"Prep",
		"Scan",
		"Dead"
	],
	"start" : 8.8441667556762695
}