{
	"data" : 
	[
		0.29651683568954468,
		0.44477525353431702,
		0.02115900069475174,
		0.50825226306915283,
		0.38122555613517761,
		0.31767582893371582,
		0.38122555613517761,
		0.80476909875869751,
		0.33890756964683533,
		1.8213464021682739,
		3.4309573173522949,
		0.02115900069475174,
		2.3296713829040527,
		1.1224449872970581,
		0.3177485466003418,
		0.042318001389503479,
		3.5368251800537109,
		0.042390711605548859,
		0.02115900069475174,
		0.27535784244537354,
		4.8075284957885742,
		0.021231712773442268,
		0.35999384522438049,
		0.02115900069475174,
		0.10594042390584946,
		6.0359139442443848,
		0.21180813014507294,
		0.063549712300300598,
		2.4990887641906738,
		0.02115900069475174,
		3.0708906650543213,
		0.02115900069475174,
		0.1270994246006012,
		5.2946944236755371,
		0.02115900069475174,
		2.3508303165435791,
		0.02115900069475174,
		0.042390711605548859,
		0.33883485198020935,
		0.25419884920120239,
		0.042318001389503479,
		3.3462486267089844,
		0.02115900069475174,
		0.29651683568954468,
		0.46593427658081055,
		0.02115900069475174,
		4.0875406265258789,
		0.02115900069475174,
		0.4235435426235199,
		0.021231712773442268,
		6.2264900207519531,
		2.4143800735473633,
		0.063549712300300598,
		2.943864107131958,
		0.02115900069475174,
		0.16941742599010468,
		4.8499188423156738,
		0.02115900069475174,
		0.59303367137908936,
		4.8710780143737793,
		0.021231712773442268,
		0.23296713829040527,
		0.35999384522438049,
		0.14825841784477234,
		0.02115900069475174,
		7.5608158111572266,
		0.02115900069475174,
		0.14825841784477234,
		0.021231712773442268,
		6.3747482299804688,
		11.923642158508301
	],
	"end" : 14.238611221313477,
	"labels" : 
	[
		"Prep",
		"Scan",
		"Break",
		"Prep",
		"Scan",
		"Prep",
		"Scan",
		"Break",
		"Prep",
		"Scan",
		"Scan",
		"Prep",
		"Scan",
		"Break",
		"Prep",
		"Break",
		"Scan",
		"Break",
		"Prep",
		"Break",
		"Scan",
		"Prep",
		"Break",
		"Prep",
		"Break",
		"Scan",
		"Prep",
		"Break",
		"Scan",
		"Break",
		"Scan",
		"Prep",
		"Break",
		"Scan",
		"Break",
		"Scan",
		"Break",
		"Prep",
		"Break",
		"Prep",
		"Break",
		"Scan",
		"Break",
		"Prep",
		"Break",
		"Prep",
		"Scan",
		"Break",
		"Break",
		"Prep",
		"Scan",
		"Break",
		"Prep",
		"Scan",
		"Prep",
		"Break",
		"Scan",
		"Prep",
		"Break",
		"Scan",
		"Prep",
		"Break",
		"Break",
		"Break",
		"Prep",
		"Scan",
		"Prep",
		"Break",
		"Prep",
		"Scan",
		"Dead"
	],
	"start" : 12.928333282470703
}