{
	"data" : 
	[
		0.53221809864044189,
		0.53221809864044189,
		1.5205671787261963,
		0.26597854495048523,
		0.038108799606561661,
		0.037978287786245346,
		0.037978287786245346,
		1.2544581890106201,
		0.53221809864044189,
		0.83630543947219849,
		3.4592869281768799,
		2.3567421436309814,
		0.26610904932022095,
		0.11406538635492325,
		10.871971130371094,
		0.49410930275917053,
		0.076087087392807007,
		1.3304147720336914,
		30.63908576965332,
		10.90994930267334,
		0.30408734083175659,
		1.1783710718154907,
		9.0852947235107422,
		0.037978287786245346,
		0.72224009037017822,
		0.19015246629714966,
		11.328102111816406,
		10.947927474975586
	],
	"end" : 12.132778167724609,
	"labels" : 
	[
		"Prep",
		"Scan",
		"Break",
		"Prep",
		"Break",
		"Prep",
		"Scan",
		"Break",
		"Prep",
		"Break",
		"Scan",
		"Break",
		"Prep",
		"Break",
		"Scan",
		"Break",
		"Break",
		"Scan",
		"Break",
		"Scan",
		"Prep",
		"Break",
		"Scan",
		"Break",
		"Prep",
		"Break",
		"Scan",
		"Dead"
	],
	"start" : 11.402777671813965
}