{
	"data" : 
	[
		1.137535572052002,
		1.0620124340057373,
		5.1584949493408203,
		1.137535572052002,
		5.0064067840576172,
		0.076044045388698578,
		1.2896237373352051,
		12.667583465576172,
		2.427159309387207,
		22.604352951049805,
		0.68283385038375854,
		12.364449501037598,
		0.22761128842830658,
		10.771170616149902,
		23.287187576293945
	],
	"end" : 17.946666717529297,
	"labels" : 
	[
		"Prep",
		"Scan",
		"Break",
		"Prep",
		"Scan",
		"Break",
		"Prep",
		"Scan",
		"Prep",
		"Scan",
		"Prep",
		"Scan",
		"Prep",
		"Scan",
		"Dead"
	],
	"start" : 17.580833435058594
}