{
	"data" : 
	[
		1.3566173315048218,
		2.0345933437347412,
		3.5848231315612793,
		1.3566173315048218,
		11.530915260314941,
		0.097138859331607819,
		0.19361238181591034,
		14.243484497070312,
		0.097138859331607819,
		8.3333168029785156,
		0.77511489391326904,
		10.949413299560547,
		2.228205680847168,
		12.499643325805664,
		30.619367599487305
	],
	"end" : 17.580833435058594,
	"labels" : 
	[
		"Prep",
		"Scan",
		"Break",
		"Prep",
		"Scan",
		"Prep",
		"Break",
		"Scan",
		"Break",
		"Scan",
		"Prep",
		"Scan",
		"Prep",
		"Scan",
		"Dead"
	],
	"start" : 17.294445037841797
}