{
	"data" : 
	[
		5.4689145088195801,
		5.1034016609191895,
		8.7510137557983398,
		2.9165873527526855,
		77.660079956054688
	],
	"end" : 12.481389045715332,
	"labels" : 
	[
		"Prep",
		"Scan",
		"Break",
		"Prep",
		"Dead"
	],
	"start" : 12.405278205871582
}