{
	"data" : 
	[
		0.3644024133682251,
		1.0627665519714355,
		1.7611305713653564,
		0.2732887864112854,
		1.1234915256500244,
		1.0627665519714355,
		0.33401384949684143,
		4.7065300941467285,
		4.0081658363342285,
		0.27334091067314148,
		3.4615883827209473,
		0.030336461961269379,
		6.7712855339050293,
		0.030440710484981537,
		0.5465775728225708,
		5.7389078140258789,
		5.8906946182250977,
		0.33401384949684143,
		0.27334091067314148,
		1.0627143383026123,
		0.5465775728225708,
		0.030336461961269379,
		11.569033622741699,
		0.30357310175895691,
		0.30367735028266907,
		7.0142903327941895,
		5.4352307319641113,
		0.27334091067314148,
		7.894777774810791,
		0.030336461961269379,
		0.69846832752227783,
		2.7024469375610352,
		0.66802769899368286,
		2.763120174407959,
		3.4009153842926025,
		0.57691401243209839,
		4.5243029594421387,
		12.054834365844727
	],
	"end" : 8.8441667556762695,
	"labels" : 
	[
		"Prep",
		"Scan",
		"Break",
		"Prep",
		"Break",
		"Scan",
		"Prep",
		"Break",
		"Scan",
		"Prep",
		"Scan",
		"Break",
		"Break",
		"Scan",
		"Break",
		"Prep",
		"Scan",
		"Break",
		"Prep",
		"Break",
		"Break",
		"Prep",
		"Break",
		"Scan",
		"Break",
		"Break",
		"Prep",
		"Prep",
		"Scan",
		"Break",
		"Prep",
		"Break",
		"Scan",
		"Break",
		"Prep",
		"Prep",
		"Scan",
		"Dead"
	],
	"start" : 7.8899998664855957
}