{
	"data" : 
	[
		0.44150495529174805,
		0.76257443428039551,
		0.040099233388900757,
		1.0435446500778198,
		0.96334618330001831,
		0.36116868257522583,
		0.64227670431137085,
		0.2006339430809021,
		2.2075247764587402,
		1.0435446500778198,
		0.28097021579742432,
		5.0170888900756836,
		1.0435446500778198,
		0.040099233388900757,
		0.32106944918632507,
		5.0571880340576172,
		0.040237028151750565,
		0.68223816156387329,
		4.9769902229309082,
		1.3245148658752441,
		6.9436430931091309,
		0.080198466777801514,
		0.28097021579742432,
		0.76257443428039551,
		12.843743324279785,
		0.32106944918632507,
		0.72247517108917236,
		1.6054850816726685,
		0.040099233388900757,
		0.96334618330001831,
		0.92310911417007446,
		0.040099233388900757,
		0.36130645871162415,
		0.76257443428039551,
		0.68223816156387329,
		0.76271218061447144,
		0.040099233388900757,
		0.68223816156387329,
		0.76271218061447144,
		0.68223816156387329,
		0.76257443428039551,
		0.040237028151750565,
		0.32106944918632507,
		0.68223816156387329,
		0.72247517108917236,
		40.618316650390625
	],
	"end" : 14.930000305175781,
	"labels" : 
	[
		"Prep",
		"Scan",
		"Prep",
		"Scan",
		"Break",
		"Prep",
		"Break",
		"Scan",
		"Break",
		"Prep",
		"Break",
		"Scan",
		"Break",
		"Prep",
		"Break",
		"Scan",
		"Prep",
		"Break",
		"Scan",
		"Prep",
		"Scan",
		"Prep",
		"Break",
		"Scan",
		"Break",
		"Break",
		"Scan",
		"Break",
		"Prep",
		"Break",
		"Scan",
		"Prep",
		"Break",
		"Scan",
		"Break",
		"Scan",
		"Prep",
		"Break",
		"Scan",
		"Break",
		"Scan",
		"Break",
		"Prep",
		"Break",
		"Scan",
		"Dead"
	],
	"start" : 14.238611221313477
}