{
	"data" : 
	[
		0.33667463064193726,
		0.58150982856750488,
		1.7752126455307007,
		0.030578125268220901,
		0.55093169212341309,
		2.7851314544677734,
		3.2749068737030029,
		1.0407071113586426,
		0.061156250536441803,
		0.24483518302440643,
		0.52035355567932129,
		0.030578125268220901,
		0.030578125268220901,
		0.52035355567932129,
		2.6321356296539307,
		2.9076540470123291,
		0.21425703167915344,
		2.601557731628418,
		7.1313233375549316,
		0.55093169212341309,
		0.21425703167915344,
		0.58150982856750488,
		7.4679985046386719,
		0.82645010948181152,
		0.21425703167915344,
		0.61208796501159668,
		1.9282083511352539,
		0.24483518302440643,
		0.21425703167915344,
		0.67334926128387451,
		15.48692798614502,
		0.85702812671661377,
		10.712327003479004,
		0.58150982856750488,
		0.030578125268220901,
		0.55093169212341309,
		30.882122039794922
	],
	"end" : 15.836667060852051,
	"labels" : 
	[
		"Prep",
		"Scan",
		"Break",
		"Prep",
		"Break",
		"Scan",
		"Break",
		"Prep",
		"Break",
		"Break",
		"Scan",
		"Break",
		"Prep",
		"Break",
		"Scan",
		"Break",
		"Break",
		"Scan",
		"Break",
		"Prep",
		"Break",
		"Scan",
		"Break",
		"Prep",
		"Break",
		"Scan",
		"Break",
		"Prep",
		"Break",
		"Scan",
		"Break",
		"Prep",
		"Scan",
		"Prep",
		"Break",
		"Scan",
		"Dead"
	],
	"start" : 14.930000305175781
}