{
	"data" : 
	[
		0.47633516788482666,
		0.043262649327516556,
		1.0826069116592407,
		1.42900550365448,
		1.42900550365448,
		0.043262649327516556,
		0.30313590168952942,
		0.86614507436752319,
		0.38966119289398193,
		1.2125436067581177,
		0.12993662059307098,
		0.34639853239059448,
		1.42900550365448,
		0.043262649327516556,
		0.043262649327516556,
		0.73620843887329102,
		3.161146879196167,
		0.043262649327516556,
		0.043262649327516556,
		0.043262649327516556,
		0.30313590168952942,
		0.82288241386413574,
		2.2950019836425781,
		0.30313590168952942,
		0.043262649327516556,
		0.995932936668396,
		0.043411321938037872,
		0.82273375988006592,
		0.86599636077880859,
		0.30313590168952942,
		0.73620843887329102,
		79.071197509765625
	],
	"end" : 10.66361141204834,
	"labels" : 
	[
		"Prep",
		"Break",
		"Scan",
		"Break",
		"Prep",
		"Break",
		"Break",
		"Scan",
		"Break",
		"Prep",
		"Break",
		"Break",
		"Scan",
		"Break",
		"Prep",
		"Break",
		"Scan",
		"Prep",
		"Break",
		"Prep",
		"Break",
		"Scan",
		"Break",
		"Prep",
		"Break",
		"Scan",
		"Break",
		"Scan",
		"Prep",
		"Break",
		"Scan",
		"Dead"
	],
	"start" : 10.022777557373047
}