{
	"data" : 
	[
		1.4769470691680908,
		0.63271856307983398,
		0.84422838687896729,
		0.10539273172616959,
		1.05501389503479,
		4.0085458755493164,
		1.4769470691680908,
		5.8020329475402832,
		1.7931252717971802,
		10.33826732635498,
		0.21078546345233917,
		6.223966121673584,
		0.21114765107631683,
		5.0635595321655273,
		3.6920053958892822,
		0.10575491189956665,
		5.0635595321655273,
		51.796005249023438
	],
	"end" : 10.816389083862305,
	"labels" : 
	[
		"Prep",
		"Scan",
		"Break",
		"Prep",
		"Scan",
		"Break",
		"Prep",
		"Scan",
		"Prep",
		"Scan",
		"Prep",
		"Scan",
		"Prep",
		"Scan",
		"Break",
		"Prep",
		"Scan",
		"Dead"
	],
	"start" : 10.553333282470703
}