{
	"data" : 
	[
		1.2078323364257812,
		1.2078323364257812,
		2.8469066619873047,
		0.69010531902313232,
		6.2977290153503418,
		0.086189121007919312,
		1.4666959047317505,
		13.889184951782227,
		0.086189121007919312,
		0.60391616821289062,
		14.148344039916992,
		2.5880429744720459,
		23.637737274169922,
		0.17267441749572754,
		10.524846076965332,
		20.445775985717773
	],
	"end" : 15.050277709960938,
	"labels" : 
	[
		"Prep",
		"Scan",
		"Break",
		"Prep",
		"Scan",
		"Break",
		"Prep",
		"Scan",
		"Break",
		"Prep",
		"Scan",
		"Prep",
		"Scan",
		"Prep",
		"Scan",
		"Dead"
	],
	"start" : 14.728610992431641
}