{
	"data" : 
	[
		0.73769527673721313,
		0.73769527673721313,
		2.1602640151977539,
		0.42148846387863159,
		3.2668068408966064,
		0.68487352132797241,
		0.94843947887420654,
		8.7465190887451172,
		0.052640832960605621,
		0.15810340642929077,
		15.648980140686035,
		0.052640832960605621,
		0.36884763836860657,
		9.2734699249267578,
		0.052640832960605621,
		6.4281516075134277,
		10.959423065185547,
		0.052821733057498932,
		6.3753299713134766,
		0.052821733057498932,
		0.47412928938865662,
		15.280133247375488,
		16.966087341308594
	],
	"end" : 10.553333282470703,
	"labels" : 
	[
		"Prep",
		"Scan",
		"Break",
		"Prep",
		"Scan",
		"Break",
		"Prep",
		"Scan",
		"Break",
		"Prep",
		"Scan",
		"Break",
		"Prep",
		"Scan",
		"Prep",
		"Scan",
		"Break",
		"Prep",
		"Scan",
		"Break",
		"Prep",
		"Scan",
		"Dead"
	],
	"start" : 10.026666641235352
}