{
	"data" : 
	[
		0.77755814790725708,
		0.83752834796905518,
		2.8713788986206055,
		4.3669357299804688,
		3.2901430130004883,
		10.468487739562988,
		0.41876417398452759,
		8.7936372756958008,
		0.059764768928289413,
		10.169458389282227,
		12.801573753356934,
		0.059764768928289413,
		10.468693733215332,
		1.0170279741287231,
		11.485515594482422,
		22.013769149780273
	],
	"end" : 15.866110801696777,
	"labels" : 
	[
		"Prep",
		"Scan",
		"Break",
		"Scan",
		"Break",
		"Scan",
		"Prep",
		"Scan",
		"Prep",
		"Scan",
		"Break",
		"Prep",
		"Scan",
		"Prep",
		"Scan",
		"Dead"
	],
	"start" : 15.402222633361816
}