{
	"data" : 
	[
		0.29358124732971191,
		0.29365324974060059,
		0.85993307828903198,
		0.021026669070124626,
		1.7617754936218262,
		0.021026669070124626,
		0.35651722550392151,
		3.5236949920654297,
		0.1677812784910202,
		3.4187777042388916,
		0.020954659208655357,
		0.31460791826248169,
		0.021026669070124626,
		6.7327103614807129,
		0.020954659208655357,
		0.041981328278779984,
		3.2719511985778809,
		2.1813006401062012,
		3.4817135334014893,
		0.041981328278779984,
		0.041909318417310715,
		6.669774055480957,
		66.34136962890625
	],
	"end" : 13.817500114440918,
	"labels" : 
	[
		"Prep",
		"Scan",
		"Break",
		"Prep",
		"Scan",
		"Break",
		"Prep",
		"Scan",
		"Prep",
		"Scan",
		"Break",
		"Prep",
		"Break",
		"Scan",
		"Break",
		"Prep",
		"Scan",
		"Break",
		"Scan",
		"Break",
		"Prep",
		"Scan",
		"Dead"
	],
	"start" : 12.494444847106934
}