{
	"data" : 
	[
		0.70639884471893311,
		0.70639884471893311,
		1.9172196388244629,
		0.70639884471893311,
		3.1282138824462891,
		0.050407562404870987,
		0.85779470205307007,
		8.4258584976196289,
		0.15139591693878174,
		15.035486221313477,
		0.40360698103904724,
		8.223881721496582,
		0.050580792129039764,
		5.3986330032348633,
		54.137725830078125
	],
	"end" : 16.416110992431641,
	"labels" : 
	[
		"Prep",
		"Scan",
		"Break",
		"Prep",
		"Scan",
		"Break",
		"Prep",
		"Scan",
		"Prep",
		"Scan",
		"Prep",
		"Scan",
		"Prep",
		"Scan",
		"Dead"
	],
	"start" : 15.866110801696777
}