{
	"data" : 
	[
		2.1494030952453613,
		1.4339194297790527,
		2.1494030952453613,
		4.2997903823852539,
		5.5900225639343262,
		5.159945011138916,
		14.475993156433105,
		0.14368720352649689,
		15.336148262023926,
		0.14270304143428802,
		13.473135948181152,
		0.14368720352649689,
		12.039216041564941,
		6.8802547454833984,
		16.482692718505859
	],
	"end" : 18.801944732666016,
	"labels" : 
	[
		"Prep",
		"Scan",
		"Break",
		"Scan",
		"Break",
		"Prep",
		"Scan",
		"Break",
		"Scan",
		"Prep",
		"Scan",
		"Prep",
		"Scan",
		"Prep",
		"Scan"
	],
	"start" : 18.608333587646484
}