{
	"data" : 
	[
		1.2784942388534546,
		0.63893365859985352,
		1.1875762939453125,
		0.090917937457561493,
		1.0044864416122437,
		4.8399696350097656,
		1.1869493722915649,
		5.0224323272705078,
		1.5525021553039551,
		8.40081787109375,
		0.27400785684585571,
		4.7484245300292969,
		0.73110562562942505,
		0.18246288597583771,
		4.3828716278076172,
		64.3780517578125
	],
	"end" : 16.719999313354492,
	"labels" : 
	[
		"Prep",
		"Scan",
		"Break",
		"Prep",
		"Scan",
		"Break",
		"Prep",
		"Scan",
		"Prep",
		"Scan",
		"Prep",
		"Scan",
		"Break",
		"Prep",
		"Scan",
		"Dead"
	],
	"start" : 16.416110992431641
}