{
	"data" : 
	[
		0.71170556545257568,
		0.76639425754547119,
		1.8611091375350952,
		0.054688751697540283,
		4.105414867401123,
		0.05487668514251709,
		0.93046057224273682,
		8.977412223815918,
		0.054688751697540283,
		0.3831971287727356,
		8.9772243499755859,
		1.6421660184860229,
		17.626316070556641,
		0.10937750339508057,
		6.8424835205078125,
		46.802486419677734
	],
	"end" : 10.026666641235352,
	"labels" : 
	[
		"Prep",
		"Scan",
		"Break",
		"Prep",
		"Scan",
		"Break",
		"Prep",
		"Scan",
		"Break",
		"Prep",
		"Scan",
		"Prep",
		"Scan",
		"Prep",
		"Scan",
		"Dead"
	],
	"start" : 9.5197219848632812
}