{
	"data" : 
	[
		0.67699325084686279,
		0.67699325084686279,
		2.5144040584564209,
		3.4815847873687744,
		0.04830922931432724,
		0.82208693027496338,
		8.0268020629882812,
		0.04830922931432724,
		1.1604175567626953,
		14.409597396850586,
		0.3384966254234314,
		8.5103931427001953,
		0.04830922931432724,
		9.7675952911376953,
		0.09661845862865448,
		15.521705627441406,
		33.751384735107422
	],
	"end" : 12.086667060852051,
	"labels" : 
	[
		"Prep",
		"Scan",
		"Break",
		"Scan",
		"Break",
		"Prep",
		"Scan",
		"Break",
		"Prep",
		"Scan",
		"Prep",
		"Scan",
		"Prep",
		"Scan",
		"Prep",
		"Scan",
		"Dead"
	],
	"start" : 11.512777328491211
}