{
	"data" : 
	[
		1.0164755582809448,
		1.0164755582809448,
		2.6137230396270752,
		5.4450488090515137,
		0.072534173727035522,
		1.3068615198135376,
		11.906572341918945,
		0.58102118968963623,
		11.834037780761719,
		0.072534173727035522,
		0.58077198266983032,
		21.562839508056641,
		0.072534173727035522,
		0.072534173727035522,
		8.8573951721191406,
		32.888641357421875
	],
	"end" : 8.4274997711181641,
	"labels" : 
	[
		"Prep",
		"Scan",
		"Break",
		"Scan",
		"Break",
		"Prep",
		"Scan",
		"Prep",
		"Scan",
		"Break",
		"Prep",
		"Scan",
		"Break",
		"Prep",
		"Scan",
		"Dead"
	],
	"start" : 8.0452775955200195
}