{
	"data" : 
	[
		0.55790644884109497,
		0.55776959657669067,
		1.5541483163833618,
		0.55790644884109497,
		0.11957091838121414,
		0.039811372756958008,
		5.4592199325561523,
		0.039811372756958008,
		0.71728873252868652,
		7.0929913520812988,
		0.039948180317878723,
		0.23900504410266876,
		13.110116958618164,
		0.039948180317878723,
		0.31876459717750549,
		8.1290445327758789,
		0.63766598701477051,
		0.79691147804260254,
		1.7533420324325562,
		0.31876459717750549,
		0.079759553074836731,
		0.039811372756958008,
		4.5427374839782715,
		0.27895322442054749,
		0.039811372756958008,
		7.0133681297302246,
		0.039811372756958008,
		0.31876459717750549,
		0.63752919435501099,
		0.47828367352485657,
		0.039811372756958008,
		5.5389795303344727,
		0.039811372756958008,
		6.4554619789123535,
		0.039811372756958008,
		2.1916775703430176,
		0.43833550810813904,
		10.719245910644531,
		0.19919367134571075,
		0.039948180317878723,
		0.23900504410266876,
		7.4517040252685547,
		10.958250999450684
	],
	"end" : 11.512777328491211,
	"labels" : 
	[
		"Prep",
		"Scan",
		"Break",
		"Prep",
		"Break",
		"Prep",
		"Scan",
		"Break",
		"Prep",
		"Scan",
		"Break",
		"Prep",
		"Scan",
		"Break",
		"Prep",
		"Scan",
		"Prep",
		"Scan",
		"Break",
		"Prep",
		"Break",
		"Prep",
		"Scan",
		"Break",
		"Prep",
		"Scan",
		"Break",
		"Prep",
		"Break",
		"Break",
		"Prep",
		"Scan",
		"Break",
		"Scan",
		"Prep",
		"Break",
		"Break",
		"Scan",
		"Break",
		"Prep",
		"Break",
		"Scan",
		"Dead"
	],
	"start" : 10.816389083862305
}