{
	"data" : 
	[
		1.1039212942123413,
		1.1039212942123413,
		2.6807582378387451,
		1.1039212942123413,
		5.2039680480957031,
		0.07877417653799057,
		1.3402438163757324,
		13.246513366699219,
		0.70950895547866821,
		23.417858123779297,
		0.07877417653799057,
		0.55196064710617065,
		12.931146621704102,
		0.15754835307598114,
		10.565484046936035,
		25.625699996948242
	],
	"end" : 15.402222633361816,
	"labels" : 
	[
		"Prep",
		"Scan",
		"Break",
		"Prep",
		"Scan",
		"Break",
		"Prep",
		"Scan",
		"Prep",
		"Scan",
		"Break",
		"Prep",
		"Scan",
		"Prep",
		"Scan",
		"Dead"
	],
	"start" : 15.050277709960938
}