{
	"data" : 
	[
		0.7485736608505249,
		1.2929483652114868,
		5.6481795310974121,
		1.6333576440811157,
		0.067988425493240356,
		0.067988425493240356,
		22.457208633422852,
		0.067988425493240356,
		0.7485736608505249,
		6.7371625900268555,
		0.13597685098648071,
		0.54460835456848145,
		5.8523783683776855,
		0.2041989266872406,
		1.1567379236221313,
		1.2249599695205688,
		3.7428679466247559,
		0.13621048629283905,
		0.067988425493240356,
		1.3609367609024048,
		0.54437470436096191,
		1.1569714546203613,
		0.067988425493240356,
		1.1569714546203613,
		1.2249599695205688,
		0.067988425493240356,
		1.1569714546203613,
		1.1567379236221313,
		0.068222068250179291,
		1.1567379236221313,
		1.2249599695205688,
		0.067988425493240356,
		0.54460835456848145,
		1.1567379236221313,
		1.1569714546203613,
		34.093978881835938
	],
	"end" : 12.494444847106934,
	"labels" : 
	[
		"Prep",
		"Scan",
		"Break",
		"Prep",
		"Break",
		"Prep",
		"Scan",
		"Prep",
		"Break",
		"Scan",
		"Prep",
		"Break",
		"Scan",
		"Prep",
		"Break",
		"Scan",
		"Break",
		"Prep",
		"Break",
		"Scan",
		"Break",
		"Scan",
		"Break",
		"Break",
		"Scan",
		"Prep",
		"Break",
		"Scan",
		"Break",
		"Break",
		"Scan",
		"Break",
		"Prep",
		"Break",
		"Scan",
		"Dead"
	],
	"start" : 12.086667060852051
}