{
	"data" : 
	[
		0.42642393708229065,
		0.42631936073303223,
		1.0964888334274292,
		0.5482444167137146,
		0.27417448163032532,
		0.030428975820541382,
		0.42642393708229065,
		0.57867336273193359,
		1.1573467254638672,
		0.33503243327140808,
		2.2234065532684326,
		1.4009877443313599,
		0.42642393708229065,
		6.2132620811462402,
		0.3046034574508667,
		0.42642393708229065,
		0.030428975820541382,
		0.45685291290283203,
		0.030533542856574059,
		0.42631936073303223,
		0.24364092946052551,
		0.63963592052459717,
		5.055915355682373,
		0.030428975820541382,
		0.06096252053976059,
		9.0763044357299805,
		0.030428975820541382,
		0.24364092946052551,
		4.9645237922668457,
		0.030533542856574059,
		0.45685291290283203,
		10.995107650756836,
		0.030428975820541382,
		2.5279054641723633,
		0.030533542856574059,
		3.7462148666381836,
		3.8985686302185059,
		0.030428975820541382,
		8.0712070465087891,
		0.030428975820541382,
		0.091391496360301971,
		11.055966377258301,
		21.320150375366211
	],
	"end" : 14.728610992431641,
	"labels" : 
	[
		"Prep",
		"Scan",
		"Break",
		"Prep",
		"Scan",
		"Break",
		"Prep",
		"Scan",
		"Break",
		"Prep",
		"Scan",
		"Break",
		"Prep",
		"Scan",
		"Prep",
		"Break",
		"Prep",
		"Scan",
		"Prep",
		"Scan",
		"Break",
		"Prep",
		"Scan",
		"Break",
		"Prep",
		"Scan",
		"Break",
		"Prep",
		"Scan",
		"Break",
		"Prep",
		"Scan",
		"Prep",
		"Scan",
		"Break",
		"Scan",
		"Break",
		"Prep",
		"Scan",
		"Break",
		"Prep",
		"Scan",
		"Dead"
	],
	"start" : 13.817500114440918
}