{
	"data" : 
	[
		1.0742473602294922,
		1.0742473602294922,
		2.2250196933746338,
		1.3044807910919189,
		0.76722550392150879,
		0.15344509482383728,
		1.1509040594100952,
		6.291776180267334,
		2.3018081188201904,
		0.61378037929534912,
		15.652585983276367,
		67.290481567382812
	],
	"end" : 8.0452775955200195,
	"labels" : 
	[
		"Prep",
		"Scan",
		"Break",
		"Prep",
		"Scan",
		"Break",
		"Prep",
		"Scan",
		"Break",
		"Prep",
		"Scan",
		"Dead"
	],
	"start" : 7.6836109161376953
}