{
	"data" : 
	[
		0.41188350319862366,
		0.86130440235137939,
		2.8083667755126953,
		0.33680859208106995,
		0.26224792003631592,
		5.2421302795410156,
		0.037280343472957611,
		1.2356505393981934,
		0.33706569671630859,
		0.33706569671630859,
		0.037280343472957611,
		7.2267298698425293,
		0.33706569671630859,
		6.477780818939209,
		0.33706569671630859,
		0.33680859208106995,
		7.2267298698425293,
		1.4228235483169556,
		1.0857577323913574,
		0.37460315227508545,
		0.037280343472957611,
		9.3236846923828125,
		0.29952827095985413,
		0.3743460476398468,
		5.6915507316589355,
		0.037280343472957611,
		0.29952827095985413,
		0.86130440235137939,
		0.037537448108196259,
		0.22471046447753906,
		0.037280343472957611,
		1.5351786613464355,
		0.037537448108196259,
		0.3743460476398468,
		0.56177616119384766,
		0.037280343472957611,
		1.6850714683532715,
		0.037537448108196259,
		0.67387431859970093,
		0.037537448108196259,
		0.33680859208106995,
		0.037537448108196259,
		9.1737918853759766,
		0.22471046447753906,
		0.7486920952796936,
		0.037537448108196259,
		0.5242387056350708,
		0.037280343472957611,
		8.2003898620605469,
		0.11235523223876953,
		0.29952827095985413,
		0.86104732751846313,
		0.33706569671630859,
		0.22471046447753906,
		5.8411865234375,
		13.966501235961914
	],
	"end" : 17.461111068725586,
	"labels" : 
	[
		"Prep",
		"Scan",
		"Break",
		"Prep",
		"Break",
		"Scan",
		"Break",
		"Scan",
		"Prep",
		"Break",
		"Prep",
		"Scan",
		"Break",
		"Scan",
		"Break",
		"Prep",
		"Scan",
		"Prep",
		"Break",
		"Break",
		"Prep",
		"Scan",
		"Break",
		"Prep",
		"Scan",
		"Break",
		"Prep",
		"Break",
		"Prep",
		"Break",
		"Prep",
		"Scan",
		"Break",
		"Prep",
		"Break",
		"Prep",
		"Break",
		"Prep",
		"Break",
		"Prep",
		"Break",
		"Prep",
		"Scan",
		"Break",
		"Break",
		"Prep",
		"Break",
		"Prep",
		"Scan",
		"Break",
		"Prep",
		"Break",
		"Break",
		"Break",
		"Scan",
		"Dead"
	],
	"start" : 16.719999313354492
}