{
	"data" : 
	[
		0.35571467876434326,
		0.35571467876434326,
		2.8201596736907959,
		0.025383269414305687,
		0.076237037777900696,
		0.33033141493797302,
		0.35562744736671448,
		1.1687643527984619,
		1.6006289720535278,
		0.43186450004577637,
		4.243018627166748,
		0.10162030905485153,
		0.20324061810970306,
		7.5458965301513672,
		0.025383269414305687,
		0.17785733938217163,
		4.166694164276123,
		3.2012579441070557,
		72.714607238769531
	],
	"end" : 9.5197219848632812,
	"labels" : 
	[
		"Prep",
		"Scan",
		"Break",
		"Prep",
		"Break",
		"Prep",
		"Scan",
		"Break",
		"Scan",
		"Prep",
		"Scan",
		"Break",
		"Prep",
		"Scan",
		"Break",
		"Prep",
		"Scan",
		"Scan",
		"Dead"
	],
	"start" : 8.4274997711181641
}