{
	"data" : 
	[
		0.33866095542907715,
		0.33866095542907715,
		0.74990403652191162,
		1.9349682331085205,
		0.4112430214881897,
		4.4265098571777344,
		0.02424938790500164,
		0.072582073509693146,
		7.2082138061523438,
		0.048498775810003281,
		5.466576099395752,
		0.02424938790500164,
		3.1446142196655273,
		0.14499804377555847,
		0.45957568287849426,
		0.4112430214881897,
		0.33866095542907715,
		0.36291036009788513,
		0.4112430214881897,
		0.62882316112518311,
		0.36291036009788513,
		0.41107696294784546,
		0.79823672771453857,
		0.38715973496437073,
		2.1043815612792969,
		0.4112430214881897,
		2.7332048416137695,
		0.38715973496437073,
		3.1927804946899414,
		1.4272259473800659,
		0.02424938790500164,
		1.4996418952941895,
		0.6773219108581543,
		0.2660788893699646,
		0.048332683742046356,
		2.2495460510253906,
		0.02424938790500164,
		1.7657207250595093,
		0.02424938790500164,
		1.5722239017486572,
		0.02424938790500164,
		2.1286311149597168,
		0.024083295837044716,
		1.5964734554290771,
		0.2660788893699646,
		2.2980446815490723,
		0.3869936466217041,
		2.2978787422180176,
		0.02424938790500164,
		0.21774621307849884,
		3.1444478034973145,
		7.3292942047119141,
		3.1444478034973145,
		0.02424938790500164,
		0.048332683742046356,
		8.0791988372802734,
		21.552225112915039
	],
	"end" : 18.608333587646484,
	"labels" : 
	[
		"Prep",
		"Scan",
		"Break",
		"Scan",
		"Prep",
		"Scan",
		"Break",
		"Prep",
		"Scan",
		"Prep",
		"Scan",
		"Break",
		"Scan",
		"Break",
		"Prep",
		"Scan",
		"Break",
		"Prep",
		"Scan",
		"Break",
		"Prep",
		"Scan",
		"Break",
		"Prep",
		"Scan",
		"Prep",
		"Scan",
		"Prep",
		"Scan",
		"Break",
		"Prep",
		"Scan",
		"Break",
		"Prep",
		"Break",
		"Scan",
		"Prep",
		"Scan",
		"Prep",
		"Scan",
		"Prep",
		"Scan",
		"Prep",
		"Scan",
		"Prep",
		"Scan",
		"Prep",
		"Scan",
		"Break",
		"Prep",
		"Scan",
		"Break",
		"Scan",
		"Break",
		"Prep",
		"Scan",
		"Dead"
	],
	"start" : 17.461111068725586
}