{
	"data" : 
	[
		0.44227457046508789,
		1.1939742565155029,
		3.0072546005249023,
		0.44227457046508789,
		0.30942517518997192,
		6.0143570899963379,
		1.9016439914703369,
		0.39794081449508667,
		0.30957701802253723,
		8.8447322845458984,
		1.7246127128601074,
		1.6804308891296387,
		9.950190544128418,
		0.044333737343549728,
		0.97291296720504761,
		0.088363818824291229,
		0.30957701802253723,
		2.1227054595947266,
		0.088515646755695343,
		0.88439726829528809,
		0.13269755244255066,
		0.044181909412145615,
		27.108713150024414,
		0.4864564836025238,
		1.2824898958206177,
		0.30957701802253723,
		2.8745570182800293,
		0.044181909412145615,
		0.44227457046508789,
		0.22106136381626129,
		0.044181909412145615,
		13.753478050231934,
		12.426654815673828
	],
	"end" : 10.372777938842773,
	"labels" : 
	[
		"Prep",
		"Scan",
		"Break",
		"Prep",
		"Break",
		"Scan",
		"Break",
		"Prep",
		"Break",
		"Scan",
		"Break",
		"Prep",
		"Scan",
		"Break",
		"Prep",
		"Break",
		"Break",
		"Scan",
		"Break",
		"Prep",
		"Break",
		"Prep",
		"Scan",
		"Break",
		"Prep",
		"Break",
		"Scan",
		"Break",
		"Prep",
		"Break",
		"Prep",
		"Scan",
		"Dead"
	],
	"start" : 9.7452774047851562
}