{
	"data" : 
	[
		0.27587002515792847,
		0.29714685678482056,
		0.99753320217132568,
		0.14857342839241028,
		1.676642894744873,
		0.021276822313666344,
		0.36075872182846069,
		3.6080245971679688,
		0.16977739334106445,
		6.324681282043457,
		0.57308977842330933,
		0.021203957498073578,
		3.3320817947387695,
		4.2660026550292969,
		0.14857342839241028,
		3.3957662582397461,
		2.6954529285430908,
		0.063611865043640137,
		4.3508915901184082,
		0.021203957498073578,
		0.063684739172458649,
		6.0912189483642578,
		0.021203957498073578,
		1.3582919836044312,
		59.617435455322266
	],
	"end" : 16.526666641235352,
	"labels" : 
	[
		"Prep",
		"Scan",
		"Break",
		"Prep",
		"Scan",
		"Break",
		"Prep",
		"Scan",
		"Prep",
		"Scan",
		"Break",
		"Prep",
		"Scan",
		"Scan",
		"Prep",
		"Scan",
		"Break",
		"Prep",
		"Scan",
		"Break",
		"Prep",
		"Scan",
		"Break",
		"Scan",
		"Dead"
	],
	"start" : 15.21916675567627
}