{
	"data" : 
	[
		0.44971397519111633,
		0.61840498447418213,
		2.8110017776489258,
		0.39354798197746277,
		1.0681189298629761,
		4.5536918640136719,
		0.73073691129684448,
		1.0683119297027588,
		1.6301649808883667,
		0.056359004229307175,
		0.95559388399124146,
		7.4770255088806152,
		0.44990697503089905,
		1.0681189298629761,
		2.5297858715057373,
		1.1242848634719849,
		0.78709596395492554,
		0.39354798197746277,
		0.50587999820709229,
		5.7343354225158691,
		0.44971397519111633,
		8.3202877044677734,
		0.056359004229307175,
		6.8586201667785645,
		0.056165993213653564,
		0.056165993213653564,
		0.056359004229307175,
		5.7341427803039551,
		0.22485698759555817,
		8.6576700210571289,
		0.056165993213653564,
		1.6303579807281494,
		8.9386920928955078,
		24.398815155029297
	],
	"end" : 9.2786111831665039,
	"labels" : 
	[
		"Prep",
		"Scan",
		"Break",
		"Prep",
		"Scan",
		"Break",
		"Prep",
		"Scan",
		"Break",
		"Prep",
		"Scan",
		"Break",
		"Prep",
		"Scan",
		"Break",
		"Scan",
		"Break",
		"Prep",
		"Scan",
		"Break",
		"Prep",
		"Scan",
		"Break",
		"Scan",
		"Prep",
		"Break",
		"Prep",
		"Scan",
		"Break",
		"Scan",
		"Break",
		"Break",
		"Scan",
		"Dead"
	],
	"start" : 8.7849998474121094
}