{
	"data" : 
	[
		1.0231666564941406,
		1.0231666564941406,
		4.4577250480651855,
		1.0231666564941406,
		5.3348679542541504,
		0.073011644184589386,
		1.2424523830413818,
		12.131223678588867,
		0.073011644184589386,
		2.11934494972229,
		21.777793884277344,
		0.65760660171508789,
		11.911937713623047,
		0.58484584093093872,
		10.377187728881836,
		26.089492797851562
	],
	"end" : 15.21916675567627,
	"labels" : 
	[
		"Prep",
		"Scan",
		"Break",
		"Prep",
		"Scan",
		"Break",
		"Prep",
		"Scan",
		"Break",
		"Prep",
		"Scan",
		"Prep",
		"Scan",
		"Prep",
		"Scan",
		"Dead"
	],
	"start" : 14.839444160461426
}