{
	"data" : 
	[
		0.93984228372573853,
		1.4456249475479126,
		3.5422153472900391,
		4.8431534767150879,
		0.072219200432300568,
		7.8068704605102539,
		0.0724673792719841,
		7.7346515655517578,
		1.7347499132156372,
		16.192239761352539,
		55.515968322753906
	],
	"end" : 14.0625,
	"labels" : 
	[
		"Prep",
		"Scan",
		"Break",
		"Scan",
		"Break",
		"Scan",
		"Break",
		"Scan",
		"Prep",
		"Scan",
		"Dead"
	],
	"start" : 13.678610801696777
}