{
	"data" : 
	[
		0.84614068269729614,
		0.84614068269729614,
		3.3239760398864746,
		0.36248353123664856,
		5.5600862503051758,
		3.5053212642669678,
		12.691488265991211,
		0.060379341244697571,
		8.4006128311157227,
		0.54382902383804321,
		13.054178237915039,
		5.8018112182617188,
		12.691488265991211,
		1.0272786617279053,
		0.42307034134864807,
		0.060586828738451004,
		14.987977981567383,
		15.713151931762695
	],
	"end" : 12.66944408416748,
	"labels" : 
	[
		"Prep",
		"Scan",
		"Break",
		"Prep",
		"Scan",
		"Break",
		"Scan",
		"Prep",
		"Scan",
		"Break",
		"Scan",
		"Break",
		"Scan",
		"Prep",
		"Break",
		"Prep",
		"Scan",
		"Dead"
	],
	"start" : 12.210277557373047
}