{
	"data" : 
	[
		1.0042680501937866,
		0.77296280860900879,
		2.8584237098693848,
		0.077455431222915649,
		1.4679396152496338,
		4.4038186073303223,
		1.3135591745376587,
		16.224790573120117,
		1.1591789722442627,
		12.670860290527344,
		0.15438035130500793,
		15.916030883789062,
		0.077455431222915649,
		0.15438035130500793,
		13.598202705383301,
		28.046295166015625
	],
	"end" : 17.536666870117188,
	"labels" : 
	[
		"Prep",
		"Scan",
		"Break",
		"Prep",
		"Scan",
		"Break",
		"Prep",
		"Scan",
		"Break",
		"Scan",
		"Prep",
		"Scan",
		"Break",
		"Prep",
		"Scan",
		"Dead"
	],
	"start" : 17.177499771118164
}