{
	"data" : 
	[
		0.52183449268341064,
		0.6377866268157959,
		0.57976078987121582,
		1.2755732536315918,
		1.5074776411056519,
		3.6527419090270996,
		0.058025844395160675,
		20.119043350219727,
		1.7975074052810669,
		17.278165817260742,
		16.698305130004883,
		0.057926315814256668,
		10.378564834594727,
		0.52173495292663574,
		0.057926315814256668,
		12.117946624755859,
		12.639680862426758
	],
	"end" : 8.4016666412353516,
	"labels" : 
	[
		"Break",
		"Prep",
		"Scan",
		"Break",
		"Scan",
		"Break",
		"Prep",
		"Scan",
		"Break",
		"Scan",
		"Scan",
		"Prep",
		"Scan",
		"Break",
		"Prep",
		"Scan",
		"Dead"
	],
	"start" : 7.9230556488037109
}