{
	"data" : 
	[
		0.59470242261886597,
		1.5460629463195801,
		2.9136948585510254,
		0.53508925437927246,
		0.89195150136947632,
		1.0703827142715454,
		0.059613153338432312,
		11.060280799865723,
		2.9136948585510254,
		0.059613153338432312,
		0.41627129912376404,
		11.179098129272461,
		0.53529340028762817,
		0.53508925437927246,
		6.1844558715820312,
		1.0701785087585449,
		7.670905590057373,
		9.8710803985595703,
		0.17843113839626312,
		3.3895790576934814,
		9.3357868194580078,
		0.11902213841676712,
		8.8601064682006836,
		18.909618377685547
	],
	"end" : 9.7452774047851562,
	"labels" : 
	[
		"Prep",
		"Scan",
		"Break",
		"Prep",
		"Scan",
		"Break",
		"Prep",
		"Scan",
		"Break",
		"Prep",
		"Break",
		"Scan",
		"Break",
		"Prep",
		"Scan",
		"Prep",
		"Scan",
		"Scan",
		"Prep",
		"Scan",
		"Break",
		"Prep",
		"Scan",
		"Dead"
	],
	"start" : 9.2786111831665039
}