{
	"data" : 
	[
		0.68478435277938843,
		1.7116082906723022,
		0.82183527946472168,
		0.95841604471206665,
		1.5063846111297607,
		0.068642996251583099,
		5.0668869018554688,
		1.2325178384780884,
		9.7228565216064453,
		2.5334434509277344,
		0.13705089688301086,
		0.20522372424602509,
		0.13705089688301086,
		0.20545881986618042,
		1.9170670509338379,
		20.404600143432617,
		0.54773348569869995,
		11.229476928710938,
		0.068407915532588959,
		0.54773348569869995,
		11.160833358764648,
		0.20545881986618042,
		9.654449462890625,
		19.172080993652344
	],
	"end" : 10.778055191040039,
	"labels" : 
	[
		"Prep",
		"Break",
		"Prep",
		"Scan",
		"Break",
		"Prep",
		"Scan",
		"Prep",
		"Scan",
		"Break",
		"Prep",
		"Break",
		"Prep",
		"Break",
		"Prep",
		"Scan",
		"Prep",
		"Scan",
		"Break",
		"Prep",
		"Scan",
		"Prep",
		"Scan",
		"Dead"
	],
	"start" : 10.372777938842773
}