{
	"data" : 
	[
		0.90975266695022583,
		0.4543558657169342,
		2.3498473167419434,
		0.98521840572357178,
		5.002598762512207,
		2.1224093437194824,
		3.5625038146972656,
		3.0316414833068848,
		0.15197241306304932,
		4.244297981262207,
		1.8949710130691528,
		0.1514519602060318,
		4.0933666229248047,
		0.22743816673755646,
		1.3641085624694824,
		6.5941452980041504,
		0.075986206531524658,
		0.30342435836791992,
		8.6405677795410156,
		0.75778025388717651,
		0.37941059470176697,
		0.1514519602060318,
		0.45487633347511292,
		0.075465753674507141,
		1.1371908187866211,
		0.075465753674507141,
		3.0321619510650635,
		0.90975266695022583,
		0.4543558657169342,
		1.6675328016281128,
		0.8337664008140564,
		5.684913158416748,
		2.1978750228881836,
		3.5625038146972656,
		1.0612046718597412,
		4.2448186874389648,
		0.1514519602060318,
		6.9735555648803711,
		0.075465753674507141,
		0.1514519602060318,
		4.0173802375793457,
		15.69011116027832
	],
	"end" : 16.892778396606445,
	"labels" : 
	[
		"Prep",
		"Scan",
		"Break",
		"Scan",
		"Break",
		"Prep",
		"Scan",
		"Break",
		"Prep",
		"Scan",
		"Break",
		"Prep",
		"Scan",
		"Break",
		"Prep",
		"Scan",
		"Prep",
		"Scan",
		"Break",
		"Prep",
		"Break",
		"Prep",
		"Break",
		"Prep",
		"Break",
		"Prep",
		"Break",
		"Prep",
		"Scan",
		"Break",
		"Scan",
		"Break",
		"Prep",
		"Scan",
		"Break",
		"Scan",
		"Prep",
		"Scan",
		"Break",
		"Prep",
		"Scan",
		"Dead"
	],
	"start" : 16.526666641235352
}