{
	"data" : 
	[
		0.47102740406990051,
		0.042780578136444092,
		1.0705435276031494,
		1.9696706533432007,
		0.85649365186691284,
		1.1988852024078369,
		0.42824682593345642,
		0.81356602907180786,
		1.1561048030853271,
		0.042927589267492294,
		0.29975807666778564,
		0.85634660720825195,
		0.042780578136444092,
		0.042927589267492294,
		0.47102740406990051,
		0.12834173440933228,
		3.6826579570770264,
		1.1988852024078369,
		0.12848874926567078,
		0.34253865480422974,
		0.94205480813980103,
		0.34253865480422974,
		1.3275210857391357,
		0.042780578136444092,
		0.29975807666778564,
		3.939488410949707,
		0.042780578136444092,
		0.34253865480422974,
		0.29975807666778564,
		0.81356602907180786,
		0.64229673147201538,
		1.0705435276031494,
		0.5567355751991272,
		0.085561156272888184,
		1.2845934629440308,
		0.042927589267492294,
		0.29975807666778564,
		3.6397304534912109,
		0.12834173440933228,
		0.72800487279891968,
		0.72800487279891968,
		0.042780578136444092,
		2.783383846282959,
		0.98483532667160034,
		0.12848874926567078,
		0.29975807666778564,
		3.1257755756378174,
		0.12848874926567078,
		1.1133241653442383,
		0.042780578136444092,
		37.125308990478516,
		1.1562517881393433,
		0.042780578136444092,
		0.21404990553855896,
		0.94205480813980103,
		0.042927589267492294,
		0.042780578136444092,
		0.81356602907180786,
		0.042780578136444092,
		0.72800487279891968,
		0.77078551054000854,
		0.72785788774490356,
		0.77078551054000854,
		0.042927589267492294,
		0.77063846588134766,
		0.29975807666778564,
		0.72800487279891968,
		0.38531923294067383,
		0.72800487279891968,
		0.77078551054000854,
		11.261730194091797
	],
	"end" : 12.210277557373047,
	"labels" : 
	[
		"Prep",
		"Break",
		"Scan",
		"Break",
		"Scan",
		"Break",
		"Prep",
		"Break",
		"Prep",
		"Break",
		"Break",
		"Scan",
		"Break",
		"Prep",
		"Break",
		"Break",
		"Scan",
		"Prep",
		"Break",
		"Break",
		"Scan",
		"Prep",
		"Break",
		"Prep",
		"Break",
		"Scan",
		"Prep",
		"Break",
		"Break",
		"Scan",
		"Break",
		"Prep",
		"Break",
		"Prep",
		"Break",
		"Prep",
		"Break",
		"Scan",
		"Prep",
		"Break",
		"Scan",
		"Break",
		"Break",
		"Break",
		"Prep",
		"Break",
		"Scan",
		"Prep",
		"Break",
		"Break",
		"Scan",
		"Break",
		"Prep",
		"Break",
		"Scan",
		"Break",
		"Break",
		"Scan",
		"Prep",
		"Break",
		"Scan",
		"Break",
		"Scan",
		"Break",
		"Prep",
		"Break",
		"Scan",
		"Prep",
		"Break",
		"Scan",
		"Dead"
	],
	"start" : 11.562222480773926
}