{
	"data" : 
	[
		1.3725967407226562,
		1.0784207582473755,
		1.2743136882781982,
		2.0585587024688721,
		0.88252782821655273,
		2.255124568939209,
		12.450307846069336,
		5.3921036720275879,
		1.3725967407226562,
		10.685924530029297,
		14.411929130554199,
		0.098283044993877411,
		11.274276733398438,
		4.7054691314697266,
		12.450980186462402,
		18.136587142944336
	],
	"end" : 18.10333251953125,
	"labels" : 
	[
		"Prep",
		"Scan",
		"Break",
		"Scan",
		"Break",
		"Prep",
		"Scan",
		"Break",
		"Prep",
		"Scan",
		"Scan",
		"Break",
		"Scan",
		"Prep",
		"Scan",
		"Dead"
	],
	"start" : 17.820278167724609
}