{
	"data" : 
	[
		0.88824856281280518,
		0.82908618450164795,
		1.3027914762496948,
		0.059162352234125137,
		4.3229179382324219,
		1.3027914762496948,
		8.9418506622314453,
		4.9743132591247559,
		0.059162352234125137,
		0.17769035696983337,
		0.76972049474716187,
		10.836875915527344,
		0.059162352234125137,
		1.0067764520645142,
		17.587482452392578,
		0.059365656226873398,
		19.067966461181641,
		0.059162352234125137,
		0.11852800846099854,
		9.9484233856201172,
		17.528524398803711
	],
	"end" : 13.470833778381348,
	"labels" : 
	[
		"Prep",
		"Scan",
		"Break",
		"Prep",
		"Scan",
		"Prep",
		"Scan",
		"Break",
		"Prep",
		"Break",
		"Prep",
		"Scan",
		"Break",
		"Prep",
		"Scan",
		"Break",
		"Scan",
		"Break",
		"Prep",
		"Scan",
		"Dead"
	],
	"start" : 13.002222061157227
}