{
	"data" : 
	[
		1.0858534574508667,
		1.0135294198989868,
		1.5926181077957153,
		1.0135294198989868,
		6.5874443054199219,
		0.072572484612464905,
		1.3028252124786377,
		11.582767486572266,
		0.07232394814491272,
		2.1717069149017334,
		21.500345230102539,
		0.07232394814491272,
		0.57908862829208374,
		11.799738883972168,
		0.072572484612464905,
		0.14464789628982544,
		12.306504249572754,
		26.929611206054688
	],
	"end" : 8.7849998474121094,
	"labels" : 
	[
		"Prep",
		"Scan",
		"Break",
		"Prep",
		"Scan",
		"Break",
		"Prep",
		"Scan",
		"Break",
		"Prep",
		"Scan",
		"Break",
		"Prep",
		"Scan",
		"Break",
		"Prep",
		"Scan",
		"Dead"
	],
	"start" : 8.4016666412353516
}