{
	"data" : 
	[
		0.88079482316970825,
		1.6628276109695435,
		3.0334007740020752,
		1.7615896463394165,
		2.6417126655578613,
		6.0661296844482422,
		2.6417126655578613,
		15.068242073059082,
		4.1097040176391602,
		0.09741818904876709,
		8.8066043853759766,
		0.19550822675228119,
		10.46943187713623,
		0.19550822675228119,
		0.098090037703514099,
		0.39101645350456238,
		0.098090037703514099,
		11.350227355957031,
		0.09741818904876709,
		0.098090037703514099,
		15.655439376831055,
		14.481045722961426
	],
	"end" : 17.820278167724609,
	"labels" : 
	[
		"Prep",
		"Scan",
		"Break",
		"Prep",
		"Scan",
		"Break",
		"Prep",
		"Scan",
		"Break",
		"Prep",
		"Scan",
		"Prep",
		"Scan",
		"Break",
		"Prep",
		"Break",
		"Prep",
		"Scan",
		"Prep",
		"Break",
		"Scan",
		"Dead"
	],
	"start" : 17.536666870117188
}