{
	"data" : 
	[
		1.8694281578063965,
		2.8048298358917236,
		3.0716946125030518,
		1.8698866367340088,
		14.557879447937012,
		0.13343231379985809,
		0.13343231379985809,
		0.13343231379985809,
		16.961954116821289,
		0.13343231379985809,
		0.93494331836700439,
		16.293874740600586,
		0.13343231379985809,
		11.486185073852539,
		29.382164001464844
	],
	"end" : 13.678610801696777,
	"labels" : 
	[
		"Prep",
		"Scan",
		"Break",
		"Prep",
		"Scan",
		"Prep",
		"Break",
		"Prep",
		"Scan",
		"Break",
		"Prep",
		"Scan",
		"Prep",
		"Scan",
		"Dead"
	],
	"start" : 13.470833778381348
}