{
	"data" : 
	[
		6.7506370544433594,
		2.699791431427002,
		13.950079917907715,
		8.0993738174438477,
		68.400123596191406
	],
	"end" : 7.9230556488037109,
	"labels" : 
	[
		"Prep",
		"Scan",
		"Break",
		"Scan",
		"Dead"
	],
	"start" : 7.8613886833190918
}