{
	"data" : 
	[
		0.60313177108764648,
		1.9191411733627319,
		1.9189528226852417,
		1.206263542175293,
		2.4125270843505859,
		0.38382822275161743,
		9.6501083374023438,
		1.9739199876785278,
		0.43860703706741333,
		6.7440066337585449,
		9.2662792205810547,
		1.0417388677597046,
		7.8954916000366211,
		0.87721407413482666,
		0.98695999383926392,
		12.22715950012207,
		0.98695999383926392,
		12.446274757385254,
		0.054778821766376495,
		0.10974588245153427,
		11.294978141784668,
		15.461934089660645
	],
	"end" : 14.839444160461426,
	"labels" : 
	[
		"Prep",
		"Scan",
		"Break",
		"Scan",
		"Break",
		"Prep",
		"Scan",
		"Break",
		"Prep",
		"Scan",
		"Scan",
		"Prep",
		"Scan",
		"Break",
		"Prep",
		"Scan",
		"Prep",
		"Scan",
		"Break",
		"Prep",
		"Scan",
		"Dead"
	],
	"start" : 14.333333015441895
}