{
	"data" : 
	[
		0.46009993553161621,
		0.31843724846839905,
		1.3448233604431152,
		0.60151958465576172,
		0.31855875253677368,
		2.2647802829742432,
		0.035354919731616974,
		0.035476416349411011,
		6.0512800216674805,
		0.14154116809368134,
		1.1324508190155029,
		0.35379219055175781,
		0.035476416349411011,
		11.501040458679199,
		0.10618625581264496,
		0.14154116809368134,
		0.035354919731616974,
		12.845742225646973,
		0.21237251162528992,
		1.0616195201873779,
		7.8207268714904785,
		7.2190861701965332,
		0.035476416349411011,
		7.8207268714904785,
		0.17689609527587891,
		0.74318224191665649,
		11.359498977661133,
		0.035354919731616974,
		0.070709839463233948,
		0.14166267216205597,
		11.005585670471191,
		14.473647117614746
	],
	"end" : 11.562222480773926,
	"labels" : 
	[
		"Prep",
		"Scan",
		"Break",
		"Prep",
		"Scan",
		"Break",
		"Break",
		"Prep",
		"Scan",
		"Break",
		"Prep",
		"Break",
		"Prep",
		"Scan",
		"Prep",
		"Break",
		"Prep",
		"Scan",
		"Break",
		"Prep",
		"Scan",
		"Break",
		"Prep",
		"Scan",
		"Prep",
		"Break",
		"Scan",
		"Break",
		"Prep",
		"Break",
		"Scan",
		"Dead"
	],
	"start" : 10.778055191040039
}