{
	"data" : 
	[
		1.5154860019683838,
		1.4142223596572876,
		1.8178896903991699,
		1.4142223596572876,
		7.3735151290893555,
		0.10126359015703201,
		2.3235139846801758,
		16.969282150268555,
		2.0204167366027832,
		2.9297082424163818,
		0.10057000070810318,
		30.000377655029297,
		0.10126359015703201,
		0.80802798271179199,
		16.464349746704102,
		0.3030971884727478,
		14.242794036865234
	],
	"end" : 18.831666946411133,
	"labels" : 
	[
		"Prep",
		"Scan",
		"Break",
		"Prep",
		"Scan",
		"Break",
		"Prep",
		"Scan",
		"Break",
		"Prep",
		"Break",
		"Scan",
		"Break",
		"Prep",
		"Scan",
		"Prep",
		"Scan"
	],
	"start" : 18.556943893432617
}