{
	"data" : 
	[
		1.3645602464675903,
		2.0465056896209717,
		0.77965313196182251,
		0.77965313196182251,
		10.818775177001953,
		0.097038373351097107,
		0.19541521370410919,
		12.475119590759277,
		3.11861252784729,
		8.3821077346801758,
		0.6819455623626709,
		10.039121627807617,
		1.7540522813796997,
		9.1617603302001953,
		38.205680847167969
	],
	"end" : 17.177499771118164,
	"labels" : 
	[
		"Prep",
		"Scan",
		"Break",
		"Prep",
		"Scan",
		"Break",
		"Break",
		"Scan",
		"Break",
		"Scan",
		"Prep",
		"Scan",
		"Prep",
		"Scan",
		"Dead"
	],
	"start" : 16.892778396606445
}