{
	"data" : 
	[
		1.4345351457595825,
		2.1514508724212646,
		6.2503237724304199,
		1.6392676830291748,
		12.397929191589355,
		1.4345351457595825,
		0.10236629098653793,
		0.10271807014942169,
		14.13956356048584,
		0.10236629098653793,
		0.20508435368537903,
		11.373211860656738,
		0.8196338415145874,
		12.500296592712402,
		8.9143104553222656,
		26.33241081237793
	],
	"end" : 14.333333015441895,
	"labels" : 
	[
		"Prep",
		"Scan",
		"Break",
		"Prep",
		"Scan",
		"Break",
		"Prep",
		"Break",
		"Scan",
		"Break",
		"Break",
		"Scan",
		"Prep",
		"Scan",
		"Scan",
		"Dead"
	],
	"start" : 14.0625
}