{
	"data" : 
	[
		0.8565029501914978,
		0.8565029501914978,
		2.5081801414489746,
		0.8565029501914978,
		6.7293658256530762,
		1.1013981103897095,
		10.644328117370605,
		0.55069905519485474,
		19.698307037353516,
		0.79559421539306641,
		0.67293661832809448,
		0.12223754823207855,
		23.063411712646484,
		0.55027896165847778,
		10.766985893249512,
		0.18356634676456451,
		10.094049453735352,
		9.8491535186767578
	],
	"end" : 18.556943893432617,
	"labels" : 
	[
		"Prep",
		"Scan",
		"Break",
		"Prep",
		"Scan",
		"Prep",
		"Scan",
		"Prep",
		"Scan",
		"Prep",
		"Break",
		"Break",
		"Scan",
		"Prep",
		"Scan",
		"Prep",
		"Scan",
		"Dead"
	],
	"start" : 18.10333251953125
}