{
	"data" : 
	[
		1.1675035953521729,
		1.1675035953521729,
		4.4195079803466797,
		1.1675035953521729,
		0.16690891981124878,
		28.518808364868164,
		2.0847868919372559,
		0.75066071748733521,
		4.1692876815795898,
		1.1675035953521729,
		0.33353155851364136,
		0.750374436378479,
		0.25022023916244507,
		0.50044047832489014,
		0.083311319351196289,
		0.16690891981124878,
		1.5843465328216553,
		1.1675035953521729,
		24.099300384521484,
		26.184089660644531
	],
	"end" : 13.002222061157227,
	"labels" : 
	[
		"Prep",
		"Scan",
		"Break",
		"Prep",
		"Break",
		"Scan",
		"Prep",
		"Scan",
		"Break",
		"Prep",
		"Break",
		"Break",
		"Break",
		"Break",
		"Prep",
		"Scan",
		"Break",
		"Prep",
		"Scan",
		"Dead"
	],
	"start" : 12.66944408416748
}