{
	"data" : 
	[
		1.2521454095840454,
		0.8343815803527832,
		2.3369560241699219,
		1.7524304389953613,
		4.8406739234924316,
		3.1713376045227051,
		16.524881362915039,
		2.4206235408782959,
		0.25042909383773804,
		8.4292020797729492,
		10.181632995605469,
		6.0928192138671875,
		13.853828430175781,
		0.083667382597923279,
		4.0057191848754883,
		12.852685928344727,
		0.083667382597923279,
		10.932919502258301
	],
	"end" : 16.751388549804688,
	"labels" : 
	[
		"Prep",
		"Scan",
		"Break",
		"Scan",
		"Break",
		"Prep",
		"Scan",
		"Break",
		"Prep",
		"Scan",
		"Scan",
		"Break",
		"Scan",
		"Break",
		"Prep",
		"Scan",
		"Prep",
		"Scan"
	],
	"start" : 16.418888092041016
}