{
	"data" : 
	[
		0.229779914021492,
		0.44310674071311951,
		0.45955982804298401,
		0.13128671050071716,
		0.45950350165367126,
		0.869873046875,
		0.22972355782985687,
		2.9049298763275146,
		0.27902653813362122,
		0.114889957010746,
		0.032793503254652023,
		0.032849851995706558,
		2.7572462558746338,
		0.22972355782985687,
		0.14773981273174286,
		0.098436862230300903,
		0.016453098505735397,
		3.3808863162994385,
		0.016396751627326012,
		0.41031324863433838,
		4.1522097587585449,
		0.016396751627326012,
		0.29542326927185059,
		4.6446194648742676,
		0.016396751627326012,
		0.049246605485677719,
		3.7091031074523926,
		0.1313430517911911,
		0.21332681179046631,
		0.016396751627326012,
		2.5274662971496582,
		3.1675033569335938,
		0.065699703991413116,
		3.8075399398803711,
		0.016453098505735397,
		0.049246605485677719,
		4.6445631980895996,
		59.132549285888672
	],
	"end" : 15.474444389343262,
	"labels" : 
	[
		"Prep",
		"Scan",
		"Break",
		"Prep",
		"Scan",
		"Break",
		"Prep",
		"Scan",
		"Prep",
		"Break",
		"Prep",
		"Break",
		"Scan",
		"Break",
		"Prep",
		"Break",
		"Prep",
		"Scan",
		"Break",
		"Prep",
		"Scan",
		"Break",
		"Prep",
		"Scan",
		"Break",
		"Prep",
		"Scan",
		"Prep",
		"Break",
		"Prep",
		"Scan",
		"Break",
		"Prep",
		"Scan",
		"Break",
		"Prep",
		"Scan",
		"Dead"
	],
	"start" : 13.783611297607422
}