{
	"data" : 
	[
		0.47736203670501709,
		0.68197917938232422,
		0.88636225461959839,
		2.0117566585540771,
		0.13625536859035492,
		0.17043627798557281,
		0.61385148763656616,
		0.17043627798557281,
		0.034180901944637299,
		1.0567984580993652,
		2.9322998523712158,
		0.57967060804367065,
		0.85241544246673584,
		0.54548972845077515,
		3.7163534164428711,
		0.54548972845077515,
		3.7165875434875488,
		0.03394678607583046,
		0.30692574381828308,
		4.2960238456726074,
		0.034180901944637299,
		6.6826000213623047,
		1.3297774791717529,
		0.034180901944637299,
		6.1712913513183594,
		6.6826000213623047,
		0.54548972845077515,
		6.0350356101989746,
		0.034180901944637299,
		6.648653507232666,
		0.03394678607583046,
		6.4100890159606934,
		0.30669164657592773,
		4.2278962135314941,
		0.30692574381828308,
		7.0576534271240234,
		23.594184875488281
	],
	"end" : 17.88166618347168,
	"labels" : 
	[
		"Prep",
		"Break",
		"Scan",
		"Break",
		"Prep",
		"Break",
		"Prep",
		"Break",
		"Prep",
		"Scan",
		"Break",
		"Prep",
		"Scan",
		"Prep",
		"Scan",
		"Prep",
		"Scan",
		"Break",
		"Prep",
		"Scan",
		"Break",
		"Scan",
		"Break",
		"Prep",
		"Scan",
		"Scan",
		"Prep",
		"Scan",
		"Prep",
		"Scan",
		"Break",
		"Scan",
		"Prep",
		"Scan",
		"Prep",
		"Scan",
		"Dead"
	],
	"start" : 17.067777633666992
}