{
	"data" : 
	[
		0.24384069442749023,
		0.48762160539627075,
		0.40062102675437927,
		0.48762160539627075,
		0.40062102675437927,
		0.24378091096878052,
		2.8737087249755859,
		0.31350091099739075,
		1.4107242822647095,
		0.087060332298278809,
		0.33090102672576904,
		4.946235179901123,
		0.15678036212921143,
		4.0405921936035156,
		0.017400108277797699,
		0.052260119467973709,
		3.9360718727111816,
		0.15678036212921143,
		0.13932044804096222,
		2.2989070415496826,
		76.875648498535156
	],
	"end" : 17.067777633666992,
	"labels" : 
	[
		"Prep",
		"Scan",
		"Break",
		"Scan",
		"Break",
		"Prep",
		"Scan",
		"Prep",
		"Scan",
		"Break",
		"Prep",
		"Scan",
		"Prep",
		"Scan",
		"Break",
		"Prep",
		"Scan",
		"Break",
		"Prep",
		"Scan",
		"Dead"
	],
	"start" : 15.474444389343262
}