{
	"data" : 
	[
		0.24689674377441406,
		0.49379348754882812,
		1.1991262435913086,
		0.017618183046579361,
		3.1389424800872803,
		0.29981181025505066,
		1.4637017250061035,
		0.12344837188720703,
		0.28213310241699219,
		4.990607738494873,
		0.017618183046579361,
		0.14106655120849609,
		4.1088509559631348,
		0.035296909511089325,
		3.4387543201446533,
		0.017618183046579361,
		0.035236366093158722,
		2.521761417388916,
		0.052915088832378387,
		0.14106655120849609,
		5.1316742897033691,
		17.511142730712891,
		0.15874527394771576,
		6.2602672576904297,
		1.6929196119308472,
		0.52902984619140625,
		4.990607738494873,
		0.017618183046579361,
		1.1109747886657715,
		39.730758666992188
	],
	"end" : 11.486666679382324,
	"labels" : 
	[
		"Prep",
		"Scan",
		"Break",
		"Prep",
		"Scan",
		"Prep",
		"Scan",
		"Break",
		"Prep",
		"Scan",
		"Break",
		"Prep",
		"Scan",
		"Prep",
		"Scan",
		"Break",
		"Prep",
		"Scan",
		"Break",
		"Prep",
		"Scan",
		"Break",
		"Prep",
		"Scan",
		"Break",
		"Prep",
		"Scan",
		"Break",
		"Scan",
		"Dead"
	],
	"start" : 9.913055419921875
}