{
	"data" : 
	[
		1.1880552768707275,
		0.71315956115722656,
		0.95033538341522217,
		0.95087939500808716,
		0.87145817279815674,
		3.1686916351318359,
		0.079421281814575195,
		0.47543969750404358,
		11.48725414276123,
		1.1091780662536621,
		9.9820575714111328,
		0.079421281814575195,
		3.8818509578704834,
		9.7443380355834961,
		0.079421281814575195,
		0.55431699752807617,
		11.170657157897949,
		0.078877300024032593,
		14.260471343994141,
		0.078877300024032593,
		2.6143746376037598,
		26.381464004516602
	],
	"end" : 19.232500076293945,
	"labels" : 
	[
		"Prep",
		"Scan",
		"Break",
		"Prep",
		"Scan",
		"Break",
		"Prep",
		"Break",
		"Scan",
		"Prep",
		"Scan",
		"Break",
		"Prep",
		"Scan",
		"Break",
		"Break",
		"Scan",
		"Prep",
		"Scan",
		"Break",
		"Prep",
		"Scan"
	],
	"start" : 18.882223129272461
}