{
	"data" : 
	[
		0.38830322027206421,
		0.85982787609100342,
		0.249664306640625,
		0.74880248308181763,
		1.1371057033538818,
		0.027613518759608269,
		0.22205078601837158,
		0.74880248308181763,
		1.3865796327590942,
		0.47152465581893921,
		0.47152465581893921,
		0.027803957462310791,
		0.85963743925094604,
		0.83202385902404785,
		0.4439111053943634,
		0.24947385489940643,
		0.027803957462310791,
		1.0538842678070068,
		4.7426695823669434,
		0.47152465581893921,
		4.3541760444641113,
		0.027803957462310791,
		5.4360547065734863,
		0.19405639171600342,
		4.3543667793273926,
		0.027613518759608269,
		3.0786216259002686,
		2.3852367401123047,
		0.41591677069664001,
		3.0508179664611816,
		0.027803957462310791,
		1.3035485744476318,
		0.74880248308181763,
		0.027613518759608269,
		4.3821702003479004,
		5.7965536117553711,
		0.027613518759608269,
		4.3543667793273926,
		0.027803957462310791,
		0.44372072815895081,
		4.5484228134155273,
		0.027803957462310791,
		3.7163987159729004,
		0.027803957462310791,
		5.1585865020751953,
		0.027613518759608269,
		0.416107177734375,
		4.5208091735839844,
		0.41591677069664001,
		0.027803957462310791,
		6.1570534706115723,
		18.970487594604492
	],
	"end" : 18.882223129272461,
	"labels" : 
	[
		"Prep",
		"Break",
		"Break",
		"Scan",
		"Break",
		"Prep",
		"Break",
		"Scan",
		"Break",
		"Prep",
		"Break",
		"Prep",
		"Scan",
		"Break",
		"Prep",
		"Break",
		"Prep",
		"Scan",
		"Break",
		"Prep",
		"Scan",
		"Break",
		"Scan",
		"Prep",
		"Scan",
		"Break",
		"Scan",
		"Break",
		"Prep",
		"Scan",
		"Prep",
		"Scan",
		"Break",
		"Prep",
		"Scan",
		"Scan",
		"Break",
		"Scan",
		"Break",
		"Prep",
		"Scan",
		"Break",
		"Scan",
		"Prep",
		"Scan",
		"Break",
		"Prep",
		"Scan",
		"Prep",
		"Break",
		"Scan",
		"Dead"
	],
	"start" : 17.88166618347168
}