{
	"data" : 
	[
		0.49768206477165222,
		1.1419245004653931,
		0.58553791046142578,
		0.20496338605880737,
		1.5224990844726562,
		0.20496338605880737,
		1.7568145990371704,
		0.46843031048774719,
		1.5517508983612061,
		0.55628615617752075,
		0.26356744766235352,
		3.8941035270690918,
		0.029251763597130775,
		0.029251763597130775,
		3.4842770099639893,
		0.99546468257904053,
		7.2904238700866699,
		0.029352286830544472,
		0.029251763597130775,
		2.2252449989318848,
		0.029251763597130775,
		4.4503898620605469,
		0.55628615617752075,
		6.3828153610229492,
		0.32207095623016357,
		5.6509180068969727,
		0.058503527194261551,
		2.1666409969329834,
		53.522083282470703
	],
	"end" : 13.783611297607422,
	"labels" : 
	[
		"Prep",
		"Scan",
		"Break",
		"Prep",
		"Scan",
		"Prep",
		"Scan",
		"Break",
		"Scan",
		"Break",
		"Prep",
		"Scan",
		"Break",
		"Prep",
		"Scan",
		"Prep",
		"Scan",
		"Break",
		"Prep",
		"Scan",
		"Prep",
		"Scan",
		"Prep",
		"Scan",
		"Prep",
		"Scan",
		"Prep",
		"Scan",
		"Dead"
	],
	"start" : 12.835833549499512
}