{
	"data" : 
	[
		0.28796994686126709,
		0.57586926221847534,
		0.80219179391860962,
		0.14398497343063354,
		3.9079313278198242,
		0.34968787431716919,
		1.4808772802352905,
		0.16460467875003815,
		0.39078605175018311,
		6.3967032432556152,
		0.020549103617668152,
		0.041168823838233948,
		5.2243447303771973,
		0.0617179274559021,
		4.3809843063354492,
		0.020619720220565796,
		1.3368922472000122,
		0.86390978097915649,
		0.14398497343063354,
		0.51415127515792847,
		0.82274097204208374,
		0.34968787431716919,
		0.12336523830890656,
		0.63765782117843628,
		0.82274097204208374,
		0.37023696303367615,
		0.082267031073570251,
		0.020549103617668152,
		0.63758718967437744,
		0.82274097204208374,
		0.32906812429428101,
		0.10288675129413605,
		0.63758718967437744,
		0.020549103617668152,
		2.1597037315368652,
		0.020549103617668152,
		0.32913875579833984,
		2.7355730533599854,
		0.020549103617668152,
		2.0979859828948975,
		0.020549103617668152,
		0.24680109322071075,
		5.3888788223266602,
		0.102816142141819,
		0.3085896372795105,
		2.6121370792388916,
		0.020549103617668152,
		0.041168823838233948,
		4.977473258972168,
		0.020619720220565796,
		2.7972910404205322,
		0.041098207235336304,
		5.1626272201538086,
		0.020549103617668152,
		0.28796994686126709,
		0.020549103617668152,
		0.020619720220565796,
		2.9001071453094482,
		0.020549103617668152,
		0.28796994686126709,
		3.1058099269866943,
		0.30851903557777405,
		2.6944749355316162,
		0.020549103617668152,
		0.020549103617668152,
		0.020549103617668152,
		4.1137046813964844,
		0.020549103617668152,
		0.26735019683837891,
		0.020619720220565796,
		4.504420280456543,
		19.251897811889648
	],
	"end" : 12.835833549499512,
	"labels" : 
	[
		"Prep",
		"Scan",
		"Break",
		"Prep",
		"Scan",
		"Prep",
		"Scan",
		"Break",
		"Prep",
		"Scan",
		"Break",
		"Prep",
		"Scan",
		"Prep",
		"Scan",
		"Prep",
		"Scan",
		"Break",
		"Prep",
		"Scan",
		"Break",
		"Prep",
		"Break",
		"Scan",
		"Break",
		"Prep",
		"Break",
		"Prep",
		"Scan",
		"Break",
		"Prep",
		"Break",
		"Scan",
		"Prep",
		"Scan",
		"Break",
		"Prep",
		"Scan",
		"Break",
		"Scan",
		"Break",
		"Break",
		"Scan",
		"Break",
		"Prep",
		"Scan",
		"Prep",
		"Break",
		"Scan",
		"Prep",
		"Scan",
		"Break",
		"Scan",
		"Break",
		"Prep",
		"Break",
		"Prep",
		"Scan",
		"Break",
		"Prep",
		"Scan",
		"Prep",
		"Scan",
		"Prep",
		"Break",
		"Prep",
		"Scan",
		"Break",
		"Break",
		"Prep",
		"Scan",
		"Dead"
	],
	"start" : 11.486666679382324
}