{
	"data" : 
	[
		0.39244362711906433,
		0.028004191815853119,
		0.53265702724456787,
		1.4294648170471191,
		0.19622181355953217,
		0.19622181355953217,
		0.8689960241317749,
		0.084012582898139954,
		0.44854822754859924,
		0.19622181355953217,
		0.028004191815853119,
		0.84089565277099609,
		1.5696783065795898,
		0.44854822754859924,
		0.19612559676170349,
		0.8689960241317749,
		0.53256082534790039,
		0.028004191815853119,
		4.0644574165344238,
		5.493922233581543,
		0.028004191815853119,
		5.241692066192627,
		3.1113524436950684,
		0.028004191815853119,
		0.028004191815853119,
		0.028100427240133286,
		6.8673787117004395,
		1.709891676902771,
		0.42044782638549805,
		5.2696962356567383,
		0.028004191815853119,
		0.89700025320053101,
		0.028004191815853119,
		0.86889982223510742,
		0.028100427240133286,
		0.028004191815853119,
		0.084108814597129822,
		0.50446039438247681,
		5.1575832366943359,
		0.028100427240133286,
		0.84089565277099609,
		0.19622181355953217,
		0.028004191815853119,
		9.8666181564331055,
		0.028100427240133286,
		0.28023439645767212,
		6.5591402053833008,
		0.028004191815853119,
		0.028004191815853119,
		0.028100427240133286,
		0.028004191815853119,
		0.028004191815853119,
		4.6810307502746582,
		0.42054405808448792,
		0.028004191815853119,
		0.028004191815853119,
		5.2696962356567383,
		0.028004191815853119,
		0.44854822754859924,
		3.251469612121582,
		0.25232642889022827,
		5.1014785766601562,
		0.028004191815853119,
		0.28033062815666199,
		0.056008383631706238,
		3.9803485870361328,
		9.2780485153198242
	],
	"end" : 10.409444808959961,
	"labels" : 
	[
		"Prep",
		"Break",
		"Scan",
		"Break",
		"Prep",
		"Break",
		"Scan",
		"Break",
		"Prep",
		"Break",
		"Prep",
		"Scan",
		"Break",
		"Prep",
		"Break",
		"Scan",
		"Break",
		"Prep",
		"Scan",
		"Scan",
		"Prep",
		"Scan",
		"Scan",
		"Prep",
		"Break",
		"Prep",
		"Scan",
		"Break",
		"Prep",
		"Scan",
		"Prep",
		"Break",
		"Prep",
		"Break",
		"Break",
		"Prep",
		"Scan",
		"Break",
		"Scan",
		"Prep",
		"Break",
		"Break",
		"Prep",
		"Scan",
		"Break",
		"Prep",
		"Scan",
		"Break",
		"Break",
		"Prep",
		"Prep",
		"Prep",
		"Scan",
		"Break",
		"Prep",
		"Break",
		"Scan",
		"Break",
		"Prep",
		"Scan",
		"Prep",
		"Scan",
		"Break",
		"Prep",
		"Break",
		"Scan",
		"Dead"
	],
	"start" : 9.4194440841674805
}