{
	"data" : 
	[
		0.60796880722045898,
		1.1728415489196777,
		1.8675991296768188,
		0.60811793804168701,
		8.2526884078979492,
		0.73830115795135498,
		3.1273784637451172,
		0.30405896902084351,
		1.0857545137405396,
		13.508331298828125,
		0.13033229112625122,
		11.032315254211426,
		0.95557129383087158,
		0.13033229112625122,
		10.728405952453613,
		0.043394390493631363,
		0.086937904357910156,
		4.2131333351135254,
		41.306537628173828
	],
	"end" : 11.925277709960938,
	"labels" : 
	[
		"Prep",
		"Scan",
		"Break",
		"Prep",
		"Scan",
		"Prep",
		"Scan",
		"Break",
		"Prep",
		"Scan",
		"Prep",
		"Scan",
		"Break",
		"Prep",
		"Scan",
		"Break",
		"Prep",
		"Scan",
		"Dead"
	],
	"start" : 11.286389350891113
}