{
	"data" : 
	[
		0.40447351336479187,
		0.17327494919300079,
		0.028961813077330589,
		0.89553487300872803,
		0.23109939694404602,
		0.49116057157516479,
		0.1444123238325119,
		0.92449676990509033,
		0.20223675668239594,
		0.49106138944625854,
		0.11564888060092926,
		0.028862627223134041,
		0.89553487300872803,
		0.028961813077330589,
		3.6111016273498535,
		0.028961813077330589,
		4.9689345359802246,
		0.40447351336479187,
		2.7733910083770752,
		0.028862627223134041,
		3.9579489231109619,
		5.4312324523925781,
		0.028862627223134041,
		0.46219879388809204,
		3.0623149871826172,
		0.40447351336479187,
		4.2467737197875977,
		0.028862627223134041,
		0.028862627223134041,
		0.028862627223134041,
		6.1534924507141113,
		0.34664908051490784,
		0.43333613872528076,
		2.8023529052734375,
		0.028862627223134041,
		0.25996202230453491,
		3.3223762512207031,
		0.43333613872528076,
		3.5533764362335205,
		0.25996202230453491,
		4.1023612022399902,
		0.40447351336479187,
		0.37551170587539673,
		0.028961813077330589,
		0.028862627223134041,
		8.1179361343383789,
		0.1444123238325119,
		0.028961813077330589,
		0.028862627223134041,
		0.028862627223134041,
		4.0156745910644531,
		30.449577331542969
	],
	"end" : 12.885833740234375,
	"labels" : 
	[
		"Prep",
		"Break",
		"Prep",
		"Scan",
		"Break",
		"Prep",
		"Break",
		"Scan",
		"Break",
		"Prep",
		"Break",
		"Prep",
		"Scan",
		"Break",
		"Scan",
		"Break",
		"Scan",
		"Prep",
		"Scan",
		"Break",
		"Scan",
		"Scan",
		"Break",
		"Prep",
		"Scan",
		"Prep",
		"Scan",
		"Prep",
		"Break",
		"Prep",
		"Scan",
		"Break",
		"Prep",
		"Scan",
		"Break",
		"Prep",
		"Scan",
		"Prep",
		"Scan",
		"Prep",
		"Scan",
		"Break",
		"Prep",
		"Break",
		"Prep",
		"Scan",
		"Break",
		"Prep",
		"Break",
		"Prep",
		"Scan",
		"Dead"
	],
	"start" : 11.925277709960938
}