{
	"data" : 
	[
		0.44292902946472168,
		0.88607531785964966,
		0.85435223579406738,
		0.41142314672470093,
		5.9806828498840332,
		0.34808552265167236,
		0.56960439682006836,
		2.2783088684082031,
		0.18990433216094971,
		0.60121887922286987,
		9.8413467407226562,
		0.063229016959667206,
		0.063337661325931549,
		8.0375814437866211,
		0.094843529164791107,
		7.847785472869873,
		0.031614508479833603,
		3.0694320201873779,
		5.1579451560974121,
		0.094952166080474854,
		9.8412380218505859,
		0.031723149120807648,
		1.9619463682174683,
		41.200439453125
	],
	"end" : 11.286389350891113,
	"labels" : 
	[
		"Prep",
		"Scan",
		"Break",
		"Prep",
		"Scan",
		"Break",
		"Prep",
		"Scan",
		"Break",
		"Prep",
		"Scan",
		"Break",
		"Prep",
		"Scan",
		"Prep",
		"Scan",
		"Prep",
		"Scan",
		"Break",
		"Prep",
		"Scan",
		"Break",
		"Scan",
		"Dead"
	],
	"start" : 10.409444808959961
}