{
	"data" : 
	[
		2.4800119400024414,
		1.8600420951843262,
		0.38754758238792419,
		1.2012245655059814,
		4.9213085174560547,
		0.38754758238792419,
		8.1764163970947266,
		9.1065034866333008,
		2.0537493228912354,
		0.19384030997753143,
		1.9763196706771851,
		5.8125481605529785,
		0.077562734484672546,
		5.3475713729858398,
		5.4251341819763184,
		0.38754758238792419,
		3.1775443553924561,
		2.8288445472717285,
		0.58138787746429443,
		3.4875292778015137,
		3.6813695430755615,
		1.0075172185897827,
		4.1076321601867676,
		1.0075172185897827,
		4.3789019584655762,
		4.9988718032836914,
		20.848011016845703
	],
	"end" : 13.752778053283691,
	"labels" : 
	[
		"Prep",
		"Break",
		"Prep",
		"Scan",
		"Break",
		"Prep",
		"Break",
		"Scan",
		"Prep",
		"Break",
		"Prep",
		"Break",
		"Prep",
		"Break",
		"Scan",
		"Prep",
		"Break",
		"Scan",
		"Prep",
		"Break",
		"Scan",
		"Prep",
		"Break",
		"Scan",
		"Break",
		"Prep",
		"Dead"
	],
	"start" : 12.885833740234375
}