{
	"data" : 
	[
		0.23904922604560852,
		0.23904922604560852,
		0.68739473819732666,
		0.20909111201763153,
		0.56797271966934204,
		0.68718951940536499,
		0.56776756048202515,
		1.0161130428314209,
		0.50805652141571045,
		0.56776756048202515,
		4.3927602767944336,
		0.41838741302490234,
		0.089669100940227509,
		0.029958099126815796,
		7.9189925193786621,
		0.14938010275363922,
		0.68739473819732666,
		5.1698241233825684,
		0.059711005538702011,
		5.9766407012939453,
		0.029958099126815796,
		0.059711005538702011,
		3.2871832847595215,
		0.059711005538702011,
		4.512387752532959,
		0.059711005538702011,
		7.5008106231689453,
		0.029958099126815796,
		0.26880213618278503,
		5.2894511222839355,
		2.5400774478912354,
		0.17933820188045502,
		6.8731269836425781,
		0.089669100940227509,
		3.6456544399261475,
		0.029958099126815796,
		0.089669100940227509,
		0.029752906411886215,
		6.0365571975708008,
		5.5282950401306152,
		0.2392544150352478,
		0.20909111201763153,
		0.35867640376091003,
		0.50785130262374878,
		0.56776756048202515,
		0.59772562980651855,
		0.65743666887283325,
		2.8987538814544678,
		0.53780949115753174,
		6.8731269836425781,
		0.089669100940227509,
		3.9446201324462891,
		0.029958099126815796,
		0.089669100940227509,
		0.029752906411886215,
		5.9468879699707031
	],
	"end" : 17.760000228881836,
	"labels" : 
	[
		"Prep",
		"Scan",
		"Break",
		"Prep",
		"Scan",
		"Break",
		"Scan",
		"Break",
		"Prep",
		"Scan",
		"Break",
		"Prep",
		"Break",
		"Prep",
		"Scan",
		"Break",
		"Prep",
		"Scan",
		"Prep",
		"Scan",
		"Break",
		"Prep",
		"Scan",
		"Prep",
		"Scan",
		"Prep",
		"Scan",
		"Break",
		"Break",
		"Scan",
		"Break",
		"Prep",
		"Scan",
		"Prep",
		"Scan",
		"Break",
		"Prep",
		"Break",
		"Scan",
		"Break",
		"Prep",
		"Scan",
		"Break",
		"Prep",
		"Scan",
		"Break",
		"Scan",
		"Break",
		"Prep",
		"Scan",
		"Prep",
		"Scan",
		"Break",
		"Prep",
		"Break",
		"Scan"
	],
	"start" : 16.831388473510742
}