{
	"data" : 
	[
		0.18156498670578003,
		0.020150803029537201,
		0.54455643892288208,
		1.1900054216384888,
		0.14119412004947662,
		4.2154650688171387,
		0.04037085548043251,
		0.82694470882415771,
		0.14119412004947662,
		3.7918829917907715,
		0.020150803029537201,
		2.5413558483123779,
		0.020150803029537201,
		4.4776334762573242,
		0.32275909185409546,
		0.24201740324497223,
		0.32268986105918884,
		1.63373863697052,
		0.6655997633934021,
		0.04037085548043251,
		0.14119412004947662,
		2.3800108432769775,
		0.94791871309280396,
		0.58492732048034668,
		2.6422483921051025,
		2.7833731174468994,
		0.58492732048034668,
		0.12104332447052002,
		2.2992689609527588,
		0.18156498670578003,
		0.18149572610855103,
		0.58492732048034668,
		0.020150803029537201,
		4.4777026176452637,
		0.26216819882392883,
		0.34290990233421326,
		0.020150803029537201,
		5.7886819839477539,
		0.28238824009895325,
		0.16134493052959442,
		0.14119412004947662,
		0.36306071281433105,
		1.008440375328064,
		0.06052166223526001,
		0.48403480648994446,
		0.02022005058825016,
		0.14119412004947662,
		0.36306071281433105,
		0.020150803029537201,
		0.20171578228473663,
		0.38321152329444885,
		0.20164653658866882,
		0.38328075408935547,
		0.020150803029537201,
		0.12097407877445221,
		0.38328075408935547,
		0.52440565824508667,
		0.12097407877445221,
		0.36306071281433105,
		0.18156498670578003,
		0.40336233377456665,
		2.9649381637573242,
		0.040301606059074402,
		4.175163745880127,
		40.661899566650391
	],
	"end" : 16.316667556762695,
	"labels" : 
	[
		"Prep",
		"Break",
		"Scan",
		"Break",
		"Prep",
		"Scan",
		"Break",
		"Scan",
		"Prep",
		"Scan",
		"Break",
		"Scan",
		"Prep",
		"Scan",
		"Break",
		"Prep",
		"Scan",
		"Break",
		"Prep",
		"Break",
		"Break",
		"Scan",
		"Break",
		"Prep",
		"Break",
		"Scan",
		"Prep",
		"Break",
		"Scan",
		"Break",
		"Prep",
		"Break",
		"Prep",
		"Scan",
		"Break",
		"Prep",
		"Break",
		"Scan",
		"Break",
		"Prep",
		"Break",
		"Scan",
		"Break",
		"Prep",
		"Scan",
		"Break",
		"Break",
		"Scan",
		"Break",
		"Break",
		"Scan",
		"Break",
		"Scan",
		"Prep",
		"Break",
		"Scan",
		"Prep",
		"Break",
		"Scan",
		"Break",
		"Prep",
		"Scan",
		"Prep",
		"Scan",
		"Dead"
	],
	"start" : 14.936944007873535
}