{
	"data" : 
	[
		0.48494789004325867,
		0.37759298086166382,
		1.6173566579818726,
		0.37722280621528625,
		1.0243135690689087,
		1.4019066095352173,
		0.053677435964345932,
		1.0246837139129639,
		1.2938113212585449,
		1.0243135690689087,
		1.0243135690689087,
		1.6714043617248535,
		0.75481581687927246,
		0.10772506147623062,
		0.053677435964345932,
		14.287082672119141,
		0.32354536652565002,
		1.3478589057922363,
		7.7632384300231934,
		0.054047625511884689,
		0.10772506147623062,
		9.4346418380737305,
		0.16177268326282501,
		5.8763837814331055,
		0.10809525102376938,
		8.0867834091186523,
		0.16177268326282501,
		13.531896591186523,
		0.054047625511884689,
		0.59304308891296387,
		13.154674530029297,
		12.561631202697754
	],
	"end" : 16.831388473510742,
	"labels" : 
	[
		"Prep",
		"Scan",
		"Break",
		"Prep",
		"Scan",
		"Break",
		"Prep",
		"Scan",
		"Break",
		"Prep",
		"Scan",
		"Break",
		"Prep",
		"Break",
		"Prep",
		"Scan",
		"Break",
		"Prep",
		"Scan",
		"Break",
		"Prep",
		"Scan",
		"Prep",
		"Scan",
		"Prep",
		"Scan",
		"Prep",
		"Scan",
		"Prep",
		"Break",
		"Scan",
		"Dead"
	],
	"start" : 16.316667556762695
}