{
	"data" : 
	[
		0.32809546589851379,
		0.63269805908203125,
		1.3357137441635132,
		0.32809546589851379,
		4.7571430206298828,
		0.39841312170028687,
		1.9449994564056396,
		0.2811901867389679,
		0.44531837105751038,
		7.2880158424377441,
		0.023412402719259262,
		0.070317663252353668,
		5.928889274597168,
		0.023412402719259262,
		0.046824805438518524,
		5.8117470741271973,
		0.023412402719259262,
		2.3434126377105713,
		0.86706346273422241,
		0.46873080730438232,
		0.46865037083625793,
		0.89047592878341675,
		0.37500074505805969,
		0.2811901867389679,
		0.023412402719259262,
		1.1717466115951538,
		0.070237204432487488,
		0.37500074505805969,
		3.1401584148406982,
		0.46873080730438232,
		0.35150787234306335,
		0.046824805438518524,
		0.023412402719259262,
		5.0384135246276855,
		0.21087254583835602,
		6.1397619247436523,
		0.023412402719259262,
		4.2884926795959473,
		0.023412402719259262,
		0.74992096424102783,
		2.7183330059051514,
		0.37500074505805969,
		4.3119049072265625,
		0.023412402719259262,
		0.37492027878761292,
		4.0541272163391113,
		30.534763336181641
	],
	"end" : 14.936944007873535,
	"labels" : 
	[
		"Prep",
		"Scan",
		"Break",
		"Prep",
		"Scan",
		"Prep",
		"Scan",
		"Break",
		"Prep",
		"Scan",
		"Break",
		"Prep",
		"Scan",
		"Break",
		"Prep",
		"Scan",
		"Prep",
		"Scan",
		"Break",
		"Prep",
		"Scan",
		"Break",
		"Prep",
		"Break",
		"Prep",
		"Scan",
		"Break",
		"Prep",
		"Scan",
		"Break",
		"Prep",
		"Break",
		"Prep",
		"Scan",
		"Prep",
		"Scan",
		"Prep",
		"Scan",
		"Break",
		"Prep",
		"Scan",
		"Prep",
		"Scan",
		"Break",
		"Prep",
		"Scan",
		"Dead"
	],
	"start" : 13.752778053283691
}