{
	"data" : 
	[
		0.98335367441177368,
		0.63241434097290039,
		1.334775447845459,
		1.334775447845459,
		3.3721528053283691,
		0.98359483480453491,
		9.8354663848876953,
		1.1941584348678589,
		13.137431144714355,
		0.14061692357063293,
		12.715821266174316,
		0.14037571847438812,
		0.14061692357063293,
		13.207618713378906,
		40.746829986572266
	],
	"end" : 13.392499923706055,
	"labels" : 
	[
		"Prep",
		"Scan",
		"Break",
		"Scan",
		"Break",
		"Prep",
		"Scan",
		"Prep",
		"Scan",
		"Prep",
		"Scan",
		"Break",
		"Prep",
		"Scan",
		"Dead"
	],
	"start" : 12.997500419616699
}