{
	"data" : 
	[
		0.31861588358879089,
		0.55031841993331909,
		2.3461625576019287,
		0.95584762096405029,
		0.028937960043549538,
		0.23180200159549713,
		1.3323394060134888,
		0.98478555679321289,
		0.23170256614685059,
		0.02903740294277668,
		0.028937960043549538,
		0.057975359261035919,
		0.028937960043549538,
		0.20276461541652679,
		0.57925641536712646,
		1.4192527532577515,
		0.52138048410415649,
		0.20276461541652679,
		1.8247820138931274,
		0.02903740294277668,
		1.0137234926223755,
		4.3157339096069336,
		0.086913317441940308,
		0.20276461541652679,
		3.8812663555145264,
		0.14488868415355682,
		0.23170256614685059,
		1.5351040363311768,
		0.086913317441940308,
		0.49244251847267151,
		0.52138048410415649,
		2.693716287612915,
		0.23170256614685059,
		0.086913317441940308,
		1.1586122512817383,
		0.028937960043549538,
		0.20276461541652679,
		0.52138048410415649,
		0.028937960043549538,
		0.49244251847267151,
		0.52128106355667114,
		0.49244251847267151,
		0.52138048410415649,
		0.028937960043549538,
		0.49244251847267151,
		0.49234309792518616,
		0.02903740294277668,
		0.26064053177833557,
		0.49244251847267151,
		0.52138048410415649,
		66.184799194335938
	],
	"end" : 14.350555419921875,
	"labels" : 
	[
		"Prep",
		"Scan",
		"Break",
		"Prep",
		"Break",
		"Break",
		"Scan",
		"Break",
		"Prep",
		"Break",
		"Prep",
		"Break",
		"Prep",
		"Break",
		"Scan",
		"Break",
		"Prep",
		"Break",
		"Scan",
		"Break",
		"Prep",
		"Scan",
		"Prep",
		"Break",
		"Scan",
		"Break",
		"Break",
		"Scan",
		"Prep",
		"Break",
		"Scan",
		"Break",
		"Prep",
		"Break",
		"Scan",
		"Break",
		"Break",
		"Scan",
		"Prep",
		"Break",
		"Scan",
		"Break",
		"Scan",
		"Prep",
		"Break",
		"Scan",
		"Break",
		"Prep",
		"Break",
		"Scan",
		"Dead"
	],
	"start" : 13.392499923706055
}