{
	"data" : 
	[
		0.63710731267929077,
		0.89200854301452637,
		1.104328989982605,
		0.72212296724319458,
		1.1891989707946777,
		1.401665210723877,
		0.63710731267929077,
		1.3167954683303833,
		1.3590844869613647,
		0.67968809604644775,
		5.1392931938171387,
		5.3093247413635254,
		0.042580757290124893,
		0.50965672731399536,
		0.42478683590888977,
		7.4754018783569336,
		0.67968809604644775,
		0.1273047924041748,
		0.042580757290124893,
		6.9233107566833496,
		7.8577542304992676,
		0.33977112174034119,
		6.8384404182434082,
		0.0424349345266819,
		0.67954224348068237,
		6.9658913612365723,
		0.76455795764923096,
		7.305516242980957,
		0.80713868141174316,
		0.0424349345266819,
		6.2862033843994141,
		0.67954224348068237,
		4.2900114059448242,
		0.67954224348068237,
		5.1818742752075195,
		14.526309013366699
	],
	"end" : 15.003889083862305,
	"labels" : 
	[
		"Prep",
		"Scan",
		"Break",
		"Prep",
		"Scan",
		"Break",
		"Prep",
		"Scan",
		"Break",
		"Prep",
		"Scan",
		"Scan",
		"Break",
		"Prep",
		"Break",
		"Scan",
		"Prep",
		"Break",
		"Prep",
		"Scan",
		"Scan",
		"Break",
		"Scan",
		"Break",
		"Prep",
		"Scan",
		"Prep",
		"Scan",
		"Break",
		"Prep",
		"Scan",
		"Prep",
		"Scan",
		"Prep",
		"Scan",
		"Dead"
	],
	"start" : 14.350555419921875
}