{
	"data" : 
	[
		0.61512118577957153,
		0.047279521822929382,
		0.66256314516067505,
		2.3189709186553955,
		0.047279521822929382,
		3.4546544551849365,
		0.047279521822929382,
		0.85184371471405029,
		7.9502706527709961,
		1.4196854829788208,
		14.102457046508789,
		0.426003098487854,
		8.2815523147583008,
		0.047279521822929382,
		6.7200284004211426,
		6.8618669509887695,
		6.767308235168457,
		0.047279521822929382,
		0.426003098487854,
		13.723733901977539,
		25.081541061401367
	],
	"end" : 11.608611106872559,
	"labels" : 
	[
		"Prep",
		"Break",
		"Scan",
		"Break",
		"Prep",
		"Scan",
		"Break",
		"Prep",
		"Scan",
		"Prep",
		"Scan",
		"Prep",
		"Scan",
		"Prep",
		"Scan",
		"Break",
		"Scan",
		"Break",
		"Prep",
		"Scan",
		"Dead"
	],
	"start" : 11.022222518920898
}