{
	"data" : 
	[
		0.77445691823959351,
		0.77445691823959351,
		1.6039880514144897,
		0.05545400083065033,
		3.7613766193389893,
		0.94043904542922974,
		9.2376489639282227,
		0.05526408925652504,
		1.7148958444595337,
		16.484081268310547,
		0.44249254465103149,
		9.0716667175292969,
		0.11071808636188507,
		9.2376489639282227,
		8.6291742324829102,
		9.1823844909667969,
		0.05545400083065033,
		0.49756672978401184,
		16.096853256225586,
		11.173981666564941
	],
	"end" : 16.15333366394043,
	"labels" : 
	[
		"Prep",
		"Scan",
		"Break",
		"Prep",
		"Scan",
		"Prep",
		"Scan",
		"Break",
		"Prep",
		"Scan",
		"Prep",
		"Scan",
		"Prep",
		"Scan",
		"Break",
		"Scan",
		"Break",
		"Prep",
		"Scan",
		"Dead"
	],
	"start" : 15.651666641235352
}