{
	"data" : 
	[
		0.55138224363327026,
		1.7543042898178101,
		3.4084508419036865,
		0.45122477412223816,
		0.95235621929168701,
		2.7070045471191406,
		6.3157706260681152,
		9.9245367050170898,
		0.40131819248199463,
		0.45088064670562744,
		5.8648900985717773,
		0.049906633794307709,
		0.90244954824447632,
		7.869415283203125,
		0.10050163418054581,
		0.049906633794307709,
		10.476263046264648,
		0.30081653594970703,
		0.15040826797485352,
		9.8746299743652344,
		0.50147563219070435,
		0.15006408095359802,
		10.125539779663086,
		26.566505432128906
	],
	"end" : 17.339445114135742,
	"labels" : 
	[
		"Prep",
		"Scan",
		"Break",
		"Prep",
		"Scan",
		"Break",
		"Scan",
		"Scan",
		"Prep",
		"Break",
		"Scan",
		"Break",
		"Prep",
		"Scan",
		"Prep",
		"Break",
		"Scan",
		"Break",
		"Prep",
		"Scan",
		"Break",
		"Prep",
		"Scan",
		"Dead"
	],
	"start" : 16.785833358764648
}