{
	"data" : 
	[
		0.26329746842384338,
		30.623544692993164,
		0.043983332812786102,
		0.21931412816047668,
		0.52659493684768677,
		0.61426037549972534,
		3.1149837970733643,
		0.30697953701019287,
		1.0092065334320068,
		1.2285207509994507,
		1.008905291557312,
		12.767215728759766,
		0.78989243507385254,
		13.469141960144043,
		0.043682072311639786,
		0.35096287727355957,
		5.8353228569030762,
		0.043983332812786102,
		0.35096287727355957,
		11.75800895690918,
		15.531237602233887
	],
	"end" : 16.785833358764648,
	"labels" : 
	[
		"Prep",
		"Break",
		"Prep",
		"Break",
		"Prep",
		"Scan",
		"Break",
		"Prep",
		"Scan",
		"Break",
		"Prep",
		"Scan",
		"Prep",
		"Scan",
		"Break",
		"Prep",
		"Scan",
		"Break",
		"Prep",
		"Scan",
		"Dead"
	],
	"start" : 16.15333366394043
}