{
	"data" : 
	[
		0.63337576389312744,
		2.0729019641876221,
		0.63337576389312744,
		0.51812666654586792,
		1.4970520734786987,
		0.86367624998092651,
		0.46060100197792053,
		8.7522096633911133,
		0.057525701820850372,
		0.057525701820850372,
		0.057525701820850372,
		10.076486587524414,
		0.80615055561065674,
		2.5335030555725098,
		0.34535187482833862,
		11.97661304473877,
		1.036450982093811,
		1.4393285512924194,
		8.6369600296020508,
		0.057525701820850372,
		0.11524908989667892,
		12.840091705322266,
		1.4970520734786987,
		12.149388313293457,
		20.785953521728516
	],
	"end" : 12.090555191040039,
	"labels" : 
	[
		"Prep",
		"Scan",
		"Break",
		"Prep",
		"Scan",
		"Break",
		"Prep",
		"Scan",
		"Break",
		"Break",
		"Prep",
		"Scan",
		"Prep",
		"Break",
		"Break",
		"Scan",
		"Prep",
		"Break",
		"Scan",
		"Break",
		"Prep",
		"Scan",
		"Prep",
		"Scan",
		"Dead"
	],
	"start" : 11.608611106872559
}