{
	"data" : 
	[
		0.61220353841781616,
		1.9478161334991455,
		1.8366105556488037,
		0.50099802017211914,
		1.2802008390426636,
		1.2244070768356323,
		0.55640971660614014,
		7.012444019317627,
		0.055793832987546921,
		0.055411677807569504,
		9.684051513671875,
		0.50099802017211914,
		1.5026119947433472,
		9.5724639892578125,
		0.055793832987546921,
		1.001613974571228,
		9.3500528335571289,
		0.055793832987546921,
		0.11120551824569702,
		10.295872688293457,
		0.16699935495853424,
		10.90845775604248,
		31.611791610717773
	],
	"end" : 18.492500305175781,
	"labels" : 
	[
		"Prep",
		"Scan",
		"Break",
		"Prep",
		"Scan",
		"Break",
		"Prep",
		"Scan",
		"Prep",
		"Break",
		"Scan",
		"Prep",
		"Break",
		"Scan",
		"Break",
		"Prep",
		"Scan",
		"Break",
		"Prep",
		"Scan",
		"Prep",
		"Scan",
		"Dead"
	],
	"start" : 17.993888854980469
}