{
	"data" : 
	[
		0.036626439541578293,
		0.69653171300888062,
		0.23832358419895172,
		0.25663682818412781,
		0.43989488482475281,
		0.23832358419895172,
		1.3014343976974487,
		0.018313219770789146,
		0.4215816855430603,
		2.8595685958862305,
		0.018313219770789146,
		0.54990005493164062,
		5.4441237449645996,
		0.018313219770789146,
		0.1466316282749176,
		3.2078342437744141,
		0.054939661175012589,
		3.0612027645111084,
		0.29326325654983521,
		0.34826585650444031,
		0.47658428549766541,
		0.80653685331344604,
		0.27495002746582031,
		0.47658428549766541,
		0.60490268468856812,
		0.27495002746582031,
		0.67821848392486572,
		0.34826585650444031,
		0.23832358419895172,
		0.69653171300888062,
		0.11000518500804901,
		1.5946974754333496,
		0.03668937087059021,
		2.6395580768585205,
		2.2179765701293945,
		0.27495002746582031,
		0.60490268468856812,
		0.1466316282749176,
		4.0509977340698242,
		0.018313219770789146,
		0.65990525484085083,
		0.018313219770789146,
		0.018376152962446213,
		3.6293528079986572,
		0.018376152962446213,
		0.1466316282749176,
		0.018313219770789146,
		4.4725790023803711,
		0.018313219770789146,
		0.27495002746582031,
		0.03668937087059021,
		2.1262843608856201,
		0.018376152962446213,
		0.1466316282749176,
		0.018313219770789146,
		2.9328842163085938,
		0.018313219770789146,
		0.1466316282749176,
		0.018313219770789146,
		3.8310501575469971,
		0.29326325654983521,
		1.8513972759246826,
		0.018313219770789146,
		0.49489748477935791,
		0.018313219770789146,
		0.018376152962446213,
		2.9145081043243408,
		0.018313219770789146,
		0.018313219770789146,
		2.0713448524475098,
		0.018313219770789146,
		0.29332616925239563,
		2.5295529365539551,
		0.018313219770789146,
		3.1894583702087402,
		2.144660472869873,
		0.03668937087059021,
		2.8961949348449707,
		0.018313219770789146,
		3.2261474132537842,
		0.018313219770789146,
		3.6843557357788086,
		0.018376152962446213,
		0.054939661175012589,
		2.7678763866424561,
		0.018376152962446213,
		2.1445975303649902,
		3.1528317928314209,
		0.1466316282749176,
		0.25663682818412781,
		0.018313219770789146,
		5.1691737174987793,
		5.5723795890808105
	],
	"end" : 10.40583324432373,
	"labels" : 
	[
		"Prep",
		"Break",
		"Prep",
		"Scan",
		"Break",
		"Prep",
		"Scan",
		"Break",
		"Prep",
		"Scan",
		"Break",
		"Prep",
		"Scan",
		"Break",
		"Prep",
		"Scan",
		"Prep",
		"Scan",
		"Break",
		"Prep",
		"Scan",
		"Break",
		"Prep",
		"Scan",
		"Break",
		"Prep",
		"Scan",
		"Break",
		"Prep",
		"Break",
		"Prep",
		"Scan",
		"Break",
		"Scan",
		"Scan",
		"Prep",
		"Break",
		"Break",
		"Scan",
		"Break",
		"Break",
		"Break",
		"Prep",
		"Scan",
		"Prep",
		"Break",
		"Prep",
		"Scan",
		"Break",
		"Prep",
		"Break",
		"Scan",
		"Prep",
		"Break",
		"Prep",
		"Scan",
		"Prep",
		"Break",
		"Prep",
		"Scan",
		"Prep",
		"Scan",
		"Break",
		"Break",
		"Prep",
		"Prep",
		"Scan",
		"Prep",
		"Break",
		"Scan",
		"Break",
		"Prep",
		"Scan",
		"Prep",
		"Scan",
		"Break",
		"Prep",
		"Scan",
		"Prep",
		"Scan",
		"Prep",
		"Scan",
		"Break",
		"Prep",
		"Scan",
		"Break",
		"Scan",
		"Scan",
		"Prep",
		"Break",
		"Prep",
		"Scan",
		"Dead"
	],
	"start" : 8.8919448852539062
}