{
	"data" : 
	[
		1.5454939603805542,
		2.3178620338439941,
		3.8637347221374512,
		2.2075779438018799,
		10.15561580657959,
		0.11028414964675903,
		0.11066313087940216,
		12.031962394714355,
		0.11066313087940216,
		1.4348307847976685,
		15.454181671142578,
		0.11028414964675903,
		9.603816032409668,
		40.843029022216797
	],
	"end" : 15.255277633666992,
	"labels" : 
	[
		"Prep",
		"Scan",
		"Break",
		"Prep",
		"Scan",
		"Prep",
		"Break",
		"Scan",
		"Break",
		"Prep",
		"Scan",
		"Break",
		"Scan",
		"Dead"
	],
	"start" : 15.003889083862305
}