{
	"data" : 
	[
		0.40648049116134644,
		1.1179085969924927,
		1.0163757801055908,
		1.8293367624282837,
		1.9308696985244751,
		4.2682199478149414,
		1.422856330871582,
		14.227865219116211,
		1.6259219646453857,
		19.105979919433594,
		0.20341472327709198,
		18.394552230834961,
		0.20306579768657684,
		0.20341472327709198,
		19.105979919433594,
		14.837759017944336
	],
	"end" : 12.997500419616699,
	"labels" : 
	[
		"Break",
		"Prep",
		"Scan",
		"Break",
		"Scan",
		"Break",
		"Prep",
		"Scan",
		"Prep",
		"Scan",
		"Prep",
		"Scan",
		"Break",
		"Prep",
		"Scan",
		"Dead"
	],
	"start" : 12.724444389343262
}