{
	"data" : 
	[
		1.1417719125747681,
		0.48913082480430603,
		0.73411619663238525,
		0.89706653356552124,
		5.7900543212890625,
		1.3047221899032593,
		12.966586112976074,
		4.7300376892089844,
		0.081475138664245605,
		9.9494867324829102,
		1.9570832252502441,
		0.16323027014732361,
		8.8889093399047852,
		0.16323027014732361,
		8.0733184814453125,
		42.569778442382812
	],
	"end" : 8.4047222137451172,
	"labels" : 
	[
		"Prep",
		"Scan",
		"Break",
		"Scan",
		"Break",
		"Prep",
		"Scan",
		"Break",
		"Prep",
		"Scan",
		"Break",
		"Prep",
		"Scan",
		"Prep",
		"Scan",
		"Dead"
	],
	"start" : 8.0644445419311523
}