{
	"data" : 
	[
		0.51251327991485596,
		0.9683195948600769,
		1.7086383104324341,
		0.51270878314971924,
		0.91122156381607056,
		0.79741668701171875,
		0.17090293765068054,
		0.91122156381607056,
		4.2146930694580078,
		0.68341618776321411,
		0.057098008692264557,
		2.1073465347290039,
		6.9485535621643066,
		1.0250265598297119,
		7.9737753868103027,
		0.11400046944618225,
		0.45561078190803528,
		8.828094482421875,
		0.39870834350585938,
		0.056902460753917694,
		7.8599705696105957,
		0.68341618776321411,
		1.0252220630645752,
		7.9737753868103027,
		2.1642489433288574,
		6.8916516304016113,
		2.7338604927062988,
		0.11400046944618225,
		10.650537490844727,
		20.447147369384766
	],
	"end" : 8.8919448852539062,
	"labels" : 
	[
		"Prep",
		"Scan",
		"Break",
		"Prep",
		"Scan",
		"Break",
		"Prep",
		"Scan",
		"Break",
		"Prep",
		"Scan",
		"Break",
		"Scan",
		"Prep",
		"Scan",
		"Break",
		"Prep",
		"Scan",
		"Break",
		"Prep",
		"Scan",
		"Break",
		"Prep",
		"Scan",
		"Break",
		"Scan",
		"Break",
		"Prep",
		"Scan",
		"Dead"
	],
	"start" : 8.4047222137451172
}