{
	"data" : 
	[
		0.70285046100616455,
		0.65603667497634888,
		1.5931169986724854,
		0.046974670141935349,
		3.4206247329711914,
		0.79647809267044067,
		0.56224817037582397,
		0.14060226082801819,
		7.8721179962158203,
		0.37483212351799011,
		7.6377277374267578,
		0.046813797205686569,
		8.5749692916870117,
		0.23422986268997192,
		1.0778435468673706,
		13.916567802429199,
		0.5154343843460083,
		0.046813797205686569,
		15.088199615478516,
		36.59552001953125
	],
	"end" : 12.682777404785156,
	"labels" : 
	[
		"Prep",
		"Scan",
		"Break",
		"Prep",
		"Scan",
		"Prep",
		"Break",
		"Break",
		"Scan",
		"Prep",
		"Scan",
		"Break",
		"Scan",
		"Break",
		"Prep",
		"Scan",
		"Break",
		"Prep",
		"Scan",
		"Dead"
	],
	"start" : 12.090555191040039
}