{
	"data" : 
	[
		0.91020512580871582,
		1.4699801206588745,
		3.0103826522827148,
		0.91020512580871582,
		1.4699801206588745,
		3.7105221748352051,
		1.3300964832305908,
		0.21006582677364349,
		8.4007101058959961,
		0.069941826164722443,
		0.070182174444198608,
		10.150938987731934,
		0.069941826164722443,
		6.0907073020935059,
		1.0500887632369995,
		0.98014700412750244,
		11.061142921447754,
		1.0500887632369995,
		8.2608261108398438,
		39.623847961425781
	],
	"end" : 15.651666641235352,
	"labels" : 
	[
		"Prep",
		"Scan",
		"Break",
		"Prep",
		"Scan",
		"Break",
		"Prep",
		"Break",
		"Scan",
		"Prep",
		"Break",
		"Scan",
		"Prep",
		"Scan",
		"Break",
		"Prep",
		"Scan",
		"Prep",
		"Scan",
		"Dead"
	],
	"start" : 15.255277633666992
}