{
	"data" : 
	[
		0.83613669872283936,
		1.4152044057846069,
		1.0291593074798584,
		1.1581354141235352,
		0.96467113494873047,
		1.0936472415924072,
		0.064488090574741364,
		1.0291593074798584,
		7.5906014442443848,
		0.064046390354633331,
		7.976646900177002,
		0.064488090574741364,
		7.5906014442443848,
		1.0291593074798584,
		7.4620671272277832,
		0.064046390354633331,
		8.1696691513061523,
		0.45053321123123169,
		7.9762048721313477,
		7.0119757652282715,
		0.064046390354633331,
		9.3273630142211914,
		0.064488090574741364,
		7.1405105590820312,
		0.64311414957046509,
		10.74256706237793,
		0.064488090574741364,
		1.0291593074798584,
		7.7836241722106934
	],
	"end" : 18.92388916015625,
	"labels" : 
	[
		"Prep",
		"Scan",
		"Prep",
		"Scan",
		"Prep",
		"Scan",
		"Break",
		"Prep",
		"Scan",
		"Prep",
		"Scan",
		"Prep",
		"Scan",
		"Prep",
		"Scan",
		"Prep",
		"Scan",
		"Break",
		"Scan",
		"Scan",
		"Break",
		"Scan",
		"Prep",
		"Scan",
		"Prep",
		"Scan",
		"Break",
		"Prep",
		"Scan"
	],
	"start" : 18.492500305175781
}