{
	"data" : 
	[
		9.3243961334228516,
		5.9952349662780762,
		84.580375671386719
	],
	"end" : 12.724444389343262,
	"labels" : 
	[
		"Prep",
		"Scan",
		"Dead"
	],
	"start" : 12.682777404785156
}