{
	"data" : 
	[
		0.63031512498855591,
		0.63031512498855591,
		1.3955652713775635,
		0.6752934455871582,
		2.8362634181976318,
		0.76540476083755493,
		7.3832502365112305,
		0.045132912695407867,
		1.7557011842727661,
		13.371088981628418,
		0.044978346675634384,
		0.36013591289520264,
		6.798067569732666,
		0.044978346675634384,
		0.13508962094783783,
		6.3478207588195801,
		6.0777959823608398,
		0.044978346675634384,
		6.3929533958435059,
		0.36013591289520264,
		13.100909233093262,
		30.703828811645508
	],
	"end" : 11.022222518920898,
	"labels" : 
	[
		"Prep",
		"Scan",
		"Break",
		"Prep",
		"Scan",
		"Prep",
		"Scan",
		"Break",
		"Prep",
		"Scan",
		"Break",
		"Prep",
		"Scan",
		"Break",
		"Prep",
		"Scan",
		"Break",
		"Prep",
		"Scan",
		"Prep",
		"Scan",
		"Dead"
	],
	"start" : 10.40583324432373
}