{
	"data" : 
	[
		0.59366369247436523,
		0.89034992456436157,
		0.67838960886001587,
		0.76340663433074951,
		0.63588106632232666,
		0.7631155252456665,
		0.42421185970306396,
		1.0600929260253906,
		0.33919480443000793,
		3.9859030246734619,
		0.042217377573251724,
		5.0882129669189453,
		0.55144631862640381,
		0.38141217827796936,
		0.042508531361818314,
		0.042508531361818314,
		4.8762526512145996,
		0.042217377573251724,
		0.67868071794509888,
		4.5792751312255859,
		0.042508531361818314,
		5.0882129669189453,
		0.042508531361818314,
		5.300173282623291,
		0.67838960886001587,
		6.0213627815246582,
		4.7065095901489258,
		0.042508531361818314,
		0.46642923355102539,
		7.632319450378418,
		0.042508531361818314,
		0.38170331716537476,
		4.6640009880065918,
		0.63617223501205444,
		5.9363460540771484,
		0.63617223501205444,
		5.9360542297363281,
		25.187179565429688
	],
	"end" : 17.993888854980469,
	"labels" : 
	[
		"Prep",
		"Scan",
		"Prep",
		"Scan",
		"Prep",
		"Scan",
		"Prep",
		"Break",
		"Prep",
		"Scan",
		"Prep",
		"Scan",
		"Prep",
		"Break",
		"Prep",
		"Break",
		"Scan",
		"Break",
		"Prep",
		"Scan",
		"Break",
		"Scan",
		"Break",
		"Scan",
		"Prep",
		"Scan",
		"Scan",
		"Break",
		"Prep",
		"Scan",
		"Break",
		"Prep",
		"Scan",
		"Prep",
		"Scan",
		"Prep",
		"Scan",
		"Dead"
	],
	"start" : 17.339445114135742
}