{
	"data" : 
	[
		1.790868878364563,
		0.76742106676101685,
		1.6628555059432983,
		0.12801329791545868,
		1.4070484638214111,
		7.0352420806884766,
		2.0464563369750977,
		20.33808708190918,
		5.3723869323730469,
		13.30306339263916,
		0.12779372930526733,
		0.12801329791545868,
		13.942471504211426,
		0.12779372930526733,
		0.12801329791545868,
		12.791230201721191,
		18.803245544433594
	],
	"end" : 8.0644445419311523,
	"labels" : 
	[
		"Prep",
		"Scan",
		"Break",
		"Prep",
		"Scan",
		"Break",
		"Prep",
		"Scan",
		"Break",
		"Scan",
		"Break",
		"Prep",
		"Scan",
		"Break",
		"Prep",
		"Scan",
		"Dead"
	],
	"start" : 7.8474998474121094
}