{
	"data" : 
	[
		0.20315155386924744,
		0.1218351423740387,
		0.73128974437713623,
		0.58909064531326294,
		0.020294234156608582,
		0.060952439904212952,
		0.020294234156608582,
		0.020363971590995789,
		0.020294234156608582,
		1.1172288656234741,
		1.4422155618667603,
		0.28439819812774658,
		1.503167986869812,
		0.44689157605171204,
		0.020294234156608582,
		1.6250729560852051,
		6.764256477355957,
		0.20315155386924744,
		0.020294234156608582,
		0.020294234156608582,
		1.1172288656234741,
		0.18285731971263885,
		0.18278758227825165,
		3.7173318862915039,
		0.040588468313217163,
		0.20315155386924744,
		0.67033737897872925,
		0.46718579530715942,
		0.020294234156608582,
		2.8642067909240723,
		0.081246674060821533,
		0.14219909906387329,
		0.14219909906387329,
		0.020294234156608582,
		0.4874800443649292,
		0.060952439904212952,
		0.020294234156608582,
		4.3673748970031738,
		1.929695725440979,
		0.020363971590995789,
		0.14219909906387329,
		17.388044357299805,
		0.18278758227825165,
		0.52813822031021118,
		0.14219909906387329,
		0.30469247698783875,
		3.2704398632049561,
		0.14219909906387329,
		0.30469247698783875,
		0.42652758955955505,
		0.46725553274154663,
		0.14219909906387329,
		2.031306266784668,
		0.060952439904212952,
		5.0376420021057129,
		0.10154090076684952,
		0.020294234156608582,
		0.1219048798084259,
		0.14219909906387329,
		0.14219909906387329,
		0.14219909906387329,
		2.986041784286499,
		9.9330854415893555,
		0.18285731971263885,
		0.83283072710037231,
		0.4874800443649292,
		0.18285731971263885,
		0.83283072710037231,
		0.34528091549873352,
		0.18285731971263885,
		1.1375231742858887,
		0.18278758227825165,
		0.60945463180541992,
		0.040588468313217163,
		0.14219909906387329,
		2.0719645023345947,
		16.534847259521484
	],
	"end" : 12.96138858795166,
	"labels" : 
	[
		"Prep",
		"Break",
		"Scan",
		"Break",
		"Prep",
		"Break",
		"Prep",
		"Break",
		"Prep",
		"Scan",
		"Break",
		"Prep",
		"Scan",
		"Break",
		"Prep",
		"Scan",
		"Break",
		"Prep",
		"Break",
		"Prep",
		"Scan",
		"Break",
		"Prep",
		"Scan",
		"Break",
		"Break",
		"Scan",
		"Break",
		"Prep",
		"Scan",
		"Break",
		"Prep",
		"Break",
		"Break",
		"Scan",
		"Break",
		"Prep",
		"Scan",
		"Break",
		"Prep",
		"Break",
		"Scan",
		"Break",
		"Prep",
		"Break",
		"Scan",
		"Break",
		"Break",
		"Scan",
		"Break",
		"Prep",
		"Break",
		"Scan",
		"Prep",
		"Scan",
		"Break",
		"Prep",
		"Scan",
		"Break",
		"Prep",
		"Break",
		"Scan",
		"Break",
		"Prep",
		"Scan",
		"Break",
		"Prep",
		"Scan",
		"Break",
		"Prep",
		"Scan",
		"Break",
		"Prep",
		"Break",
		"Break",
		"Scan",
		"Dead"
	],
	"start" : 11.595277786254883
}