{
	"data" : 
	[
		0.39600703120231628,
		0.297005295753479,
		1.4603822231292725,
		0.3465486466884613,
		0.32181945443153381,
		5.0494298934936523,
		0.19800351560115814,
		0.024729195982217789,
		4.8266973495483398,
		0.099001757800579071,
		0.19808851182460785,
		3.440502405166626,
		0.024814175441861153,
		0.44546541571617126,
		0.049543369561433792,
		6.6088142395019531,
		0.22281770408153534,
		3.5643184185028076,
		0.32173448801040649,
		0.099001757800579071,
		6.3118934631347656,
		0.19800351560115814,
		0.91583001613616943,
		3.9850544929504395,
		0.099001757800579071,
		4.8019676208496094,
		6.930633544921875,
		0.074272565543651581,
		0.44555041193962097,
		0.39600703120231628,
		0.42082121968269348,
		0.34646368026733398,
		0.22281770408153534,
		0.074272565543651581,
		5.1484317779541016,
		0.024729195982217789,
		0.14854513108730316,
		0.024729195982217789,
		9.3068456649780273,
		32.029407501220703
	],
	"end" : 11.282777786254883,
	"labels" : 
	[
		"Prep",
		"Scan",
		"Break",
		"Prep",
		"Break",
		"Scan",
		"Break",
		"Prep",
		"Scan",
		"Break",
		"Break",
		"Scan",
		"Break",
		"Prep",
		"Break",
		"Scan",
		"Prep",
		"Scan",
		"Break",
		"Prep",
		"Scan",
		"Break",
		"Prep",
		"Scan",
		"Prep",
		"Scan",
		"Break",
		"Prep",
		"Break",
		"Break",
		"Break",
		"Break",
		"Break",
		"Prep",
		"Scan",
		"Break",
		"Break",
		"Prep",
		"Scan",
		"Dead"
	],
	"start" : 10.161666870117188
}