{
	"data" : 
	[
		0.24545082449913025,
		0.45814865827560425,
		0.32730522751808167,
		0.016348406672477722,
		0.47455322742462158,
		0.016348406672477722,
		0.47455322742462158,
		0.22910240292549133,
		0.68725103139877319,
		0.22910240292549133,
		0.85090368986129761,
		0.13089962303638458,
		0.85090368986129761,
		0.016404587775468826,
		1.7509087324142456,
		0.1472480297088623,
		2.9781630039215088,
		0.049101397395133972,
		0.40910342335700989,
		3.5672674179077148,
		0.049101397395133972,
		3.7963695526123047,
		0.016348406672477722,
		0.13089962303638458,
		2.5691156387329102,
		0.016348406672477722,
		0.29455223679542542,
		3.0109157562255859,
		0.016348406672477722,
		0.14730419218540192,
		2.1436076164245605,
		0.016348406672477722,
		1.8163585662841797,
		0.016404587775468826,
		0.13089962303638458,
		0.11455120146274567,
		3.0763657093048096,
		0.049101397395133972,
		1.0963544845581055,
		67.483642578125
	],
	"end" : 10.161666870117188,
	"labels" : 
	[
		"Prep",
		"Scan",
		"Break",
		"Prep",
		"Scan",
		"Break",
		"Scan",
		"Prep",
		"Scan",
		"Prep",
		"Scan",
		"Prep",
		"Scan",
		"Prep",
		"Scan",
		"Prep",
		"Scan",
		"Break",
		"Prep",
		"Scan",
		"Prep",
		"Scan",
		"Break",
		"Prep",
		"Scan",
		"Break",
		"Prep",
		"Scan",
		"Break",
		"Break",
		"Scan",
		"Prep",
		"Scan",
		"Break",
		"Prep",
		"Break",
		"Scan",
		"Prep",
		"Scan",
		"Dead"
	],
	"start" : 8.4658336639404297
}