{
	"data" : 
	[
		0.1911805272102356,
		0.24333153665065765,
		0.017363773658871651,
		0.50402683019638062,
		1.5468080043792725,
		0.15645298361778259,
		0.15639330446720123,
		0.017423445358872414,
		3.0936160087585449,
		0.2085442990064621,
		2.7634057998657227,
		3.2327051162719727,
		0.2085442990064621,
		0.43451207876205444,
		0.12166576832532883,
		0.31278660893440247,
		0.1911805272102356,
		0.43451207876205444,
		0.10430198907852173,
		0.31284630298614502,
		0.017363773658871651,
		0.17381675541400909,
		7.2995877265930176,
		0.086878538131713867,
		6.4653506278991699,
		0.34757384657859802,
		0.12166576832532883,
		0.27805909514427185,
		0.26069530844688416,
		0.017423445358872414,
		0.43451207876205444,
		0.12160608917474747,
		0.57354158163070679,
		0.12166576832532883,
		0.33021005988121033,
		0.38236105442047119,
		0.41714826226234436,
		0.12166576832532883,
		0.33021005988121033,
		0.67784357070922852,
		0.034727547317743301,
		0.12166576832532883,
		0.33021005988121033,
		0.2085442990064621,
		0.15645298361778259,
		0.12166576832532883,
		0.29542285203933716,
		0.15645298361778259,
		0.069514773786067963,
		0.2259080708026886,
		1.0254174470901489,
		0.27811872959136963,
		4.240699291229248,
		0.1911805272102356,
		0.48660337924957275,
		0.59096503257751465,
		0.052091322839260101,
		1.0775684118270874,
		0.93853890895843506,
		0.052150994539260864,
		12.113828659057617,
		0.017363773658871651,
		0.052150994539260864,
		0.034727547317743301,
		0.034787219017744064,
		9.7675113677978516,
		8.0643100738525391,
		0.034787219017744064,
		0.069514773786067963,
		0.034727547317743301,
		0.31284630298614502,
		0.034787219017744064,
		0.052091322839260101,
		0.034787219017744064,
		0.24333153665065765,
		0.017363773658871651,
		0.97326642274856567,
		0.2085442990064621,
		0.086938217282295227,
		0.33021005988121033,
		0.36499729752540588,
		0.41708859801292419,
		0.034787219017744064,
		4.9184832572937012,
		0.53881406784057617,
		0.45187583565711975,
		0.069514773786067963,
		4.6230602264404297,
		12.478825569152832
	],
	"end" : 15.388055801391602,
	"labels" : 
	[
		"Prep",
		"Break",
		"Prep",
		"Scan",
		"Break",
		"Prep",
		"Break",
		"Prep",
		"Scan",
		"Prep",
		"Scan",
		"Scan",
		"Break",
		"Prep",
		"Break",
		"Scan",
		"Break",
		"Prep",
		"Break",
		"Scan",
		"Break",
		"Prep",
		"Scan",
		"Prep",
		"Scan",
		"Prep",
		"Break",
		"Scan",
		"Break",
		"Prep",
		"Break",
		"Scan",
		"Break",
		"Break",
		"Scan",
		"Break",
		"Prep",
		"Break",
		"Scan",
		"Break",
		"Prep",
		"Break",
		"Scan",
		"Break",
		"Prep",
		"Break",
		"Scan",
		"Break",
		"Prep",
		"Break",
		"Break",
		"Scan",
		"Break",
		"Prep",
		"Scan",
		"Break",
		"Prep",
		"Scan",
		"Break",
		"Prep",
		"Scan",
		"Break",
		"Prep",
		"Break",
		"Prep",
		"Scan",
		"Break",
		"Prep",
		"Break",
		"Prep",
		"Break",
		"Prep",
		"Break",
		"Prep",
		"Break",
		"Prep",
		"Break",
		"Prep",
		"Break",
		"Scan",
		"Break",
		"Prep",
		"Break",
		"Scan",
		"Break",
		"Prep",
		"Break",
		"Scan",
		"Dead"
	],
	"start" : 13.791388511657715
}