{
	"data" : 
	[
		1.2432622909545898,
		2.4862198829650879,
		3.1081559658050537,
		1.5094144344329834,
		18.026693344116211,
		4.7950053215026855,
		1.2432622909545898,
		16.516670227050781,
		2.2200677394866943,
		11.277773857116699,
		17.671215057373047,
		19.80225944519043
	],
	"end" : 11.595277786254883,
	"labels" : 
	[
		"Prep",
		"Scan",
		"Break",
		"Prep",
		"Scan",
		"Break",
		"Prep",
		"Scan",
		"Break",
		"Scan",
		"Scan",
		"Dead"
	],
	"start" : 11.282777786254883
}