{
	"data" : 
	[
		0.33437055349349976,
		0.20064526796340942,
		0.43457841873168945,
		0.033402618020772934,
		1.1033194065093994,
		1.8054631948471069,
		0.23404790461063385,
		7.6897187232971191,
		0.60182106494903564,
		5.015099048614502,
		0.033402618020772934,
		5.4162750244140625,
		0.033402618020772934,
		0.033517401665449142,
		5.3493547439575195,
		0.033402618020772934,
		0.23404790461063385,
		7.4891881942749023,
		0.033402618020772934,
		0.26745054125785828,
		4.1124248504638672,
		12.57109260559082,
		0.1002078577876091,
		8.0240898132324219,
		0.033517401665449142,
		0.10032263398170471,
		7.087897777557373,
		31.494535446166992
	],
	"end" : 13.791388511657715,
	"labels" : 
	[
		"Prep",
		"Scan",
		"Break",
		"Prep",
		"Scan",
		"Break",
		"Prep",
		"Scan",
		"Prep",
		"Scan",
		"Prep",
		"Scan",
		"Break",
		"Prep",
		"Scan",
		"Prep",
		"Break",
		"Scan",
		"Break",
		"Prep",
		"Scan",
		"Break",
		"Prep",
		"Scan",
		"Break",
		"Prep",
		"Scan",
		"Dead"
	],
	"start" : 12.96138858795166
}