{
	"data" : 
	[
		0.50621438026428223,
		1.0123045444488525,
		2.2778403759002686,
		0.25310719013214111,
		7.3397359848022461,
		1.6632580757141113,
		1.0846741199493408,
		11.244587898254395,
		1.5185189247131348,
		3.6518688201904297,
		1.7716261148452759,
		0.50621438026428223,
		4.8087882995605469,
		3.5794992446899414,
		0.036122702062129974,
		0.25310719013214111,
		5.2788796424865723,
		8.0266876220703125,
		0.14461493492126465,
		8.3882875442504883,
		0.036122702062129974,
		7.3758583068847656,
		6.0743241310119629,
		0.10849224030971527,
		11.244587898254395,
		0.036246832460165024,
		0.68695199489593506,
		4.591679573059082,
		0.28947815299034119,
		3.8324820995330811,
		0.036246832460165024,
		2.2415938377380371
	],
	"end" : 16.155555725097656,
	"labels" : 
	[
		"Prep",
		"Scan",
		"Break",
		"Prep",
		"Scan",
		"Break",
		"Prep",
		"Scan",
		"Break",
		"Scan",
		"Break",
		"Prep",
		"Scan",
		"Scan",
		"Break",
		"Prep",
		"Scan",
		"Break",
		"Prep",
		"Scan",
		"Break",
		"Scan",
		"Break",
		"Prep",
		"Scan",
		"Break",
		"Prep",
		"Scan",
		"Prep",
		"Scan",
		"Prep",
		"Scan"
	],
	"start" : 15.388055801391602
}