{
	"data" : 
	[
		1.939907431602478,
		2.6325278282165527,
		4.4335308074951172,
		1.939907431602478,
		12.885780334472656,
		17.873979568481445,
		0.13890460133552551,
		0.13890460133552551,
		0.13795320689678192,
		19.537027359008789,
		0.13890460133552551,
		14.825688362121582,
		23.276987075805664
	],
	"end" : 17.455554962158203,
	"labels" : 
	[
		"Prep",
		"Scan",
		"Break",
		"Prep",
		"Scan",
		"Scan",
		"Prep",
		"Break",
		"Prep",
		"Scan",
		"Prep",
		"Scan",
		"Dead"
	],
	"start" : 17.255277633666992
}