{
	"data" : 
	[
		0.56498062610626221,
		0.56511920690536499,
		2.6640148162841797,
		0.2825596034526825,
		0.16144284605979919,
		7.830601692199707,
		0.52465462684631348,
		2.9465744495391846,
		0.92833101749420166,
		6.7003631591796875,
		0.040464643388986588,
		0.28242102265357971,
		6.6197109222412109,
		1.4126595258712769,
		0.12111677974462509,
		0.48432853817939758,
		0.24223355948925018,
		12.028392791748047,
		1.4126595258712769,
		0.080790713429450989,
		6.7003631591796875,
		0.040326066315174103,
		0.040326066315174103,
		7.3865985870361328,
		0.64577138423919678,
		7.4269251823425293,
		3.5116937160491943,
		0.040326066315174103,
		0.12111677974462509,
		0.48432853817939758,
		0.56511920690536499,
		1.735683798789978,
		12.997049331665039,
		12.310952186584473
	],
	"end" : 10.425833702087402,
	"labels" : 
	[
		"Prep",
		"Scan",
		"Break",
		"Prep",
		"Scan",
		"Break",
		"Prep",
		"Scan",
		"Prep",
		"Scan",
		"Break",
		"Prep",
		"Scan",
		"Break",
		"Prep",
		"Break",
		"Prep",
		"Scan",
		"Break",
		"Prep",
		"Scan",
		"Break",
		"Prep",
		"Scan",
		"Break",
		"Scan",
		"Break",
		"Prep",
		"Break",
		"Prep",
		"Scan",
		"Break",
		"Scan",
		"Dead"
	],
	"start" : 9.7383337020874023
}