{
	"data" : 
	[
		1.708579421043396,
		0.13177633285522461,
		2.4974322319030762,
		2.6292085647583008,
		1.8403557538986206,
		9.8579530715942383,
		0.13177633285522461,
		14.196643829345703,
		0.13087375462055206,
		13.539566993713379,
		0.13087375462055206,
		10.121505737304688,
		42.983455657958984
	],
	"end" : 17.255277633666992,
	"labels" : 
	[
		"Prep",
		"Break",
		"Scan",
		"Break",
		"Prep",
		"Scan",
		"Prep",
		"Scan",
		"Prep",
		"Scan",
		"Prep",
		"Scan",
		"Dead"
	],
	"start" : 17.044166564941406
}