{
	"data" : 
	[
		0.29283326864242554,
		0.21968777477741241,
		1.0616147518157959,
		0.25613483786582947,
		1.4642919301986694,
		5.4910635948181152,
		0.25626051425933838,
		0.036572735756635666,
		6.0401568412780762,
		0.036572735756635666,
		3.8803548812866211,
		0.65893763303756714,
		8.8221988677978516,
		0.036572735756635666,
		0.10984388738870621,
		0.036572735756635666,
		7.1383442878723145,
		0.87862539291381836,
		0.073145471513271332,
		9.0053138732910156,
		0.07327115535736084,
		6.9552297592163086,
		0.036572735756635666,
		0.43937554955482483,
		0.2195620983839035,
		8.0535430908203125,
		38.327346801757812
	],
	"end" : 9.3983335494995117,
	"labels" : 
	[
		"Prep",
		"Scan",
		"Break",
		"Prep",
		"Scan",
		"Break",
		"Prep",
		"Break",
		"Scan",
		"Prep",
		"Scan",
		"Prep",
		"Scan",
		"Break",
		"Break",
		"Prep",
		"Scan",
		"Break",
		"Break",
		"Scan",
		"Prep",
		"Scan",
		"Break",
		"Prep",
		"Break",
		"Scan",
		"Dead"
	],
	"start" : 8.6402778625488281
}