{
	"data" : 
	[
		1.0597065687179565,
		1.710972785949707,
		0.081688046455383301,
		1.22196364402771,
		1.4670277833938599,
		1.22196364402771,
		1.4670277833938599,
		1.3036516904830933,
		6.6816344261169434,
		0.081688046455383301,
		4.8889737129211426,
		0.081128537654876709,
		8.2303495407104492,
		1.3036516904830933,
		8.8816165924072266,
		0.081688046455383301,
		5.9481205940246582,
		0.081688046455383301,
		8.3926067352294922,
		0.081688046455383301,
		1.22196364402771,
		8.2303495407104492,
		1.3036516904830933,
		0.16281656920909882,
		13.037635803222656,
		21.674747467041016
	],
	"end" : 16.794445037841797,
	"labels" : 
	[
		"Prep",
		"Scan",
		"Break",
		"Prep",
		"Scan",
		"Prep",
		"Scan",
		"Prep",
		"Scan",
		"Prep",
		"Scan",
		"Prep",
		"Scan",
		"Prep",
		"Scan",
		"Break",
		"Scan",
		"Break",
		"Scan",
		"Break",
		"Prep",
		"Scan",
		"Prep",
		"Break",
		"Scan",
		"Dead"
	],
	"start" : 16.453887939453125
}