{
	"data" : 
	[
		0.29366114735603333,
		0.31622663140296936,
		0.54203629493713379,
		0.31622663140296936,
		1.6488293409347534,
		0.022565459832549095,
		0.40656599402427673,
		3.7944865226745605,
		0.67758417129516602,
		6.7307877540588379,
		0.18067875504493713,
		3.7042248249053955,
		0.15811331570148468,
		3.2072417736053467,
		3.2298848628997803,
		0.022565459832549095,
		3.1847538948059082,
		0.022565459832549095,
		0.20324422419071198,
		6.5726747512817383,
		64.665084838867188
	],
	"end" : 12.287221908569336,
	"labels" : 
	[
		"Prep",
		"Scan",
		"Break",
		"Prep",
		"Scan",
		"Break",
		"Prep",
		"Scan",
		"Prep",
		"Scan",
		"Prep",
		"Scan",
		"Prep",
		"Scan",
		"Break",
		"Prep",
		"Scan",
		"Break",
		"Prep",
		"Scan",
		"Dead"
	],
	"start" : 11.058610916137695
}