{
	"data" : 
	[
		0.94782596826553345,
		1.0209281444549561,
		1.5313923358917236,
		0.58331602811813354,
		6.4898290634155273,
		0.072851918637752533,
		1.2397342920303345,
		12.250387191772461,
		2.1875600814819336,
		21.730148315429688,
		0.65641826391220093,
		11.88587760925293,
		0.14570383727550507,
		11.74017333984375,
		27.417856216430664
	],
	"end" : 13.068611145019531,
	"labels" : 
	[
		"Prep",
		"Scan",
		"Break",
		"Prep",
		"Scan",
		"Break",
		"Prep",
		"Scan",
		"Prep",
		"Scan",
		"Prep",
		"Scan",
		"Prep",
		"Scan",
		"Dead"
	],
	"start" : 12.688055992126465
}