{
	"data" : 
	[
		1.4444091320037842,
		2.3333349227905273,
		4.0005478858947754,
		0.11140186339616776,
		13.00120735168457,
		0.22204068303108215,
		15.001862525939941,
		0.11140186339616776,
		2.1112942695617676,
		14.446380615234375,
		0.11063883453607559,
		9.7789478302001953,
		0.88892579078674316,
		14.557019233703613,
		21.780590057373047
	],
	"end" : 17.044166564941406,
	"labels" : 
	[
		"Prep",
		"Scan",
		"Break",
		"Prep",
		"Scan",
		"Break",
		"Scan",
		"Break",
		"Prep",
		"Scan",
		"Break",
		"Scan",
		"Prep",
		"Scan",
		"Dead"
	],
	"start" : 16.794445037841797
}