{
	"data" : 
	[
		1.4639487266540527,
		2.2527642250061035,
		3.3787598609924316,
		1.6893799304962158,
		8.1089458465576172,
		0.11290888488292694,
		12.163612365722656,
		0.11252220720052719,
		14.528899192810059,
		0.11252220720052719,
		12.163998603820801,
		43.811740875244141
	],
	"end" : 10.672222137451172,
	"labels" : 
	[
		"Prep",
		"Scan",
		"Break",
		"Prep",
		"Scan",
		"Prep",
		"Scan",
		"Prep",
		"Scan",
		"Break",
		"Scan",
		"Dead"
	],
	"start" : 10.425833702087402
}