{
	"data" : 
	[
		1.6799061298370361,
		1.5680148601531982,
		2.3520221710205078,
		1.7917971611022949,
		1.7917971611022949,
		1.5680148601531982,
		8.1757478713989258,
		0.11189120262861252,
		1.0081743001937866,
		20.383039474487305,
		59.469596862792969
	],
	"end" : 8.6402778625488281,
	"labels" : 
	[
		"Prep",
		"Scan",
		"Break",
		"Prep",
		"Scan",
		"Prep",
		"Scan",
		"Break",
		"Prep",
		"Scan",
		"Dead"
	],
	"start" : 8.3924999237060547
}