{
	"data" : 
	[
		0.34452638030052185,
		0.37109842896461487,
		1.6964238882064819,
		0.39757946133613586,
		1.9348441362380981,
		0.026572030037641525,
		0.45054149627685547,
		4.3999457359313965,
		0.026572030037641525,
		0.29156431555747986,
		7.8986268043518066,
		0.21203023195266724,
		4.6650290489196777,
		0.053053062409162521,
		3.7637643814086914,
		73.367835998535156
	],
	"end" : 14.71583366394043,
	"labels" : 
	[
		"Prep",
		"Scan",
		"Break",
		"Prep",
		"Scan",
		"Break",
		"Prep",
		"Scan",
		"Break",
		"Prep",
		"Scan",
		"Prep",
		"Scan",
		"Prep",
		"Scan",
		"Dead"
	],
	"start" : 13.668889045715332
}