{
	"data" : 
	[
		0.81387549638748169,
		1.3015303611755371,
		3.4979329109191895,
		0.08155512809753418,
		1.6271923780441284,
		4.3928046226501465,
		2.3589539527893066,
		15.131268501281738,
		0.08155512809753418,
		0.24410678446292877,
		10.168694496154785,
		2.6036193370819092,
		0.16255165636539459,
		15.131268501281738,
		0.32566189765930176,
		0.24410678446292877,
		10.250249862670898,
		0.16255165636539459,
		0.89487200975418091,
		12.609762191772461,
		0.080996528267860413,
		0.08155512809753418,
		17.65333366394043
	],
	"end" : 17.796667098999023,
	"labels" : 
	[
		"Prep",
		"Scan",
		"Break",
		"Prep",
		"Scan",
		"Break",
		"Prep",
		"Scan",
		"Break",
		"Prep",
		"Scan",
		"Break",
		"Prep",
		"Scan",
		"Break",
		"Prep",
		"Scan",
		"Break",
		"Prep",
		"Scan",
		"Prep",
		"Break",
		"Scan"
	],
	"start" : 17.455554962158203
}