{
	"data" : 
	[
		0.89779871702194214,
		0.81597685813903809,
		1.3876090049743652,
		2.856759786605835,
		0.73443526029586792,
		0.1633635014295578,
		1.3873287439346313,
		2.1220443248748779,
		0.73471540212631226,
		0.24462494254112244,
		1.3876090049743652,
		5.5501556396484375,
		2.5300326347351074,
		0.3264467716217041,
		0.081541642546653748,
		0.57135194540023804,
		1.8771389722824097,
		0.65317380428314209,
		2.3666691780090332,
		0.24490514397621155,
		0.57135194540023804,
		1.958961009979248,
		0.1630832850933075,
		1.3876090049743652,
		8.0801887512207031,
		0.081541642546653748,
		0.24490514397621155,
		0.57135194540023804,
		1.5506922006607056,
		4.8969817161560059,
		0.1633635014295578,
		0.57107168436050415,
		1.958961009979248,
		3.1013844013214111,
		0.1633635014295578,
		0.081541642546653748,
		1.3876090049743652,
		0.081541642546653748,
		1.9586807489395142,
		1.5509724617004395,
		0.57135194540023804,
		1.3873287439346313,
		0.89779871702194214,
		0.081541642546653748,
		1.958961009979248,
		37.544181823730469
	],
	"end" : 9.7383337020874023,
	"labels" : 
	[
		"Prep",
		"Break",
		"Scan",
		"Break",
		"Prep",
		"Break",
		"Scan",
		"Break",
		"Prep",
		"Break",
		"Scan",
		"Break",
		"Prep",
		"Break",
		"Prep",
		"Break",
		"Scan",
		"Break",
		"Prep",
		"Break",
		"Break",
		"Scan",
		"Prep",
		"Break",
		"Scan",
		"Break",
		"Break",
		"Break",
		"Scan",
		"Break",
		"Break",
		"Break",
		"Scan",
		"Break",
		"Prep",
		"Break",
		"Scan",
		"Break",
		"Scan",
		"Prep",
		"Break",
		"Scan",
		"Break",
		"Break",
		"Scan",
		"Dead"
	],
	"start" : 9.3983335494995117
}