{
	"data" : 
	[
		0.64723271131515503,
		0.64723271131515503,
		3.6058065891265869,
		0.046185560524463654,
		4.8539280891418457,
		0.78594809770584106,
		8.2749919891357422,
		0.36980190873146057,
		0.36980190873146057,
		8.0899324417114258,
		0.046344276517629623,
		0.32361635565757751,
		0.27727207541465759,
		0.046185560524463654,
		11.649712562561035,
		0.13871540129184723,
		13.72980785369873,
		0.046185560524463654,
		14.839372634887695,
		31.111927032470703
	],
	"end" : 13.668889045715332,
	"labels" : 
	[
		"Prep",
		"Scan",
		"Break",
		"Prep",
		"Scan",
		"Prep",
		"Scan",
		"Break",
		"Prep",
		"Scan",
		"Break",
		"Prep",
		"Break",
		"Prep",
		"Scan",
		"Prep",
		"Scan",
		"Break",
		"Scan",
		"Dead"
	],
	"start" : 13.068611145019531
}