{
	"data" : 
	[
		0.96927750110626221,
		0.96927750110626221,
		3.1153311729431152,
		0.4846387505531311,
		5.1230525970458984,
		1.2461800575256348,
		12.115256309509277,
		1.3847501277923584,
		10.107535362243652,
		0.069403886795043945,
		12.945963859558105,
		7.5462465286254883,
		0.13833239674568176,
		12.323230743408203,
		1.4536787271499634,
		0.96927750110626221,
		28.938568115234375
	],
	"end" : 12.688055992126465,
	"labels" : 
	[
		"Prep",
		"Scan",
		"Break",
		"Prep",
		"Scan",
		"Break",
		"Scan",
		"Prep",
		"Scan",
		"Prep",
		"Scan",
		"Break",
		"Prep",
		"Scan",
		"Prep",
		"Scan",
		"Dead"
	],
	"start" : 12.287221908569336
}