{
	"data" : 
	[
		1.00551438331604,
		1.00551438331604,
		4.596320629119873,
		1.00551438331604,
		5.2428278923034668,
		0.071752004325389862,
		1.2207704782485962,
		11.419418334960938,
		0.57450920343399048,
		23.125598907470703,
		0.57450920343399048,
		12.640188217163086,
		9.6956443786621094,
		27.721918106079102
	],
	"end" : 11.058610916137695,
	"labels" : 
	[
		"Prep",
		"Scan",
		"Break",
		"Prep",
		"Scan",
		"Break",
		"Prep",
		"Scan",
		"Prep",
		"Scan",
		"Prep",
		"Scan",
		"Scan",
		"Dead"
	],
	"start" : 10.672222137451172
}