{
	"data" : 
	[
		0.20753093063831329,
		0.22353701293468475,
		0.31929942965507507,
		0.12777459621429443,
		1.2453501224517822,
		0.015951268374919891,
		0.25543957948684692,
		2.6982860565185547,
		0.47897657752037048,
		4.7579183578491211,
		0.14372587203979492,
		2.602468729019165,
		0.047908622771501541,
		2.3469743728637695,
		0.12777459621429443,
		0.047853805124759674,
		0.016006084159016609,
		5.4444255828857422,
		0.015951268374919891,
		0.33530554175376892,
		0.30334818363189697,
		0.015951268374919891,
		5.3327121734619141,
		0.015951268374919891,
		5.4604315757751465,
		67.313148498535156
	],
	"end" : 16.453887939453125,
	"labels" : 
	[
		"Prep",
		"Scan",
		"Break",
		"Prep",
		"Scan",
		"Break",
		"Prep",
		"Scan",
		"Prep",
		"Scan",
		"Prep",
		"Scan",
		"Prep",
		"Scan",
		"Prep",
		"Break",
		"Prep",
		"Scan",
		"Break",
		"Scan",
		"Break",
		"Prep",
		"Scan",
		"Prep",
		"Scan",
		"Dead"
	],
	"start" : 14.71583366394043
}