{
	"data" : 
	[
		0.36614391207695007,
		0.5491260290145874,
		0.60156059265136719,
		0.41839885711669922,
		0.68003284931182861,
		0.57534337043762207,
		0.39218160510063171,
		0.68003284931182861,
		0.26145440340042114,
		0.026217268779873848,
		1.7520675659179688,
		2.2229011058807373,
		1.5953028202056885,
		0.026217268779873848,
		3.3211534023284912,
		0.026217268779873848,
		0.026217268779873848,
		0.026037696748971939,
		3.3475499153137207,
		0.28767168521881104,
		2.7720270156860352,
		0.026217268779873848,
		0.36614391207695007,
		2.0135221481323242,
		0.026217268779873848,
		2.7720270156860352,
		0.026217268779873848,
		3.3213326930999756,
		0.41839885711669922,
		3.08591628074646,
		0.26145440340042114,
		0.23541669547557831,
		4.5504918098449707,
		0.026037696748971939,
		0.41839885711669922,
		3.1643884181976318,
		59.233966827392578
	],
	"end" : 18.94444465637207,
	"labels" : 
	[
		"Prep",
		"Scan",
		"Break",
		"Prep",
		"Scan",
		"Break",
		"Prep",
		"Scan",
		"Break",
		"Prep",
		"Scan",
		"Scan",
		"Scan",
		"Prep",
		"Scan",
		"Prep",
		"Break",
		"Prep",
		"Scan",
		"Break",
		"Scan",
		"Break",
		"Prep",
		"Scan",
		"Prep",
		"Scan",
		"Prep",
		"Scan",
		"Prep",
		"Scan",
		"Break",
		"Prep",
		"Scan",
		"Break",
		"Prep",
		"Scan",
		"Dead"
	],
	"start" : 17.883333206176758
}