{
	"data" : 
	[
		0.027635486796498299,
		0.14585191011428833,
		0.016888059675693512,
		0.038382913917303085,
		0.052198018878698349,
		0.015354219824075699,
		0.038377642631530762,
		0.1197502613067627,
		0.013820379041135311,
		0.078299663960933685,
		0.012281266041100025,
		0.3515762984752655,
		0.027635486796498299,
		0.013815107755362988,
		41.09149169921875,
		0.092120043933391571,
		57.7645263671875
	],
	"end" : 10.451389312744141,
	"labels" : 
	[
		"Prep",
		"Break",
		"Prep",
		"Scan",
		"Break",
		"Prep",
		"Scan",
		"Break",
		"Prep",
		"Break",
		"Break",
		"Scan",
		"Break",
		"Prep",
		"Scan",
		"Dead",
		"Break"
	],
	"start" : 10.262499809265137
}