{
	"data" : 
	[
		0.43824374675750732,
		0.92043215036392212,
		1.3589769601821899,
		0.043944764882326126,
		1.2710872888565063,
		0.56977701187133789,
		0.35065516829490662,
		4.2081632614135742,
		0.043944764882326126,
		5.216484546661377,
		3.7696182727813721,
		0.39459991455078125,
		0.39459991455078125,
		5.34771728515625,
		0.39459991455078125,
		0.39459991455078125,
		5.34771728515625,
		0.43854472041130066,
		1.6656873226165771,
		1.4026206731796265,
		0.39459991455078125,
		1.0519654750823975,
		0.43854472041130066,
		4.7339954376220703,
		0.043944764882326126,
		0.65736556053161621,
		5.6547284126281738,
		0.043944764882326126,
		6.6630496978759766,
		0.61342078447341919,
		0.35095617175102234,
		6.3560385704040527,
		0.78889882564544678,
		5.4356064796447754,
		0.70131033658981323,
		9.7753028869628906,
		1.3150321245193481,
		9.2491703033447266,
		11.660112380981445
	],
	"end" : 17.883333206176758,
	"labels" : 
	[
		"Prep",
		"Scan",
		"Break",
		"Prep",
		"Scan",
		"Break",
		"Prep",
		"Scan",
		"Break",
		"Scan",
		"Scan",
		"Break",
		"Prep",
		"Scan",
		"Break",
		"Prep",
		"Scan",
		"Break",
		"Scan",
		"Break",
		"Prep",
		"Scan",
		"Prep",
		"Scan",
		"Break",
		"Prep",
		"Scan",
		"Prep",
		"Scan",
		"Break",
		"Prep",
		"Scan",
		"Prep",
		"Scan",
		"Prep",
		"Scan",
		"Prep",
		"Scan",
		"Dead"
	],
	"start" : 17.250278472900391
}