{
	"data" : 
	[
		0.50969713926315308,
		1.6681286096572876,
		1.8071659803390503,
		0.46324533224105835,
		0.23162266612052917,
		2.0387885570526123,
		0.60228252410888672,
		0.41711172461509705,
		0.37065988779067993,
		7.2747969627380371,
		0.04645179957151413,
		1.2045650482177734,
		0.04645179957151413,
		0.046133633702993393,
		0.27807444334030151,
		0.27807444334030151,
		0.37065988779067993,
		1.2510169744491577,
		6.3479881286621094,
		0.04645179957151413,
		0.04645179957151413,
		0.046133633702993393,
		12.047242164611816,
		0.04645179957151413,
		1.1119797229766846,
		0.69518613815307617,
		0.046133633702993393,
		0.64873439073562622,
		0.092903599143028259,
		10.564602851867676,
		0.32420808076858521,
		0.27807444334030151,
		10.008453369140625,
		0.04645179957151413,
		0.88035708665847778,
		9.7768316268920898,
		0.04645179957151413,
		0.18517085909843445,
		0.27807444334030151,
		7.6915907859802246,
		0.092903599143028259,
		0.092585429549217224,
		8.9429264068603516,
		0.32420808076858521,
		0.50969713926315308,
		9.7768316268920898
	],
	"end" : 19.543333053588867,
	"labels" : 
	[
		"Prep",
		"Scan",
		"Break",
		"Prep",
		"Break",
		"Scan",
		"Break",
		"Prep",
		"Break",
		"Scan",
		"Prep",
		"Break",
		"Prep",
		"Break",
		"Scan",
		"Break",
		"Prep",
		"Break",
		"Scan",
		"Prep",
		"Break",
		"Prep",
		"Scan",
		"Break",
		"Prep",
		"Break",
		"Prep",
		"Break",
		"Break",
		"Scan",
		"Break",
		"Prep",
		"Scan",
		"Break",
		"Prep",
		"Scan",
		"Break",
		"Prep",
		"Break",
		"Scan",
		"Prep",
		"Break",
		"Scan",
		"Break",
		"Prep",
		"Scan"
	],
	"start" : 18.94444465637207
}