{
	"data" : 
	[
		0.58785015344619751,
		0.58805197477340698,
		3.233983039855957,
		0.52930736541748047,
		2.1755704879760742,
		3.6453976631164551,
		0.52930736541748047,
		1.6462630033493042,
		6.1152963638305664,
		0.52910548448562622,
		5.762425422668457,
		2.0578792095184326,
		0.058744635432958603,
		7.0560183525085449,
		0.058744635432958603,
		0.058744635432958603,
		8.9964075088500977,
		0.9996681809425354,
		9.4665670394897461,
		0.47036084532737732,
		3.9984710216522217,
		0.58785015344619751,
		0.52930736541748047,
		5.0566821098327637,
		5.1156282424926758,
		0.11748927086591721,
		9.4667692184448242,
		20.46211051940918
	],
	"end" : 9.6263885498046875,
	"labels" : 
	[
		"Prep",
		"Scan",
		"Break",
		"Prep",
		"Scan",
		"Break",
		"Prep",
		"Scan",
		"Break",
		"Prep",
		"Scan",
		"Break",
		"Prep",
		"Scan",
		"Prep",
		"Break",
		"Scan",
		"Prep",
		"Scan",
		"Prep",
		"Scan",
		"Break",
		"Prep",
		"Scan",
		"Break",
		"Prep",
		"Scan",
		"Dead"
	],
	"start" : 9.154444694519043
}