{
	"data" : 
	[
		0.60235536098480225,
		0.51624125242233276,
		1.6348379850387573,
		0.68846946954727173,
		9.1638364791870117,
		0.81741899251937866,
		1.2476938962936401,
		0.12909725308418274,
		0.042983181774616241,
		0.086114063858985901,
		0.042983181774616241,
		13.853582382202148,
		0.085966363549232483,
		12.175613403320312,
		0.47325813770294189,
		1.4627574682235718,
		12.433660507202148,
		6.0663890838623047,
		0.12909725308418274,
		13.250931739807129,
		0.12909725308418274,
		12.821100234985352,
		12.046516418457031
	],
	"end" : 16.318056106567383,
	"labels" : 
	[
		"Prep",
		"Scan",
		"Break",
		"Prep",
		"Scan",
		"Break",
		"Prep",
		"Break",
		"Prep",
		"Break",
		"Prep",
		"Scan",
		"Prep",
		"Scan",
		"Break",
		"Prep",
		"Scan",
		"Break",
		"Prep",
		"Scan",
		"Prep",
		"Scan",
		"Dead"
	],
	"start" : 15.673055648803711
}