{
	"data" : 
	[
		0.42659419775009155,
		0.69807535409927368,
		1.0083014965057373,
		0.34897109866142273,
		0.34910425543785095,
		0.77556532621383667,
		2.4819421768188477,
		0.34910425543785095,
		8.7644872665405273,
		2.1717159748077393,
		0.34910425543785095,
		8.9196004867553711,
		0.54296231269836426,
		8.4155158996582031,
		0.038744978606700897,
		0.69807535409927368,
		15.357258796691895,
		0.62058538198471069,
		6.476402759552002,
		1.2410376071929932,
		7.1744785308837891,
		0.62045228481292725,
		2.2105941772460938,
		0.58170729875564575,
		2.5206871032714844,
		2.2880840301513672,
		0.62045228481292725,
		2.4044520854949951,
		21.445945739746094
	],
	"end" : 11.836667060852051,
	"labels" : 
	[
		"Prep",
		"Scan",
		"Break",
		"Prep",
		"Break",
		"Scan",
		"Break",
		"Prep",
		"Scan",
		"Break",
		"Prep",
		"Scan",
		"Break",
		"Scan",
		"Break",
		"Prep",
		"Scan",
		"Prep",
		"Scan",
		"Prep",
		"Scan",
		"Prep",
		"Break",
		"Scan",
		"Break",
		"Prep",
		"Prep",
		"Scan",
		"Dead"
	],
	"start" : 11.120833396911621
}