{
	"data" : 
	[
		1.004067063331604,
		1.004067063331604,
		2.366624116897583,
		0.50227975845336914,
		5.3069305419921875,
		1.2187671661376953,
		12.048313140869141,
		0.28708738088607788,
		2.1514317989349365,
		21.371021270751953,
		1.6496443748474121,
		0.57368230819702148,
		11.6893310546875,
		0.071894951164722443,
		0.57368230819702148,
		10.11207389831543,
		27.96910285949707
	],
	"end" : 17.250278472900391,
	"labels" : 
	[
		"Prep",
		"Scan",
		"Break",
		"Prep",
		"Scan",
		"Prep",
		"Scan",
		"Break",
		"Prep",
		"Scan",
		"Break",
		"Prep",
		"Scan",
		"Break",
		"Prep",
		"Scan",
		"Dead"
	],
	"start" : 16.863332748413086
}