{
	"data" : 
	[
		0.58545219898223877,
		0.73168963193893433,
		4.3180241584777832,
		0.073369972407817841,
		4.3180241584777832,
		1.4636304378509521,
		4.830357551574707,
		0.073118701577186584,
		5.4158096313476562,
		5.5622978210449219,
		1.9028451442718506,
		0.7319408655166626,
		0.73168963193893433,
		0.073369972407817841,
		12.880701065063477,
		3.8059415817260742,
		0.29272609949111938,
		4.6107501983642578,
		0.073118701577186584,
		0.29272609949111938,
		4.9034762382507324,
		42.22894287109375
	],
	"end" : 10.83055591583252,
	"labels" : 
	[
		"Break",
		"Prep",
		"Scan",
		"Prep",
		"Scan",
		"Prep",
		"Scan",
		"Break",
		"Scan",
		"Scan",
		"Break",
		"Prep",
		"Break",
		"Prep",
		"Scan",
		"Break",
		"Prep",
		"Scan",
		"Break",
		"Prep",
		"Scan",
		"Dead"
	],
	"start" : 10.451389312744141
}