{
	"data" : 
	[
		1.1964669227600098,
		1.1964669227600098,
		3.1619236469268799,
		0.085378095507621765,
		6.3238472938537598,
		0.085378095507621765,
		1.4528946876525879,
		14.185967445373535,
		0.085378095507621765,
		2.563690185546875,
		25.381059646606445,
		0.085378095507621765,
		0.68361157178878784,
		14.95525074005127,
		0.085378095507621765,
		0.17075619101524353,
		12.1351318359375,
		16.066045761108398
	],
	"end" : 15.673055648803711,
	"labels" : 
	[
		"Prep",
		"Scan",
		"Break",
		"Prep",
		"Scan",
		"Break",
		"Prep",
		"Scan",
		"Break",
		"Prep",
		"Scan",
		"Break",
		"Prep",
		"Scan",
		"Break",
		"Prep",
		"Scan",
		"Dead"
	],
	"start" : 15.348333358764648
}