{
	"data" : 
	[
		0.71251809597015381,
		0.71251809597015381,
		3.2568264007568359,
		0.66149914264678955,
		0.71251809597015381,
		0.61082965135574341,
		0.66149914264678955,
		0.051018953323364258,
		3.7149484157562256,
		0.86522555351257324,
		0.3054148256778717,
		0.051018953323364258,
		8.4478302001953125,
		0.051018953323364258,
		1.2213097810745239,
		15.165557861328125,
		0.45812225341796875,
		8.9059524536132812,
		0.15270741283893585,
		0.051018953323364258,
		0.50879174470901489,
		0.20372635126113892,
		0.40710330009460449,
		9.2620372772216797,
		0.40745270252227783,
		17.353782653808594,
		0.10203790664672852,
		7.2265200614929199,
		17.659196853637695
	],
	"end" : 16.863332748413086,
	"labels" : 
	[
		"Prep",
		"Scan",
		"Break",
		"Prep",
		"Scan",
		"Break",
		"Prep",
		"Break",
		"Scan",
		"Prep",
		"Break",
		"Prep",
		"Scan",
		"Break",
		"Prep",
		"Scan",
		"Prep",
		"Scan",
		"Break",
		"Prep",
		"Scan",
		"Break",
		"Prep",
		"Scan",
		"Prep",
		"Scan",
		"Prep",
		"Scan",
		"Dead"
	],
	"start" : 16.318056106567383
}