{
	"data" : 
	[
		0.64136689901351929,
		1.6569104194641113,
		4.7037239074707031,
		0.48116278648376465,
		0.37399303913116455,
		8.4453058242797852,
		0.053584873676300049,
		0.74816960096359253,
		0.37417656183242798,
		6.8417973518371582,
		1.9242841005325317,
		8.7658977508544922,
		1.1759309768676758,
		0.37417656183242798,
		2.2448756694793701,
		0.10698623955249786,
		1.3363186120986938,
		23.57183837890625,
		0.16038759052753448,
		0.37417656183242798,
		3.4743916988372803,
		32.070545196533203
	],
	"end" : 12.355833053588867,
	"labels" : 
	[
		"Prep",
		"Scan",
		"Break",
		"Prep",
		"Break",
		"Scan",
		"Break",
		"Prep",
		"Break",
		"Scan",
		"Prep",
		"Scan",
		"Prep",
		"Break",
		"Scan",
		"Break",
		"Prep",
		"Scan",
		"Prep",
		"Break",
		"Scan",
		"Dead"
	],
	"start" : 11.836667060852051
}