{
	"data" : 
	[
		0.61077284812927246,
		0.61077284812927246,
		2.1812887191772461,
		0.61062312126159668,
		3.1846158504486084,
		0.043583840131759644,
		1.0034767389297485,
		7.2416572570800781,
		0.043583840131759644,
		1.308713436126709,
		13.000116348266602,
		0.39255407452583313,
		7.110755443572998,
		0.13090129196643829,
		6.1510128974914551,
		6.6310338973999023,
		6.1945962905883789,
		0.043583840131759644,
		0.34912005066871643,
		12.694728851318359,
		30.362510681152344
	],
	"end" : 10.262499809265137,
	"labels" : 
	[
		"Prep",
		"Scan",
		"Break",
		"Prep",
		"Scan",
		"Break",
		"Prep",
		"Scan",
		"Break",
		"Prep",
		"Scan",
		"Prep",
		"Scan",
		"Prep",
		"Scan",
		"Break",
		"Scan",
		"Break",
		"Prep",
		"Scan",
		"Dead"
	],
	"start" : 9.6263885498046875
}