{
	"data" : 
	[
		1.1047924757003784,
		1.1047924757003784,
		2.2884211540222168,
		1.1047924757003784,
		5.760200023651123,
		0.07910725474357605,
		1.341301441192627,
		13.256966590881348,
		0.55239623785018921,
		2.3672575950622559,
		23.436065673828125,
		0.63123255968093872,
		0.63150346279144287,
		12.86224365234375,
		0.078836336731910706,
		0.15794359147548676,
		11.205055236816406,
		21.937091827392578
	],
	"end" : 12.707500457763672,
	"labels" : 
	[
		"Prep",
		"Scan",
		"Break",
		"Prep",
		"Scan",
		"Break",
		"Prep",
		"Scan",
		"Break",
		"Prep",
		"Scan",
		"Break",
		"Prep",
		"Scan",
		"Break",
		"Prep",
		"Scan",
		"Dead"
	],
	"start" : 12.355833053588867
}