{
	"data" : 
	[
		1.2426042556762695,
		0.095509201288223267,
		1.8166441917419434,
		3.6326320171356201,
		1.3384417295455933,
		5.9268221855163574,
		10.42034912109375,
		10.229002952575684,
		0.095509201288223267,
		8.0303220748901367,
		0.095509201288223267,
		5.9271502494812012,
		51.049507141113281
	],
	"end" : 11.120833396911621,
	"labels" : 
	[
		"Prep",
		"Break",
		"Scan",
		"Break",
		"Prep",
		"Scan",
		"Scan",
		"Scan",
		"Prep",
		"Scan",
		"Prep",
		"Scan",
		"Dead"
	],
	"start" : 10.83055591583252
}