{
	"data" : 
	[
		1.1116284132003784,
		1.0375876426696777,
		5.2617249488830566,
		1.0375876426696777,
		5.4100608825683594,
		1.7785037755966187,
		0.22237655520439148,
		0.07429514080286026,
		12.302207946777344,
		0.074040710926055908,
		2.297297477722168,
		22.010700225830078,
		0.074040710926055908,
		0.59283459186553955,
		13.043378829956055,
		0.22237655520439148,
		10.449408531188965,
		22.899951934814453
	],
	"end" : 8.8286113739013672,
	"labels" : 
	[
		"Prep",
		"Scan",
		"Break",
		"Prep",
		"Scan",
		"Prep",
		"Break",
		"Prep",
		"Scan",
		"Break",
		"Prep",
		"Scan",
		"Break",
		"Prep",
		"Scan",
		"Prep",
		"Scan",
		"Dead"
	],
	"start" : 8.4541664123535156
}