{
	"data" : 
	[
		1.1252374649047852,
		1.1252374649047852,
		2.2501988410949707,
		1.1252374649047852,
		5.8670730590820312,
		0.080295264720916748,
		1.7681515216827393,
		13.502296447753906,
		0.080295264720916748,
		1.4466943740844727,
		23.950063705444336,
		0.72348517179489136,
		13.100269317626953,
		0.32145699858665466,
		0.080295264720916748,
		11.492983818054199,
		21.86073112487793
	],
	"end" : 15.348333358764648,
	"labels" : 
	[
		"Prep",
		"Scan",
		"Break",
		"Prep",
		"Scan",
		"Break",
		"Prep",
		"Scan",
		"Break",
		"Prep",
		"Scan",
		"Prep",
		"Scan",
		"Break",
		"Prep",
		"Scan",
		"Dead"
	],
	"start" : 15.003055572509766
}