{
	"data" : 
	[
		0.72771608829498291,
		0.72753763198852539,
		1.6633255481719971,
		0.72771608829498291,
		3.7943665981292725,
		0.05192873626947403,
		0.88350236415863037,
		8.6803073883056641,
		0.46771550178527832,
		15.437288284301758,
		0.05192873626947403,
		0.41578677296638489,
		9.7197742462158203,
		0.41578677296638489,
		7.3806614875793457,
		10.447490692138672,
		0.05192873626947403,
		7.328732967376709,
		0.052107185125350952,
		0.46771550178527832,
		16.476755142211914,
		13.929927825927734
	],
	"end" : 14.378889083862305,
	"labels" : 
	[
		"Prep",
		"Scan",
		"Break",
		"Prep",
		"Scan",
		"Break",
		"Prep",
		"Scan",
		"Prep",
		"Scan",
		"Break",
		"Prep",
		"Scan",
		"Prep",
		"Scan",
		"Break",
		"Prep",
		"Scan",
		"Break",
		"Prep",
		"Scan",
		"Dead"
	],
	"start" : 13.845000267028809
}