{
	"data" : 
	[
		1.1923872232437134,
		1.7882884740829468,
		3.4917821884155273,
		0.68128061294555664,
		0.25555330514907837,
		12.178840637207031,
		0.085086971521377563,
		2.2143080234527588,
		13.796955108642578,
		9.1981649398803711,
		0.085086971521377563,
		1.6181145906448364,
		11.923287391662598,
		0.085086971521377563,
		10.730899810791016,
		30.574878692626953
	],
	"end" : 9.154444694519043,
	"labels" : 
	[
		"Prep",
		"Scan",
		"Break",
		"Prep",
		"Break",
		"Scan",
		"Break",
		"Break",
		"Scan",
		"Scan",
		"Break",
		"Prep",
		"Scan",
		"Break",
		"Scan",
		"Dead"
	],
	"start" : 8.8286113739013672
}