{
	"data" : 
	[
		0.26835319399833679,
		0.63428175449371338,
		1.7808132171630859,
		0.68311131000518799,
		0.097575366497039795,
		8.9044008255004883,
		0.024372901767492294,
		0.024456657469272614,
		0.56107926368713379,
		0.024372901767492294,
		0.170777827501297,
		1.610119104385376,
		0.80505955219268799,
		4.0740432739257812,
		0.024372901767492294,
		0.26835319399833679,
		1.9028451442718506,
		0.024456657469272614,
		0.048745803534984589,
		0.048829562962055206,
		0.12194826453924179,
		1.2198176383972168,
		0.4391309916973114,
		0.17069406807422638,
		0.51233351230621338,
		0.073202461004257202,
		0.170777827501297,
		0.39030146598815918,
		0.19515073299407959,
		0.170777827501297,
		0.3903852105140686,
		0.58545219898223877,
		0.19515073299407959,
		0.46350389719009399,
		72.820953369140625
	],
	"end" : 13.845000267028809,
	"labels" : 
	[
		"Prep",
		"Scan",
		"Break",
		"Prep",
		"Break",
		"Scan",
		"Break",
		"Prep",
		"Break",
		"Prep",
		"Break",
		"Scan",
		"Prep",
		"Scan",
		"Prep",
		"Break",
		"Scan",
		"Break",
		"Prep",
		"Break",
		"Break",
		"Scan",
		"Prep",
		"Break",
		"Scan",
		"Prep",
		"Break",
		"Scan",
		"Prep",
		"Break",
		"Scan",
		"Prep",
		"Break",
		"Scan",
		"Dead"
	],
	"start" : 12.707500457763672
}