{
	"data" : 
	[
		0.62246131896972656,
		0.48905491828918457,
		1.5560005903244019,
		0.80028551816940308,
		1.2003520727157593,
		1.3337583541870117,
		0.62246131896972656,
		8.6695823669433594,
		1.3337583541870117,
		0.088988460600376129,
		0.26666009426116943,
		1.2449226379394531,
		0.1334063708782196,
		0.088835820555686951,
		13.071077346801758,
		0.088988460600376129,
		11.870572090148926,
		0.044417910277843475,
		0.97810983657836914,
		12.848834037780762,
		2.9787476062774658,
		1.3337583541870117,
		13.648967742919922,
		0.044417910277843475,
		13.337889671325684,
		11.203692436218262
	],
	"end" : 15.003055572509766,
	"labels" : 
	[
		"Prep",
		"Scan",
		"Break",
		"Prep",
		"Scan",
		"Break",
		"Prep",
		"Scan",
		"Break",
		"Prep",
		"Break",
		"Prep",
		"Break",
		"Break",
		"Scan",
		"Prep",
		"Scan",
		"Break",
		"Prep",
		"Scan",
		"Break",
		"Prep",
		"Scan",
		"Prep",
		"Scan",
		"Dead"
	],
	"start" : 14.378889083862305
}