{
	"data" : 
	[
		0.74635553359985352,
		1.1193503141403198,
		3.4118585586547852,
		0.74635553359985352,
		5.7570767402648926,
		0.10688367486000061,
		6.7699093818664551,
		0.053441837430000305,
		4.5312089920043945,
		1.2793097496032715,
		0.37336081266403198,
		6.0235538482666016,
		68.981330871582031
	],
	"end" : 18.692222595214844,
	"labels" : 
	[
		"Prep",
		"Scan",
		"Break",
		"Prep",
		"Scan",
		"Break",
		"Scan",
		"Prep",
		"Scan",
		"Break",
		"Prep",
		"Scan",
		"Dead"
	],
	"start" : 18.171667098999023
}