{
	"data" : 
	[
		1.3219938278198242,
		1.7939954996109009,
		2.7383232116699219,
		1.3219938278198242,
		8.4979753494262695,
		0.094659678637981415,
		11.802635192871094,
		0.094659678637981415,
		10.103300094604492,
		0.094335503876209259,
		11.708623886108398,
		50.327503204345703
	],
	"end" : 14.619999885559082,
	"labels" : 
	[
		"Prep",
		"Scan",
		"Break",
		"Prep",
		"Scan",
		"Break",
		"Scan",
		"Break",
		"Scan",
		"Break",
		"Scan",
		"Dead"
	],
	"start" : 14.32611083984375
}