{
	"data" : 
	[
		0.79110199213027954,
		0.79110199213027954,
		1.3560085296630859,
		0.39555099606513977,
		5.650423526763916,
		0.056645847856998444,
		0.96045750379562378,
		18.194568634033203,
		0.056451857089996338,
		0.11290371417999268,
		9.3797378540039062,
		0.4520028829574585,
		8.5321846008300781,
		0.45219686627388,
		0.056451857089996338,
		14.295511245727539,
		0.056645847856998444,
		0.39555099606513977,
		18.137924194335938,
		19.776578903198242
	],
	"end" : 10.217778205871582,
	"labels" : 
	[
		"Prep",
		"Scan",
		"Break",
		"Prep",
		"Scan",
		"Break",
		"Prep",
		"Scan",
		"Break",
		"Prep",
		"Scan",
		"Prep",
		"Scan",
		"Break",
		"Prep",
		"Scan",
		"Break",
		"Prep",
		"Scan",
		"Dead"
	],
	"start" : 9.7266664505004883
}