{
	"data" : 
	[
		0.76835536956787109,
		0.82761579751968384,
		3.7833285331726074,
		0.47286531329154968,
		4.3150482177734375,
		1.0049909353256226,
		9.7536077499389648,
		0.058854483067989349,
		1.8326067924499512,
		17.556495666503906,
		0.059260375797748566,
		0.47286531329154968,
		9.6350870132446289,
		1.8326067924499512,
		1.7733464241027832,
		11.112943649291992,
		0.059260375797748566,
		1.7144918441772461,
		9.8124618530273438,
		23.053909301757812
	],
	"end" : 17.099166870117188,
	"labels" : 
	[
		"Prep",
		"Scan",
		"Break",
		"Prep",
		"Scan",
		"Prep",
		"Scan",
		"Break",
		"Prep",
		"Scan",
		"Break",
		"Prep",
		"Scan",
		"Break",
		"Prep",
		"Scan",
		"Break",
		"Prep",
		"Scan",
		"Dead"
	],
	"start" : 16.629722595214844
}