{
	"data" : 
	[
		1.1455121040344238,
		1.7182681560516357,
		3.1090061664581299,
		0.65449804067611694,
		8.0183038711547852,
		0.081742033362388611,
		6.9545331001281738,
		0.081742033362388611,
		1.063770055770874,
		9.9817981719970703,
		0.081742033362388611,
		0.082022935152053833,
		9.6545486450195312,
		57.272518157958984
	],
	"end" : 12.764721870422363,
	"labels" : 
	[
		"Prep",
		"Scan",
		"Break",
		"Prep",
		"Scan",
		"Prep",
		"Scan",
		"Break",
		"Prep",
		"Scan",
		"Prep",
		"Break",
		"Scan",
		"Dead"
	],
	"start" : 12.425555229187012
}