{
	"data" : 
	[
		0.28476452827453613,
		0.75066202878952026,
		0.8802458643913269,
		0.23294876515865326,
		0.18122187256813049,
		1.9674884080886841,
		0.41417065262794495,
		0.20708532631397247,
		0.18122187256813049,
		2.6664233207702637,
		0.90602052211761475,
		3.8831605911254883,
		0.69893515110015869,
		0.025952322408556938,
		0.18122187256813049,
		0.56944018602371216,
		0.025952322408556938,
		0.64720827341079712,
		0.10354266315698624,
		0.025863446295261383,
		6.8602123260498047,
		33.809123992919922,
		0.28476452827453613,
		0.75075095891952515,
		1.372006893157959,
		0.77661436796188354,
		0.025863446295261383,
		0.05181577056646347,
		0.025863446295261383,
		0.18122187256813049,
		0.41417065262794495,
		1.3462322950363159,
		0.25881221890449524,
		0.80256664752960205,
		0.28476452827453613,
		0.25881221890449524,
		0.025952322408556938,
		0.025863446295261383,
		0.18122187256813049,
		0.49184983968734741,
		0.20708532631397247,
		0.75075095891952515,
		0.18122187256813049,
		1.6827236413955688,
		0.49184983968734741,
		0.18122187256813049,
		1.4496860504150391,
		0.025863446295261383,
		0.46598643064498901,
		0.18122187256813049,
		2.5887444019317627,
		0.23294876515865326,
		0.18122187256813049,
		0.44012293219566345,
		1.5273653268814087,
		0.18122187256813049,
		0.051726892590522766,
		0.80256664752960205,
		3.158273458480835,
		0.18122187256813049,
		0.051726892590522766,
		0.31062799692153931,
		1.7862663269042969,
		0.23303763568401337,
		0.051726892590522766,
		0.56952905654907227,
		0.025863446295261383,
		0.025952322408556938,
		0.23294876515865326,
		0.46598643064498901,
		0.44012293219566345,
		0.46589753031730652,
		0.025952322408556938,
		0.44003409147262573,
		0.46598643064498901,
		0.44012293219566345,
		0.46598643064498901,
		0.025863446295261383,
		0.20708532631397247,
		0.44012293219566345,
		0.46598643064498901,
		14.238138198852539
	],
	"end" : 11.289722442626953,
	"labels" : 
	[
		"Prep",
		"Scan",
		"Break",
		"Prep",
		"Break",
		"Scan",
		"Break",
		"Prep",
		"Break",
		"Scan",
		"Prep",
		"Scan",
		"Prep",
		"Break",
		"Break",
		"Scan",
		"Break",
		"Prep",
		"Break",
		"Prep",
		"Scan",
		"Break",
		"Prep",
		"Scan",
		"Break",
		"Prep",
		"Break",
		"Break",
		"Prep",
		"Break",
		"Scan",
		"Break",
		"Prep",
		"Scan",
		"Break",
		"Prep",
		"Break",
		"Prep",
		"Break",
		"Scan",
		"Break",
		"Prep",
		"Break",
		"Scan",
		"Prep",
		"Break",
		"Scan",
		"Break",
		"Prep",
		"Break",
		"Scan",
		"Prep",
		"Break",
		"Scan",
		"Break",
		"Prep",
		"Break",
		"Scan",
		"Break",
		"Prep",
		"Break",
		"Scan",
		"Break",
		"Prep",
		"Break",
		"Scan",
		"Break",
		"Prep",
		"Break",
		"Scan",
		"Break",
		"Scan",
		"Prep",
		"Break",
		"Scan",
		"Break",
		"Scan",
		"Break",
		"Prep",
		"Break",
		"Scan",
		"Dead"
	],
	"start" : 10.217778205871582
}