{
	"data" : 
	[
		0.95591151714324951,
		2.3103246688842773,
		0.47809252142906189,
		0.79645615816116333,
		0.55768340826034546,
		0.079864427447319031,
		11.073257446289062,
		0.7967296838760376,
		1.2745486497879028,
		0.55768340826034546,
		0.079864427447319031,
		11.232712745666504,
		0.79645615816116333,
		0.87632066011428833,
		10.834484100341797,
		0.71713876724243164,
		5.8156070709228516,
		14.180312156677246,
		0.079590916633605957,
		0.63727432489395142,
		10.75489330291748,
		25.014797210693359
	],
	"end" : 8.3913888931274414,
	"labels" : 
	[
		"Prep",
		"Scan",
		"Break",
		"Prep",
		"Break",
		"Prep",
		"Scan",
		"Break",
		"Break",
		"Break",
		"Prep",
		"Scan",
		"Break",
		"Prep",
		"Scan",
		"Break",
		"Prep",
		"Scan",
		"Break",
		"Prep",
		"Scan",
		"Dead"
	],
	"start" : 8.043055534362793
}