{
	"data" : 
	[
		0.40730056166648865,
		0.40730056166648865,
		0.58178657293319702,
		0.20365028083324432,
		0.55272221565246582,
		1.9781743288040161,
		2.1236958503723145,
		0.029164239764213562,
		0.52355802059173584,
		4.8874073028564453,
		0.087292961776256561,
		8.6692695617675781,
		0.23271465301513672,
		5.1200218200683594,
		4.1310343742370605,
		0.58178657293319702,
		2.0655672550201416,
		0.0290643610060215,
		3.1418476104736328,
		0.0290643610060215,
		3.1127831935882568,
		0.029164239764213562,
		2.7345468997955322,
		58.241081237792969
	],
	"end" : 9.3452777862548828,
	"labels" : 
	[
		"Prep",
		"Scan",
		"Break",
		"Prep",
		"Scan",
		"Break",
		"Scan",
		"Break",
		"Prep",
		"Scan",
		"Prep",
		"Scan",
		"Prep",
		"Scan",
		"Scan",
		"Prep",
		"Scan",
		"Break",
		"Scan",
		"Prep",
		"Scan",
		"Prep",
		"Scan",
		"Dead"
	],
	"start" : 8.3913888931274414
}