{
	"data" : 
	[
		0.43009522557258606,
		0.43009522557258606,
		1.1366199254989624,
		0.39940425753593445,
		2.4881820678710938,
		0.70663022994995117,
		5.1608262062072754,
		0.092178329825401306,
		9.1544475555419922,
		0.24573856592178345,
		5.3758735656738281,
		0.030796419829130173,
		4.5157885551452637,
		69.733329772949219
	],
	"end" : 13.668055534362793,
	"labels" : 
	[
		"Prep",
		"Scan",
		"Break",
		"Prep",
		"Scan",
		"Prep",
		"Scan",
		"Prep",
		"Scan",
		"Prep",
		"Scan",
		"Prep",
		"Scan",
		"Dead"
	],
	"start" : 12.764721870422363
}