{
	"data" : 
	[
		0.2069779634475708,
		0.15527787804603577,
		2.0180795192718506,
		1.216106653213501,
		1.6043013334274292,
		0.64687275886535645,
		4.0103979110717773,
		0.051700074225664139,
		5.6663990020751953,
		0.051877740770578384,
		2.3026964664459229,
		0.025938870385289192,
		4.2950148582458496,
		0.077638939023017883,
		0.051877740770578384,
		4.3209538459777832,
		0.025761205703020096,
		4.0882143974304199,
		0.025761205703020096,
		0.388194739818573,
		3.8552975654602051,
		0.10340014845132828,
		4.3209538459777832,
		60.390308380126953
	],
	"end" : 18.171667098999023,
	"labels" : 
	[
		"Prep",
		"Scan",
		"Break",
		"Scan",
		"Break",
		"Prep",
		"Scan",
		"Prep",
		"Scan",
		"Prep",
		"Scan",
		"Break",
		"Scan",
		"Prep",
		"Break",
		"Scan",
		"Prep",
		"Scan",
		"Break",
		"Prep",
		"Scan",
		"Prep",
		"Scan",
		"Dead"
	],
	"start" : 17.099166870117188
}