{
	"data" : 
	[
		0.46178022027015686,
		0.43102306127548218,
		0.80042600631713867,
		0.030757162719964981,
		2.2473866939544678,
		0.030757162719964981,
		0.52340018749237061,
		5.1104450225830078,
		0.030757162719964981,
		0.49253737926483154,
		9.1741952896118164,
		0.24626868963241577,
		5.0489306449890137,
		4.3715333938598633,
		3.786618709564209,
		0.030862858518958092,
		0.24626868963241577,
		4.3715333938598633,
		0.030862858518958092,
		0.27713152766227722,
		9.8205184936523438,
		52.336006164550781
	],
	"end" : 16.629722595214844,
	"labels" : 
	[
		"Prep",
		"Scan",
		"Break",
		"Break",
		"Scan",
		"Break",
		"Prep",
		"Scan",
		"Break",
		"Prep",
		"Scan",
		"Prep",
		"Scan",
		"Scan",
		"Break",
		"Prep",
		"Break",
		"Scan",
		"Break",
		"Prep",
		"Scan",
		"Dead"
	],
	"start" : 15.728333473205566
}