{
	"data" : 
	[
		1.4895436763763428,
		1.8867325782775879,
		3.4754881858825684,
		1.6883085966110229,
		6.951317310333252,
		0.099211990833282471,
		10.72478199005127,
		5.6605386734008789,
		0.099211990833282471,
		9.3347921371459961,
		0.099211990833282471,
		10.625570297241211,
		47.765289306640625
	],
	"end" : 14.32611083984375,
	"labels" : 
	[
		"Prep",
		"Scan",
		"Break",
		"Prep",
		"Scan",
		"Break",
		"Scan",
		"Break",
		"Prep",
		"Scan",
		"Prep",
		"Scan",
		"Dead"
	],
	"start" : 14.046667098999023
}