{
	"data" : 
	[
		1.0261690616607666,
		0.8062397837638855,
		1.2458467483520508,
		2.1990416049957275,
		4.030947208404541,
		0.07347753643989563,
		9.8945550918579102,
		11.507286071777344,
		0.073225900530815125,
		11.433808326721191,
		0.07347753643989563,
		8.575230598449707,
		3.5181140899658203,
		8.8686380386352539,
		2.4919452667236328,
		11.800440788269043,
		22.281557083129883
	],
	"end" : 14.046667098999023,
	"labels" : 
	[
		"Prep",
		"Scan",
		"Break",
		"Scan",
		"Break",
		"Prep",
		"Scan",
		"Scan",
		"Break",
		"Scan",
		"Prep",
		"Scan",
		"Prep",
		"Scan",
		"Prep",
		"Scan",
		"Dead"
	],
	"start" : 13.668055534362793
}