{
	"data" : 
	[
		1.0216540098190308,
		1.1789767742156982,
		4.4803276062011719,
		0.078526496887207031,
		7.2311830520629883,
		0.078526496887207031,
		1.3362996578216553,
		13.204593658447266,
		1.2577731609344482,
		23.422754287719727,
		0.62875163555145264,
		13.754819869995117,
		0.078526496887207031,
		0.15732283890247345,
		11.632715225219727,
		20.35725212097168
	],
	"end" : 12.425555229187012,
	"labels" : 
	[
		"Prep",
		"Scan",
		"Break",
		"Prep",
		"Scan",
		"Break",
		"Prep",
		"Scan",
		"Prep",
		"Scan",
		"Prep",
		"Scan",
		"Break",
		"Prep",
		"Scan",
		"Dead"
	],
	"start" : 12.072500228881836
}