{
	"data" : 
	[
		0.7345958948135376,
		0.78701555728912354,
		0.68217629194259644,
		0.89185494184494019,
		0.99687439203262329,
		0.83961540460586548,
		3.9874975681304932,
		0.052419669926166534,
		0.89203506708145142,
		0.1050194725394249,
		0.052419669926166534,
		8.8146114349365234,
		0.052599802613258362,
		0.47213727235794067,
		15.583233833312988,
		0.052419669926166534,
		0.3672979474067688,
		9.2345085144042969,
		0.10483933985233307,
		7.4506187438964844,
		0.52455699443817139,
		3.3581013679504395,
		5.7189679145812988,
		5.614128589630127,
		1.3641723394393921,
		11.018398284912109,
		20.14788818359375
	],
	"end" : 15.14888858795166,
	"labels" : 
	[
		"Prep",
		"Scan",
		"Break",
		"Prep",
		"Scan",
		"Break",
		"Scan",
		"Break",
		"Prep",
		"Break",
		"Prep",
		"Scan",
		"Break",
		"Prep",
		"Scan",
		"Break",
		"Prep",
		"Scan",
		"Prep",
		"Scan",
		"Prep",
		"Scan",
		"Scan",
		"Scan",
		"Prep",
		"Scan",
		"Dead"
	],
	"start" : 14.619999885559082
}