{
	"data" : 
	[
		1.3526805639266968,
		1.0627729892730713,
		1.6419245004653931,
		2.0293524265289307,
		4.0580415725708008,
		3.3813698291778564,
		0.86972248554229736,
		0.096193566918373108,
		19.033058166503906,
		0.096856966614723206,
		13.043183326721191,
		12.269654273986816,
		0.19371393322944641,
		0.77286553382873535,
		0.096193566918373108,
		16.811319351196289,
		4.7340502738952637,
		0.67667198181152344,
		17.680377960205078
	],
	"end" : 18.97944450378418,
	"labels" : 
	[
		"Prep",
		"Scan",
		"Break",
		"Scan",
		"Break",
		"Prep",
		"Break",
		"Prep",
		"Scan",
		"Prep",
		"Scan",
		"Scan",
		"Prep",
		"Break",
		"Prep",
		"Scan",
		"Prep",
		"Break",
		"Scan"
	],
	"start" : 18.692222595214844
}