{
	"data" : 
	[
		0.49633434414863586,
		0.49621260166168213,
		0.63812673091888428,
		0.035539388656616211,
		0.35442021489143372,
		0.2835848331451416,
		0.56729137897491455,
		0.708962082862854,
		0.035417679697275162,
		2.658881664276123,
		0.035417679697275162,
		0.49633434414863586,
		6.4519815444946289,
		0.035417679697275162,
		1.0990433692932129,
		1.7724660634994507,
		0.28370654582977295,
		0.070835359394550323,
		0.035417679697275162,
		12.76229190826416,
		0.035417679697275162,
		0.2835848331451416,
		4.289555549621582,
		2.6942994594573975,
		0.035417679697275162,
		0.31912422180175781,
		0.035417679697275162,
		12.76216983795166,
		0.035539388656616211,
		0.2835848331451416,
		11.982251167297363,
		37.825958251953125
	],
	"end" : 12.072500228881836,
	"labels" : 
	[
		"Prep",
		"Scan",
		"Break",
		"Prep",
		"Scan",
		"Break",
		"Prep",
		"Scan",
		"Prep",
		"Scan",
		"Break",
		"Prep",
		"Scan",
		"Prep",
		"Scan",
		"Break",
		"Prep",
		"Break",
		"Prep",
		"Scan",
		"Break",
		"Prep",
		"Scan",
		"Break",
		"Prep",
		"Break",
		"Prep",
		"Scan",
		"Break",
		"Prep",
		"Scan",
		"Dead"
	],
	"start" : 11.289722442626953
}