{
	"data" : 
	[
		0.71834897994995117,
		0.47895410656929016,
		0.67050296068191528,
		0.047846090048551559,
		1.0057543516159058,
		1.5325546264648438,
		1.0055899620056152,
		8.1413984298706055,
		1.0536004304885864,
		7.1358084678649902,
		1.0536004304885864,
		1.4845441579818726,
		1.0057543516159058,
		1.3408414125442505,
		9.3387012481689453,
		0.047846090048551559,
		8.9077577590942383,
		0.14370268583297729,
		8.2370901107788086,
		7.8541574478149414,
		38.695648193359375
	],
	"end" : 15.728333473205566,
	"labels" : 
	[
		"Prep",
		"Scan",
		"Break",
		"Prep",
		"Scan",
		"Break",
		"Scan",
		"Break",
		"Prep",
		"Scan",
		"Scan",
		"Break",
		"Scan",
		"Break",
		"Scan",
		"Break",
		"Scan",
		"Prep",
		"Scan",
		"Scan",
		"Dead"
	],
	"start" : 15.14888858795166
}