{
	"data" : 
	[
		0.80036908388137817,
		1.3824102878570557,
		5.8936042785644531,
		2.1100866794586182,
		0.072692699730396271,
		0.1456352025270462,
		0.50934851169586182,
		1.527795672416687,
		2.7650704383850098,
		0.58204120397567749,
		0.072692699730396271,
		0.072692699730396271,
		0.50934851169586182,
		1.3824102878570557,
		5.8936042785644531,
		1.3097175359725952,
		0.50934851169586182,
		4.1474804878234863,
		2.4737999439239502,
		10.841203689575195,
		0.072692699730396271,
		0.1456352025270462,
		0.50934851169586182,
		7.3487071990966797,
		0.58204120397567749,
		0.50934851169586182,
		1.2370249032974243,
		5.7479691505432129,
		0.50934851169586182,
		0.1456352025270462,
		2.0371441841125488,
		0.072942502796649933,
		0.50934851169586182,
		1.2367750406265259,
		0.072692699730396271,
		1.2370249032974243,
		1.3097175359725952,
		0.072692699730396271,
		1.2370249032974243,
		1.2367750406265259,
		0.072942502796649933,
		1.2367750406265259,
		1.3097175359725952,
		0.65498369932174683,
		1.2367750406265259,
		1.3097175359725952,
		25.247848510742188
	],
	"end" : 9.7266664505004883,
	"labels" : 
	[
		"Prep",
		"Scan",
		"Break",
		"Prep",
		"Break",
		"Break",
		"Break",
		"Scan",
		"Break",
		"Prep",
		"Break",
		"Prep",
		"Break",
		"Scan",
		"Break",
		"Prep",
		"Break",
		"Scan",
		"Prep",
		"Scan",
		"Break",
		"Prep",
		"Break",
		"Scan",
		"Prep",
		"Break",
		"Scan",
		"Break",
		"Prep",
		"Break",
		"Scan",
		"Prep",
		"Break",
		"Scan",
		"Break",
		"Break",
		"Scan",
		"Prep",
		"Break",
		"Scan",
		"Break",
		"Break",
		"Scan",
		"Prep",
		"Break",
		"Scan",
		"Dead"
	],
	"start" : 9.3452777862548828
}