{
	"data" : 
	[
		0.66986066102981567,
		0.26785227656364441,
		1.6971131563186646,
		0.49124136567115784,
		3.1259140968322754,
		0.625244140625,
		0.49124136567115784,
		1.3397213220596313,
		0.75924694538116455,
		7.1452317237854004,
		0.84863322973251343,
		0.089232981204986572,
		6.2073650360107422,
		0.044769812375307083,
		5.5376577377319336,
		0.13400278985500336,
		6.9666118621826172,
		0.089232981204986572,
		10.539303779602051,
		52.830520629882812
	],
	"end" : 16.5,
	"labels" : 
	[
		"Prep",
		"Scan",
		"Break",
		"Scan",
		"Break",
		"Prep",
		"Scan",
		"Break",
		"Prep",
		"Scan",
		"Break",
		"Prep",
		"Scan",
		"Break",
		"Scan",
		"Prep",
		"Scan",
		"Prep",
		"Scan",
		"Dead"
	],
	"start" : 15.87861156463623
}