{
	"data" : 
	[
		1.1694502830505371,
		0.50562608242034912,
		4.2980389595031738,
		3.0339736938476562,
		0.50562608242034912,
		5.9099664688110352,
		0.60045814514160156,
		0.53730916976928711,
		0.09483201801776886,
		11.029810905456543,
		6.9529018402099609,
		0.50562608242034912,
		4.6142182350158691,
		9.9235095977783203,
		0.25281304121017456,
		9.8605766296386719,
		0.031466003507375717,
		1.959572434425354,
		0.031466003507375717,
		5.8468174934387207,
		0.031466003507375717,
		7.1108827590942383,
		0.031683009117841721,
		0.031683009117841721,
		0.063149012625217438,
		5.4991722106933594,
		0.09483201801776886,
		0.031466003507375717,
		0.031683009117841721,
		0.53730916976928711,
		0.18944703042507172,
		0.031683009117841721,
		10.271371841430664,
		0.031466003507375717,
		0.34764507412910461,
		0.34764507412910461,
		3.9506111145019531,
		0.28427904844284058,
		0.18966403603553772,
		3.1288056373596191
	],
	"end" : 21.18055534362793,
	"labels" : 
	[
		"Break",
		"Prep",
		"Scan",
		"Break",
		"Prep",
		"Scan",
		"Prep",
		"Break",
		"Prep",
		"Scan",
		"Break",
		"Prep",
		"Scan",
		"Break",
		"Prep",
		"Scan",
		"Break",
		"Scan",
		"Prep",
		"Scan",
		"Prep",
		"Scan",
		"Prep",
		"Break",
		"Prep",
		"Scan",
		"Prep",
		"Break",
		"Prep",
		"Break",
		"Break",
		"Prep",
		"Scan",
		"Break",
		"Prep",
		"Break",
		"Scan",
		"Prep",
		"Break",
		"Scan"
	],
	"start" : 20.302499771118164
}