{
	"data" : 
	[
		0.27311781048774719,
		0.13651981949806213,
		0.40971574187278748,
		0.864990234375,
		0.22755908966064453,
		0.13659796118736267,
		3.5280253887176514,
		0.022740278393030167,
		0.1820785254240036,
		0.2048969566822052,
		2.7541525363922119,
		0.79661309719085693,
		0.40971574187278748,
		8.1713409423828125,
		1.2974462509155273,
		0.022740278393030167,
		0.20481880009174347,
		2.2989561557769775,
		0.20481880009174347,
		0.5690540075302124,
		0.13659796118736267,
		1.5704859495162964,
		0.022818423807621002,
		0.45519629120826721,
		0.54631370306015015,
		3.8011434078216553,
		1.7753828763961792,
		0.045558705925941467,
		2.5036971569061279,
		0.52357345819473267,
		23.080133438110352,
		42.72320556640625
	],
	"end" : 9.5219440460205078,
	"labels" : 
	[
		"Prep",
		"Break",
		"Scan",
		"Break",
		"Prep",
		"Break",
		"Scan",
		"Break",
		"Prep",
		"Break",
		"Scan",
		"Break",
		"Prep",
		"Scan",
		"Break",
		"Prep",
		"Break",
		"Scan",
		"Break",
		"Prep",
		"Break",
		"Scan",
		"Break",
		"Prep",
		"Break",
		"Scan",
		"Break",
		"Prep",
		"Scan",
		"Break",
		"Scan",
		"Dead"
	],
	"start" : 8.3027782440185547
}