{
	"data" : 
	[
		0.01082016434520483,
		0.019471345469355583,
		0.018030306324362755,
		0.011538208462297916,
		0.13702736794948578,
		0.012979245744645596,
		0.051926888525485992,
		0.0021640330087393522,
		0.023076416924595833,
		0.22429186105728149,
		0.00071804295293986797,
		0.0021640330087393522,
		0.18246214091777802,
		0.00072299502789974213,
		0.0021640330087393522,
		0.17813408374786377,
		0.00071804295293986797,
		0.0057691042311489582,
		0.069957196712493896,
		0.00072299502789974213,
		0.015143278986215591,
		0.015866274014115334,
		0.00072299502789974213,
		0.010092217475175858,
		0.0079331370070576668,
		0.00072299502789974213,
		0.021635377779603004,
		0.00072299502789974213,
		0.012261203490197659,
		0.0050461087375879288,
		0.022358372807502747,
		0.00071804295293986797,
		0.098802715539932251,
		0.00072299502789974213,
		0.12404315918684006,
		0.0050510605797171593,
		0.11394599825143814,
		0.023799410089850426,
		0.00072299502789974213,
		0.025240447372198105,
		0.012261203490197659,
		0.13269929587841034,
		0.0014410379808396101,
		0.1471245288848877,
		0.00071804295293986797,
		0.00072299502789974213,
		0.13486333191394806,
		0.00072299502789974213,
		0.09807971864938736,
		0.00072299502789974213,
		0.13125330209732056,
		0.00072299502789974213,
		0.14279645681381226,
		0.00071804295293986797,
		0.0014459900557994843,
		44.786640167236328,
		0.135581374168396,
		52.711074829101562
	],
	"end" : 20.302499771118164,
	"labels" : 
	[
		"Prep",
		"Scan",
		"Break",
		"Prep",
		"Scan",
		"Prep",
		"Scan",
		"Break",
		"Prep",
		"Scan",
		"Break",
		"Prep",
		"Scan",
		"Break",
		"Prep",
		"Scan",
		"Break",
		"Prep",
		"Scan",
		"Break",
		"Prep",
		"Scan",
		"Break",
		"Prep",
		"Break",
		"Prep",
		"Scan",
		"Break",
		"Prep",
		"Break",
		"Scan",
		"Break",
		"Scan",
		"Prep",
		"Scan",
		"Prep",
		"Scan",
		"Scan",
		"Break",
		"Scan",
		"Break",
		"Scan",
		"Break",
		"Scan",
		"Prep",
		"Break",
		"Scan",
		"Prep",
		"Scan",
		"Prep",
		"Scan",
		"Break",
		"Scan",
		"Break",
		"Break",
		"Scan",
		"Dead",
		"Break"
	],
	"start" : 19.377222061157227
}