{
	"data" : 
	[
		0.16907073557376862,
		0.084567621350288391,
		0.24425271153450012,
		0.0093856509774923325,
		0.14091378450393677,
		0.62941920757293701,
		0.15033169090747833,
		0.39455214142799377,
		0.19729219377040863,
		1.5406659841537476,
		0.0094179045408964157,
		1.55946946144104,
		0.0093856509774923325,
		0.0093856509774923325,
		0.065764069557189941,
		0.0093856509774923325,
		1.5688873529434204,
		1.9634072780609131,
		0.13152813911437988,
		2.3110313415527344,
		0.037574857473373413,
		0.46031621098518372,
		2.4707162380218506,
		0.15033169090747833,
		1.484319806098938,
		0.0093856509774923325,
		1.2776418924331665,
		0.037574857473373413,
		0.46031621098518372,
		1.1649174690246582,
		0.0093856509774923325,
		1.3340203762054443,
		1.6909654140472412,
		0.0094179045408964157,
		0.31001678109169006,
		3.1283245086669922,
		2.1325104236602783,
		0.31943467259407043,
		1.2964131832122803,
		0.31001678109169006,
		2.3298025131225586,
		0.72337245941162109,
		0.0093856509774923325,
		0.25367063283920288,
		0.14091378450393677,
		0.3005988597869873,
		2.9216790199279785,
		63.928867340087891
	],
	"end" : 15.192222595214844,
	"labels" : 
	[
		"Prep",
		"Scan",
		"Break",
		"Prep",
		"Scan",
		"Break",
		"Scan",
		"Break",
		"Prep",
		"Scan",
		"Prep",
		"Scan",
		"Break",
		"Prep",
		"Break",
		"Prep",
		"Scan",
		"Scan",
		"Prep",
		"Scan",
		"Break",
		"Prep",
		"Scan",
		"Prep",
		"Scan",
		"Break",
		"Scan",
		"Break",
		"Prep",
		"Scan",
		"Prep",
		"Scan",
		"Scan",
		"Break",
		"Prep",
		"Scan",
		"Break",
		"Prep",
		"Scan",
		"Prep",
		"Scan",
		"Break",
		"Prep",
		"Break",
		"Break",
		"Prep",
		"Scan",
		"Dead"
	],
	"start" : 12.238333702087402
}