{
	"data" : 
	[
		0.5658951997756958,
		1.1320680379867554,
		1.0915378332138062,
		0.28301700949668884,
		7.6410422325134277,
		0.20223431289196014,
		1.253242015838623,
		10.22858715057373,
		1.6979631185531616,
		0.7277381420135498,
		9.5412397384643555,
		0.040391340851783752,
		10.18819522857666,
		0.040391340851783752,
		0.4851125180721283,
		10.996716499328613,
		0.040391340851783752,
		0.080921486020088196,
		2.9108138084411621,
		0.080921486020088196,
		9.9859609603881836,
		30.685619354248047
	],
	"end" : 15.87861156463623,
	"labels" : 
	[
		"Prep",
		"Scan",
		"Break",
		"Prep",
		"Scan",
		"Break",
		"Prep",
		"Scan",
		"Break",
		"Prep",
		"Scan",
		"Prep",
		"Scan",
		"Break",
		"Break",
		"Scan",
		"Break",
		"Prep",
		"Scan",
		"Prep",
		"Scan",
		"Dead"
	],
	"start" : 15.192222595214844
}