{
	"data" : 
	[
		0.12536399066448212,
		0.067549534142017365,
		0.11569513380527496,
		0.10609250515699387,
		0.15430434048175812,
		0.27006569504737854,
		0.14470170438289642,
		0.028940340504050255,
		0.019271485507488251,
		1.3309907913208008,
		0.009602629579603672,
		0.019337709993124008,
		1.5431095361709595,
		0.0096688549965620041,
		1.205560564994812,
		0.019337709993124008,
		1.5045665502548218,
		0.019271485507488251,
		2.2761545181274414,
		90.930419921875
	],
	"end" : 19.377222061157227,
	"labels" : 
	[
		"Prep",
		"Scan",
		"Break",
		"Scan",
		"Break",
		"Prep",
		"Scan",
		"Break",
		"Prep",
		"Scan",
		"Break",
		"Prep",
		"Scan",
		"Prep",
		"Scan",
		"Prep",
		"Scan",
		"Prep",
		"Scan",
		"Dead"
	],
	"start" : 16.5
}