{
	"data" : 
	[
		0.41157522797584534,
		0.82315045595169067,
		1.5340298414230347,
		0.037380900233983994,
		0.82315045595169067,
		1.6089199781417847,
		0.33668500185012817,
		0.074890248477458954,
		8.7926034927368164,
		0.56122732162475586,
		0.33681344985961914,
		8.6055707931518555,
		0.29930409789085388,
		0.33681344985961914,
		8.2315053939819336,
		0.037380900233983994,
		6.5476946830749512,
		2.6191034317016602,
		9.990077018737793,
		0.037380900233983994,
		0.33668500185012817,
		1.0103118419647217,
		12.796085357666016,
		33.711658477783203
	],
	"end" : 12.238333702087402,
	"labels" : 
	[
		"Prep",
		"Scan",
		"Break",
		"Prep",
		"Scan",
		"Break",
		"Prep",
		"Break",
		"Scan",
		"Break",
		"Prep",
		"Scan",
		"Break",
		"Prep",
		"Scan",
		"Prep",
		"Scan",
		"Prep",
		"Scan",
		"Break",
		"Prep",
		"Break",
		"Scan",
		"Dead"
	],
	"start" : 11.49666690826416
}