{
	"data" : 
	[
		0.31824681162834167,
		1.0126487016677856,
		0.78111517429351807,
		0.26033860445022583,
		1.3019909858703613,
		0.69430249929428101,
		0.26043793559074402,
		0.086713321506977081,
		2.8931257724761963,
		0.029003767296671867,
		0.20252972841262817,
		4.1950178146362305,
		0.28934237360954285,
		0.26033860445022583,
		0.1157170906662941,
		0.6075892448425293,
		0.057808879762887955,
		0.40505945682525635,
		0.028904439881443977,
		10.212802886962891,
		0.028904439881443977,
		0.23153349757194519,
		5.8730645179748535,
		3.0377473831176758,
		0.75221073627471924,
		6.3070278167724609,
		0.029003767296671867,
		0.57858544588088989,
		0.37605571746826172,
		5.1498575210571289,
		0.1157170906662941,
		0.028904439881443977,
		6.335932731628418,
		47.042423248291016
	],
	"end" : 14.76361083984375,
	"labels" : 
	[
		"Prep",
		"Scan",
		"Break",
		"Prep",
		"Scan",
		"Break",
		"Prep",
		"Break",
		"Scan",
		"Prep",
		"Break",
		"Scan",
		"Break",
		"Prep",
		"Break",
		"Scan",
		"Break",
		"Break",
		"Prep",
		"Scan",
		"Prep",
		"Break",
		"Scan",
		"Break",
		"Prep",
		"Scan",
		"Break",
		"Prep",
		"Break",
		"Scan",
		"Prep",
		"Break",
		"Scan",
		"Dead"
	],
	"start" : 13.804444313049316
}