{
	"data" : 
	[
		0.93244814872741699,
		0.93244814872741699,
		1.0655243396759033,
		0.93244814872741699,
		4.8616266250610352,
		0.06676676869392395,
		1.4652104377746582,
		11.188920974731445,
		0.066309459507465363,
		1.9316630363464355,
		19.846649169921875,
		0.599528968334198,
		10.856001853942871,
		0.19938568770885468,
		9.4575586318969727,
		35.497512817382812
	],
	"end" : 18.588054656982422,
	"labels" : 
	[
		"Prep",
		"Scan",
		"Break",
		"Prep",
		"Scan",
		"Break",
		"Prep",
		"Scan",
		"Break",
		"Prep",
		"Scan",
		"Prep",
		"Scan",
		"Prep",
		"Scan",
		"Dead"
	],
	"start" : 18.171388626098633
}