{
	"data" : 
	[
		0.44136017560958862,
		0.44136017560958862,
		0.66193205118179321,
		2.9318306446075439,
		0.031494803726673126,
		0.56744766235351562,
		5.295997142791748,
		0.094592638313770294,
		0.25217488408088684,
		9.646392822265625,
		10.245335578918457,
		0.28377792239189148,
		5.1384153366088867,
		0.031494803726673126,
		0.28377792239189148,
		0.031494803726673126,
		5.7689604759216309,
		0.63043719530105591,
		6.0841250419616699,
		0.18918527662754059,
		4.7601528167724609,
		2.0490021705627441,
		0.094592638313770294,
		0.44136017560958862,
		0.031494803726673126,
		2.5850632190704346,
		11.695394515991211,
		0.031494803726673126,
		0.22068008780479431,
		0.37837055325508118,
		0.44125193357467651,
		0.75663286447525024,
		0.72502988576889038,
		0.63054543733596802,
		0.031494803726673126,
		10.024655342102051,
		1.2609826326370239,
		0.22068008780479431,
		0.22068008780479431,
		0.031494803726673126,
		7.817962646484375,
		6.3993978500366211
	],
	"end" : 9.9633331298828125,
	"labels" : 
	[
		"Prep",
		"Scan",
		"Break",
		"Scan",
		"Break",
		"Prep",
		"Scan",
		"Break",
		"Prep",
		"Scan",
		"Scan",
		"Prep",
		"Scan",
		"Prep",
		"Break",
		"Prep",
		"Scan",
		"Break",
		"Scan",
		"Prep",
		"Scan",
		"Break",
		"Prep",
		"Break",
		"Prep",
		"Scan",
		"Break",
		"Prep",
		"Break",
		"Prep",
		"Scan",
		"Break",
		"Prep",
		"Break",
		"Prep",
		"Scan",
		"Break",
		"Prep",
		"Break",
		"Prep",
		"Scan",
		"Dead"
	],
	"start" : 9.0830554962158203
}