{
	"data" : 
	[
		0.71080464124679565,
		1.1633769273757935,
		2.8432185649871826,
		0.58168846368789673,
		0.064336255192756653,
		5.7512173652648926,
		1.0985969305038452,
		0.77514094114303589,
		5.622100830078125,
		5.0399689674377441,
		0.51690852642059326,
		1.2277131080627441,
		0.71080464124679565,
		1.2924931049346924,
		0.45212855935096741,
		1.2277131080627441,
		0.064779952168464661,
		1.2277131080627441,
		0.45212855935096741,
		1.2277131080627441,
		1.4216092824935913,
		0.71080464124679565,
		10.274277687072754,
		1.0342607498168945,
		4.6521768569946289,
		49.756328582763672
	],
	"end" : 19.017778396606445,
	"labels" : 
	[
		"Prep",
		"Scan",
		"Break",
		"Prep",
		"Break",
		"Scan",
		"Break",
		"Prep",
		"Break",
		"Scan",
		"Prep",
		"Scan",
		"Break",
		"Prep",
		"Break",
		"Scan",
		"Break",
		"Prep",
		"Break",
		"Scan",
		"Break",
		"Prep",
		"Scan",
		"Prep",
		"Scan",
		"Dead"
	],
	"start" : 18.588054656982422
}