{
	"data" : 
	[
		1.0757198333740234,
		1.0040707588195801,
		1.5059831142425537,
		1.0757198333740234,
		0.64545649290084839,
		2.3666329383850098,
		1.0040707588195801,
		6.4543190002441406,
		7.8170046806335449,
		1.5061062574386597,
		14.629938125610352,
		60.814983367919922
	],
	"end" : 7.9427776336669922,
	"labels" : 
	[
		"Prep",
		"Scan",
		"Break",
		"Prep",
		"Scan",
		"Break",
		"Prep",
		"Scan",
		"Break",
		"Prep",
		"Scan",
		"Dead"
	],
	"start" : 7.5558333396911621
}