{
	"data" : 
	[
		0.4629213809967041,
		0.4320882260799408,
		0.83323729038238525,
		0.46302735805511475,
		2.4688787460327148,
		0.70979863405227661,
		4.5984869003295898,
		0.0308331698179245,
		0.9258427619934082,
		9.1660337448120117,
		0.0308331698179245,
		0.2468772828578949,
		5.0304689407348633,
		0.030939126387238503,
		0.061666339635848999,
		4.3824424743652344,
		70.025627136230469
	],
	"end" : 15.662777900695801,
	"labels" : 
	[
		"Prep",
		"Scan",
		"Break",
		"Prep",
		"Scan",
		"Prep",
		"Scan",
		"Break",
		"Prep",
		"Scan",
		"Break",
		"Prep",
		"Scan",
		"Break",
		"Prep",
		"Scan",
		"Dead"
	],
	"start" : 14.76361083984375
}