{
	"data" : 
	[
		1.4056974649429321,
		2.1083738803863525,
		1.4056974649429321,
		1.8072761297225952,
		12.650588035583496,
		0.10030847042798996,
		0.2009616494178772,
		15.36150074005127,
		0.80315721035003662,
		12.249009132385254,
		0.10030847042798996,
		9.0363807678222656,
		42.670742034912109
	],
	"end" : 8.2191667556762695,
	"labels" : 
	[
		"Prep",
		"Scan",
		"Break",
		"Prep",
		"Scan",
		"Prep",
		"Break",
		"Scan",
		"Prep",
		"Scan",
		"Prep",
		"Scan",
		"Dead"
	],
	"start" : 7.9427776336669922
}