{
	"data" : 
	[
		1.1763461828231812,
		1.1757692098617554,
		2.0169229507446289,
		1.1763461828231812,
		7.3096151351928711,
		1.4284615516662598,
		14.114999771118164,
		1.7648077011108398,
		0.25211536884307861,
		25.037885665893555,
		0.25211536884307861,
		0.67211538553237915,
		12.687115669250488,
		0.084230773150920868,
		3.5284616947174072,
		1.0926923751831055,
		0.083653844892978668,
		26.046346664428711
	],
	"end" : 19.348054885864258,
	"labels" : 
	[
		"Prep",
		"Scan",
		"Break",
		"Prep",
		"Scan",
		"Prep",
		"Scan",
		"Break",
		"Prep",
		"Scan",
		"Break",
		"Prep",
		"Scan",
		"Prep",
		"Scan",
		"Break",
		"Prep",
		"Scan"
	],
	"start" : 19.017778396606445
}