{
	"data" : 
	[
		0.2308545708656311,
		0.21547836065292358,
		0.53869587182998657,
		0.015376214869320393,
		1.1388965845108032,
		0.93884730339050293,
		0.015376214869320393,
		0.030752429738640785,
		2.7395551204681396,
		0.015376214869320393,
		0.26165983080863953,
		2.5855817794799805,
		0.10773918032646179,
		1.970004677772522,
		0.015376214869320393,
		1.1235203742980957,
		0.10773918032646179,
		2.7856838703155518,
		0.015376214869320393,
		2.985785961151123,
		0.015376214869320393,
		0.015376214869320393,
		3.0935251712799072,
		2.7241261005401611,
		0.030752429738640785,
		3.2628219127655029,
		0.030752429738640785,
		0.030805265530943871,
		3.7091023921966553,
		69.149688720703125
	],
	"end" : 13.804444313049316,
	"labels" : 
	[
		"Prep",
		"Scan",
		"Break",
		"Prep",
		"Scan",
		"Break",
		"Prep",
		"Break",
		"Scan",
		"Break",
		"Prep",
		"Scan",
		"Prep",
		"Scan",
		"Prep",
		"Break",
		"Prep",
		"Scan",
		"Break",
		"Scan",
		"Break",
		"Prep",
		"Scan",
		"Break",
		"Prep",
		"Scan",
		"Prep",
		"Break",
		"Scan",
		"Dead"
	],
	"start" : 12.001388549804688
}