{
	"data" : 
	[
		0.75317531824111938,
		0.70284873247146606,
		1.5559878349304199,
		0.40157860517501831,
		5.3215198516845703,
		0.9034656286239624,
		0.10065317898988724,
		8.3835134506225586,
		1.5559878349304199,
		14.909769058227539,
		0.050326589494943619,
		0.40157860517501831,
		8.182551383972168,
		0.050326589494943619,
		9.9901723861694336,
		0.40157860517501831,
		0.45156046748161316,
		0.10065317898988724,
		0.35125201940536499,
		1.0541007518768311,
		0.050326589494943619,
		0.35159671306610107,
		22.791049957275391,
		21.084426879882812
	],
	"end" : 17.4375,
	"labels" : 
	[
		"Prep",
		"Scan",
		"Break",
		"Prep",
		"Scan",
		"Prep",
		"Break",
		"Scan",
		"Prep",
		"Scan",
		"Break",
		"Prep",
		"Scan",
		"Break",
		"Scan",
		"Prep",
		"Break",
		"Scan",
		"Break",
		"Break",
		"Prep",
		"Break",
		"Scan",
		"Dead"
	],
	"start" : 16.884721755981445
}