{
	"data" : 
	[
		0.48636025190353394,
		0.3890659511089325,
		0.97272050380706787,
		0.45396596193313599,
		0.64855456352233887,
		0.3890659511089325,
		8.8194961547851562,
		0.032394330948591232,
		0.71334320306777954,
		0.51875460147857666,
		0.032394330948591232,
		0.097294315695762634,
		8.6249074935913086,
		0.03250565379858017,
		0.064788661897182465,
		8.3007421493530273,
		0.064788661897182465,
		0.032394330948591232,
		0.03250565379858017,
		7.9763531684875488,
		0.87553751468658447,
		9.3382511138916016,
		2.6912899017333984,
		0.097294315695762634,
		9.9542989730834961,
		0.032283011823892593,
		0.065011307597160339,
		9.6624174118041992,
		2.1075239181518555,
		0.55126029253005981,
		3.1127500534057617,
		0.03250565379858017,
		0.77813190221786499,
		9.4355449676513672,
		12.483506202697754
	],
	"end" : 16.518611907958984,
	"labels" : 
	[
		"Prep",
		"Scan",
		"Break",
		"Prep",
		"Break",
		"Break",
		"Scan",
		"Break",
		"Prep",
		"Break",
		"Prep",
		"Break",
		"Scan",
		"Break",
		"Prep",
		"Scan",
		"Prep",
		"Break",
		"Prep",
		"Scan",
		"Prep",
		"Scan",
		"Break",
		"Prep",
		"Scan",
		"Break",
		"Prep",
		"Scan",
		"Break",
		"Prep",
		"Scan",
		"Break",
		"Prep",
		"Scan",
		"Dead"
	],
	"start" : 15.662777900695801
}