{
	"data" : 
	[
		0.24199046194553375,
		0.37238150835037231,
		0.57710826396942139,
		0.037199802696704865,
		0.018663818016648293,
		2.1223700046539307,
		0.037199802696704865,
		3.0904598236083984,
		0.018599901348352432,
		0.24205438792705536,
		0.22339054942131042,
		0.018663818016648293,
		2.7739417552947998,
		0.018599901348352432,
		2.7553420066833496,
		0.48404484987258911,
		0.55850833654403687,
		3.9096224308013916,
		0.074527435004711151,
		10.723513603210449,
		0.18612684309482574,
		0.70749926567077637,
		0.33511778712272644,
		0.44678109884262085,
		6.2181835174560547,
		0.35371768474578857,
		0.22339054942131042,
		0.40958130359649658,
		0.018599901348352432,
		0.7819628119468689,
		0.48404484987258911,
		3.2765865325927734,
		58.160224914550781
	],
	"end" : 12.001388549804688,
	"labels" : 
	[
		"Prep",
		"Scan",
		"Break",
		"Break",
		"Prep",
		"Scan",
		"Break",
		"Scan",
		"Break",
		"Prep",
		"Break",
		"Prep",
		"Scan",
		"Prep",
		"Scan",
		"Break",
		"Prep",
		"Scan",
		"Prep",
		"Break",
		"Prep",
		"Scan",
		"Break",
		"Prep",
		"Scan",
		"Break",
		"Prep",
		"Break",
		"Scan",
		"Break",
		"Prep",
		"Scan",
		"Dead"
	],
	"start" : 10.510833740234375
}