{
	"data" : 
	[
		0.26456937193870544,
		0.30273592472076416,
		0.56704568862915039,
		0.7563205361366272,
		1.8527646064758301,
		0.03790690004825592,
		0.71841365098953247,
		1.0208899974822998,
		0.30247628688812256,
		1.3612731695175171,
		0.71841365098953247,
		1.2099051475524902,
		0.03790690004825592,
		0.1890152245759964,
		4.8398804664611816,
		0.075813800096511841,
		1.3233661651611328,
		0.11346106231212616,
		0.52939844131469727,
		0.037647265940904617,
		0.075813800096511841,
		0.22666250169277191,
		0.49175113439559937,
		0.037647265940904617,
		1.323625922203064,
		1.5123815536499023,
		5.293724536895752,
		0.075554169714450836,
		7.1843967437744141,
		0.60495257377624512,
		7.9407167434692383,
		0.11320142447948456,
		0.30273592472076416,
		0.71841365098953247,
		0.49149152636528015,
		0.11346106231212616,
		8.1294727325439453,
		0.41593736410140991,
		0.11346106231212616,
		0.03790690004825592,
		0.03790690004825592,
		6.9195671081542969,
		0.075554169714450836,
		7.8272557258605957,
		0.037647265940904617,
		0.11346106231212616,
		8.1297321319580078,
		25.296365737915039
	],
	"end" : 18.171388626098633,
	"labels" : 
	[
		"Prep",
		"Scan",
		"Break",
		"Scan",
		"Break",
		"Prep",
		"Scan",
		"Break",
		"Scan",
		"Break",
		"Prep",
		"Break",
		"Prep",
		"Break",
		"Scan",
		"Prep",
		"Break",
		"Prep",
		"Break",
		"Prep",
		"Break",
		"Scan",
		"Break",
		"Prep",
		"Break",
		"Break",
		"Scan",
		"Prep",
		"Scan",
		"Prep",
		"Scan",
		"Prep",
		"Break",
		"Scan",
		"Break",
		"Prep",
		"Scan",
		"Break",
		"Prep",
		"Break",
		"Prep",
		"Scan",
		"Prep",
		"Scan",
		"Break",
		"Prep",
		"Scan",
		"Dead"
	],
	"start" : 17.4375
}