{
	"data" : 
	[
		0.44973322749137878,
		0.61030501127243042,
		0.7066921591758728,
		0.032092295587062836,
		2.216463565826416,
		0.032092295587062836,
		3.4691658020019531,
		0.032202579081058502,
		3.4048709869384766,
		0.64250755310058594,
		3.019432544708252,
		0.032202579081058502,
		0.57810240983963013,
		6.7456679344177246,
		77.928474426269531
	],
	"end" : 9.0830554962158203,
	"labels" : 
	[
		"Prep",
		"Scan",
		"Break",
		"Prep",
		"Scan",
		"Prep",
		"Scan",
		"Prep",
		"Scan",
		"Break",
		"Scan",
		"Break",
		"Prep",
		"Scan",
		"Dead"
	],
	"start" : 8.2191667556762695
}