{
	"data" : 
	[
		0.70962381362915039,
		0.70962381362915039,
		1.3177982568740845,
		0.40544962882995605,
		5.7780923843383789,
		0.050637703388929367,
		0.86171096563339233,
		7.4507021903991699,
		0.050637703388929367,
		0.3548119068145752,
		7.7040648460388184,
		0.40544962882995605,
		0.81107324361801147,
		15.103955268859863,
		0.40562361478805542,
		14.749142646789551,
		43.031600952148438
	],
	"end" : 10.510833740234375,
	"labels" : 
	[
		"Prep",
		"Scan",
		"Break",
		"Prep",
		"Scan",
		"Break",
		"Prep",
		"Scan",
		"Break",
		"Prep",
		"Scan",
		"Break",
		"Prep",
		"Scan",
		"Prep",
		"Scan",
		"Dead"
	],
	"start" : 9.9633331298828125
}