{
	"data" : 
	[
		0.75778418779373169,
		1.2886494398117065,
		0.75778418779373169,
		0.075986601412296295,
		0.98522353172302246,
		5.0786113739013672,
		2.5767784118652344,
		12.355109214782715,
		6.5941801071166992,
		0.98522353172302246,
		8.0348024368286133,
		1.3641157150268555,
		8.1102685928344727,
		0.15145273506641388,
		0.075986601412296295,
		9.5503711700439453,
		0.075986601412296295,
		0.075466148555278778,
		12.658534049987793,
		28.347684860229492
	],
	"end" : 16.884721755981445,
	"labels" : 
	[
		"Prep",
		"Scan",
		"Break",
		"Prep",
		"Scan",
		"Break",
		"Prep",
		"Scan",
		"Break",
		"Prep",
		"Scan",
		"Prep",
		"Scan",
		"Break",
		"Prep",
		"Scan",
		"Prep",
		"Break",
		"Scan",
		"Dead"
	],
	"start" : 16.518611907958984
}