{
	"data" : 
	[
		0.51139646768569946,
		0.6939842700958252,
		2.3011584281921387,
		2.7029521465301514,
		0.036617890000343323,
		3.7256197929382324,
		3.3604438304901123,
		0.036492485553026199,
		4.3467445373535156,
		82.184593200683594
	],
	"end" : 10.749722480773926,
	"labels" : 
	[
		"Prep",
		"Scan",
		"Break",
		"Scan",
		"Prep",
		"Scan",
		"Scan",
		"Prep",
		"Scan",
		"Dead"
	],
	"start" : 9.9899997711181641
}