{
	"data" : 
	[
		1.2333930730819702,
		0.96905136108398438,
		1.4977347850799561,
		0.088013097643852234,
		1.8500897884368896,
		5.7259926795959473,
		2.9954695701599121,
		15.856874465942383,
		2.2024445533752441,
		0.088013097643852234,
		9.8668422698974609,
		0.088013097643852234,
		10.130881309509277,
		0.088013097643852234,
		11.628616333007812,
		4.2285599708557129,
		12.157299995422363,
		19.20469856262207
	],
	"end" : 15.868611335754395,
	"labels" : 
	[
		"Prep",
		"Scan",
		"Break",
		"Prep",
		"Scan",
		"Break",
		"Prep",
		"Scan",
		"Break",
		"Prep",
		"Scan",
		"Prep",
		"Scan",
		"Prep",
		"Scan",
		"Prep",
		"Scan",
		"Dead"
	],
	"start" : 15.553610801696777
}