{
	"data" : 
	[
		0.34556803107261658,
		0.59687060117721558,
		4.0525507926940918,
		0.78540140390396118,
		1.2880065441131592,
		0.062771722674369812,
		0.31418216228485107,
		0.031385861337184906,
		11.592167854309082,
		0.25141045451164246,
		0.2826884388923645,
		0.43983343243598938,
		0.062771722674369812,
		0.031493712216615677,
		2.6702785491943359,
		0.25130259990692139,
		0.25130259990692139,
		2.7331581115722656,
		0.2826884388923645,
		0.53409886360168457,
		0.56548476219177246,
		3.3299210071563721,
		0.09426543116569519,
		0.97393226623535156,
		0.031385861337184906,
		0.21991671621799469,
		0.56548476219177246,
		0.53399097919464111,
		0.56548476219177246,
		0.031385861337184906,
		0.53409886360168457,
		0.56548476219177246,
		0.53399097919464111,
		0.56548476219177246,
		0.031493712216615677,
		0.75390774011611938,
		0.21991671621799469,
		0.56548476219177246,
		62.358955383300781
	],
	"end" : 12.809444427490234,
	"labels" : 
	[
		"Prep",
		"Scan",
		"Break",
		"Prep",
		"Break",
		"Prep",
		"Break",
		"Prep",
		"Scan",
		"Break",
		"Prep",
		"Break",
		"Break",
		"Prep",
		"Scan",
		"Prep",
		"Break",
		"Scan",
		"Prep",
		"Break",
		"Scan",
		"Break",
		"Prep",
		"Scan",
		"Prep",
		"Break",
		"Scan",
		"Break",
		"Scan",
		"Break",
		"Break",
		"Scan",
		"Break",
		"Scan",
		"Break",
		"Prep",
		"Break",
		"Scan",
		"Dead"
	],
	"start" : 11.926111221313477
}