{
	"data" : 
	[
		0.35383173823356628,
		0.33026453852653503,
		0.96714544296264648,
		0.16513226926326752,
		1.7219432592391968,
		0.023648172616958618,
		0.40096607804298401,
		3.9630124568939209,
		0.18869945406913757,
		3.5619654655456543,
		0.023567184805870056,
		4.4583282470703125,
		0.023648172616958618,
		0.047134369611740112,
		7.0295810699462891,
		0.023567184805870056,
		7.5721120834350586,
		0.7313116192817688,
		0.07078254222869873,
		7.0294995307922363,
		61.213863372802734
	],
	"end" : 11.926111221313477,
	"labels" : 
	[
		"Prep",
		"Scan",
		"Break",
		"Prep",
		"Scan",
		"Break",
		"Prep",
		"Scan",
		"Prep",
		"Scan",
		"Prep",
		"Scan",
		"Break",
		"Prep",
		"Scan",
		"Break",
		"Scan",
		"Break",
		"Prep",
		"Scan",
		"Dead"
	],
	"start" : 10.749722480773926
}