{
	"data" : 
	[
		0.50853204727172852,
		1.7295677661895752,
		1.7802114486694336,
		0.050992906093597412,
		10.529162406921387,
		10.376533508300781,
		0.55952495336532593,
		9.6643791198730469,
		0.55952495336532593,
		0.50870668888092041,
		10.020456314086914,
		0.050992906093597412,
		5.3916268348693848,
		5.442619800567627,
		0.50870668888092041,
		6.7141246795654297,
		0.050992906093597412,
		0.050818279385566711,
		0.050818279385566711,
		6.4090404510498047,
		28.942668914794922
	],
	"end" : 14.757778167724609,
	"labels" : 
	[
		"Prep",
		"Break",
		"Scan",
		"Prep",
		"Break",
		"Scan",
		"Prep",
		"Break",
		"Scan",
		"Break",
		"Prep",
		"Prep",
		"Break",
		"Scan",
		"Prep",
		"Scan",
		"Prep",
		"Break",
		"Prep",
		"Scan",
		"Dead"
	],
	"start" : 14.183055877685547
}