{
	"data" : 
	[
		0.83332949876785278,
		0.8335338830947876,
		1.8457114696502686,
		0.059479739516973495,
		4.3461089134216309,
		1.0119731426239014,
		10.001998901367188,
		0.059479739516973495,
		0.4167669415473938,
		9.0493001937866211,
		10.895011901855469,
		0.059479739516973495,
		0.4167669415473938,
		17.741518020629883,
		0.059479739516973495,
		0.059479739516973495,
		19.170461654663086,
		0.11895947903394699,
		10.418765068054199,
		12.502395629882812
	],
	"end" : 13.685000419616699,
	"labels" : 
	[
		"Prep",
		"Scan",
		"Break",
		"Prep",
		"Scan",
		"Prep",
		"Scan",
		"Break",
		"Prep",
		"Scan",
		"Scan",
		"Break",
		"Prep",
		"Scan",
		"Break",
		"Prep",
		"Scan",
		"Prep",
		"Scan",
		"Dead"
	],
	"start" : 13.218889236450195
}