{
	"data" : 
	[
		0.77988147735595703,
		0.78007274866104126,
		2.6187336444854736,
		0.055664826184511185,
		3.7888426780700684,
		0.055664826184511185,
		0.94706720113754272,
		8.7476034164428711,
		0.055664826184511185,
		0.39003637433052063,
		9.1376399993896484,
		0.5013660192489624,
		16.603612899780273,
		6.1845345497131348,
		10.19622802734375,
		0.055664826184511185,
		17.940717697143555,
		21.061008453369141
	],
	"end" : 14.183055877685547,
	"labels" : 
	[
		"Prep",
		"Scan",
		"Break",
		"Prep",
		"Scan",
		"Break",
		"Prep",
		"Scan",
		"Break",
		"Prep",
		"Scan",
		"Prep",
		"Scan",
		"Break",
		"Scan",
		"Break",
		"Scan",
		"Dead"
	],
	"start" : 13.685000419616699
}