{
	"data" : 
	[
		0.5230291485786438,
		0.48807275295257568,
		1.325110912322998,
		0.24409621953964233,
		2.5453524589538574,
		0.034956399351358414,
		0.59270250797271729,
		5.7882771492004395,
		0.27893289923667908,
		5.6837668418884277,
		0.03483668714761734,
		6.7994990348815918,
		0.03483668714761734,
		0.069793082773685455,
		10.390909194946289,
		11.227947235107422,
		4.9513583183288574,
		17.051059722900391,
		0.48819243907928467,
		4.9165215492248535,
		0.03483668714761734,
		0.76712536811828613,
		11.088361740112305,
		14.540425300598145
	],
	"end" : 15.553610801696777,
	"labels" : 
	[
		"Prep",
		"Scan",
		"Break",
		"Prep",
		"Scan",
		"Break",
		"Prep",
		"Scan",
		"Prep",
		"Scan",
		"Prep",
		"Scan",
		"Break",
		"Prep",
		"Scan",
		"Scan",
		"Scan",
		"Break",
		"Prep",
		"Scan",
		"Break",
		"Prep",
		"Scan",
		"Dead"
	],
	"start" : 14.757778167724609
}