{
	"data" : 
	[
		0.016041487455368042,
		0.036458838731050491,
		0.083121344447135925,
		0.0014619583962485194,
		0.052500326186418533,
		0.0014619583962485194,
		0.010203668847680092,
		0.35728859901428223,
		0.10645259916782379,
		0.011665626429021358,
		0.052500326186418533,
		0.0131275849416852,
		0.34998881816864014,
		0.0014619583962485194,
		0.0014619583962485194,
		0.0014519449323415756,
		0.20124958455562592,
		0.011665626429021358,
		0.01457953080534935,
		0.31645390391349792,
		0.0014619583962485194,
		0.0014619583962485194,
		0.0014519449323415756,
		98.255027770996094
	],
	"end" : 18.715555191040039,
	"labels" : 
	[
		"Prep",
		"Scan",
		"Break",
		"Prep",
		"Break",
		"Prep",
		"Break",
		"Scan",
		"Break",
		"Prep",
		"Break",
		"Break",
		"Scan",
		"Break",
		"Break",
		"Prep",
		"Scan",
		"Break",
		"Prep",
		"Scan",
		"Break",
		"Break",
		"Prep",
		"Scan"
	],
	"start" : 18.4022216796875
}