{
	"data" : 
	[
		1.1803097724914551,
		0.7586052417755127,
		0.92734497785568237,
		0.084225155413150787,
		1.6017249822616577,
		4.8896894454956055,
		1.5174999237060547,
		15.427675247192383,
		2.36033034324646,
		11.887033462524414,
		0.083935722708702087,
		0.084514588117599487,
		15.005970001220703,
		0.25296488404273987,
		10.706724166870117,
		33.131454467773438
	],
	"end" : 16.197778701782227,
	"labels" : 
	[
		"Prep",
		"Scan",
		"Break",
		"Prep",
		"Scan",
		"Break",
		"Prep",
		"Scan",
		"Break",
		"Scan",
		"Break",
		"Prep",
		"Scan",
		"Prep",
		"Scan",
		"Dead"
	],
	"start" : 15.868611335754395
}