{
	"data" : 
	[
		0.63029175996780396,
		0.49545013904571533,
		1.4415062665939331,
		0.36029925942420959,
		9.2784013748168945,
		0.044844113290309906,
		1.306355357170105,
		0.089997492730617523,
		0.045153383165597916,
		14.412898063659668,
		0.089997492730617523,
		12.791705131530762,
		0.99090027809143066,
		13.016854286193848,
		7.2962913513183594,
		0.85605865716934204,
		10.944746971130371,
		0.22514836490154266,
		0.045153383165597916,
		12.791396141052246,
		12.746552467346191
	],
	"end" : 16.813888549804688,
	"labels" : 
	[
		"Prep",
		"Scan",
		"Break",
		"Prep",
		"Scan",
		"Break",
		"Prep",
		"Break",
		"Prep",
		"Scan",
		"Prep",
		"Scan",
		"Prep",
		"Scan",
		"Break",
		"Prep",
		"Scan",
		"Break",
		"Prep",
		"Scan",
		"Dead"
	],
	"start" : 16.197778701782227
}