{
	"data" : 
	[
		0.71747219562530518,
		1.7210469245910645,
		2.1514317989349365,
		0.21519240736961365,
		1.7929419279098511,
		0.2865949273109436,
		0.071894951164722443,
		2.1514317989349365,
		1.147364616394043,
		2.366624116897583,
		13.769360542297363,
		0.21519240736961365,
		1.0759620666503906,
		8.4624300003051758,
		0.21519240736961365,
		1.6491520404815674,
		6.8132777214050293,
		0.86027723550796509,
		0.071894951164722443,
		7.6016597747802734,
		0.78887474536895752,
		7.8887472152709961,
		10.613861083984375,
		27.252124786376953
	],
	"end" : 18.145833969116211,
	"labels" : 
	[
		"Prep",
		"Scan",
		"Break",
		"Prep",
		"Scan",
		"Break",
		"Prep",
		"Scan",
		"Break",
		"Prep",
		"Scan",
		"Break",
		"Prep",
		"Scan",
		"Break",
		"Prep",
		"Scan",
		"Prep",
		"Break",
		"Scan",
		"Break",
		"Scan",
		"Scan",
		"Dead"
	],
	"start" : 17.758888244628906
}