{
	"data" : 
	[
		0.41113185882568359,
		0.61659699678421021,
		0.49924594163894653,
		0.49924594163894653,
		0.029438573867082596,
		0.41113185882568359,
		0.52848291397094727,
		0.26434224843978882,
		0.46980738639831543,
		1.8794311285018921,
		0.029236940667033195,
		2.4667911529541016,
		0.029236940667033195,
		1.8207556009292603,
		0.44036880135536194,
		4.0524415969848633,
		0.029438573867082596,
		4.1403536796569824,
		0.029438573867082596,
		0.44036880135536194,
		3.4064059257507324,
		0.029438573867082596,
		0.44036880135536194,
		2.1437733173370361,
		0.82206207513809204,
		2.9660370349884033,
		0.029236940667033195,
		3.5531954765319824,
		0.029438573867082596,
		3.9935641288757324,
		0.52868449687957764,
		5.0801706314086914,
		0.352254718542099,
		0.44057044386863708,
		2.7601687908172607,
		0.67547410726547241,
		0.41113185882568359,
		2.4960281848907471,
		1.4096238613128662,
		3.9935641288757324,
		0.11735103279352188,
		1.7326415777206421,
		43.401531219482422
	],
	"end" : 17.758888244628906,
	"labels" : 
	[
		"Prep",
		"Scan",
		"Prep",
		"Scan",
		"Break",
		"Prep",
		"Scan",
		"Break",
		"Prep",
		"Scan",
		"Prep",
		"Scan",
		"Break",
		"Scan",
		"Prep",
		"Scan",
		"Break",
		"Scan",
		"Prep",
		"Break",
		"Scan",
		"Break",
		"Prep",
		"Scan",
		"Break",
		"Scan",
		"Prep",
		"Scan",
		"Prep",
		"Scan",
		"Prep",
		"Scan",
		"Break",
		"Prep",
		"Scan",
		"Break",
		"Prep",
		"Scan",
		"Break",
		"Scan",
		"Break",
		"Scan",
		"Dead"
	],
	"start" : 16.813888549804688
}