{
	"data" : 
	[
		1.5153592824935913,
		2.272667407989502,
		5.7366642951965332,
		1.5146160125732422,
		0.32477292418479919,
		12.12287425994873,
		0.10776218771934509,
		0.10850536823272705,
		0.10776218771934509,
		19.374153137207031,
		0.10850536823272705,
		2.1649050712585449,
		11.256317138671875,
		3.4632534980773926,
		10.499009132385254,
		0.97357559204101562,
		11.689596176147461,
		16.559703826904297
	],
	"end" : 18.4022216796875,
	"labels" : 
	[
		"Prep",
		"Scan",
		"Break",
		"Prep",
		"Break",
		"Scan",
		"Prep",
		"Break",
		"Prep",
		"Scan",
		"Break",
		"Break",
		"Scan",
		"Prep",
		"Scan",
		"Prep",
		"Scan",
		"Dead"
	],
	"start" : 18.145833969116211
}