{
	"data" : 
	[
		0.24416203796863556,
		0.18317393958568573,
		0.91566008329391479,
		0.21366798877716064,
		1.587158203125,
		2.8385672569274902,
		0.21366798877716064,
		0.7630850076675415,
		0.030494058504700661,
		0.030494058504700661,
		4.7920732498168945,
		0.48832407593727112,
		0.54941695928573608,
		7.1728105545043945,
		0.030494058504700661,
		0.030494058504700661,
		0.091586969792842865,
		8.3021383285522461,
		0.030494058504700661,
		0.42733597755432129,
		0.030494058504700661,
		0.061092909425497055,
		6.775968074798584,
		2.5333120822906494,
		3.2659029960632324,
		0.091586969792842865,
		5.7993202209472656,
		0.73248612880706787,
		0.39684191346168518,
		0.24416203796863556,
		0.030494058504700661,
		5.738227367401123,
		0.030494058504700661,
		3.9069070816040039,
		41.327411651611328
	],
	"end" : 9.9899997711181641,
	"labels" : 
	[
		"Prep",
		"Scan",
		"Break",
		"Prep",
		"Scan",
		"Break",
		"Prep",
		"Break",
		"Prep",
		"Break",
		"Scan",
		"Break",
		"Prep",
		"Scan",
		"Break",
		"Prep",
		"Break",
		"Scan",
		"Break",
		"Break",
		"Prep",
		"Break",
		"Scan",
		"Break",
		"Scan",
		"Prep",
		"Scan",
		"Break",
		"Prep",
		"Break",
		"Prep",
		"Scan",
		"Prep",
		"Scan",
		"Dead"
	],
	"start" : 9.0808334350585938
}