{
	"data" : 
	[
		0.33254158496856689,
		0.68881285190582275,
		0.64127194881439209,
		0.30877113342285156,
		0.21377091109752655,
		3.3014822006225586,
		2.4227099418640137,
		0.095000237226486206,
		0.21373012661933899,
		3.2777934074401855,
		1.6150856018066406,
		0.26127102971076965,
		0.19000047445297241,
		4.2040657997131348,
		0.19008199870586395,
		1.7576266527175903,
		4.2277956008911133,
		0.21373012661933899,
		3.2065227031707764,
		72.537933349609375
	],
	"end" : 9.0808334350585938,
	"labels" : 
	[
		"Prep",
		"Scan",
		"Break",
		"Prep",
		"Break",
		"Scan",
		"Break",
		"Prep",
		"Break",
		"Scan",
		"Break",
		"Prep",
		"Break",
		"Scan",
		"Break",
		"Prep",
		"Scan",
		"Prep",
		"Scan",
		"Dead"
	],
	"start" : 7.9124999046325684
}