{
	"data" : 
	[
		0.74552589654922485,
		1.2199726104736328,
		5.1507368087768555,
		1.9654984474182129,
		0.47444671392440796,
		2.8466801643371582,
		3.1852383613586426,
		1.9654984474182129,
		0.067944303154945374,
		0.13542324304580688,
		0.067711621522903442,
		0.47444671392440796,
		1.0845494270324707,
		2.5076568126678467,
		1.2197399139404297,
		0.47444671392440796,
		3.8632853031158447,
		2.3042893409729004,
		10.16628360748291,
		1.2199726104736328,
		0.47421401739120483,
		7.9974169731140137,
		0.13565592467784882,
		1.1522608995437622,
		1.2199726104736328,
		6.0319185256958008,
		0.47444671392440796,
		0.20313486456871033,
		1.694419264793396,
		0.47444671392440796,
		1.2199726104736328,
		0.067711621522903442,
		1.1522608995437622,
		1.1520282030105591,
		0.067944303154945374,
		1.1520282030105591,
		1.2199726104736328,
		0.067711621522903442,
		1.1522608995437622,
		1.1522608995437622,
		0.067711621522903442,
		0.60986995697021484,
		1.1522608995437622,
		1.2199726104736328,
		27.448802947998047
	],
	"end" : 13.218889236450195,
	"labels" : 
	[
		"Prep",
		"Scan",
		"Break",
		"Prep",
		"Break",
		"Scan",
		"Break",
		"Prep",
		"Break",
		"Break",
		"Prep",
		"Break",
		"Scan",
		"Break",
		"Prep",
		"Break",
		"Scan",
		"Prep",
		"Scan",
		"Prep",
		"Break",
		"Scan",
		"Prep",
		"Break",
		"Scan",
		"Break",
		"Prep",
		"Break",
		"Scan",
		"Break",
		"Scan",
		"Prep",
		"Break",
		"Scan",
		"Break",
		"Break",
		"Scan",
		"Prep",
		"Break",
		"Scan",
		"Break",
		"Prep",
		"Break",
		"Scan",
		"Dead"
	],
	"start" : 12.809444427490234
}