{
	"data" : 
	[
		0.47029834985733032,
		0.94059669971466064,
		1.0077164173126221,
		0.2687089741230011,
		6.7855362892150879,
		0.033444467931985855,
		0.57109308242797852,
		2.5528504848480225,
		0.26893961429595947,
		0.5374179482460022,
		10.446666717529297,
		0.033675115555524826,
		0.067119583487510681,
		8.5322599411010742,
		0.83980202674865723,
		0.067119583487510681,
		0.067119583487510681,
		0.3695036768913269,
		8.3306703567504883,
		0.033444467931985855,
		3.2584137916564941,
		0.033675115555524826,
		0.033444467931985855,
		3.2247383594512939,
		51.125747680664062
	],
	"end" : 18.637500762939453,
	"labels" : 
	[
		"Prep",
		"Scan",
		"Break",
		"Prep",
		"Scan",
		"Break",
		"Prep",
		"Scan",
		"Break",
		"Prep",
		"Scan",
		"Break",
		"Prep",
		"Scan",
		"Break",
		"Prep",
		"Scan",
		"Break",
		"Scan",
		"Prep",
		"Scan",
		"Break",
		"Break",
		"Scan",
		"Dead"
	],
	"start" : 17.81138801574707
}