{
	"data" : 
	[
		0.27790746092796326,
		0.11118841916322708,
		0.55581492185592651,
		0.62991929054260254,
		0.37058568000793457,
		0.11112481355667114,
		0.7411077618598938,
		0.22237683832645416,
		0.3149278461933136,
		0.14820882678031921,
		0.018573811277747154,
		0.57432514429092407,
		0.5187944769859314,
		2.0935609340667725,
		0.87080639600753784,
		0.29641765356063843,
		2.1492187976837158,
		0.018510201945900917,
		0.29641765356063843,
		2.1862392425537109,
		0.018573811277747154,
		3.1866805553436279,
		0.29648128151893616,
		0.037020403891801834,
		4.0389771461486816,
		0.44469007849693298,
		0.14820882678031921,
		0.29641765356063843,
		0.14820882678031921,
		0.018573811277747154,
		6.0399231910705566,
		0.018510201945900917,
		0.018573811277747154,
		0.018510201945900917,
		3.4646515846252441,
		0.3149278461933136,
		3.0385353565216064,
		0.4076060950756073,
		0.037020403891801834,
		4.2613534927368164,
		0.3149278461933136,
		2.4085524082183838,
		0.31499147415161133,
		3.0940661430358887,
		0.29648128151893616,
		0.037020403891801834,
		2.9644310474395752,
		0.25933364033699036,
		0.018573811277747154,
		0.18522924184799194,
		0.018573811277747154,
		0.12963502109050751,
		5.1321597099304199,
		0.018510201945900917,
		0.12969861924648285,
		0.018510201945900917,
		3.0570454597473145,
		0.018510201945900917,
		0.20380304753780365,
		4.5391974449157715,
		37.981277465820312
	],
	"end" : 15.640555381774902,
	"labels" : 
	[
		"Prep",
		"Break",
		"Scan",
		"Break",
		"Prep",
		"Break",
		"Scan",
		"Break",
		"Prep",
		"Break",
		"Prep",
		"Scan",
		"Break",
		"Scan",
		"Break",
		"Prep",
		"Scan",
		"Break",
		"Prep",
		"Scan",
		"Prep",
		"Scan",
		"Prep",
		"Break",
		"Scan",
		"Break",
		"Prep",
		"Break",
		"Break",
		"Prep",
		"Scan",
		"Break",
		"Break",
		"Prep",
		"Scan",
		"Prep",
		"Scan",
		"Break",
		"Break",
		"Scan",
		"Prep",
		"Scan",
		"Prep",
		"Scan",
		"Prep",
		"Break",
		"Scan",
		"Break",
		"Prep",
		"Break",
		"Prep",
		"Break",
		"Scan",
		"Break",
		"Break",
		"Prep",
		"Scan",
		"Break",
		"Break",
		"Scan",
		"Dead"
	],
	"start" : 14.142777442932129
}