{
	"data" : 
	[
		1.0339728593826294,
		0.60369336605072021,
		1.0339728593826294,
		0.94815367460250854,
		3.1031022071838379,
		2.6722307205200195,
		13.791434288024902,
		0.17223015427589417,
		10.688331604003906,
		0.085819147527217865,
		0.0864110067486763,
		9.5673551559448242,
		0.0864110067486763,
		0.17223015427589417,
		11.981536865234375,
		0.17223015427589417,
		13.446380615234375,
		0.0864110067486763,
		0.17223015427589417,
		20.342098236083984,
		0.17223015427589417,
		9.4815359115600586
	],
	"end" : 18.959444046020508,
	"labels" : 
	[
		"Prep",
		"Scan",
		"Break",
		"Scan",
		"Break",
		"Prep",
		"Scan",
		"Prep",
		"Scan",
		"Break",
		"Prep",
		"Scan",
		"Break",
		"Prep",
		"Scan",
		"Prep",
		"Scan",
		"Break",
		"Prep",
		"Scan",
		"Prep",
		"Scan"
	],
	"start" : 18.637500762939453
}