{
	"data" : 
	[
		0.15044410526752472,
		0.10530570894479752,
		0.27072709798812866,
		1.6095917224884033,
		0.10530570894479752,
		0.49641910195350647,
		0.34597498178482056,
		0.015080561861395836,
		0.090225145220756531,
		0.45133233070373535,
		0.030057834461331367,
		0.24066926538944244,
		0.13541519641876221,
		0.85742300748825073,
		0.24072089791297913,
		0.57161533832550049,
		0.030057834461331367,
		0.015080561861395836,
		3.2492415904998779,
		2.3617608547210693,
		0.7070305347442627,
		0.5114479660987854,
		0.15044410526752472,
		3.2943799495697021,
		0.030057834461331367,
		0.030109480023384094,
		4.6031355857849121,
		0.015028917230665684,
		0.27077874541282654,
		3.2041547298431396,
		0.015028917230665684,
		0.58669590950012207,
		0.60172480344772339,
		0.40614229440689087,
		1.2936747074127197,
		0.39111337065696716,
		0.12033463269472122,
		0.10530570894479752,
		0.25574982166290283,
		0.12033463269472122,
		0.16547302901744843,
		0.090276792645454407,
		0.22564035654067993,
		7.2657327651977539,
		0.12033463269472122,
		0.25569817423820496,
		0.015080561861395836,
		0.12033463269472122,
		0.22564035654067993,
		0.015028917230665684,
		0.19558250904083252,
		0.22564035654067993,
		0.015028917230665684,
		0.19558250904083252,
		0.22564035654067993,
		0.015028917230665684,
		0.27077874541282654,
		0.090225145220756531,
		0.22569198906421661,
		0.36100387573242188,
		0.015028917230665684,
		0.13541519641876221,
		0.25569817423820496,
		1.0229476690292358,
		0.37608444690704346,
		2.121039867401123,
		0.060167316347360611,
		0.37608444690704346,
		7.1303176879882812,
		50.002655029296875
	],
	"end" : 14.142777442932129,
	"labels" : 
	[
		"Prep",
		"Break",
		"Scan",
		"Break",
		"Break",
		"Scan",
		"Break",
		"Prep",
		"Break",
		"Scan",
		"Break",
		"Prep",
		"Break",
		"Scan",
		"Break",
		"Prep",
		"Break",
		"Prep",
		"Break",
		"Scan",
		"Break",
		"Prep",
		"Break",
		"Scan",
		"Break",
		"Prep",
		"Scan",
		"Break",
		"Prep",
		"Scan",
		"Prep",
		"Break",
		"Scan",
		"Prep",
		"Scan",
		"Break",
		"Prep",
		"Break",
		"Scan",
		"Break",
		"Prep",
		"Break",
		"Scan",
		"Break",
		"Prep",
		"Scan",
		"Break",
		"Break",
		"Scan",
		"Prep",
		"Break",
		"Scan",
		"Break",
		"Break",
		"Scan",
		"Break",
		"Prep",
		"Break",
		"Scan",
		"Break",
		"Prep",
		"Break",
		"Scan",
		"Break",
		"Prep",
		"Scan",
		"Break",
		"Prep",
		"Scan",
		"Dead"
	],
	"start" : 12.298055648803711
}