{
	"data" : 
	[
		0.36057513952255249,
		0.69533175230026245,
		1.44230055809021,
		0.36057513952255249,
		0.23165935277938843,
		0.18037599325180054,
		0.41203534603118896,
		3.8630523681640625,
		0.25765472650527954,
		7.983759880065918,
		4.3265480995178223,
		0.025818523019552231,
		0.10309725254774094,
		0.33475661277770996,
		0.72115027904510498,
		0.18019914627075195,
		1.1331856250762939,
		0.20601767301559448,
		0.23183619976043701,
		1.3133847713470459,
		0.33475661277770996,
		7.9581179618835449,
		0.025818523019552231,
		0.7982521653175354,
		1.8543359041213989,
		3.3995566368103027,
		0.025641685351729393,
		0.30911490321159363,
		0.025818523019552231,
		0.36057513952255249,
		0.025641685351729393,
		5.3568129539489746,
		0.92716795206069946,
		0.025818523019552231,
		0.077278725802898407,
		2.8329639434814453,
		0.077278725802898407,
		0.051460210233926773,
		3.6313929557800293,
		0.20601767301559448,
		1.8285173177719116,
		0.025641685351729393,
		0.051637046039104462,
		1.5708625316619873,
		0.10309725254774094,
		0.025818523019552231,
		2.4465701580047607,
		41.180721282958984
	],
	"end" : 17.488332748413086,
	"labels" : 
	[
		"Prep",
		"Scan",
		"Break",
		"Prep",
		"Scan",
		"Break",
		"Prep",
		"Scan",
		"Prep",
		"Scan",
		"Break",
		"Prep",
		"Break",
		"Prep",
		"Scan",
		"Prep",
		"Break",
		"Prep",
		"Scan",
		"Break",
		"Prep",
		"Scan",
		"Break",
		"Prep",
		"Scan",
		"Break",
		"Prep",
		"Break",
		"Prep",
		"Break",
		"Prep",
		"Scan",
		"Scan",
		"Break",
		"Prep",
		"Scan",
		"Break",
		"Prep",
		"Scan",
		"Prep",
		"Scan",
		"Break",
		"Prep",
		"Scan",
		"Break",
		"Prep",
		"Scan",
		"Dead"
	],
	"start" : 16.410833358764648
}