{
	"data" : 
	[
		0.94489002227783203,
		1.6320290565490723,
		4.5528125762939453,
		0.77325266599655151,
		9.1911497116088867,
		0.085523754358291626,
		9.1056251525878906,
		9.1911497116088867,
		9.1911497116088867,
		9.1911497116088867,
		1.6320290565490723,
		0.086113572120666504,
		1.5459156036376953,
		1.7181427478790283,
		1.2881646156311035,
		39.770904541015625
	],
	"end" : 17.81138801574707,
	"labels" : 
	[
		"Prep",
		"Scan",
		"Break",
		"Prep",
		"Scan",
		"Prep",
		"Scan",
		"Scan",
		"Scan",
		"Scan",
		"Prep",
		"Break",
		"Scan",
		"Prep",
		"Scan",
		"Dead"
	],
	"start" : 17.488332748413086
}