{
	"data" : 
	[
		0.50438868999481201,
		1.008777379989624,
		1.4049413204193115,
		0.035992424935102463,
		0.97278493642807007,
		1.7652367353439331,
		0.50438868999481201,
		5.9443154335021973,
		0.64835834503173828,
		2.8101301193237305,
		0.6123659610748291,
		0.10810095071792603,
		10.195379257202148,
		0.035992424935102463,
		0.10810095071792603,
		8.3940267562866211,
		0.072108529508113861,
		0.10797727108001709,
		8.1419563293457031,
		0.50426501035690308,
		0.036116108298301697,
		5.6921215057373047,
		0.03586873784661293,
		0.57662087678909302,
		0.3601716160774231,
		9.9071922302246094,
		0.03586873784661293,
		10.915970802307129,
		28.460483551025391
	],
	"end" : 16.410833358764648,
	"labels" : 
	[
		"Prep",
		"Scan",
		"Break",
		"Prep",
		"Scan",
		"Break",
		"Prep",
		"Scan",
		"Prep",
		"Scan",
		"Break",
		"Prep",
		"Scan",
		"Break",
		"Prep",
		"Scan",
		"Break",
		"Prep",
		"Scan",
		"Break",
		"Prep",
		"Scan",
		"Prep",
		"Break",
		"Break",
		"Scan",
		"Break",
		"Scan",
		"Dead"
	],
	"start" : 15.640555381774902
}