{
	"data" : 
	[
		0.92138916254043579,
		1.4478327035903931,
		1.1188619136810303,
		1.3820836544036865,
		1.1843849420547485,
		0.19747279584407806,
		0.65816736221313477,
		0.85541421175003052,
		1.1846109628677368,
		0.65816736221313477,
		5.65960693359375,
		0.065974891185760498,
		10.595296859741211,
		0.065974891185760498,
		7.2389373779296875,
		0.065974891185760498,
		0.59219247102737427,
		8.0945777893066406,
		0.065974891185760498,
		7.6338825225830078,
		0.59241843223571777,
		8.4895229339599609,
		0.065748952329158783,
		0.92138916254043579,
		7.1074395179748535,
		0.065748952329158783,
		8.0948038101196289,
		0.26322177052497864,
		0.065748952329158783,
		8.6210212707519531,
		0.065974891185760498,
		7.3049120903015137,
		0.72391635179519653,
		7.8313555717468262
	],
	"end" : 12.38527774810791,
	"labels" : 
	[
		"Prep",
		"Scan",
		"Break",
		"Prep",
		"Scan",
		"Prep",
		"Break",
		"Prep",
		"Scan",
		"Break",
		"Scan",
		"Prep",
		"Scan",
		"Break",
		"Scan",
		"Break",
		"Prep",
		"Scan",
		"Break",
		"Scan",
		"Break",
		"Scan",
		"Break",
		"Prep",
		"Scan",
		"Break",
		"Scan",
		"Break",
		"Prep",
		"Scan",
		"Prep",
		"Scan",
		"Prep",
		"Scan"
	],
	"start" : 11.963610649108887
}