{
	"data" : 
	[
		0.15861810743808746,
		0.41817951202392578,
		0.72095990180969238,
		0.12980546057224274,
		0.43258583545684814,
		0.17302443087100983,
		0.12975594401359558,
		0.43263533711433411,
		0.28837406635284424,
		0.12975594401359558,
		2.3215968608856201,
		0.1442117840051651,
		0.12975594401359558,
		2.1485724449157715,
		0.014406326226890087,
		0.20188659429550171,
		2.0475795269012451,
		0.20188659429550171,
		2.0476291179656982,
		0.014406326226890087,
		0.49026066064834595,
		0.014406326226890087,
		0.11534962058067322,
		0.014455832540988922,
		4.6431441307067871,
		0.1442117840051651,
		0.12975594401359558,
		4.3115015029907227,
		2.2783284187316895,
		0.49026066064834595,
		0.23074875771999359,
		0.20183707773685455,
		0.41817951202392578,
		0.17307394742965698,
		0.12975594401359558,
		0.27396774291992188,
		0.17302443087100983,
		0.1442117840051651,
		0.49026066064834595,
		0.20188659429550171,
		2.0043604373931885,
		0.086487464606761932,
		0.014455832540988922,
		2.3504095077514648,
		0.70655357837677002,
		1.7736117839813232,
		0.014455832540988922,
		2.1052544116973877,
		0.014455832540988922,
		2.5955150127410889,
		0.56239128112792969,
		4.801762580871582,
		5.7823328971862793,
		0.014406326226890087,
		0.014455832540988922,
		0.043218981474637985,
		0.014455832540988922,
		0.072081141173839569,
		2.1629786491394043,
		0.89398431777954102,
		0.014455832540988922,
		0.014406326226890087,
		0.057674810290336609,
		1.4131566286087036,
		0.23069924116134644,
		1.0959204435348511,
		3.8500535488128662,
		1.0237897634506226,
		0.028862159699201584,
		3.8500535488128662,
		10.699444770812988,
		0.49031016230583191,
		2.6099708080291748,
		21.139328002929688
	],
	"end" : 12.711111068725586,
	"labels" : 
	[
		"Prep",
		"Scan",
		"Break",
		"Prep",
		"Scan",
		"Break",
		"Prep",
		"Scan",
		"Break",
		"Prep",
		"Scan",
		"Break",
		"Prep",
		"Scan",
		"Break",
		"Prep",
		"Scan",
		"Prep",
		"Scan",
		"Prep",
		"Break",
		"Prep",
		"Break",
		"Prep",
		"Scan",
		"Break",
		"Prep",
		"Scan",
		"Break",
		"Prep",
		"Break",
		"Prep",
		"Break",
		"Prep",
		"Scan",
		"Break",
		"Prep",
		"Scan",
		"Break",
		"Prep",
		"Scan",
		"Break",
		"Prep",
		"Scan",
		"Prep",
		"Scan",
		"Break",
		"Scan",
		"Prep",
		"Scan",
		"Prep",
		"Scan",
		"Break",
		"Prep",
		"Prep",
		"Break",
		"Prep",
		"Break",
		"Scan",
		"Break",
		"Prep",
		"Break",
		"Break",
		"Scan",
		"Break",
		"Break",
		"Scan",
		"Break",
		"Break",
		"Scan",
		"Break",
		"Prep",
		"Scan",
		"Dead"
	],
	"start" : 10.786666870117188
}