{
	"data" : 
	[
		0.99875760078430176,
		1.864896297454834,
		2.5975015163421631,
		0.99875760078430176,
		10.989078521728516,
		0.33291921019554138,
		1.9979726076126099,
		16.783609390258789,
		0.5990716814994812,
		13.186893463134766,
		0.06676676869392395,
		0.066309459507465363,
		14.053031921386719,
		0.066309459507465363,
		14.785179138183594,
		0.06676676869392395,
		1.1986006498336792,
		4.2625546455383301,
		0.13307622075080872,
		14.851947784423828
	],
	"end" : 16.836111068725586,
	"labels" : 
	[
		"Prep",
		"Scan",
		"Break",
		"Prep",
		"Scan",
		"Break",
		"Prep",
		"Scan",
		"Prep",
		"Scan",
		"Break",
		"Prep",
		"Scan",
		"Break",
		"Scan",
		"Break",
		"Prep",
		"Scan",
		"Prep",
		"Scan"
	],
	"start" : 16.419445037841797
}