{
	"data" : 
	[
		0.45074781775474548,
		0.90149563550949097,
		1.2233636379241943,
		0.45074781775474548,
		5.1511039733886719,
		0.57951712608337402,
		2.2214639186859131,
		0.22537390887737274,
		0.61168181896209717,
		9.0466794967651367,
		0.032164692878723145,
		0.064439915120601654,
		7.4691720008850098,
		0.096604615449905396,
		7.5013370513916016,
		0.032164692878723145,
		0.25753861665725708,
		2.6722116470336914,
		0.28970330953598022,
		8.43499755859375,
		1.9960900545120239,
		0.032164692878723145,
		10.23787784576416,
		0.32197853922843933,
		0.096604615449905396,
		0.22537390887737274,
		0.93366038799285889,
		0.32186800241470337,
		0.19320923089981079,
		0.032164692878723145,
		1.7707161903381348,
		1.3199683427810669,
		0.32197853922843933,
		0.032164692878723145,
		0.12876930832862854,
		0.19320923089981079,
		4.3140482902526855,
		0.80489104986190796,
		1.2233636379241943,
		0.8370557427406311,
		0.032275225967168808,
		0.7404511570930481,
		0.77261584997177124,
		0.032275225967168808,
		1.7384408712387085,
		0.96582502126693726,
		0.032275225967168808,
		0.12876930832862854,
		2.3179581165313721,
		0.032164692878723145,
		0.12876930832862854,
		0.064439915120601654,
		0.45074781775474548,
		2.3179581165313721,
		0.32197853922843933,
		0.80489104986190796,
		0.99798977375030518,
		0.41858312487602234,
		1.9638148546218872,
		0.12876930832862854,
		0.70828646421432495,
		0.8370557427406311,
		0.064439915120601654,
		0.032164692878723145,
		0.7404511570930481,
		10.076944351196289
	],
	"end" : 9.45111083984375,
	"labels" : 
	[
		"Prep",
		"Scan",
		"Break",
		"Prep",
		"Scan",
		"Prep",
		"Scan",
		"Break",
		"Prep",
		"Scan",
		"Break",
		"Prep",
		"Scan",
		"Prep",
		"Scan",
		"Break",
		"Prep",
		"Scan",
		"Prep",
		"Scan",
		"Break",
		"Prep",
		"Break",
		"Prep",
		"Break",
		"Scan",
		"Break",
		"Prep",
		"Break",
		"Prep",
		"Scan",
		"Break",
		"Prep",
		"Break",
		"Break",
		"Scan",
		"Break",
		"Prep",
		"Break",
		"Prep",
		"Break",
		"Break",
		"Scan",
		"Break",
		"Prep",
		"Prep",
		"Break",
		"Break",
		"Scan",
		"Break",
		"Prep",
		"Break",
		"Break",
		"Scan",
		"Break",
		"Prep",
		"Break",
		"Break",
		"Break",
		"Prep",
		"Break",
		"Prep",
		"Break",
		"Prep",
		"Scan",
		"Dead"
	],
	"start" : 8.5863885879516602
}