{
	"data" : 
	[
		0.25963780283927917,
		0.51927560567855835,
		0.037054732441902161,
		0.33381092548370361,
		1.1126606464385986,
		1.1126606464385986,
		0.31528353691101074,
		0.51927560567855835,
		0.44503879547119141,
		0.27816516160964966,
		3.5049192905426025,
		0.2411104291677475,
		0.31528353691101074,
		1.4464715719223022,
		0.074173130095005035,
		0.3523382842540741,
		5.7673587799072266,
		0.51927560567855835,
		0.055645763874053955,
		0.1112278550863266,
		0.85308653116226196,
		0.037054732441902161,
		4.6918163299560547,
		0.01852736622095108,
		0.037118397653102875,
		4.5990524291992188,
		0.01852736622095108,
		1.7988735437393188,
		0.01852736622095108,
		0.01852736622095108,
		3.5235099792480469,
		0.074173130095005035,
		0.074173130095005035,
		0.01852736622095108,
		6.5647997856140137,
		0.18546466529369354,
		0.2225193977355957,
		1.7988098859786987,
		0.40798404812812805,
		0.46362984180450439,
		0.40798404812812805,
		0.01852736622095108,
		10.199538230895996,
		0.14840993285179138,
		0.18540099263191223,
		0.018591033294796944,
		4.2837686538696289,
		0.01852736622095108,
		0.51927560567855835,
		0.29669252038002014,
		0.018591033294796944,
		0.037054732441902161,
		0.01852736622095108,
		0.98290544748306274,
		0.01852736622095108,
		0.53780293464660645,
		0.092700496315956116,
		0.018591033294796944,
		1.0570148229598999,
		0.01852736622095108,
		0.53780293464660645,
		0.092764168977737427,
		0.94572335481643677,
		0.44510242342948914,
		0.48215717077255249,
		0.037054732441902161,
		0.018591033294796944,
		1.5206446647644043,
		0.61197608709335327,
		0.037054732441902161,
		1.0014327764511108,
		0.5934486985206604,
		0.037054732441902161,
		0.018591033294796944,
		1.55769944190979,
		0.5934486985206604,
		0.037118397653102875,
		1.6504634618759155,
		0.27816516160964966,
		0.72326761484146118,
		0.29669252038002014,
		0.51927560567855835,
		0.59338504076004028,
		0.29681986570358276,
		0.51914823055267334,
		1.0571421384811401,
		0.12975522875785828,
		8.5676651000976562,
		0.018463697284460068,
		0.51927560567855835,
		0.53773927688598633,
		0.018591033294796944,
		6.3237524032592773,
		7.6404056549072266
	],
	"end" : 16.419445037841797,
	"labels" : 
	[
		"Prep",
		"Scan",
		"Break",
		"Prep",
		"Scan",
		"Break",
		"Prep",
		"Scan",
		"Break",
		"Prep",
		"Scan",
		"Break",
		"Prep",
		"Scan",
		"Break",
		"Prep",
		"Scan",
		"Break",
		"Prep",
		"Scan",
		"Break",
		"Prep",
		"Scan",
		"Break",
		"Prep",
		"Scan",
		"Prep",
		"Scan",
		"Break",
		"Prep",
		"Scan",
		"Prep",
		"Break",
		"Scan",
		"Break",
		"Prep",
		"Break",
		"Scan",
		"Break",
		"Prep",
		"Break",
		"Break",
		"Scan",
		"Break",
		"Prep",
		"Break",
		"Scan",
		"Break",
		"Prep",
		"Break",
		"Prep",
		"Break",
		"Prep",
		"Scan",
		"Break",
		"Prep",
		"Break",
		"Prep",
		"Scan",
		"Break",
		"Prep",
		"Break",
		"Scan",
		"Break",
		"Prep",
		"Break",
		"Prep",
		"Break",
		"Scan",
		"Break",
		"Break",
		"Prep",
		"Break",
		"Prep",
		"Break",
		"Prep",
		"Break",
		"Prep",
		"Prep",
		"Scan",
		"Prep",
		"Scan",
		"Break",
		"Prep",
		"Scan",
		"Break",
		"Prep",
		"Scan",
		"Break",
		"Prep",
		"Break",
		"Prep",
		"Scan",
		"Dead"
	],
	"start" : 14.886388778686523
}