{
	"data" : 
	[
		0.18743059039115906,
		0.14575551450252533,
		0.14575551450252533,
		0.45799687504768372,
		0.18743059039115906,
		0.041603583842515945,
		1.0410903692245483,
		0.22903415560722351,
		0.020801791921257973,
		0.79125440120697021,
		0.22903415560722351,
		0.20816090703010559,
		0.020873276516795158,
		0.020801791921257973,
		0.12488224357366562,
		0.14575551450252533,
		0.49974337220191956,
		0.20823238790035248,
		0.12488224357366562,
		0.12495372444391251,
		0.14575551450252533,
		0.79118293523788452,
		0.52054518461227417,
		0.062476862221956253,
		0.020801791921257973,
		0.64542746543884277,
		0.39559146761894226,
		0.35398790240287781,
		5.7674579620361328,
		0.58302205801010132,
		0.062476862221956253,
		0.64542746543884277,
		0.083278656005859375,
		0.062476862221956253,
		0.62462568283081055,
		13.367188453674316,
		0.020801791921257973,
		0.041675068438053131,
		0.020801791921257973,
		0.64549893140792847,
		1.3533318042755127,
		0.5413469672203064,
		0.062476862221956253,
		0.66630071401596069,
		12.326098442077637,
		0.20823238790035248,
		0.020801791921257973,
		0.020801791921257973,
		0.062476862221956253,
		0.14575551450252533,
		0.68710249662399292,
		0.18743059039115906,
		0.12488224357366562,
		0.020801791921257973,
		1.1451709270477295,
		0.49974337220191956,
		0.52054518461227417,
		0.062405377626419067,
		2.3736202716827393,
		0.5413469672203064,
		0.041675068438053131,
		0.020801791921257973,
		2.6443295478820801,
		0.52047371864318848,
		0.041675068438053131,
		2.6859331130981445,
		0.20816090703010559,
		0.18743059039115906,
		0.58295059204101562,
		0.83285808563232422,
		0.60382384061813354,
		0.083278656005859375,
		0.041675068438053131,
		1.0826939344406128,
		4.1434168815612793,
		0.020801791921257973,
		0.12495372444391251,
		0.56214874982833862,
		1.0410903692245483,
		33.043182373046875
	],
	"end" : 10.786666870117188,
	"labels" : 
	[
		"Prep",
		"Break",
		"Scan",
		"Break",
		"Prep",
		"Break",
		"Scan",
		"Break",
		"Prep",
		"Scan",
		"Break",
		"Prep",
		"Break",
		"Prep",
		"Break",
		"Scan",
		"Break",
		"Prep",
		"Break",
		"Break",
		"Scan",
		"Break",
		"Prep",
		"Break",
		"Prep",
		"Scan",
		"Break",
		"Scan",
		"Break",
		"Prep",
		"Break",
		"Scan",
		"Break",
		"Break",
		"Scan",
		"Break",
		"Prep",
		"Break",
		"Prep",
		"Scan",
		"Break",
		"Prep",
		"Break",
		"Scan",
		"Break",
		"Prep",
		"Break",
		"Prep",
		"Break",
		"Scan",
		"Break",
		"Prep",
		"Break",
		"Prep",
		"Scan",
		"Break",
		"Prep",
		"Break",
		"Break",
		"Scan",
		"Break",
		"Prep",
		"Break",
		"Prep",
		"Break",
		"Prep",
		"Prep",
		"Break",
		"Scan",
		"Break",
		"Prep",
		"Break",
		"Break",
		"Scan",
		"Break",
		"Prep",
		"Break",
		"Prep",
		"Scan",
		"Dead"
	],
	"start" : 9.45111083984375
}