{
	"data" : 
	[
		0.14032769203186035,
		0.29340049624443054,
		0.31893453001976013,
		0.14032769203186035,
		0.31893453001976013,
		4.9624495506286621,
		0.12758257985115051,
		0.22963109612464905,
		0.29340049624443054,
		0.11483745276927948,
		0.3444247841835022,
		0.12758257985115051,
		0.12753878533840179,
		2.4621291160583496,
		0.15307280421257019,
		0.14032769203186035,
		0.26791027188301086,
		0.15307280421257019,
		0.14032769203186035,
		2.3217575550079346,
		0.12758257985115051,
		0.11479366570711136,
		2.0028667449951172,
		0.12758257985115051,
		0.11479366570711136,
		1.6329079866409302,
		0.12753878533840179,
		0.11483745276927948,
		1.7221676111221313,
		0.012788916006684303,
		1.1481117010116577,
		0.15307280421257019,
		0.12758257985115051,
		1.6073739528656006,
		0.14032769203186035,
		0.11483745276927948,
		1.8497501611709595,
		0.14032769203186035,
		0.33167964220046997,
		1.0460631847381592,
		0.012745117768645287,
		0.1531166136264801,
		0.08930341899394989,
		0.20409707725048065,
		0.038279153406620026,
		0.20409707725048065,
		0.02553403377532959,
		0.025490235537290573,
		2.60245680809021,
		0.025490235537290573,
		1.0460631847381592,
		0.4592621922492981,
		0.012745117768645287,
		1.5691385269165039,
		1.1098325252532959,
		0.11483745276927948,
		0.012745117768645287,
		0.076558306813240051,
		1.1353665590286255,
		0.19135195016860962,
		0.012745117768645287,
		0.17860683798789978,
		3.9801557064056396,
		0.2168859988451004,
		0.012745117768645287,
		0.02553403377532959,
		0.012745117768645287,
		2.5769226551055908,
		0.012745117768645287,
		1.1226215362548828,
		56.704826354980469
	],
	"end" : 14.886388778686523,
	"labels" : 
	[
		"Prep",
		"Scan",
		"Break",
		"Prep",
		"Scan",
		"Break",
		"Prep",
		"Scan",
		"Break",
		"Prep",
		"Scan",
		"Break",
		"Prep",
		"Scan",
		"Break",
		"Prep",
		"Scan",
		"Prep",
		"Break",
		"Scan",
		"Break",
		"Prep",
		"Scan",
		"Break",
		"Prep",
		"Scan",
		"Break",
		"Prep",
		"Scan",
		"Break",
		"Scan",
		"Break",
		"Prep",
		"Scan",
		"Break",
		"Prep",
		"Scan",
		"Break",
		"Prep",
		"Scan",
		"Break",
		"Prep",
		"Scan",
		"Break",
		"Prep",
		"Scan",
		"Break",
		"Prep",
		"Scan",
		"Prep",
		"Scan",
		"Break",
		"Prep",
		"Scan",
		"Break",
		"Prep",
		"Break",
		"Break",
		"Scan",
		"Break",
		"Prep",
		"Break",
		"Scan",
		"Break",
		"Prep",
		"Break",
		"Prep",
		"Scan",
		"Prep",
		"Scan",
		"Dead"
	],
	"start" : 12.711111068725586
}