{
	"data" : 
	[
		0.084797829389572144,
		0.55176866054534912,
		0.55162298679351807,
		0.46682515740394592,
		1.3156776428222656,
		0.29708379507064819,
		9.8031826019287109,
		1.23073410987854,
		1.4854189157485962,
		0.042398914694786072,
		7.2569165229797363,
		0.042544614523649216,
		0.084797829389572144,
		0.042398914694786072,
		9.0394191741943359,
		0.97604918479919434,
		0.084943532943725586,
		0.042398914694786072,
		0.042398914694786072,
		8.7848796844482422,
		0.042398914694786072,
		1.5702168941497803,
		10.524692535400391,
		5.5169582366943359,
		0.25468489527702332,
		10.439894676208496,
		0.042398914694786072,
		0.042398914694786072,
		9.9730691909790039,
		19.267026901245117
	],
	"end" : 10.378055572509766,
	"labels" : 
	[
		"Prep",
		"Break",
		"Prep",
		"Scan",
		"Break",
		"Prep",
		"Scan",
		"Prep",
		"Break",
		"Prep",
		"Scan",
		"Break",
		"Prep",
		"Break",
		"Scan",
		"Break",
		"Prep",
		"Break",
		"Prep",
		"Scan",
		"Break",
		"Prep",
		"Scan",
		"Break",
		"Prep",
		"Scan",
		"Prep",
		"Break",
		"Scan",
		"Dead"
	],
	"start" : 9.7241668701171875
}