{
	"data" : 
	[
		1.0336685180664062,
		1.2631098031997681,
		0.11432641744613647,
		0.23022976517677307,
		0.11432641744613647,
		0.91855359077453613,
		3.7893295288085938,
		1.3782247304916382,
		2.411104679107666,
		2.2967784404754639,
		0.11511488258838654,
		10.44864559173584,
		0.11511488258838654,
		0.11511488258838654,
		12.515983581542969,
		9.8754367828369141,
		0.91855359077453613,
		11.826870918273926,
		40.419513702392578
	],
	"end" : 17.340000152587891,
	"labels" : 
	[
		"Prep",
		"Break",
		"Prep",
		"Break",
		"Prep",
		"Break",
		"Break",
		"Prep",
		"Scan",
		"Break",
		"Prep",
		"Scan",
		"Break",
		"Break",
		"Scan",
		"Scan",
		"Prep",
		"Scan",
		"Dead"
	],
	"start" : 17.098333358764648
}