{
	"data" : 
	[
		1.9794498682022095,
		0.9139140248298645,
		4.2642345428466797,
		0.15162189304828644,
		1.5235385894775391,
		6.7006416320800781,
		2.5890743732452393,
		7.3092207908630371,
		7.9188451766967773,
		0.15266755223274231,
		8.3758020401000977,
		0.30428943037986755,
		13.248615264892578,
		0.30533510446548462,
		8.0704669952392578,
		36.092281341552734
	],
	"end" : 17.522222518920898,
	"labels" : 
	[
		"Prep",
		"Scan",
		"Break",
		"Prep",
		"Scan",
		"Break",
		"Prep",
		"Scan",
		"Break",
		"Prep",
		"Scan",
		"Prep",
		"Scan",
		"Prep",
		"Scan",
		"Dead"
	],
	"start" : 17.340000152587891
}