{
	"data" : 
	[
		0.31409198045730591,
		0.37660858035087585,
		0.87911254167556763,
		0.87911254167556763,
		4.2069354057312012,
		0.50228846073150635,
		4.4582948684692383,
		0.12546433508396149,
		0.94184476137161255,
		5.0860476493835449,
		0.062732167541980743,
		1.0675246715545654,
		9.6698074340820312,
		0.062732167541980743,
		0.43955627083778381,
		10.29755973815918,
		1.0047925710678101,
		1.5698131322860718,
		18.648698806762695,
		1.2559367418289185,
		0.062732167541980743,
		9.1045713424682617,
		28.88374137878418
	],
	"end" : 11.247777938842773,
	"labels" : 
	[
		"Prep",
		"Break",
		"Prep",
		"Scan",
		"Break",
		"Prep",
		"Scan",
		"Break",
		"Prep",
		"Scan",
		"Break",
		"Prep",
		"Scan",
		"Break",
		"Prep",
		"Scan",
		"Break",
		"Prep",
		"Scan",
		"Break",
		"Prep",
		"Scan",
		"Dead"
	],
	"start" : 10.805832862854004
}