{
	"data" : 
	[
		0.72950655221939087,
		1.2347273826599121,
		0.89791345596313477,
		0.95417755842208862,
		0.056071419268846512,
		0.84184199571609497,
		0.95417755842208862,
		1.5713485479354858,
		0.95417755842208862,
		3.1428894996643066,
		3.7041819095611572,
		2.862339973449707,
		0.84184199571609497,
		5.6684160232543945,
		5.8370156288146973,
		0.056071419268846512,
		6.9031429290771484,
		0.056264102458953857,
		0.89791345596313477,
		4.7705020904541016,
		5.1073160171508789,
		7.4644355773925781,
		0.056071419268846512,
		0.84184199571609497,
		5.219459056854248,
		0.056071419268846512,
		0.84203469753265381,
		7.3520998954772949,
		0.056071419268846512,
		0.84184199571609497,
		5.8370156288146973,
		23.291219711303711
	],
	"end" : 12.764444351196289,
	"labels" : 
	[
		"Prep",
		"Scan",
		"Prep",
		"Scan",
		"Break",
		"Prep",
		"Scan",
		"Break",
		"Prep",
		"Scan",
		"Scan",
		"Scan",
		"Prep",
		"Scan",
		"Scan",
		"Prep",
		"Scan",
		"Break",
		"Prep",
		"Scan",
		"Scan",
		"Scan",
		"Break",
		"Prep",
		"Scan",
		"Break",
		"Prep",
		"Scan",
		"Break",
		"Prep",
		"Scan",
		"Dead"
	],
	"start" : 12.270000457763672
}