{
	"data" : 
	[
		0.82326161861419678,
		2.9624989032745361,
		3.7851953506469727,
		0.08249567449092865,
		1.8103845119476318,
		3.455777645111084,
		0.74076592922210693,
		8.3936519622802734,
		0.081930629909038544,
		0.08249567449092865,
		0.08249567449092865,
		11.931925773620605,
		0.081930629909038544,
		1.2346099615097046,
		0.90519225597381592,
		10.285967826843262,
		1.9753758907318115,
		9.9571151733398438,
		0.24635694921016693,
		11.932490348815918,
		0.081930629909038544,
		0.24692198634147644,
		9.2988443374633789,
		19.420385360717773
	],
	"end" : 17.098333358764648,
	"labels" : 
	[
		"Prep",
		"Scan",
		"Break",
		"Prep",
		"Scan",
		"Break",
		"Prep",
		"Scan",
		"Prep",
		"Break",
		"Prep",
		"Scan",
		"Break",
		"Prep",
		"Break",
		"Scan",
		"Prep",
		"Scan",
		"Prep",
		"Scan",
		"Break",
		"Prep",
		"Scan",
		"Dead"
	],
	"start" : 16.761110305786133
}