{
	"data" : 
	[
		0.58399611711502075,
		0.87613743543624878,
		0.83403474092483521,
		0.70915865898132324,
		0.75068849325180054,
		0.083632603287696838,
		0.041529886424541473,
		0.9594835638999939,
		1.0428297519683838,
		0.66734236478805542,
		0.70915865898132324,
		0.95919722318649292,
		0.6676287055015564,
		3.5870368480682373,
		6.7573423385620117,
		0.041816301643848419,
		4.9220075607299805,
		0.041816301643848419,
		0.6255260705947876,
		0.041816301643848419,
		0.041529886424541473,
		5.9233078956604004,
		0.083346188068389893,
		6.0481839179992676,
		0.041816301643848419,
		1.0428297519683838,
		0.041529886424541473,
		0.041816301643848419,
		5.797858715057373,
		0.041816301643848419,
		0.37520104646682739,
		0.083632603287696838,
		5.8396754264831543,
		1.418030858039856,
		1.0428297519683838,
		0.75097495317459106,
		5.8812050819396973,
		0.041816301643848419,
		0.041816301643848419,
		6.2985086441040039,
		0.041529886424541473,
		4.2964816093444824,
		1.0010133981704712,
		0.6255260705947876,
		5.3393115997314453,
		0.6255260705947876,
		2.836634635925293,
		0.041529886424541473,
		7.1328296661376953,
		12.179713249206543
	],
	"end" : 16.761110305786133,
	"labels" : 
	[
		"Prep",
		"Scan",
		"Break",
		"Prep",
		"Scan",
		"Break",
		"Prep",
		"Scan",
		"Break",
		"Prep",
		"Scan",
		"Break",
		"Prep",
		"Scan",
		"Scan",
		"Break",
		"Scan",
		"Break",
		"Prep",
		"Break",
		"Prep",
		"Scan",
		"Break",
		"Scan",
		"Prep",
		"Break",
		"Prep",
		"Break",
		"Scan",
		"Break",
		"Prep",
		"Break",
		"Scan",
		"Break",
		"Break",
		"Break",
		"Scan",
		"Prep",
		"Break",
		"Scan",
		"Prep",
		"Scan",
		"Break",
		"Prep",
		"Scan",
		"Prep",
		"Scan",
		"Break",
		"Scan",
		"Dead"
	],
	"start" : 16.095832824707031
}