{
	"data" : 
	[
		1.0660586357116699,
		1.0660586357116699,
		2.5885515213012695,
		0.076333776116371155,
		3.5787994861602783,
		1.3703482151031494,
		10.584253311157227,
		0.075810946524143219,
		2.2842621803283691,
		19.035865783691406,
		0.60910171270370483,
		11.573978424072266,
		0.60910171270370483,
		0.22847850620746613,
		9.2891931533813477,
		35.863803863525391
	],
	"end" : 17.886667251586914,
	"labels" : 
	[
		"Prep",
		"Scan",
		"Break",
		"Prep",
		"Scan",
		"Prep",
		"Scan",
		"Break",
		"Prep",
		"Scan",
		"Prep",
		"Scan",
		"Break",
		"Prep",
		"Scan",
		"Dead"
	],
	"start" : 17.522222518920898
}