{
	"data" : 
	[
		1.5349768400192261,
		2.1499514579772949,
		0.10191009193658829,
		2.0473387241363525,
		1.7402026653289795,
		1.7402026653289795,
		0.10191009193658829,
		1.5356795787811279,
		1.7402026653289795,
		5.6289510726928711,
		1.5356795787811279,
		9.4164924621582031,
		0.10261292010545731,
		8.0860385894775391,
		3.2758822441101074,
		13.613080024719238,
		1.9447256326675415,
		1.5356795787811279,
		14.124738693237305,
		27.943746566772461
	],
	"end" : 18.157777786254883,
	"labels" : 
	[
		"Prep",
		"Scan",
		"Prep",
		"Break",
		"Prep",
		"Scan",
		"Break",
		"Prep",
		"Scan",
		"Break",
		"Prep",
		"Scan",
		"Break",
		"Scan",
		"Break",
		"Scan",
		"Break",
		"Prep",
		"Scan",
		"Dead"
	],
	"start" : 17.886667251586914
}