{
	"data" : 
	[
		0.071597740054130554,
		1.1465479135513306,
		0.85991096496582031,
		0.78831326961517334,
		1.9351072311401367,
		0.071597740054130554,
		1.5050287246704102,
		9.9611883163452148,
		2.5799789428710938,
		2.0067048072814941,
		0.071597740054130554,
		0.14344151318073273,
		10.67790412902832,
		3.3682920932769775,
		0.071597740054130554,
		9.1731224060058594,
		0.071597740054130554,
		13.401324272155762,
		0.716469407081604,
		3.4398899078369141,
		0.07184378057718277,
		0.071597740054130554,
		8.8864850997924805,
		0.071597740054130554,
		11.251178741455078,
		17.486085891723633
	],
	"end" : 10.805832862854004,
	"labels" : 
	[
		"Prep",
		"Break",
		"Prep",
		"Scan",
		"Break",
		"Prep",
		"Scan",
		"Break",
		"Prep",
		"Break",
		"Prep",
		"Break",
		"Scan",
		"Break",
		"Prep",
		"Scan",
		"Prep",
		"Scan",
		"Break",
		"Prep",
		"Break",
		"Prep",
		"Scan",
		"Prep",
		"Scan",
		"Dead"
	],
	"start" : 10.418611526489258
}