{
	"data" : 
	[
		0.30559137463569641,
		0.58338004350662231,
		1.1112500429153442,
		0.25003361701965332,
		3.1947841644287109,
		0.027755022048950195,
		0.027802711352705956,
		0.027802711352705956,
		3.5559329986572266,
		0.027802711352705956,
		2.3891255855560303,
		0.027802711352705956,
		0.22223092615604401,
		2.3336153030395508,
		0.2499859482049942,
		0.25003361701965332,
		1.7224328517913818,
		0.25003361701965332,
		0.25003361701965332,
		1.0000869035720825,
		0.41670686006546021,
		0.25003361701965332,
		1.1112500429153442,
		0.63893771171569824,
		0.027802711352705956,
		0.083360441029071808,
		0.027755022048950195,
		4.417149543762207,
		0.027802711352705956,
		0.19447590410709381,
		4.6115775108337402,
		0.22232629358768463,
		0.77780818939208984,
		0.19447590410709381,
		5.5839095115661621,
		0.22232629358768463,
		0.52782225608825684,
		0.19447590410709381,
		4.3060340881347656,
		0.77780818939208984,
		0.083360441029071808,
		5.6117596626281738,
		0.52782225608825684,
		6.2506976127624512,
		0.44446185231208801,
		0.055605422705411911,
		6.472928524017334,
		0.055605422705411911,
		3.9170823097229004,
		0.055510044097900391,
		4.5005102157592773,
		0.083360441029071808,
		4.7504959106445312,
		24.669445037841797
	],
	"end" : 8.7236108779907227,
	"labels" : 
	[
		"Prep",
		"Scan",
		"Break",
		"Prep",
		"Scan",
		"Prep",
		"Break",
		"Prep",
		"Scan",
		"Break",
		"Scan",
		"Break",
		"Prep",
		"Scan",
		"Break",
		"Prep",
		"Scan",
		"Break",
		"Prep",
		"Scan",
		"Break",
		"Prep",
		"Scan",
		"Break",
		"Prep",
		"Break",
		"Prep",
		"Scan",
		"Prep",
		"Break",
		"Scan",
		"Prep",
		"Break",
		"Break",
		"Scan",
		"Break",
		"Prep",
		"Break",
		"Scan",
		"Break",
		"Prep",
		"Scan",
		"Prep",
		"Scan",
		"Break",
		"Prep",
		"Scan",
		"Prep",
		"Scan",
		"Prep",
		"Scan",
		"Prep",
		"Scan",
		"Dead"
	],
	"start" : 7.7247223854064941
}