{
	"data" : 
	[
		3.9235975742340088,
		3.6596300601959229,
		8.8922901153564453,
		3.1388781070709229,
		4.9686932563781738,
		3.6614255905151367,
		21.704587936401367,
		2.3541586399078369,
		47.59674072265625
	],
	"end" : 18.263889312744141,
	"labels" : 
	[
		"Prep",
		"Scan",
		"Break",
		"Scan",
		"Break",
		"Prep",
		"Scan",
		"Prep",
		"Scan"
	],
	"start" : 18.157777786254883
}