{
	"data" : 
	[
		8.896235466003418,
		0.68360298871994019,
		6.8407278060913086,
		35.582592010498047,
		14.367408752441406,
		33.529434204101562
	],
	"end" : 10.418611526489258,
	"labels" : 
	[
		"Prep",
		"Break",
		"Scan",
		"Break",
		"Scan",
		"Dead"
	],
	"start" : 10.378055572509766
}