{
	"data" : 
	[
		0.47224149107933044,
		0.81566303968429565,
		0.042890846729278564,
		0.042890846729278564,
		1.4167244434356689,
		3.2199084758758545,
		1.2448662519454956,
		0.04303823783993721,
		0.042890846729278564,
		0.30053070187568665,
		1.8460750579833984,
		0.98737382888793945,
		0.042890846729278564,
		0.042890846729278564,
		0.085929080843925476,
		0.30053070187568665,
		0.77277219295501709,
		0.1717107743024826,
		0.1717107743024826,
		0.042890846729278564,
		0.72988134622573853,
		5.4092578887939453,
		0.042890846729278564,
		0.042890846729278564,
		0.04303823783993721,
		0.30053070187568665,
		3.3055429458618164,
		0.04303823783993721,
		0.77277219295501709,
		0.30053070187568665,
		2.4469890594482422,
		0.042890846729278564,
		1.4596153497695923,
		6.4396696090698242,
		1.4167244434356689,
		0.42935064435005188,
		0.21460163593292236,
		0.042890846729278564,
		15.970280647277832,
		1.5455443859100342,
		0.30053070187568665,
		2.7905580997467041,
		0.042890846729278564,
		0.98737382888793945,
		0.30053070187568665,
		5.7526793479919434,
		0.04303823783993721,
		0.085781693458557129,
		0.30053070187568665,
		0.81566303968429565,
		4.3361024856567383,
		0.042890846729278564,
		0.085781693458557129,
		0.90159213542938232,
		0.30053070187568665,
		0.81566303968429565,
		0.72988134622573853,
		0.77277219295501709,
		0.042890846729278564,
		0.72973394393920898,
		0.77277219295501709,
		0.04303823783993721,
		0.72973394393920898,
		0.77277219295501709,
		0.042890846729278564,
		0.68699049949645996,
		0.30053070187568665,
		0.68684309720993042,
		22.581661224365234
	],
	"end" : 12.270000457763672,
	"labels" : 
	[
		"Prep",
		"Scan",
		"Prep",
		"Break",
		"Scan",
		"Break",
		"Prep",
		"Break",
		"Prep",
		"Break",
		"Scan",
		"Prep",
		"Break",
		"Prep",
		"Break",
		"Break",
		"Scan",
		"Break",
		"Prep",
		"Break",
		"Break",
		"Scan",
		"Prep",
		"Break",
		"Prep",
		"Break",
		"Scan",
		"Break",
		"Prep",
		"Break",
		"Scan",
		"Break",
		"Prep",
		"Scan",
		"Break",
		"Prep",
		"Break",
		"Prep",
		"Scan",
		"Prep",
		"Break",
		"Scan",
		"Break",
		"Prep",
		"Break",
		"Scan",
		"Break",
		"Prep",
		"Break",
		"Scan",
		"Break",
		"Prep",
		"Break",
		"Scan",
		"Break",
		"Scan",
		"Break",
		"Scan",
		"Break",
		"Break",
		"Scan",
		"Break",
		"Break",
		"Scan",
		"Break",
		"Prep",
		"Break",
		"Scan",
		"Dead"
	],
	"start" : 11.623611450195312
}