{
	"data" : 
	[
		1.0337542295455933,
		1.0335007905960083,
		3.6181397438049316,
		1.0337542295455933,
		4.8729419708251953,
		0.074020653963088989,
		1.6981655359268188,
		0.73843210935592651,
		11.51832389831543,
		0.073767155408859253,
		1.9197205305099487,
		16.096197128295898,
		0.59064429998397827,
		9.5988569259643555,
		0.073767155408859253,
		0.14778780937194824,
		8.0479717254638672,
		37.730255126953125
	],
	"end" : 11.623611450195312,
	"labels" : 
	[
		"Prep",
		"Scan",
		"Break",
		"Prep",
		"Scan",
		"Break",
		"Prep",
		"Break",
		"Scan",
		"Break",
		"Prep",
		"Scan",
		"Prep",
		"Scan",
		"Break",
		"Prep",
		"Scan",
		"Dead"
	],
	"start" : 11.247777938842773
}