{
	"data" : 
	[
		0.3050820529460907,
		0.52694261074066162,
		1.9692267179489136,
		0.72109442949295044,
		6.6840014457702637,
		0.027708765119314194,
		0.22186057269573212,
		0.055512748658657074,
		2.1355745792388916,
		0.22186057269573212,
		0.22186057269573212,
		2.2187960147857666,
		0.027708765119314194,
		0.22186057269573212,
		0.47152507305145264,
		0.47152507305145264,
		2.4960741996765137,
		0.11093028634786606,
		0.44372114539146423,
		0.02780398353934288,
		0.19415178894996643,
		0.44372114539146423,
		0.027708765119314194,
		0.47152507305145264,
		0.44372114539146423,
		0.027708765119314194,
		0.47152507305145264,
		0.44372114539146423,
		0.02780398353934288,
		0.47142991423606873,
		0.44381636381149292,
		0.24956931173801422,
		0.47152507305145264,
		0.44372114539146423,
		75.68768310546875
	],
	"end" : 9.7241668701171875,
	"labels" : 
	[
		"Prep",
		"Scan",
		"Break",
		"Prep",
		"Scan",
		"Break",
		"Prep",
		"Break",
		"Scan",
		"Prep",
		"Break",
		"Scan",
		"Break",
		"Prep",
		"Break",
		"Scan",
		"Break",
		"Prep",
		"Scan",
		"Prep",
		"Break",
		"Scan",
		"Prep",
		"Break",
		"Scan",
		"Prep",
		"Break",
		"Scan",
		"Prep",
		"Break",
		"Scan",
		"Prep",
		"Break",
		"Scan",
		"Dead"
	],
	"start" : 8.7236108779907227
}