{
	"data" : 
	[
		0.29784268140792847,
		0.29784268140792847,
		1.3402190208435059,
		1.5529743432998657,
		0.36167654395103455,
		3.1058754920959473,
		0.68077290058135986,
		5.2970423698425293,
		0.021326646208763123,
		0.17017495632171631,
		3.2335431575775146,
		0.063833862543106079,
		2.9995343685150146,
		1.0423763990402222,
		3.3187038898468018,
		76.116264343261719
	],
	"end" : 15.524167060852051,
	"labels" : 
	[
		"Prep",
		"Scan",
		"Break",
		"Scan",
		"Prep",
		"Scan",
		"Prep",
		"Scan",
		"Break",
		"Prep",
		"Scan",
		"Prep",
		"Scan",
		"Break",
		"Scan",
		"Dead"
	],
	"start" : 14.219721794128418
}