{
	"data" : 
	[
		0.67946034669876099,
		1.0194405317306519,
		1.4077510833740234,
		0.87378233671188354,
		1.6019065380096436,
		2.5241858959197998,
		0.72812414169311523,
		5.5338435173034668,
		0.048497166484594345,
		0.048497166484594345,
		0.048663824796676636,
		6.2133040428161621,
		0.048663824796676636,
		4.1260924339294434,
		0.048497166484594345,
		0.77662134170532227,
		0.67962700128555298,
		0.53396880626678467,
		4.9027137756347656,
		0.33981350064277649,
		0.53396880626678467,
		2.8155021667480469,
		0.048497166484594345,
		0.82528513669967651,
		6.116309642791748,
		1.2620929479598999,
		10.193904876708984,
		0.43697449564933777,
		6.3104653358459473,
		0.048497166484594345,
		4.3202476501464844,
		5.7764959335327148,
		4.4659061431884766,
		0.097160995006561279,
		0.43680781126022339,
		8.3006820678710938,
		15.727747917175293
	],
	"end" : 16.095832824707031,
	"labels" : 
	[
		"Prep",
		"Scan",
		"Break",
		"Prep",
		"Scan",
		"Break",
		"Prep",
		"Scan",
		"Prep",
		"Break",
		"Break",
		"Scan",
		"Break",
		"Scan",
		"Break",
		"Prep",
		"Scan",
		"Prep",
		"Scan",
		"Break",
		"Prep",
		"Scan",
		"Break",
		"Prep",
		"Scan",
		"Prep",
		"Scan",
		"Prep",
		"Scan",
		"Prep",
		"Scan",
		"Break",
		"Scan",
		"Break",
		"Prep",
		"Scan",
		"Dead"
	],
	"start" : 15.524167060852051
}