{
	"data" : 
	[
		0.62524318695068359,
		0.53585702180862427,
		2.9920599460601807,
		0.22338876128196716,
		0.26785185933113098,
		0.26800519227981567,
		7.3238391876220703,
		0.75924581289291382,
		2.3668167591094971,
		2.0097322463989258,
		1.6523408889770508,
		12.906105041503906,
		0.71447598934173584,
		7.2792229652404785,
		8.9763336181640625,
		0.13400259613990784,
		0.75909245014190674,
		4.9124059677124023,
		4.4657816886901855,
		0.22338876128196716,
		10.003277778625488,
		0.84863191843032837,
		11.16437816619873,
		18.488523483276367
	],
	"end" : 13.385833740234375,
	"labels" : 
	[
		"Prep",
		"Scan",
		"Break",
		"Prep",
		"Break",
		"Prep",
		"Scan",
		"Prep",
		"Scan",
		"Break",
		"Prep",
		"Scan",
		"Prep",
		"Scan",
		"Scan",
		"Break",
		"Prep",
		"Scan",
		"Break",
		"Prep",
		"Scan",
		"Prep",
		"Scan",
		"Dead"
	],
	"start" : 12.764444351196289
}