{
	"data" : 
	[
		0.4657990038394928,
		0.39941948652267456,
		2.8618590831756592,
		0.46591323614120483,
		0.89846533536911011,
		1.9966404438018799,
		0.033361125737428665,
		5.9566745758056641,
		0.033246874809265137,
		1.2312768697738647,
		8.9185018539428711,
		0.49916011095046997,
		5.0915703773498535,
		5.1580638885498047,
		1.1646687984466553,
		3.8602933883666992,
		5.2578048706054688,
		0.6656230092048645,
		7.2878060340881348,
		0.63226187229156494,
		9.6838655471801758,
		37.337722778320312
	],
	"end" : 14.219721794128418,
	"labels" : 
	[
		"Prep",
		"Scan",
		"Break",
		"Prep",
		"Scan",
		"Break",
		"Prep",
		"Scan",
		"Break",
		"Prep",
		"Scan",
		"Prep",
		"Scan",
		"Scan",
		"Prep",
		"Scan",
		"Break",
		"Prep",
		"Scan",
		"Prep",
		"Scan",
		"Dead"
	],
	"start" : 13.385833740234375
}