{
	"data" : 
	[
		0.37658765912055969,
		0.70284873247146606,
		0.65252214670181274,
		0.35142436623573303,
		4.7691335678100586,
		0.42674189805984497,
		1.8072761297225952,
		0.10030847042798996,
		0.075317531824111938,
		7.1034598350524902,
		0.02499094232916832,
		0.075317531824111938,
		5.8234066963195801,
		0.075317531824111938,
		5.2961840629577637,
		0.02499094232916832,
		0.2009616494178772,
		2.4346349239349365,
		69.578575134277344
	],
	"end" : 20.663888931274414,
	"labels" : 
	[
		"Prep",
		"Scan",
		"Break",
		"Prep",
		"Scan",
		"Prep",
		"Scan",
		"Break",
		"Prep",
		"Scan",
		"Break",
		"Prep",
		"Scan",
		"Prep",
		"Scan",
		"Break",
		"Prep",
		"Scan",
		"Dead"
	],
	"start" : 19.558332443237305
}