{
	"data" : 
	[
		2.4198546409606934,
		3.4571046829223633,
		3.1105635166168213,
		2.4198546409606934,
		10.888751983642578,
		2.0745000839233398,
		21.258878707885742,
		0.17208382487297058,
		27.481195449829102,
		1.3837913274765015,
		25.233423233032227
	],
	"end" : 20.824443817138672,
	"labels" : 
	[
		"Prep",
		"Scan",
		"Break",
		"Prep",
		"Scan",
		"Break",
		"Scan",
		"Prep",
		"Scan",
		"Prep",
		"Scan"
	],
	"start" : 20.663888931274414
}