{
	"data" : 
	[
		0.69331568479537964,
		1.1975060701370239,
		3.1515140533447266,
		1.827635645866394,
		0.063186071813106537,
		0.44122058153152466,
		1.3234454393386841,
		2.1431331634521484,
		1.4496011734008789,
		0.062969692051410675,
		0.062969692051410675,
		0.063186071813106537,
		0.062969692051410675,
		0.44122058153152466,
		1.2604756355285645,
		2.2690725326538086,
		1.0715665817260742,
		0.44100421667098999,
		9.2022294998168945,
		0.062969692051410675,
		2.1429169178009033,
		0.56737637519836426,
		0.062969692051410675,
		9.6434507369995117,
		1.1975060701370239,
		0.062969692051410675,
		0.062969692051410675,
		0.44122058153152466,
		7.878568172454834,
		0.18912544846534729,
		0.44122058153152466,
		1.0713502168655396,
		3.6557042598724365,
		0.44122058153152466,
		0.12615576386451721,
		1.4496011734008789,
		0.062969692051410675,
		0.44122058153152466,
		1.1345362663269043,
		1.0715665817260742,
		1.1343199014663696,
		0.063186071813106537,
		1.0713502168655396,
		1.1345362663269043,
		1.0715665817260742,
		1.1345362663269043,
		0.062969692051410675,
		0.63034605979919434,
		0.44122058153152466,
		1.1343199014663696,
		32.585838317871094
	],
	"end" : 9.9780559539794922,
	"labels" : 
	[
		"Prep",
		"Scan",
		"Break",
		"Prep",
		"Break",
		"Break",
		"Scan",
		"Break",
		"Prep",
		"Break",
		"Prep",
		"Break",
		"Prep",
		"Break",
		"Scan",
		"Break",
		"Prep",
		"Break",
		"Scan",
		"Break",
		"Prep",
		"Break",
		"Prep",
		"Scan",
		"Prep",
		"Break",
		"Prep",
		"Break",
		"Scan",
		"Prep",
		"Break",
		"Scan",
		"Break",
		"Prep",
		"Break",
		"Scan",
		"Prep",
		"Break",
		"Scan",
		"Break",
		"Scan",
		"Prep",
		"Break",
		"Scan",
		"Break",
		"Scan",
		"Break",
		"Prep",
		"Break",
		"Scan",
		"Dead"
	],
	"start" : 9.5377779006958008
}