{
	"data" : 
	[
		0.55160856246948242,
		0.43349370360374451,
		2.798090934753418,
		0.55174386501312256,
		8.196873664855957,
		0.039371617138385773,
		1.1428593397140503,
		0.43349370360374451,
		11.704329490661621,
		0.078743234276771545,
		11.783072471618652,
		0.31524354219436646,
		8.5909957885742188,
		0.90649425983428955,
		10.916085243225098,
		6.4235267639160156,
		0.039371617138385773,
		0.27587193250656128,
		0.078878536820411682,
		12.137687683105469,
		0.039371617138385773,
		11.783072471618652,
		10.679719924926758
	],
	"end" : 15.759166717529297,
	"labels" : 
	[
		"Prep",
		"Scan",
		"Break",
		"Prep",
		"Scan",
		"Break",
		"Prep",
		"Break",
		"Scan",
		"Prep",
		"Scan",
		"Prep",
		"Scan",
		"Prep",
		"Scan",
		"Break",
		"Prep",
		"Break",
		"Prep",
		"Scan",
		"Prep",
		"Scan",
		"Dead"
	],
	"start" : 15.055000305175781
}