{
	"data" : 
	[
		0.43738764524459839,
		0.4374949038028717,
		0.90620881319046021,
		0.4374949038028717,
		2.3748958110809326,
		0.031218985095620155,
		0.4999329149723053,
		5.2497243881225586,
		0.031218985095620155,
		0.59369713068008423,
		9.2807283401489258,
		0.031218985095620155,
		0.24996645748615265,
		5.0934152603149414,
		0.24996645748615265,
		4.4060611724853516,
		1.9060745239257812,
		0.031218985095620155,
		0.031326267868280411,
		0.62491613626480103,
		0.28129270672798157,
		0.56237083673477173,
		0.062545247375965118,
		5.4996910095214844,
		4.5621557235717773,
		0.031326267868280411,
		4.4371724128723145,
		0.062545247375965118,
		0.24996645748615265,
		9.936863899230957,
		41.309906005859375
	],
	"end" : 12.524999618530273,
	"labels" : 
	[
		"Prep",
		"Scan",
		"Break",
		"Prep",
		"Scan",
		"Break",
		"Prep",
		"Scan",
		"Break",
		"Prep",
		"Scan",
		"Break",
		"Prep",
		"Scan",
		"Prep",
		"Scan",
		"Break",
		"Prep",
		"Scan",
		"Break",
		"Scan",
		"Break",
		"Prep",
		"Scan",
		"Break",
		"Prep",
		"Scan",
		"Break",
		"Prep",
		"Scan",
		"Dead"
	],
	"start" : 11.636944770812988
}