{
	"data" : 
	[
		0.47196120023727417,
		0.660788893699646,
		0.50339645147323608,
		0.5663750171661377,
		0.47196120023727417,
		0.5663750171661377,
		2.5800690650939941,
		0.50339645147323608,
		4.1847801208496094,
		0.031543299555778503,
		8.3381252288818359,
		0.031435273587703705,
		7.7717504501342773,
		0.47196120023727417,
		4.7511553764343262,
		0.031435273587703705,
		0.031435273587703705,
		4.2791938781738281,
		0.031435273587703705,
		0.031543299555778503,
		3.933082103729248,
		0.031435273587703705,
		0.47196120023727417,
		7.1109609603881836,
		0.47196120023727417,
		4.1219096183776855,
		1.8564095497131348,
		4.6881766319274902,
		1.541840672492981,
		0.31456878781318665,
		3.2408578395843506,
		35.806720733642578
	],
	"end" : 15.055000305175781,
	"labels" : 
	[
		"Prep",
		"Scan",
		"Prep",
		"Scan",
		"Prep",
		"Scan",
		"Break",
		"Prep",
		"Scan",
		"Break",
		"Scan",
		"Break",
		"Scan",
		"Prep",
		"Scan",
		"Prep",
		"Break",
		"Scan",
		"Prep",
		"Break",
		"Scan",
		"Break",
		"Prep",
		"Scan",
		"Prep",
		"Scan",
		"Break",
		"Scan",
		"Break",
		"Prep",
		"Scan",
		"Dead"
	],
	"start" : 14.173055648803711
}