{
	"data" : 
	[
		1.0792189836502075,
		1.6185637712478638,
		3.6229789257049561,
		0.38558655977249146,
		9.2498435974121094,
		0.077011458575725555,
		2.543759822845459,
		2.9293463230133057,
		2.4664838314056396,
		0.07727610319852829,
		2.6207714080810547,
		15.108270645141602,
		0.077011458575725555,
		8.7104988098144531,
		0.69363236427307129,
		6.7833600044250488,
		1.0792189836502075,
		7.476992130279541,
		4.3168759346008301,
		7.4767274856567383,
		21.506572723388672
	],
	"end" : 16.119167327880859,
	"labels" : 
	[
		"Prep",
		"Scan",
		"Break",
		"Break",
		"Scan",
		"Break",
		"Break",
		"Break",
		"Break",
		"Prep",
		"Break",
		"Scan",
		"Break",
		"Scan",
		"Prep",
		"Scan",
		"Prep",
		"Scan",
		"Break",
		"Scan",
		"Dead"
	],
	"start" : 15.759166717529297
}