{
	"data" : 
	[
		0.46919360756874084,
		0.28164505958557129,
		0.56307530403137207,
		0.40689229965209961,
		1.032483696937561,
		1.2827633619308472,
		0.46919360756874084,
		0.53192466497421265,
		0.96996760368347168,
		0.031150674447417259,
		0.18776337802410126,
		0.03136550635099411,
		5.2874512672424316,
		0.03136550635099411,
		3.3163654804229736,
		1.5330429077148438,
		6.414031982421875,
		0.031150674447417259,
		5.0060210227966309,
		0.03136550635099411,
		7.5401816368103027,
		0.40667742490768433,
		1.032483696937561,
		10.700149536132812,
		52.312294006347656
	],
	"end" : 17.823888778686523,
	"labels" : 
	[
		"Prep",
		"Scan",
		"Break",
		"Prep",
		"Scan",
		"Break",
		"Prep",
		"Scan",
		"Break",
		"Prep",
		"Break",
		"Prep",
		"Scan",
		"Prep",
		"Scan",
		"Prep",
		"Scan",
		"Prep",
		"Scan",
		"Break",
		"Scan",
		"Break",
		"Prep",
		"Scan",
		"Dead"
	],
	"start" : 16.936944961547852
}