{
	"data" : 
	[
		0.12530973553657532,
		0.39686793088912964,
		1.0234166383743286,
		0.10444270074367523,
		1.5455942153930664,
		0.041769910603761673,
		3.5611627101898193,
		0.25061947107315063,
		0.10444270074367523,
		0.10440684109926224,
		0.41773498058319092,
		0.0731063112616539,
		0.010433513671159744,
		0.12534558773040771,
		0.010433513671159744,
		0.010433513671159744,
		3.3209407329559326,
		0.19845189154148102,
		2.5063738822937012,
		0.18798251450061798,
		1.2009656429290771,
		0.15664613246917725,
		0.13574324548244476,
		0.27152234315872192,
		0.083575673401355743,
		0.15664613246917725,
		0.20884954929351807,
		0.031336396932601929,
		0.031336396932601929,
		0.06263694167137146,
		0.010469367727637291,
		0.19841603934764862,
		0.22975242137908936,
		0.083539821207523346,
		0.083539821207523346,
		0.20884954929351807,
		0.010469367727637291,
		0.010433513671159744,
		2.1513116359710693,
		0.010433513671159744,
		2.2975244522094727,
		0.010433513671159744,
		1.931992769241333,
		0.010433513671159744,
		0.3133280873298645,
		0.11487621068954468,
		2.6003472805023193,
		0.010433513671159744,
		1.0443193912506104,
		0.010469367727637291,
		0.083539821207523346,
		2.7778961658477783,
		0.010433513671159744,
		0.031336396932601929,
		1.5038243532180786,
		3.1747641563415527,
		0.020867027342319489,
		2.7570292949676514,
		0.020867027342319489,
		0.16711549460887909,
		0.010433513671159744,
		2.7152235507965088,
		0.0731063112616539,
		0.062672793865203857,
		0.020867027342319489,
		0.010469367727637291,
		0.093973331153392792,
		0.020902883261442184,
		0.020867027342319489,
		3.2060647010803223,
		0.010469367727637291,
		0.020867027342319489,
		0.010433513671159744,
		0.041805766522884369,
		0.14617675542831421,
		0.010469367727637291,
		0.031300541013479233,
		0.30285874009132385,
		0.15664613246917725,
		54.586822509765625
	],
	"end" : 16.936944961547852,
	"labels" : 
	[
		"Prep",
		"Scan",
		"Break",
		"Prep",
		"Scan",
		"Break",
		"Scan",
		"Break",
		"Prep",
		"Break",
		"Scan",
		"Break",
		"Prep",
		"Scan",
		"Break",
		"Prep",
		"Scan",
		"Prep",
		"Scan",
		"Prep",
		"Break",
		"Scan",
		"Break",
		"Prep",
		"Break",
		"Scan",
		"Break",
		"Prep",
		"Break",
		"Scan",
		"Break",
		"Prep",
		"Scan",
		"Break",
		"Prep",
		"Scan",
		"Break",
		"Prep",
		"Scan",
		"Prep",
		"Scan",
		"Break",
		"Scan",
		"Break",
		"Prep",
		"Break",
		"Scan",
		"Prep",
		"Scan",
		"Break",
		"Prep",
		"Scan",
		"Break",
		"Prep",
		"Scan",
		"Break",
		"Prep",
		"Scan",
		"Prep",
		"Break",
		"Prep",
		"Scan",
		"Break",
		"Break",
		"Break",
		"Prep",
		"Break",
		"Prep",
		"Break",
		"Scan",
		"Prep",
		"Break",
		"Prep",
		"Break",
		"Scan",
		"Break",
		"Break",
		"Break",
		"Scan",
		"Dead"
	],
	"start" : 14.279722213745117
}