{
	"data" : 
	[
		0.23578380048274994,
		0.45474240183830261,
		0.31996753811836243,
		0.23578380048274994,
		3.3007996082305908,
		0.016825180500745773,
		0.31996753811836243,
		4.2102265357971191,
		0.13471709191799164,
		1.4820034503936768,
		0.067358545958995819,
		4.2607603073120117,
		0.016825180500745773,
		0.033650361001491547,
		1.2293945550918579,
		0.016825180500745773,
		0.033708181232213974,
		4.1596932411193848,
		0.18525043129920959,
		1.7682629823684692,
		0.084241539239883423,
		4.4796609878540039,
		0.016825180500745773,
		0.033708181232213974,
		0.05047554150223732,
		4.496544361114502,
		1.0609692335128784,
		0.084183722734451294,
		5.2206625938415527,
		0.050533358007669449,
		0.23578380048274994,
		5.23748779296875,
		56.366378784179688
	],
	"end" : 13.489444732666016,
	"labels" : 
	[
		"Prep",
		"Scan",
		"Break",
		"Prep",
		"Scan",
		"Break",
		"Prep",
		"Scan",
		"Prep",
		"Scan",
		"Prep",
		"Scan",
		"Break",
		"Prep",
		"Scan",
		"Break",
		"Prep",
		"Scan",
		"Break",
		"Prep",
		"Break",
		"Scan",
		"Break",
		"Prep",
		"Break",
		"Scan",
		"Prep",
		"Break",
		"Scan",
		"Prep",
		"Break",
		"Scan",
		"Dead"
	],
	"start" : 11.841666221618652
}