{
	"data" : 
	[
		0.38625890016555786,
		0.87776249647140503,
		0.73743623495101929,
		0.035081565380096436,
		0.66727310419082642,
		2.5281631946563721,
		0.035081565380096436,
		1.0534113645553589,
		0.070283688604831696,
		0.35117733478546143,
		3.9678337574005127,
		0.63207095861434937,
		3.5114116668701172,
		0.2458120733499527,
		0.31609576940536499,
		0.45642200112342834,
		0.035202119499444962,
		0.28089362382888794,
		0.035081565380096436,
		3.2305178642272949,
		3.7221419811248779,
		0.035081565380096436,
		5.3373408317565918,
		0.035081565380096436,
		0.38625890016555786,
		1.2290604114532471,
		0.84268087148666382,
		4.6000247001647949,
		0.035081565380096436,
		8.2518835067749023,
		5.2319750785827637,
		0.035202119499444962,
		0.70223408937454224,
		5.8991279602050781,
		0.31609576940536499,
		3.6518583297729492,
		0.28089362382888794,
		6.6717667579650879,
		33.182941436767578
	],
	"end" : 14.279722213745117,
	"labels" : 
	[
		"Prep",
		"Scan",
		"Break",
		"Prep",
		"Scan",
		"Break",
		"Prep",
		"Scan",
		"Break",
		"Break",
		"Scan",
		"Prep",
		"Scan",
		"Break",
		"Prep",
		"Scan",
		"Break",
		"Prep",
		"Break",
		"Scan",
		"Break",
		"Prep",
		"Scan",
		"Break",
		"Scan",
		"Break",
		"Prep",
		"Scan",
		"Prep",
		"Scan",
		"Break",
		"Prep",
		"Scan",
		"Break",
		"Prep",
		"Scan",
		"Prep",
		"Scan",
		"Dead"
	],
	"start" : 13.489444732666016
}