{
	"data" : 
	[
		1.0142662525177002,
		2.0285325050354004,
		3.7670614719390869,
		1.0142662525177002,
		14.198732376098633,
		1.2316445112228394,
		1.2316445112228394,
		5.2882122993469238,
		1.0142662525177002,
		0.65213489532470703,
		22.530241012573242,
		0.0721278116106987,
		0.14475305378437042,
		0.36262878775596619,
		1.3763976097106934,
		0.14475305378437042,
		18.400550842285156,
		0.21737828850746155,
		0.14525048434734344,
		17.893665313720703,
		0.0721278116106987,
		7.0993661880493164
	],
	"end" : 18.206943511962891,
	"labels" : 
	[
		"Prep",
		"Scan",
		"Break",
		"Prep",
		"Scan",
		"Break",
		"Prep",
		"Scan",
		"Break",
		"Prep",
		"Scan",
		"Break",
		"Prep",
		"Scan",
		"Break",
		"Prep",
		"Scan",
		"Break",
		"Prep",
		"Scan",
		"Break",
		"Scan"
	],
	"start" : 17.823888778686523
}