{
	"data" : 
	[
		0.44878032803535461,
		0.80788671970367432,
		0.83767533302307129,
		0.47877436876296997,
		6.0435886383056641,
		0.53855693340301514,
		2.2738955020904541,
		0.1196679025888443,
		0.95744603872299194,
		9.3048210144042969,
		0.029891297221183777,
		0.089776612818241119,
		7.5695858001708984,
		0.029891297221183777,
		0.20944452285766602,
		7.4199237823486328,
		0.029891297221183777,
		2.9321205615997314,
		0.17945051193237305,
		0.26932981610298157,
		0.17945051193237305,
		0.029994018375873566,
		7.060920238494873,
		0.089776612818241119,
		0.1196679025888443,
		0.029891297221183777,
		6.4624776840209961,
		45.357421875
	],
	"end" : 11.841666221618652,
	"labels" : 
	[
		"Prep",
		"Scan",
		"Break",
		"Prep",
		"Scan",
		"Prep",
		"Scan",
		"Break",
		"Prep",
		"Scan",
		"Break",
		"Prep",
		"Scan",
		"Break",
		"Prep",
		"Scan",
		"Prep",
		"Scan",
		"Break",
		"Prep",
		"Break",
		"Prep",
		"Scan",
		"Prep",
		"Break",
		"Prep",
		"Scan",
		"Dead"
	],
	"start" : 10.914166450500488
}