{
	"data" : 
	[
		0.43738043308258057,
		1.0932165384292603,
		0.32805880904197693,
		0.027306955307722092,
		1.0933103561401367,
		0.21864329278469086,
		0.43728658556938171,
		1.0660034418106079,
		0.027306955307722092,
		0.19133634865283966,
		1.1206172704696655,
		0.10932164639234543,
		0.0274007897824049,
		1.2299388647079468,
		1.3119536638259888,
		0.13662861287593842,
		0.21864329278469086,
		2.9792730808258057,
		0.054613910615444183,
		0.49199435114860535,
		5.3571362495422363,
		0.0274007897824049,
		0.08192085474729538,
		0.84736007452011108,
		1.2026320695877075,
		0.79265230894088745,
		5.6030864715576172,
		0.0274007897824049,
		0.16393555700778961,
		0.32796493172645569,
		0.16402940452098846,
		2.7879366874694824,
		0.027306955307722092,
		0.19133634865283966,
		0.84736007452011108,
		0.027213115245103836,
		0.38267269730567932,
		4.4824690818786621,
		0.082014702260494232,
		1.8313488960266113,
		0.0274007897824049,
		0.027213115245103836,
		3.4166536331176758,
		0.27325722575187683,
		8.2269935607910156,
		0.054801579564809799,
		0.24585643410682678,
		0.41007348895072937,
		1.0660034418106079,
		0.054613910615444183,
		0.35527190566062927,
		3.4166536331176758,
		0.46449971199035645,
		1.0934041738510132,
		0.40988582372665405,
		0.21864329278469086,
		0.24604408442974091,
		0.0274007897824049,
		4.8651418685913086,
		0.21864329278469086,
		0.24604408442974091,
		3.0885946750640869,
		0.51930129528045654,
		3.1432085037231445,
		0.027213115245103836,
		0.21864329278469086,
		0.0274007897824049,
		0.0274007897824049,
		2.405264139175415,
		1.0112017393112183,
		2.84255051612854,
		0.0274007897824049,
		0.082014702260494232,
		2.6785213947296143,
		0.0274007897824049,
		0.082014702260494232,
		6.2316155433654785,
		1.3940621614456177,
		0.0274007897824049,
		3.3070504665374756,
		0.65611761808395386,
		5.7397150993347168,
		0.21864329278469086,
		1.3940621614456177,
		0.027213115245103836,
		1.4760769605636597
	],
	"end" : 16.700000762939453,
	"labels" : 
	[
		"Prep",
		"Scan",
		"Break",
		"Prep",
		"Scan",
		"Break",
		"Prep",
		"Scan",
		"Break",
		"Prep",
		"Scan",
		"Break",
		"Prep",
		"Scan",
		"Scan",
		"Break",
		"Prep",
		"Scan",
		"Break",
		"Prep",
		"Scan",
		"Break",
		"Prep",
		"Scan",
		"Break",
		"Prep",
		"Scan",
		"Break",
		"Prep",
		"Break",
		"Prep",
		"Scan",
		"Break",
		"Prep",
		"Scan",
		"Break",
		"Prep",
		"Scan",
		"Prep",
		"Scan",
		"Break",
		"Prep",
		"Scan",
		"Prep",
		"Break",
		"Prep",
		"Break",
		"Prep",
		"Scan",
		"Break",
		"Prep",
		"Scan",
		"Prep",
		"Scan",
		"Break",
		"Prep",
		"Break",
		"Prep",
		"Scan",
		"Prep",
		"Break",
		"Scan",
		"Prep",
		"Scan",
		"Break",
		"Prep",
		"Break",
		"Prep",
		"Scan",
		"Prep",
		"Scan",
		"Break",
		"Prep",
		"Scan",
		"Break",
		"Prep",
		"Scan",
		"Break",
		"Prep",
		"Scan",
		"Prep",
		"Scan",
		"Prep",
		"Scan",
		"Break",
		"Scan"
	],
	"start" : 15.684721946716309
}