{
	"data" : 
	[
		0.93734949827194214,
		1.7490040063858032,
		3.4988658428192139,
		0.43757274746894836,
		11.808029174804688,
		0.062203966081142426,
		1.0621863603591919,
		4.4984192848205566,
		0.43714374303817749,
		1.9369028806686401,
		19.430374145507812,
		0.062203966081142426,
		0.18746988475322723,
		15.806672096252441,
		0.062632963061332703,
		0.18746988475322723,
		15.431731224060059,
		0.062203966081142426,
		5.5606060028076172,
		0.499776691198349,
		16.181180953979492
	],
	"end" : 17.264165878295898,
	"labels" : 
	[
		"Prep",
		"Scan",
		"Break",
		"Prep",
		"Scan",
		"Break",
		"Prep",
		"Scan",
		"Break",
		"Prep",
		"Scan",
		"Break",
		"Prep",
		"Scan",
		"Break",
		"Prep",
		"Scan",
		"Break",
		"Scan",
		"Prep",
		"Scan"
	],
	"start" : 16.819999694824219
}