{
	"data" : 
	[
		0.231185182929039,
		0.46231365203857422,
		0.37977182865142822,
		0.231185182929039,
		2.9061985015869141,
		0.016497028991580009,
		0.57796293497085571,
		0.08254183828830719,
		0.13208961486816406,
		3.0878357887268066,
		0.28073295950889587,
		0.13208961486816406,
		1.7337753772735596,
		0.016497028991580009,
		0.099095553159713745,
		2.6585161685943604,
		0.67700183391571045,
		0.016497028991580009,
		2.6585161685943604,
		83.519699096679688
	],
	"end" : 11.056388854980469,
	"labels" : 
	[
		"Prep",
		"Scan",
		"Break",
		"Prep",
		"Scan",
		"Break",
		"Scan",
		"Break",
		"Prep",
		"Scan",
		"Break",
		"Prep",
		"Scan",
		"Break",
		"Prep",
		"Scan",
		"Break",
		"Prep",
		"Scan",
		"Dead"
	],
	"start" : 9.3758335113525391
}