{
	"data" : 
	[
		1.1752752065658569,
		2.1939904689788818,
		1.9588814973831177,
		1.0184463262557983,
		2.820767879486084,
		0.6267775297164917,
		3.1341564655303955,
		0.078279942274093628,
		3.4475455284118652,
		83.445877075195312
	],
	"end" : 9.3758335113525391,
	"labels" : 
	[
		"Prep",
		"Scan",
		"Break",
		"Prep",
		"Scan",
		"Prep",
		"Scan",
		"Prep",
		"Scan",
		"Dead"
	],
	"start" : 9.0216665267944336
}