{
	"data" : 
	[
		0.31309583783149719,
		0.584483802318573,
		1.1480419635772705,
		0.31309583783149719,
		4.0911717414855957,
		0.37572932243347168,
		1.5237712860107422,
		0.062561832368373871,
		0.41750890016555786,
		6.4915966987609863,
		0.02085394598543644,
		0.062633499503135681,
		5.301846981048584,
		0.062633499503135681,
		2.1499631404876709,
		1.7116000652313232,
		0.2922419011592865,
		2.0664753913879395,
		0.02085394598543644,
		3.9241964817047119,
		0.93928748369216919,
		3.4441256523132324,
		0.02085394598543644,
		0.14612095057964325,
		2.5883257389068604,
		0.041707891970872879,
		1.3985042572021484,
		7.597930908203125,
		0.062633499503135681,
		0.25046232342720032,
		0.35487538576126099,
		0.16697488725185394,
		0.62619167566299438,
		0.62619167566299438,
		0.31309583783149719,
		0.62619167566299438,
		0.27138793468475342,
		0.2922419011592865,
		0.12519533932209015,
		0.62619167566299438,
		0.33402144908905029,
		0.5844120979309082,
		1.3150168657302856,
		0.31316748261451721,
		3.4440543651580811,
		1.2941628694534302,
		0.33394977450370789,
		4.070317268371582,
		0.41750890016555786,
		0.33394977450370789,
		3.8407092094421387,
		0.66797119379043579,
		4.4251213073730469,
		0.02085394598543644,
		0.31309583783149719,
		4.0076837539672852,
		0.18790049850940704,
		3.3397128582000732,
		0.020925609394907951,
		0.29217022657394409,
		2.9849090576171875,
		0.02085394598543644,
		3.4859054088592529,
		12.398780822753906
	],
	"end" : 15.891111373901367,
	"labels" : 
	[
		"Prep",
		"Scan",
		"Break",
		"Prep",
		"Scan",
		"Prep",
		"Scan",
		"Break",
		"Prep",
		"Scan",
		"Break",
		"Prep",
		"Scan",
		"Prep",
		"Scan",
		"Break",
		"Prep",
		"Scan",
		"Break",
		"Scan",
		"Prep",
		"Scan",
		"Break",
		"Prep",
		"Scan",
		"Prep",
		"Scan",
		"Break",
		"Prep",
		"Break",
		"Prep",
		"Break",
		"Scan",
		"Break",
		"Prep",
		"Scan",
		"Break",
		"Prep",
		"Break",
		"Scan",
		"Prep",
		"Scan",
		"Break",
		"Prep",
		"Scan",
		"Break",
		"Prep",
		"Scan",
		"Break",
		"Prep",
		"Scan",
		"Prep",
		"Scan",
		"Break",
		"Prep",
		"Scan",
		"Break",
		"Scan",
		"Break",
		"Break",
		"Scan",
		"Prep",
		"Scan",
		"Dead"
	],
	"start" : 14.561666488647461
}