{
	"data" : 
	[
		0.21782094240188599,
		0.43564188480377197,
		0.75244766473770142,
		0.17818623781204224,
		0.55447804927825928,
		0.33665710687637329,
		0.19796960055828094,
		0.039634712040424347,
		3.7425227165222168,
		0.15840287506580353,
		0.15840287506580353,
		0.019851347431540489,
		3.2474629878997803,
		0.17825421690940857,
		0.19796960055828094,
		3.0098586082458496,
		0.019851347431540489,
		0.13861951231956482,
		2.0791566371917725,
		0.019783362746238708,
		1.2871423959732056,
		4.3564190864562988,
		0.51484328508377075,
		0.51484328508377075,
		0.019783362746238708,
		5.6633443832397461,
		0.059350088238716125,
		3.4653515815734863,
		0.71288090944290161,
		0.47520864009857178,
		0.019783362746238708,
		0.019851347431540489,
		0.13861951231956482,
		1.7029329538345337,
		0.15840287506580353,
		0.57426142692565918,
		0.039566725492477417,
		2.0000231266021729,
		2.6534180641174316,
		0.059418071061372757,
		0.13861951231956482,
		2.831672191619873,
		9.9602775573730469,
		0.21782094240188599,
		0.31680575013160706,
		0.31687372922897339,
		0.35644045472145081,
		0.13861951231956482,
		0.45542526245117188,
		1.8217689990997314,
		0.13861951231956482,
		1.7623509168624878,
		0.2573876678943634,
		0.15840287506580353,
		0.25745564699172974,
		0.019783362746238708,
		0.13861951231956482,
		0.45542526245117188,
		0.43564188480377197,
		0.11883614212274551,
		4.4554038047790527,
		0.79208236932754517,
		0.19803759455680847,
		2.0197386741638184,
		1.8811870813369751,
		0.079201437532901764,
		0.19796960055828094,
		0.019851347431540489,
		2.6929848194122314,
		0.11883614212274551,
		3.0297098159790039,
		0.43564188480377197,
		2.158358097076416,
		0.079201437532901764,
		2.1385748386383057,
		0.099052779376506805,
		0.21782094240188599,
		0.019783362746238708,
		2.6930527687072754,
		16.158248901367188
	],
	"end" : 14.561666488647461,
	"labels" : 
	[
		"Prep",
		"Scan",
		"Break",
		"Prep",
		"Scan",
		"Break",
		"Prep",
		"Break",
		"Scan",
		"Break",
		"Prep",
		"Break",
		"Scan",
		"Break",
		"Prep",
		"Scan",
		"Break",
		"Prep",
		"Scan",
		"Break",
		"Prep",
		"Scan",
		"Prep",
		"Break",
		"Prep",
		"Scan",
		"Prep",
		"Scan",
		"Break",
		"Prep",
		"Break",
		"Prep",
		"Break",
		"Scan",
		"Break",
		"Prep",
		"Break",
		"Break",
		"Scan",
		"Prep",
		"Break",
		"Scan",
		"Break",
		"Prep",
		"Break",
		"Prep",
		"Break",
		"Break",
		"Scan",
		"Break",
		"Break",
		"Scan",
		"Break",
		"Prep",
		"Break",
		"Prep",
		"Break",
		"Scan",
		"Break",
		"Prep",
		"Scan",
		"Break",
		"Prep",
		"Break",
		"Scan",
		"Prep",
		"Break",
		"Prep",
		"Scan",
		"Prep",
		"Scan",
		"Prep",
		"Scan",
		"Prep",
		"Scan",
		"Prep",
		"Break",
		"Prep",
		"Scan",
		"Dead"
	],
	"start" : 13.15333366394043
}