{
	"data" : 
	[
		0.23897804319858551,
		0.23897804319858551,
		0.29877382516860962,
		0.20913141965866089,
		0.56759852170944214,
		1.0157079696655273,
		0.11948902159929276,
		8.6636199951171875,
		0.029846614226698875,
		0.53764927387237549,
		5.2281827926635742,
		0.059693228453397751,
		6.3034820556640625,
		0.08964240550994873,
		0.62729167938232422,
		0.029949178919196129,
		3.1069197654724121,
		0.059693228453397751,
		3.5551319122314453,
		0.50790524482727051,
		0.059693228453397751,
		7.020416259765625,
		13.1148681640625,
		0.20923399925231934,
		0.23897804319858551,
		0.38831368088722229,
		0.20923399925231934,
		0.56759852170944214,
		0.89621889591217041,
		0.32862046360969543,
		0.029744047671556473,
		6.5724091529846191,
		0.32862046360969543,
		0.53785443305969238,
		7.020416259765625,
		0.89621889591217041,
		0.029949178919196129,
		0.029744047671556473,
		3.7044675350189209,
		0.029949178919196129,
		6.0645036697387695,
		0.029744047671556473,
		0.059898357838392258,
		2.5093719959259033,
		17.536270141601562
	],
	"end" : 16.819999694824219,
	"labels" : 
	[
		"Prep",
		"Scan",
		"Break",
		"Prep",
		"Scan",
		"Break",
		"Break",
		"Scan",
		"Break",
		"Prep",
		"Scan",
		"Prep",
		"Scan",
		"Prep",
		"Break",
		"Prep",
		"Scan",
		"Prep",
		"Scan",
		"Break",
		"Prep",
		"Scan",
		"Break",
		"Prep",
		"Scan",
		"Break",
		"Prep",
		"Scan",
		"Break",
		"Break",
		"Prep",
		"Scan",
		"Break",
		"Prep",
		"Scan",
		"Break",
		"Break",
		"Prep",
		"Scan",
		"Prep",
		"Scan",
		"Break",
		"Prep",
		"Scan",
		"Dead"
	],
	"start" : 15.891111373901367
}