{
	"data" : 
	[
		0.54935932159423828,
		1.0987186431884766,
		2.7466616630554199,
		0.58856070041656494,
		6.9059228897094727,
		0.039201460778713226,
		0.66696369647979736,
		2.8251993656158447,
		0.27467966079711914,
		0.78470277786254883,
		12.203104019165039,
		0.039201460778713226,
		0.11773909628391266,
		9.966465950012207,
		0.31388109922409058,
		0.51002311706542969,
		1.3340619802474976,
		1.805018424987793,
		4.3162021636962891,
		0.19614201784133911,
		0.039201460778713226,
		10.162742614746094,
		0.11760437488555908,
		6.7097806930541992,
		0.039201460778713226,
		2.7858631610870361,
		2.2366385459899902,
		0.31388109922409058,
		4.7084856033325195,
		0.11773909628391266,
		4.3162021636962891,
		21.070852279663086
	],
	"end" : 13.15333366394043,
	"labels" : 
	[
		"Prep",
		"Scan",
		"Break",
		"Prep",
		"Scan",
		"Break",
		"Prep",
		"Scan",
		"Break",
		"Prep",
		"Scan",
		"Break",
		"Prep",
		"Scan",
		"Prep",
		"Scan",
		"Break",
		"Scan",
		"Break",
		"Break",
		"Prep",
		"Scan",
		"Prep",
		"Scan",
		"Prep",
		"Scan",
		"Break",
		"Prep",
		"Scan",
		"Prep",
		"Scan",
		"Dead"
	],
	"start" : 12.446110725402832
}