{
	"data" : 
	[
		0.21964949369430542,
		0.5191652774810791,
		0.87859797477722168,
		0.17968206107616425,
		0.49921584129333496,
		1.2979474067687988,
		0.17968206107616425,
		0.19970004260540009,
		2.436093807220459,
		0.01994943805038929,
		0.33948323130607605,
		1.6373621225357056,
		0.53911471366882324,
		0.039967432618141174,
		0.01994943805038929,
		3.7140917778015137,
		0.17968206107616425,
		0.19970004260540009,
		1.7172285318374634,
		0.17975062131881714,
		2.9552590847015381,
		11.042323112487793,
		0.059916872531175613,
		1.9767768383026123,
		0.020017992705106735,
		0.37938210368156433,
		2.8554434776306152,
		65.6148681640625
	],
	"end" : 12.446110725402832,
	"labels" : 
	[
		"Prep",
		"Scan",
		"Break",
		"Prep",
		"Scan",
		"Break",
		"Prep",
		"Break",
		"Scan",
		"Break",
		"Prep",
		"Scan",
		"Prep",
		"Break",
		"Prep",
		"Scan",
		"Break",
		"Prep",
		"Scan",
		"Prep",
		"Scan",
		"Break",
		"Prep",
		"Scan",
		"Break",
		"Prep",
		"Scan",
		"Dead"
	],
	"start" : 11.056388854980469
}