{
	"data" : 
	[
		1.3295352458953857,
		1.9939768314361572,
		2.7539441585540771,
		1.3295352458953857,
		12.535058975219727,
		0.09487365186214447,
		0.18974730372428894,
		15.289003372192383,
		0.09487365186214447,
		8.83172607421875,
		0.09487365186214447,
		1.9943029880523682,
		14.149216651916504,
		39.219333648681641
	],
	"end" : 14.903611183166504,
	"labels" : 
	[
		"Prep",
		"Scan",
		"Break",
		"Prep",
		"Scan",
		"Prep",
		"Break",
		"Scan",
		"Break",
		"Scan",
		"Break",
		"Prep",
		"Scan",
		"Dead"
	],
	"start" : 14.61138916015625
}