{
	"data" : 
	[
		0.65515685081481934,
		0.60497313737869263,
		1.864930272102356,
		0.85675692558288574,
		0.60497313737869263,
		32.963943481445312,
		0.65515685081481934,
		0.554443359375,
		1.3610165119171143,
		0.554443359375,
		0.554443359375,
		3.225773811340332,
		0.050356745719909668,
		0.050529792904853821,
		12.298467636108398,
		1.9656435251235962,
		0.050529792904853821,
		0.25195679068565369,
		0.050356745719909668,
		6.098876953125,
		1.9152868986129761,
		13.861083984375,
		0.30231353640556335,
		0.35284331440925598,
		18.195745468139648
	],
	"end" : 15.454166412353516,
	"labels" : 
	[
		"Prep",
		"Scan",
		"Break",
		"Prep",
		"Scan",
		"Break",
		"Prep",
		"Scan",
		"Break",
		"Prep",
		"Scan",
		"Break",
		"Prep",
		"Break",
		"Scan",
		"Break",
		"Prep",
		"Break",
		"Prep",
		"Break",
		"Prep",
		"Scan",
		"Break",
		"Prep",
		"Dead"
	],
	"start" : 14.903611183166504
}