{
	"data" : 
	[
		0.64229577779769897,
		0.59951531887054443,
		2.0125954151153564,
		0.29975765943527222,
		3.5540173053741455,
		0.042780514806509018,
		1.0277614593505859,
		0.59951531887054443,
		0.81356483697891235,
		1.969667911529541,
		0.17126907408237457,
		12.760501861572266,
		0.042780514806509018,
		5.6952481269836426,
		0.042780514806509018,
		0.12848855555057526,
		10.019902229309082,
		2.997429370880127,
		0.12848855555057526,
		2.7404522895812988,
		0.17126907408237457,
		0.12848855555057526,
		10.020050048828125,
		2.5691831111907959,
		0.34253814816474915,
		0.81356483697891235,
		1.9268873929977417,
		0.25697711110115051,
		3.725433349609375,
		0.042780514806509018,
		5.1383662223815918,
		0.042927529662847519,
		4.5388507843017578,
		0.042927529662847519,
		4.7101197242736816,
		19.140827178955078
	],
	"end" : 8.6297225952148438,
	"labels" : 
	[
		"Prep",
		"Scan",
		"Break",
		"Prep",
		"Scan",
		"Break",
		"Prep",
		"Break",
		"Scan",
		"Break",
		"Prep",
		"Scan",
		"Prep",
		"Scan",
		"Break",
		"Prep",
		"Scan",
		"Scan",
		"Prep",
		"Scan",
		"Break",
		"Prep",
		"Scan",
		"Break",
		"Prep",
		"Scan",
		"Break",
		"Prep",
		"Scan",
		"Prep",
		"Scan",
		"Prep",
		"Scan",
		"Break",
		"Scan",
		"Dead"
	],
	"start" : 7.9816665649414062
}