{
	"data" : 
	[
		0.2243286669254303,
		0.24156647920608521,
		0.39682537317276001,
		0.017237823456525803,
		1.5873606204986572,
		0.017237823456525803,
		0.29333916306495667,
		2.8986201286315918,
		0.017297061160206795,
		0.53484642505645752,
		5.1244316101074219,
		0.017237823456525803,
		0.34505265951156616,
		0.32787406444549561,
		0.017237823456525803,
		0.18979376554489136,
		2.8123717308044434,
		0.051772709935903549,
		2.76059889793396,
		0.017237823456525803,
		0.18979376554489136,
		1.2250702381134033,
		0.017237823456525803,
		1.8634028434753418,
		0.017237823456525803,
		1.8289272785186768,
		0.75917506217956543,
		1.8979376554489136,
		74.208946228027344
	],
	"end" : 17.0625,
	"labels" : 
	[
		"Prep",
		"Scan",
		"Break",
		"Prep",
		"Scan",
		"Break",
		"Prep",
		"Scan",
		"Break",
		"Prep",
		"Scan",
		"Break",
		"Prep",
		"Scan",
		"Break",
		"Prep",
		"Scan",
		"Prep",
		"Scan",
		"Break",
		"Prep",
		"Scan",
		"Prep",
		"Scan",
		"Prep",
		"Scan",
		"Break",
		"Scan",
		"Dead"
	],
	"start" : 15.454166412353516
}