{
	"data" : 
	[
		0.5918503999710083,
		0.63749760389328003,
		0.91075551509857178,
		4.1890687942504883,
		0.045490879565477371,
		0.77397024631500244,
		7.649658203125,
		0.045490879565477371,
		1.3659769296646118,
		13.568943977355957,
		0.40988689661026001,
		7.4218916893005371,
		0.36423969268798828,
		9.1066179275512695,
		5.6916747093200684,
		9.1522645950317383,
		0.36423969268798828,
		13.250194549560547,
		24.360286712646484
	],
	"end" : 9.6083335876464844,
	"labels" : 
	[
		"Prep",
		"Scan",
		"Break",
		"Scan",
		"Break",
		"Prep",
		"Scan",
		"Break",
		"Prep",
		"Scan",
		"Prep",
		"Scan",
		"Prep",
		"Scan",
		"Break",
		"Scan",
		"Prep",
		"Scan",
		"Dead"
	],
	"start" : 8.9988889694213867
}