{
	"data" : 
	[
		0.40672695636749268,
		0.40682670474052429,
		0.3196353018283844,
		0.02903054840862751,
		0.37779617309570312,
		0.49401813745498657,
		0.43585726618766785,
		2.5861129760742188,
		0.90074509382247925,
		0.40682670474052429,
		5.2884483337402344,
		88.247978210449219
	],
	"end" : 10.812222480773926,
	"labels" : 
	[
		"Prep",
		"Scan",
		"Break",
		"Prep",
		"Scan",
		"Break",
		"Prep",
		"Scan",
		"Break",
		"Prep",
		"Scan",
		"Dead"
	],
	"start" : 9.8572225570678711
}