{
	"data" : 
	[
		0.46075329184532166,
		0.53156358003616333,
		0.81504786014556885,
		0.49615839123725891,
		2.7287495136260986,
		0.035405125468969345,
		0.60249549150466919,
		3.2603132724761963,
		0.035405125468969345,
		0.07081025093793869,
		5.9536576271057129,
		0.035405125468969345,
		0.24807919561862946,
		2.7641549110412598,
		2.0908491611480713,
		1.0277220010757446,
		10.525177001953125,
		0.035405125468969345,
		0.07081025093793869,
		0.67342740297317505,
		5.8117938041687012,
		0.035405125468969345,
		0.070931918919086456,
		0.46063163876533508,
		0.49615839123725891,
		0.6733056902885437,
		0.53156358003616333,
		2.6224124431610107,
		1.8073647022247314,
		0.63790059089660645,
		5.9536576271057129,
		0.28348433971405029,
		6.2016153335571289,
		0.035526793450117111,
		0.6733056902885437,
		10.312502861022949,
		0.10621537268161774,
		10.525177001953125,
		20.199657440185547
	],
	"end" : 13.561944007873535,
	"labels" : 
	[
		"Prep",
		"Scan",
		"Break",
		"Prep",
		"Scan",
		"Break",
		"Prep",
		"Break",
		"Prep",
		"Break",
		"Scan",
		"Break",
		"Prep",
		"Scan",
		"Break",
		"Prep",
		"Scan",
		"Break",
		"Prep",
		"Scan",
		"Break",
		"Prep",
		"Break",
		"Prep",
		"Scan",
		"Break",
		"Prep",
		"Scan",
		"Break",
		"Prep",
		"Scan",
		"Prep",
		"Scan",
		"Break",
		"Prep",
		"Scan",
		"Prep",
		"Scan",
		"Dead"
	],
	"start" : 12.778888702392578
}