{
	"data" : 
	[
		1.0764648914337158,
		1.5382595062255859,
		6.1522459983825684,
		1.1538267135620117,
		0.99963110685348511,
		10.305229187011719,
		0.077097795903682709,
		0.076833762228488922,
		12.227922439575195,
		0.076833762228488922,
		0.077097795903682709,
		7.0753068923950195,
		0.69203197956085205,
		6.1525101661682129,
		1.3843280076980591,
		14.304282188415527,
		1.3074941635131836,
		6.3830108642578125,
		28.839591979980469
	],
	"end" : 14.61138916015625,
	"labels" : 
	[
		"Prep",
		"Scan",
		"Break",
		"Prep",
		"Break",
		"Scan",
		"Prep",
		"Break",
		"Scan",
		"Prep",
		"Break",
		"Scan",
		"Prep",
		"Scan",
		"Prep",
		"Scan",
		"Break",
		"Scan",
		"Dead"
	],
	"start" : 14.250555992126465
}