{
	"data" : 
	[
		1.4492408037185669,
		2.3415229320526123,
		6.5782361030578613,
		1.6724069118499756,
		11.930014610290527,
		0.22316622734069824,
		14.048372268676758,
		0.11139172315597534,
		0.89189940690994263,
		15.609387397766113,
		0.11139172315597534,
		9.7002668380737305,
		35.232704162597656
	],
	"end" : 9.8572225570678711,
	"labels" : 
	[
		"Prep",
		"Scan",
		"Break",
		"Prep",
		"Scan",
		"Break",
		"Scan",
		"Break",
		"Prep",
		"Scan",
		"Prep",
		"Scan",
		"Dead"
	],
	"start" : 9.6083335876464844
}