{
	"data" : 
	[
		0.56787312030792236,
		0.24313549697399139,
		0.52748984098434448,
		0.040383331477642059,
		0.40578284859657288,
		0.85167050361633301,
		1.1761296987533569,
		6.4897403717041016,
		1.0950844287872314,
		0.12170699238777161,
		5.5974078178405762,
		0.081045165657997131,
		5.0295348167419434,
		0.48682796955108643,
		0.081045165657997131,
		6.3273715972900391,
		1.3384984731674194,
		0.081045165657997131,
		9.5722408294677734,
		59.785991668701172
	],
	"end" : 18.595277786254883,
	"labels" : 
	[
		"Prep",
		"Scan",
		"Break",
		"Prep",
		"Scan",
		"Break",
		"Prep",
		"Scan",
		"Break",
		"Prep",
		"Scan",
		"Prep",
		"Scan",
		"Break",
		"Prep",
		"Scan",
		"Break",
		"Prep",
		"Scan",
		"Dead"
	],
	"start" : 17.911111831665039
}