{
	"data" : 
	[
		1.2716975212097168,
		0.49729070067405701,
		3.2065756320953369,
		1.1058074235916138,
		0.49767029285430908,
		2.7089054584503174,
		0.1104668527841568,
		2.8197519779205322,
		0.66318076848983765,
		0.49767029285430908,
		0.71860396862030029,
		0.055423233658075333,
		0.60813713073730469,
		4.8650970458984375,
		0.8290708065032959,
		8.3480300903320312,
		0.055423233658075333,
		6.4131512641906738,
		0.77364766597747803,
		6.4685750007629395,
		2.7643287181854248,
		6.0259480476379395,
		0.055423233658075333,
		8.0712928771972656,
		1.2162742614746094,
		1.8244115114212036,
		13.876687049865723,
		23.551458358764648
	],
	"end" : 17.310556411743164,
	"labels" : 
	[
		"Prep",
		"Scan",
		"Break",
		"Prep",
		"Scan",
		"Break",
		"Prep",
		"Break",
		"Prep",
		"Scan",
		"Break",
		"Prep",
		"Scan",
		"Break",
		"Prep",
		"Scan",
		"Prep",
		"Scan",
		"Prep",
		"Scan",
		"Prep",
		"Scan",
		"Prep",
		"Scan",
		"Break",
		"Prep",
		"Scan",
		"Dead"
	],
	"start" : 16.808610916137695
}