{
	"data" : 
	[
		0.14028787612915039,
		0.060133203864097595,
		0.30059722065925598,
		0.30059722065925598,
		0.18036520481109619,
		0.080154672265052795,
		0.31060796976089478,
		0.17035447061061859,
		0.15029861032962799,
		0.060133203864097595,
		0.31060796976089478,
		0.11022128164768219,
		1.4528980255126953,
		0.010045135393738747,
		1.8136284351348877,
		0.0100107342004776,
		0.13027714192867279,
		1.1122235059738159,
		0.15029861032962799,
		1.8035833835601807,
		0.020055869594216347,
		2.0240602493286133,
		0.17032007873058319,
		1.2425005435943604,
		0.090165406465530396,
		1.8036178350448608,
		0.010045135393738747,
		2.1242363452911377,
		0.040077336132526398,
		0.15029861032962799,
		1.2725672721862793,
		0.15029861032962799,
		1.3526874780654907,
		0.010045135393738747,
		0.0200214684009552,
		0.0100107342004776,
		1.7034071683883667,
		0.010045135393738747,
		0.15029861032962799,
		0.0200214684009552,
		1.7434846162796021,
		0.030066601932048798,
		0.010045135393738747,
		0.11022128164768219,
		2.3446791172027588,
		0.030066601932048798,
		0.0100107342004776,
		1.8737616539001465,
		0.47095167636871338,
		0.16030934453010559,
		1.8637166023254395,
		70.220588684082031
	],
	"end" : 14.463333129882812,
	"labels" : 
	[
		"Prep",
		"Break",
		"Scan",
		"Break",
		"Prep",
		"Break",
		"Scan",
		"Break",
		"Prep",
		"Break",
		"Scan",
		"Break",
		"Scan",
		"Prep",
		"Scan",
		"Break",
		"Prep",
		"Scan",
		"Prep",
		"Scan",
		"Break",
		"Scan",
		"Prep",
		"Scan",
		"Prep",
		"Scan",
		"Prep",
		"Scan",
		"Break",
		"Prep",
		"Scan",
		"Prep",
		"Scan",
		"Prep",
		"Break",
		"Prep",
		"Scan",
		"Break",
		"Prep",
		"Break",
		"Scan",
		"Break",
		"Prep",
		"Break",
		"Scan",
		"Break",
		"Prep",
		"Scan",
		"Break",
		"Prep",
		"Scan",
		"Dead"
	],
	"start" : 11.693888664245605
}