{
	"data" : 
	[
		0.32141152024269104,
		0.64282304048538208,
		1.6655417680740356,
		0.26292747259140015,
		0.64282304048538208,
		4.119865894317627,
		0.26302778720855713,
		6.3112621307373047,
		2.1914970874786377,
		0.2921193540096283,
		0.029292188584804535,
		9.5253782272338867,
		0.55514711141586304,
		0.29221966862678528,
		0.029191872105002403,
		9.3209342956542969,
		0.029191872105002403,
		0.20454372465610504,
		7.8306441307067871,
		0.64282304048538208,
		1.9869532585144043,
		7.8014521598815918,
		2.3959405422210693,
		0.55524748563766479,
		1.0811023712158203,
		0.75969088077545166,
		0.058383744210004807,
		3.6232030391693115,
		7.9183201789855957,
		0.17535185813903809,
		3.3601751327514648,
		0.029191872105002403,
		0.087675929069519043,
		4.8211727142333984,
		20.073474884033203
	],
	"end" : 15.413055419921875,
	"labels" : 
	[
		"Prep",
		"Scan",
		"Break",
		"Prep",
		"Scan",
		"Break",
		"Prep",
		"Scan",
		"Break",
		"Prep",
		"Break",
		"Scan",
		"Break",
		"Prep",
		"Break",
		"Scan",
		"Break",
		"Prep",
		"Scan",
		"Break",
		"Prep",
		"Scan",
		"Break",
		"Prep",
		"Scan",
		"Break",
		"Prep",
		"Scan",
		"Break",
		"Prep",
		"Scan",
		"Break",
		"Prep",
		"Scan",
		"Dead"
	],
	"start" : 14.463333129882812
}