{
	"data" : 
	[
		0.5148816704750061,
		0.30869334936141968,
		0.61785799264907837,
		0.41166967153549194,
		0.89238303899765015,
		2.7454855442047119,
		0.034168347716331482,
		0.24035665392875671,
		7.1037173271179199,
		1.1325039863586426,
		0.24035665392875671,
		0.034168347716331482,
		5.834068775177002,
		1.6817896366119385,
		4.427039623260498,
		0.034168347716331482,
		5.4909710884094238,
		0.03440399095416069,
		0.41166967153549194,
		6.1774015426635742,
		1.1666723489761353,
		14.104694366455078,
		5.4909710884094238,
		3.4319159984588623,
		37.337993621826172
	],
	"end" : 16.808610916137695,
	"labels" : 
	[
		"Prep",
		"Scan",
		"Break",
		"Prep",
		"Scan",
		"Break",
		"Prep",
		"Break",
		"Scan",
		"Break",
		"Break",
		"Prep",
		"Scan",
		"Prep",
		"Scan",
		"Break",
		"Scan",
		"Break",
		"Break",
		"Scan",
		"Prep",
		"Scan",
		"Scan",
		"Scan",
		"Dead"
	],
	"start" : 16.0
}