{
	"data" : 
	[
		0.66193556785583496,
		1.3238711357116699,
		3.4512197971343994,
		0.70917028188705444,
		8.9358053207397461,
		0.047234736382961273,
		0.80380207300186157,
		3.4039850234985352,
		1.9384095668792725,
		0.89827156066894531,
		14.703799247741699,
		0.047234736382961273,
		0.70917028188705444,
		1.3238711357116699,
		0.42543721199035645,
		10.779582977294922,
		0.047234736382961273,
		0.14186652004718781,
		4.7278561592102051,
		1.9856443405151367,
		10.212279319763184,
		0.18910126388072968,
		10.637716293334961,
		0.37820252776145935,
		4.5859894752502441,
		16.831310272216797
	],
	"end" : 16.0,
	"labels" : 
	[
		"Prep",
		"Scan",
		"Break",
		"Prep",
		"Scan",
		"Break",
		"Prep",
		"Scan",
		"Break",
		"Prep",
		"Scan",
		"Break",
		"Prep",
		"Scan",
		"Prep",
		"Scan",
		"Break",
		"Prep",
		"Scan",
		"Prep",
		"Scan",
		"Prep",
		"Scan",
		"Prep",
		"Scan",
		"Dead"
	],
	"start" : 15.413055419921875
}