{
	"data" : 
	[
		0.23135797679424286,
		0.69424420595169067,
		0.16530433297157288,
		0.016513409093022346,
		0.4132324755191803,
		0.64459049701690674,
		0.26444154977798462,
		0.099193952977657318,
		0.51242643594741821,
		0.64459049701690674,
		0.26444154977798462,
		0.099193952977657318,
		0.47934287786483765,
		1.0247961282730103,
		0.016513409093022346,
		1.983481764793396,
		0.016513409093022346,
		1.0247961282730103,
		0.28095495700836182,
		1.9669116735458374,
		0.016570156440138817,
		2.6941826343536377,
		0.016513409093022346,
		2.9090838432312012,
		0.28101170063018799,
		2.0165085792541504,
		2.6280722618103027,
		0.016513409093022346,
		2.9090838432312012,
		0.24792812764644623,
		2.4627680778503418,
		3.1074151992797852,
		0.016513409093022346,
		2.9090838432312012,
		0.13222077488899231,
		3.0578181743621826,
		0.016570156440138817,
		0.24792812764644623,
		2.8925139904022217,
		0.016570156440138817,
		0.24792812764644623,
		4.9255361557006836,
		0.033083569258451462,
		0.16530433297157288,
		3.4048836231231689,
		51.685554504394531
	],
	"end" : 11.693888664245605,
	"labels" : 
	[
		"Prep",
		"Break",
		"Break",
		"Break",
		"Scan",
		"Break",
		"Prep",
		"Break",
		"Scan",
		"Break",
		"Prep",
		"Break",
		"Scan",
		"Break",
		"Prep",
		"Scan",
		"Break",
		"Scan",
		"Break",
		"Scan",
		"Prep",
		"Scan",
		"Break",
		"Scan",
		"Prep",
		"Scan",
		"Scan",
		"Break",
		"Scan",
		"Prep",
		"Scan",
		"Scan",
		"Break",
		"Scan",
		"Prep",
		"Scan",
		"Break",
		"Prep",
		"Scan",
		"Break",
		"Prep",
		"Scan",
		"Break",
		"Prep",
		"Scan",
		"Dead"
	],
	"start" : 10.015000343322754
}