{
	"data" : 
	[
		1.186712384223938,
		2.1355390548706055,
		2.5309288501739502,
		1.1074172258377075,
		14.94931697845459,
		0.07929520308971405,
		1.3442165851593018,
		5.6951332092285156,
		0.47468498349189758,
		1.5028069019317627,
		22.384599685668945,
		0.07929520308971405,
		0.23734249174594879,
		18.350320816040039,
		0.07929520308971405,
		0.23734249174594879,
		19.537033081054688,
		0.078752078115940094,
		7.9099678993225098
	],
	"end" : 18.946111679077148,
	"labels" : 
	[
		"Prep",
		"Scan",
		"Break",
		"Prep",
		"Scan",
		"Break",
		"Prep",
		"Scan",
		"Break",
		"Prep",
		"Scan",
		"Break",
		"Prep",
		"Scan",
		"Break",
		"Prep",
		"Scan",
		"Break",
		"Scan"
	],
	"start" : 18.595277786254883
}