{
	"data" : 
	[
		0.64661633968353271,
		0.4159538745880127,
		2.0331292152404785,
		0.50828230381011963,
		2.7723913192749023,
		0.64693361520767212,
		0.60061073303222656,
		0.046322859823703766,
		7.5319066047668457,
		5.4984598159790039,
		0.046322859823703766,
		1.2012214660644531,
		5.8684077262878418,
		3.1420223712921143,
		2.4490830898284912,
		6.3303670883178711,
		0.046322859823703766,
		8.2711687088012695,
		1.570852518081665,
		15.340797424316406,
		34.932826995849609
	],
	"end" : 17.911111831665039,
	"labels" : 
	[
		"Prep",
		"Scan",
		"Break",
		"Scan",
		"Break",
		"Prep",
		"Break",
		"Prep",
		"Scan",
		"Scan",
		"Prep",
		"Break",
		"Scan",
		"Break",
		"Prep",
		"Scan",
		"Prep",
		"Scan",
		"Prep",
		"Scan",
		"Dead"
	],
	"start" : 17.310556411743164
}