{
	"data" : 
	[
		0.0092989485710859299,
		0.02169400081038475,
		0.040284804999828339,
		0.011363017372786999,
		0.011363017372786999,
		0.030989402905106544,
		0.0010355807607993484,
		0.0092954020947217941,
		0.19730298221111298,
		0.010327436029911041,
		0.0092989485710859299,
		0.034089051187038422,
		0.026857718825340271,
		0.0010320342844352126,
		0.25515010952949524,
		0.030989402905106544,
		0.0082633672282099724,
		0.042355965822935104,
		0.035121086984872818,
		0.0092954020947217941,
		0.024793650954961777,
		0.042352419346570969,
		0.25721415877342224,
		0.052683398127555847,
		0.0092989485710859299,
		0.010327436029911041,
		0.23345963656902313,
		0.10846290737390518,
		0.0010320342844352126,
		0.11982947587966919,
		0.064046420156955719,
		0.0092954020947217941,
		43.402355194091797,
		0.10536679625511169,
		54.664073944091797
	],
	"end" : 14.699444770812988,
	"labels" : 
	[
		"Prep",
		"Scan",
		"Break",
		"Prep",
		"Break",
		"Scan",
		"Break",
		"Prep",
		"Scan",
		"Break",
		"Prep",
		"Scan",
		"Break",
		"Prep",
		"Scan",
		"Break",
		"Prep",
		"Scan",
		"Break",
		"Prep",
		"Scan",
		"Break",
		"Scan",
		"Break",
		"Prep",
		"Break",
		"Scan",
		"Scan",
		"Prep",
		"Scan",
		"Break",
		"Prep",
		"Scan",
		"Dead",
		"Break"
	],
	"start" : 14.206388473510742
}