{
	"data" : 
	[
		0.37721261382102966,
		0.72768634557723999,
		0.91624641418457031,
		0.37730512022972107,
		5.1202659606933594,
		1.2666275501251221,
		0.4850933849811554,
		1.9402811527252197,
		0.027016455307602882,
		0.13471218943595886,
		1.0509586334228516,
		0.323457270860672,
		0.75451779365539551,
		0.027016455307602882,
		0.48500087857246399,
		8.3812074661254883,
		0.026923932135105133,
		0.080864317715167999,
		6.8450627326965332,
		0.10778824985027313,
		6.656409740447998,
		0.24250043928623199,
		3.4225776195526123,
		0.026923932135105133,
		0.21557649970054626,
		4.3118076324462891,
		0.027016455307602882,
		2.6948912143707275,
		3.2877731323242188,
		0.080864317715167999,
		4.2309432029724121,
		17.948085784912109,
		0.080864317715167999,
		3.0721964836120605,
		0.080771796405315399,
		2.5871031284332275,
		0.027016455307602882,
		2.1558575630187988,
		19.295578002929688
	],
	"end" : 11.661389350891113,
	"labels" : 
	[
		"Prep",
		"Scan",
		"Break",
		"Prep",
		"Scan",
		"Break",
		"Prep",
		"Scan",
		"Break",
		"Prep",
		"Break",
		"Prep",
		"Scan",
		"Break",
		"Prep",
		"Scan",
		"Break",
		"Prep",
		"Scan",
		"Prep",
		"Scan",
		"Prep",
		"Scan",
		"Break",
		"Prep",
		"Scan",
		"Break",
		"Scan",
		"Break",
		"Prep",
		"Scan",
		"Break",
		"Prep",
		"Scan",
		"Prep",
		"Scan",
		"Prep",
		"Scan",
		"Dead"
	],
	"start" : 10.631667137145996
}