{
	"data" : 
	[
		0.51323592662811279,
		0.35937091708183289,
		1.1294009685516357,
		0.51341217756271362,
		1.6941016912460327,
		2.5667085647583008,
		0.35937091708183289,
		11.807422637939453,
		0.97535979747772217,
		7.4949722290039062,
		7.3923954963684082,
		0.051464591175317764,
		7.8030548095703125,
		0.051288340240716934,
		11.139968872070312,
		0.051288340240716934,
		0.41065925359725952,
		6.2631707191467285,
		39.323352813720703
	],
	"end" : 9.2399997711181641,
	"labels" : 
	[
		"Prep",
		"Scan",
		"Break",
		"Prep",
		"Scan",
		"Break",
		"Prep",
		"Scan",
		"Prep",
		"Scan",
		"Scan",
		"Break",
		"Scan",
		"Break",
		"Scan",
		"Break",
		"Prep",
		"Scan",
		"Dead"
	],
	"start" : 8.6994447708129883
}