{
	"data" : 
	[
		0.18692067265510559,
		0.4247719943523407,
		0.74768269062042236,
		0.44180721044540405,
		0.88361442089080811,
		0.017035217955708504,
		0.050930634140968323,
		2.4639809131622314,
		0.3058755099773407,
		1.6822860240936279,
		0.016976878046989441,
		0.13593170046806335,
		0.034012094140052795,
		3.0246846675872803,
		0.016976878046989441,
		0.034012094140052795,
		1.4613534212112427,
		3.0077075958251953,
		0.033953756093978882,
		2.5319466590881348,
		1.6992630958557129,
		0.050988975912332535,
		1.6992630958557129,
		0.033953756093978882,
		2.3280491828918457,
		76.586021423339844
	],
	"end" : 14.206388473510742,
	"labels" : 
	[
		"Prep",
		"Scan",
		"Break",
		"Scan",
		"Break",
		"Prep",
		"Break",
		"Scan",
		"Prep",
		"Scan",
		"Break",
		"Prep",
		"Break",
		"Scan",
		"Break",
		"Prep",
		"Scan",
		"Scan",
		"Prep",
		"Scan",
		"Break",
		"Prep",
		"Scan",
		"Prep",
		"Scan",
		"Dead"
	],
	"start" : 12.573333740234375
}