{
	"data" : 
	[
		2.4953160285949707,
		0.17068436741828918,
		0.042616173624992371,
		0.085305571556091309,
		0.19199246168136597,
		2.1540937423706055,
		0.021308086812496185,
		2.2394726276397705,
		0.021308086812496185,
		0.10661366581916809,
		0.063997484743595123,
		0.063997484743595123,
		0.17061114311218262,
		0.10668688267469406,
		0.40521976351737976,
		0.021308086812496185,
		2.0047907829284668,
		6.6116580963134766,
		0.021381311118602753,
		0.021308086812496185,
		0.021308086812496185,
		2.9859147071838379,
		2.1114778518676758,
		0.27729803323745728,
		4.3081874847412109,
		0.89581841230392456,
		0.40521976351737976,
		0.042616173624992371,
		2.9859147071838379,
		0.17068436741828918,
		0.021308086812496185,
		4.7134809494018555,
		0.021308086812496185,
		0.27729803323745728,
		0.27722480893135071,
		4.8627839088439941,
		0.81043952703475952,
		0.3412955105304718,
		4.6067938804626465,
		0.34122228622436523,
		4.9054732322692871,
		0.021308086812496185,
		0.27729803323745728,
		0.3838384747505188,
		0.021381311118602753,
		0.17061114311218262,
		5.1826982498168945,
		0.21322733163833618,
		1.4716492891311646,
		0.021308086812496185,
		0.063997484743595123,
		0.021381311118602753,
		5.7798371315002441,
		0.021308086812496185,
		0.31991419196128845,
		0.38391169905662537,
		0.93843448162078857,
		0.021308086812496185,
		0.42660108208656311,
		0.063997484743595123,
		0.021308086812496185,
		5.0333948135375977,
		0.34122228622436523,
		0.17061114311218262,
		4.6495561599731445,
		21.477161407470703
	],
	"end" : 16.000555038452148,
	"labels" : 
	[
		"Scan",
		"Break",
		"Prep",
		"Break",
		"Prep",
		"Scan",
		"Break",
		"Scan",
		"Break",
		"Scan",
		"Break",
		"Prep",
		"Break",
		"Prep",
		"Break",
		"Prep",
		"Scan",
		"Break",
		"Prep",
		"Break",
		"Prep",
		"Scan",
		"Break",
		"Prep",
		"Scan",
		"Break",
		"Prep",
		"Break",
		"Scan",
		"Prep",
		"Break",
		"Scan",
		"Break",
		"Prep",
		"Break",
		"Scan",
		"Break",
		"Prep",
		"Scan",
		"Prep",
		"Scan",
		"Break",
		"Prep",
		"Break",
		"Prep",
		"Break",
		"Scan",
		"Prep",
		"Break",
		"Prep",
		"Break",
		"Prep",
		"Scan",
		"Break",
		"Prep",
		"Break",
		"Break",
		"Prep",
		"Break",
		"Break",
		"Prep",
		"Scan",
		"Prep",
		"Break",
		"Scan",
		"Dead"
	],
	"start" : 14.699444770812988
}