{
	"data" : 
	[
		0.59804016351699829,
		0.38693875074386597,
		4.9246530532836914,
		0.56277608871459961,
		4.4674277305603027,
		3.6230220794677734,
		0.2813880443572998,
		6.5429363250732422,
		0.07028663158416748,
		0.035264082252979279,
		3.8341233730316162,
		0.035264082252979279,
		0.24612395465373993,
		1.4774683713912964,
		0.56277608871459961,
		0.035022545605897903,
		0.035264082252979279,
		7.7740392684936523,
		0.035022545605897903,
		6.2262840270996094,
		0.10555070638656616,
		0.38693875074386597,
		3.5877580642700195,
		0.035264082252979279,
		3.8341233730316162,
		4.2563261985778809,
		0.07028663158416748,
		0.035264082252979279,
		0.035264082252979279,
		8.4421243667602539,
		0.14081478118896484,
		7.4573864936828613,
		29.758777618408203
	],
	"end" : 16.789443969726562,
	"labels" : 
	[
		"Prep",
		"Scan",
		"Break",
		"Prep",
		"Scan",
		"Break",
		"Prep",
		"Scan",
		"Break",
		"Prep",
		"Scan",
		"Break",
		"Prep",
		"Break",
		"Prep",
		"Break",
		"Prep",
		"Scan",
		"Prep",
		"Scan",
		"Break",
		"Prep",
		"Scan",
		"Break",
		"Scan",
		"Break",
		"Prep",
		"Break",
		"Prep",
		"Scan",
		"Prep",
		"Scan",
		"Dead"
	],
	"start" : 16.000555038452148
}