{
	"data" : 
	[
		0.36090934276580811,
		0.64976900815963745,
		0.79419881105422974,
		0.19251802563667297,
		4.5726752281188965,
		0.43328949809074402,
		1.7326622009277344,
		0.024126723408699036,
		0.74611067771911621,
		7.4845719337463379,
		0.024126723408699036,
		0.072214916348457336,
		0.14442983269691467,
		1.058931827545166,
		0.072214916348457336,
		5.9683890342712402,
		0.21664474904537201,
		0.096341639757156372,
		6.1128191947937012,
		0.024126723408699036,
		0.16839130222797394,
		2.3345084190368652,
		0.023961471393704414,
		0.79419881105422974,
		0.024126723408699036,
		0.024126723408699036,
		0.67373043298721313,
		0.38520130515098572,
		0.36090934276580811,
		0.21664474904537201,
		0.023961471393704414,
		0.74611067771911621,
		0.38503605127334595,
		0.40916275978088379,
		0.12030311673879623,
		0.024126723408699036,
		0.74611067771911621,
		1.756788969039917,
		0.38503605127334595,
		2.8879356384277344,
		0.38520130515098572,
		0.023961471393704414,
		0.31298640370368958,
		0.33678260445594788,
		2.7195444107055664,
		0.28885966539382935,
		3.8506910800933838,
		2.117863655090332,
		0.023961471393704414,
		5.0299258232116699,
		0.096341639757156372,
		0.24060623347759247,
		0.74611067771911621,
		0.023961471393704414,
		0.84228700399398804,
		0.024126723408699036,
		0.36107459664344788,
		4.2596883773803711,
		4.7171049118041992,
		0.023961471393704414,
		0.38503605127334595,
		4.2598538398742676,
		0.024126723408699036,
		1.5161827802658081,
		0.023961471393704414,
		4.7410664558410645,
		0.024126723408699036,
		4.2598538398742676,
		0.072214916348457336,
		0.33678260445594788,
		2.478938102722168,
		0.048088192939758301,
		0.36107459664344788,
		0.023961471393704414,
		4.4764986038208008,
		0.023961471393704414,
		0.33694785833358765,
		2.1419904232025146,
		0.12030311673879623,
		4.5485482215881348
	],
	"end" : 19.458889007568359,
	"labels" : 
	[
		"Prep",
		"Scan",
		"Break",
		"Prep",
		"Scan",
		"Prep",
		"Scan",
		"Break",
		"Prep",
		"Scan",
		"Break",
		"Prep",
		"Scan",
		"Break",
		"Prep",
		"Scan",
		"Break",
		"Prep",
		"Scan",
		"Break",
		"Prep",
		"Scan",
		"Break",
		"Prep",
		"Break",
		"Prep",
		"Scan",
		"Break",
		"Prep",
		"Break",
		"Prep",
		"Scan",
		"Break",
		"Prep",
		"Break",
		"Prep",
		"Scan",
		"Break",
		"Prep",
		"Scan",
		"Break",
		"Prep",
		"Break",
		"Prep",
		"Scan",
		"Break",
		"Scan",
		"Break",
		"Prep",
		"Scan",
		"Break",
		"Prep",
		"Scan",
		"Break",
		"Scan",
		"Break",
		"Prep",
		"Scan",
		"Scan",
		"Break",
		"Prep",
		"Scan",
		"Prep",
		"Scan",
		"Break",
		"Scan",
		"Break",
		"Scan",
		"Break",
		"Prep",
		"Scan",
		"Break",
		"Prep",
		"Break",
		"Scan",
		"Break",
		"Prep",
		"Scan",
		"Break",
		"Scan"
	],
	"start" : 18.30583381652832
}