{
	"data" : 
	[
		0.33462175726890564,
		0.79126602411270142,
		1.4606139659881592,
		0.030401164665818214,
		0.42603415250778198,
		0.030401164665818214,
		0.8824695348739624,
		1.2779980897903442,
		0.6086500883102417,
		0.33472621440887451,
		5.598933219909668,
		0.54774332046508789,
		3.1342451572418213,
		0.24341826140880585,
		0.30432504415512085,
		0.030401164665818214,
		0.03050563670694828,
		6.6336174011230469,
		0.030401164665818214,
		0.060906801372766495,
		1.1258877515792847,
		0.66945242881774902,
		2.4951937198638916,
		0.030401164665818214,
		0.24341826140880585,
		4.5340566635131836,
		0.030401164665818214,
		0.60854560136795044,
		0.63905131816864014,
		0.27381941676139832,
		0.39563301205635071,
		1.7344332933425903,
		0.30432504415512085,
		0.091307967901229858,
		0.030401164665818214,
		7.3943781852722168,
		0.030401164665818214,
		0.27392390370368958,
		3.8036973476409912,
		0.030401164665818214,
		1.1258877515792847,
		0.030401164665818214,
		6.7553267478942871,
		0.03050563670694828,
		0.30422058701515198,
		8.0030288696289062,
		5.4164218902587891,
		0.57814449071884155,
		5.8728570938110352,
		0.03050563670694828,
		0.76076042652130127,
		4.1688251495361328,
		0.030401164665818214,
		0.12170913070440292,
		3.8645000457763672,
		15.275696754455566
	],
	"end" : 12.573333740234375,
	"labels" : 
	[
		"Prep",
		"Scan",
		"Break",
		"Prep",
		"Break",
		"Prep",
		"Scan",
		"Break",
		"Break",
		"Break",
		"Scan",
		"Prep",
		"Scan",
		"Break",
		"Prep",
		"Break",
		"Prep",
		"Scan",
		"Break",
		"Prep",
		"Break",
		"Prep",
		"Scan",
		"Break",
		"Prep",
		"Scan",
		"Prep",
		"Scan",
		"Break",
		"Prep",
		"Scan",
		"Break",
		"Prep",
		"Break",
		"Prep",
		"Scan",
		"Prep",
		"Break",
		"Scan",
		"Prep",
		"Break",
		"Prep",
		"Scan",
		"Prep",
		"Break",
		"Scan",
		"Break",
		"Prep",
		"Scan",
		"Break",
		"Prep",
		"Scan",
		"Break",
		"Prep",
		"Scan",
		"Dead"
	],
	"start" : 11.661389350891113
}