{
	"data" : 
	[
		0.25621345639228821,
		0.018345838412642479,
		0.53064709901809692,
		0.51242691278457642,
		0.29277947545051575,
		0.10982371866703033,
		0.56733876466751099,
		0.091477878391742706,
		0.27443361282348633,
		0.018345838412642479,
		0.58555895090103149,
		0.054911859333515167,
		0.29277947545051575,
		0.018345838412642479,
		0.56733876466751099,
		0.21952177584171295,
		0.29290512204170227,
		2.8913543224334717,
		0.018345838412642479,
		3.0011782646179199,
		0.27443361282348633,
		3.6417746543884277,
		3.2390458583831787,
		0.018345838412642479,
		0.29277947545051575,
		2.6169207096099854,
		0.018345838412642479,
		0.29277947545051575,
		2.0130159854888916,
		0.29277947545051575,
		2.0130159854888916,
		0.018220182508230209,
		3.2940833568572998,
		0.018345838412642479,
		0.036566019058227539,
		3.4221272468566895,
		0.018220182508230209,
		0.25621345639228821,
		0.018345838412642479,
		4.0991640090942383,
		0.018345838412642479,
		0.18295575678348541,
		2.9829578399658203,
		0.018220182508230209,
		0.1647355705499649,
		2.763310432434082,
		0.018345838412642479,
		0.16460992395877838,
		2.763310432434082,
		0.018345838412642479,
		0.27455928921699524,
		3.2390458583831787,
		0.018345838412642479,
		0.29277947545051575,
		3.5136051177978516,
		0.018345838412642479,
		2.5802292823791504,
		0.018345838412642479,
		0.018220182508230209,
		0.018345838412642479,
		1.9397581815719604,
		0.34781697392463684,
		0.31099966168403625,
		2.763310432434082,
		38.942562103271484
	],
	"end" : 18.30583381652832,
	"labels" : 
	[
		"Prep",
		"Break",
		"Scan",
		"Break",
		"Prep",
		"Break",
		"Scan",
		"Break",
		"Prep",
		"Break",
		"Scan",
		"Break",
		"Prep",
		"Break",
		"Scan",
		"Break",
		"Prep",
		"Scan",
		"Prep",
		"Scan",
		"Prep",
		"Scan",
		"Scan",
		"Break",
		"Prep",
		"Scan",
		"Break",
		"Prep",
		"Scan",
		"Prep",
		"Scan",
		"Prep",
		"Scan",
		"Prep",
		"Break",
		"Scan",
		"Break",
		"Prep",
		"Break",
		"Scan",
		"Break",
		"Prep",
		"Scan",
		"Break",
		"Prep",
		"Scan",
		"Break",
		"Prep",
		"Scan",
		"Break",
		"Prep",
		"Scan",
		"Break",
		"Prep",
		"Scan",
		"Break",
		"Scan",
		"Prep",
		"Break",
		"Prep",
		"Scan",
		"Break",
		"Prep",
		"Scan",
		"Dead"
	],
	"start" : 16.789443969726562
}