{
	"data" : 
	[
		0.059833109378814697,
		9.4516458511352539,
		0.19935242831707001,
		0.19942088425159454,
		0.17943085730075836,
		0.13958775997161865,
		0.43868488073348999,
		0.4985179603099823,
		0.19942088425159454,
		0.4985179603099823,
		0.95712441205978394,
		0.19935242831707001,
		0.13958775997161865,
		3.1306271553039551,
		0.79761505126953125,
		0.019921548664569855,
		2.0737581253051758,
		0.35893020033836365,
		2.093679666519165,
		0.15957777202129364,
		0.23926398158073425,
		0.41876327991485596,
		0.17943085730075836,
		0.019921548664569855,
		0.13958775997161865,
		3.3100578784942627,
		3.3100578784942627,
		1.6151516437530518,
		0.099676214158535004,
		0.099744662642478943,
		0.039843097329139709,
		1.1565452814102173,
		0.099676214158535004,
		0.039911556988954544,
		3.9281737804412842,
		0.47859641909599304,
		0.019921548664569855,
		0.019921548664569855,
		3.4297239780426025,
		11.166474342346191,
		0.019921548664569855,
		0.019921548664569855,
		0.019990008324384689,
		3.1505486965179443,
		5.224306583404541,
		0.13951930403709412,
		0.019990008324384689,
		3.9082522392272949,
		0.019921548664569855,
		1.5154753923416138,
		2.033846378326416,
		0.059833109378814697,
		2.8913631439208984,
		0.019921548664569855,
		0.039843097329139709,
		1.9142488241195679,
		0.019990008324384689,
		0.17943085730075836,
		0.41876327991485596,
		0.059833109378814697,
		2.093679666519165,
		24.526371002197266
	],
	"end" : 10.631667137145996,
	"labels" : 
	[
		"Prep",
		"Break",
		"Prep",
		"Scan",
		"Break",
		"Prep",
		"Scan",
		"Break",
		"Prep",
		"Scan",
		"Break",
		"Prep",
		"Break",
		"Scan",
		"Break",
		"Prep",
		"Scan",
		"Prep",
		"Scan",
		"Prep",
		"Break",
		"Scan",
		"Prep",
		"Break",
		"Break",
		"Scan",
		"Break",
		"Break",
		"Prep",
		"Break",
		"Prep",
		"Break",
		"Prep",
		"Break",
		"Scan",
		"Break",
		"Break",
		"Prep",
		"Scan",
		"Break",
		"Prep",
		"Break",
		"Prep",
		"Scan",
		"Break",
		"Prep",
		"Break",
		"Scan",
		"Prep",
		"Scan",
		"Break",
		"Prep",
		"Scan",
		"Break",
		"Prep",
		"Scan",
		"Break",
		"Break",
		"Scan",
		"Prep",
		"Scan",
		"Dead"
	],
	"start" : 9.2399997711181641
}