{
	"data" : 
	[
		3.5009651184082031,
		1.615047812461853,
		5.385958194732666,
		0.26902055740356445,
		2.9619996547698975,
		8.0780124664306641,
		0.26902055740356445,
		14.540977478027344,
		4.5779719352722168,
		23.426052093505859,
		0.53896558284759521,
		14.271956443786621,
		7.5381221771240234,
		0.53989005088806152,
		12.386039733886719
	],
	"end" : 16.030555725097656,
	"labels" : 
	[
		"Prep",
		"Scan",
		"Break",
		"Prep",
		"Scan",
		"Break",
		"Prep",
		"Scan",
		"Prep",
		"Scan",
		"Prep",
		"Scan",
		"Break",
		"Prep",
		"Scan"
	],
	"start" : 15.927499771118164
}