{
	"data" : 
	[
		0.84460574388504028,
		1.6892114877700806,
		4.2830915451049805,
		0.48257270455360413,
		13.030290603637695,
		1.0256222486495972,
		4.8866181373596191,
		0.42209577560424805,
		1.8097511529922485,
		18.761514663696289,
		0.060062691569328308,
		0.18101653456687927,
		15.262552261352539,
		0.060476921498775482,
		0.42209577560424805,
		14.236928939819336,
		0.060476921498775482,
		0.12053962051868439,
		16.167219161987305,
		0.060476921498775482,
		6.0327796936035156
	],
	"end" : 19.092500686645508,
	"labels" : 
	[
		"Prep",
		"Scan",
		"Break",
		"Prep",
		"Scan",
		"Prep",
		"Scan",
		"Break",
		"Prep",
		"Scan",
		"Break",
		"Prep",
		"Scan",
		"Break",
		"Prep",
		"Scan",
		"Break",
		"Prep",
		"Scan",
		"Break",
		"Scan"
	],
	"start" : 18.632499694824219
}