{
	"data" : 
	[
		0.1504666656255722,
		0.21064300835132599,
		0.45134833455085754,
		0.90269666910171509,
		0.13543549180030823,
		0.10532150417566299,
		0.45134833455085754,
		1.2638063430786133,
		0.13538384437561035,
		2.4373223781585693,
		0.52655589580535889,
		0.015082824043929577,
		0.61684620380401611,
		0.030062340199947357,
		0.24075700342655182,
		4.3630685806274414,
		6.4544157981872559,
		0.40620321035385132,
		0.1504666656255722,
		1.5045117139816284,
		0.060176335275173187,
		0.015031170099973679,
		1.8806525468826294,
		0.015031170099973679,
		1.0231010913848877,
		0.015031170099973679,
		2.9338159561157227,
		0.21064300835132599,
		0.12035267055034637,
		2.5125300884246826,
		5.356107234954834,
		0.030062340199947357,
		1.0231010913848877,
		0.060176335275173187,
		4.3480372428894043,
		0.21064300835132599,
		0.22567416727542877,
		3.3400189876556396,
		55.968074798583984
	],
	"end" : 15.891944885253906,
	"labels" : 
	[
		"Prep",
		"Break",
		"Scan",
		"Break",
		"Prep",
		"Break",
		"Scan",
		"Break",
		"Prep",
		"Scan",
		"Break",
		"Prep",
		"Break",
		"Prep",
		"Break",
		"Scan",
		"Break",
		"Prep",
		"Break",
		"Scan",
		"Break",
		"Prep",
		"Scan",
		"Break",
		"Break",
		"Prep",
		"Scan",
		"Break",
		"Prep",
		"Scan",
		"Break",
		"Prep",
		"Break",
		"Break",
		"Scan",
		"Break",
		"Prep",
		"Scan",
		"Dead"
	],
	"start" : 14.047499656677246
}