{
	"data" : 
	[
		0.36869308352470398,
		0.92181187868118286,
		1.4288043975830078,
		0.32256689667701721,
		0.92181187868118286,
		1.1753081083297729,
		0.16132301092147827,
		0.82963854074478149,
		0.25349625945091248,
		0.16132301092147827,
		0.80653589963912964,
		0.023023538291454315,
		0.18434654176235199,
		0.80661499500274658,
		0.06914973258972168,
		2.3505370616912842,
		0.04604707658290863,
		0.41489839553833008,
		3.8484911918640137,
		0.06914973258972168,
		4.7241768836975098,
		0.023102656006813049,
		0.04604707658290863,
		4.079042911529541,
		0.022944420576095581,
		3.66414475440979,
		0.06914973258972168,
		1.544080376625061,
		0.39179572463035583,
		0.64513379335403442,
		0.71444171667098999,
		0.36869308352470398,
		0.62218934297561646,
		0.53009521961212158,
		0.3457486629486084,
		0.64513379335403442,
		0.16140212118625641,
		0.32264602184295654,
		2.3735606670379639,
		0.3457486629486084,
		1.9127733707427979,
		0.022944420576095581,
		2.3966634273529053,
		0.023102656006813049,
		0.34559041261672974,
		1.6823798418045044,
		0.18434654176235199,
		0.023102656006813049,
		2.5810098648071289,
		0.32264602184295654,
		0.022944420576095581,
		6.2451543807983398,
		0.023102656006813049,
		0.2995433509349823,
		2.4658129215240479,
		0.023102656006813049,
		2.3735606670379639,
		0.023102656006813049,
		6.4065566062927246,
		0.022944420576095581,
		0.32264602184295654,
		2.0971200466156006,
		33.277000427246094
	],
	"end" : 17.096111297607422,
	"labels" : 
	[
		"Prep",
		"Scan",
		"Break",
		"Prep",
		"Scan",
		"Break",
		"Prep",
		"Scan",
		"Break",
		"Prep",
		"Scan",
		"Break",
		"Prep",
		"Scan",
		"Break",
		"Scan",
		"Break",
		"Prep",
		"Scan",
		"Prep",
		"Scan",
		"Break",
		"Prep",
		"Scan",
		"Prep",
		"Scan",
		"Prep",
		"Scan",
		"Prep",
		"Scan",
		"Break",
		"Prep",
		"Scan",
		"Break",
		"Prep",
		"Scan",
		"Break",
		"Prep",
		"Scan",
		"Prep",
		"Scan",
		"Prep",
		"Scan",
		"Break",
		"Prep",
		"Scan",
		"Prep",
		"Break",
		"Scan",
		"Prep",
		"Break",
		"Scan",
		"Break",
		"Prep",
		"Scan",
		"Break",
		"Scan",
		"Prep",
		"Scan",
		"Break",
		"Prep",
		"Scan",
		"Dead"
	],
	"start" : 15.891944885253906
}