{
	"data" : 
	[
		0.53650546073913574,
		1.0345951318740845,
		1.3029794692993164,
		0.53624236583709717,
		7.7789344787597656,
		1.4179636240005493,
		0.6514897346496582,
		2.9506485462188721,
		0.26812118291854858,
		0.76647394895553589,
		11.91757869720459,
		0.038152668625116348,
		0.076568461954593658,
		9.733403205871582,
		0.038415789604187012,
		0.68964236974716187,
		0.038415789604187012,
		10.576183319091797,
		0.19155271351337433,
		9.4650192260742188,
		0.038415789604187012,
		3.7168595790863037,
		1.1879951953887939,
		3.7171225547790527,
		31.230722427368164
	],
	"end" : 17.820278167724609,
	"labels" : 
	[
		"Prep",
		"Scan",
		"Break",
		"Prep",
		"Scan",
		"Break",
		"Prep",
		"Scan",
		"Break",
		"Prep",
		"Scan",
		"Break",
		"Prep",
		"Scan",
		"Prep",
		"Break",
		"Prep",
		"Scan",
		"Prep",
		"Scan",
		"Prep",
		"Scan",
		"Break",
		"Scan",
		"Dead"
	],
	"start" : 17.096111297607422
}