{
	"data" : 
	[
		0.31515780091285706,
		0.63031560182571411,
		0.54020428657531738,
		0.33764699101448059,
		0.60774916410446167,
		0.83287286758422852,
		0.18014538288116455,
		3.8492064476013184,
		0.38270264863967896,
		1.8233247995376587,
		0.15750162303447723,
		0.42775830626487732,
		6.3703145980834961,
		0.022566473111510277,
		0.18006810545921326,
		5.2448506355285645,
		0.067544855177402496,
		5.5600080490112305,
		0.022489190101623535,
		0.18006810545921326,
		3.0838785171508789,
		69.083625793457031
	],
	"end" : 14.047499656677246,
	"labels" : 
	[
		"Prep",
		"Scan",
		"Break",
		"Prep",
		"Scan",
		"Break",
		"Prep",
		"Scan",
		"Prep",
		"Scan",
		"Break",
		"Prep",
		"Scan",
		"Break",
		"Prep",
		"Scan",
		"Prep",
		"Scan",
		"Break",
		"Prep",
		"Scan",
		"Dead"
	],
	"start" : 12.814722061157227
}