{
	"data" : 
	[
		0.47834178805351257,
		0.68314427137374878,
		0.034251056611537933,
		0.85416495800018311,
		0.99069994688034058,
		0.034251056611537933,
		0.88841599225997925,
		0.47810718417167664,
		0.034251056611537933,
		0.068267509341239929,
		0.58086031675338745,
		0.17078606784343719,
		1.0592020750045776,
		1.366523265838623,
		0.58086031675338745,
		0.17078606784343719,
		0.034251056611537933,
		1.0249509811401367,
		0.78589749336242676,
		0.034016456454992294,
		3.8267343044281006,
		0.44409072399139404,
		4.5098786354064941,
		0.034016456454992294,
		6.6622986793518066,
		0.034251056611537933,
		0.54660928249359131,
		1.1617206335067749,
		0.034016456454992294,
		0.54660928249359131,
		6.1841921806335449,
		0.034016456454992294,
		0.034251056611537933,
		0.034016456454992294,
		7.550715446472168,
		0.54660928249359131,
		3.7239811420440674,
		0.85416495800018311,
		0.23928819596767426,
		6.4572620391845703,
		0.068267509341239929,
		8.2681102752685547,
		0.034251056611537933,
		0.81991392374038696,
		0.034016456454992294,
		5.2957758903503418,
		0.034251056611537933,
		0.51235824823379517,
		4.8857016563415527,
		0.034251056611537933,
		0.54660928249359131,
		5.8764019012451172,
		0.034251056611537933,
		0.034016456454992294,
		0.068502113223075867,
		7.3454437255859375,
		12.197129249572754
	],
	"end" : 18.632499694824219,
	"labels" : 
	[
		"Prep",
		"Break",
		"Prep",
		"Scan",
		"Break",
		"Prep",
		"Scan",
		"Break",
		"Prep",
		"Break",
		"Prep",
		"Break",
		"Scan",
		"Break",
		"Prep",
		"Break",
		"Prep",
		"Scan",
		"Break",
		"Prep",
		"Scan",
		"Prep",
		"Scan",
		"Prep",
		"Scan",
		"Break",
		"Prep",
		"Scan",
		"Break",
		"Prep",
		"Scan",
		"Break",
		"Break",
		"Prep",
		"Scan",
		"Prep",
		"Scan",
		"Break",
		"Prep",
		"Scan",
		"Break",
		"Scan",
		"Break",
		"Break",
		"Prep",
		"Scan",
		"Break",
		"Prep",
		"Scan",
		"Break",
		"Prep",
		"Scan",
		"Prep",
		"Break",
		"Prep",
		"Scan",
		"Dead"
	],
	"start" : 17.820278167724609
}