{
	"data" : 
	[
		0.41121762990951538,
		0.76765644550323486,
		0.74017292261123657,
		0.027389410883188248,
		0.76765644550323486,
		0.98695999383926392,
		0.21930351853370667,
		5.181398868560791,
		0.027483530342578888,
		0.46599647402763367,
		1.9739199876785278,
		0.19191411137580872,
		0.24669294059276581,
		8.5260124206542969,
		0.027483530342578888,
		0.054778821766376495,
		6.963404655456543,
		0.082262352108955383,
		6.7714905738830566,
		0.027389410883188248,
		2.6867034435272217,
		17.874460220336914,
		0.35643881559371948,
		0.3289552628993988,
		0.76765644550323486,
		1.5352188348770142,
		0.19191411137580872,
		0.082262352108955383,
		7.9777536392211914,
		1.8093011379241943,
		0.52096349000930786,
		8.5260124206542969,
		0.027389410883188248,
		0.21930351853370667,
		1.9465305805206299,
		20.588554382324219
	],
	"end" : 12.814722061157227,
	"labels" : 
	[
		"Prep",
		"Scan",
		"Break",
		"Break",
		"Scan",
		"Break",
		"Prep",
		"Scan",
		"Break",
		"Prep",
		"Scan",
		"Break",
		"Prep",
		"Scan",
		"Break",
		"Prep",
		"Scan",
		"Prep",
		"Scan",
		"Prep",
		"Scan",
		"Break",
		"Break",
		"Prep",
		"Scan",
		"Break",
		"Prep",
		"Break",
		"Scan",
		"Break",
		"Prep",
		"Scan",
		"Break",
		"Prep",
		"Scan",
		"Dead"
	],
	"start" : 11.802499771118164
}