{
	"data" : 
	[
		1.2488112449645996,
		1.8732168674468994,
		6.7787361145019531,
		1.3382308483123779,
		11.149269104003906,
		0.089419543743133545,
		0.17822661995887756,
		13.647197723388672,
		0.089113309979438782,
		0.089113309979438782,
		7.5816740989685059,
		0.089419543743133545,
		0.71351891756057739,
		11.773981094360352,
		1.6946840286254883,
		12.93337345123291,
		28.632015228271484
	],
	"end" : 15.730555534362793,
	"labels" : 
	[
		"Prep",
		"Scan",
		"Break",
		"Prep",
		"Scan",
		"Prep",
		"Break",
		"Scan",
		"Prep",
		"Break",
		"Scan",
		"Break",
		"Prep",
		"Scan",
		"Prep",
		"Scan",
		"Dead"
	],
	"start" : 15.41944408416748
}