{
	"data" : 
	[
		0.28372001647949219,
		0.025865202769637108,
		0.67081224918365479,
		0.85142576694488525,
		0.51597535610198975,
		1.9092415571212769,
		0.64503562450408936,
		0.2063901424407959,
		10.887921333312988,
		0.36113843321800232,
		0.051641825586557388,
		2.1930501461029053,
		0.02577662467956543,
		0.2063901424407959,
		0.18061351776123047,
		2.1930501461029053,
		0.025865202769637108,
		0.077329866588115692,
		0.43864548206329346,
		0.46442210674285889,
		2.5800538063049316,
		0.59339380264282227,
		0.025865202769637108,
		0.18052493035793304,
		0.79987251758575439,
		0.67081224918365479,
		0.2063901424407959,
		0.07741844654083252,
		0.18061351776123047,
		0.82556056976318359,
		0.33545041084289551,
		0.18061351776123047,
		1.780269980430603,
		0.15474832057952881,
		0.02577662467956543,
		0.20647871494293213,
		2.1930501461029053,
		0.02577662467956543,
		0.051641825586557388,
		0.18052493035793304,
		0.49028730392456055,
		4.566713809967041,
		0.15474832057952881,
		0.10319507122039795,
		0.54184055328369141,
		0.02577662467956543,
		0.025865202769637108,
		0.49019873142242432,
		0.077329866588115692,
		0.36122703552246094,
		0.43864548206329346,
		0.051553249359130859,
		0.18061351776123047,
		0.46442210674285889,
		0.02577662467956543,
		0.43864548206329346,
		0.43864548206329346,
		0.02577662467956543,
		0.43864548206329346,
		0.46433353424072266,
		0.025865202769637108,
		0.43855690956115723,
		0.43864548206329346,
		0.02577662467956543,
		0.2063901424407959,
		0.43864548206329346,
		0.43864548206329346,
		54.594089508056641
	],
	"end" : 13.736944198608398,
	"labels" : 
	[
		"Prep",
		"Break",
		"Scan",
		"Break",
		"Scan",
		"Break",
		"Prep",
		"Break",
		"Scan",
		"Break",
		"Break",
		"Scan",
		"Break",
		"Prep",
		"Break",
		"Scan",
		"Break",
		"Prep",
		"Break",
		"Scan",
		"Break",
		"Prep",
		"Break",
		"Break",
		"Scan",
		"Break",
		"Prep",
		"Break",
		"Break",
		"Scan",
		"Break",
		"Break",
		"Scan",
		"Break",
		"Prep",
		"Break",
		"Scan",
		"Prep",
		"Break",
		"Break",
		"Scan",
		"Break",
		"Prep",
		"Break",
		"Scan",
		"Break",
		"Break",
		"Scan",
		"Prep",
		"Break",
		"Scan",
		"Prep",
		"Break",
		"Scan",
		"Prep",
		"Break",
		"Scan",
		"Break",
		"Break",
		"Scan",
		"Prep",
		"Break",
		"Scan",
		"Break",
		"Prep",
		"Break",
		"Scan",
		"Dead"
	],
	"start" : 12.661389350891113
}