{
	"data" : 
	[
		1.0276782512664795,
		1.0276782512664795,
		2.789196252822876,
		1.0276782512664795,
		4.6243000030517578,
		0.073585592210292816,
		1.1743454933166504,
		12.184463500976562,
		2.422276496887207,
		0.14666716754436493,
		21.874073028564453,
		0.5871727466583252,
		11.964210510253906,
		1.2479310035705566,
		0.073585592210292816,
		9.8357725143432617,
		27.819387435913086
	],
	"end" : 16.476388931274414,
	"labels" : 
	[
		"Prep",
		"Scan",
		"Break",
		"Prep",
		"Scan",
		"Break",
		"Prep",
		"Scan",
		"Break",
		"Prep",
		"Scan",
		"Prep",
		"Scan",
		"Break",
		"Prep",
		"Scan",
		"Dead"
	],
	"start" : 16.098333358764648
}