{
	"data" : 
	[
		0.77445691823959351,
		0.77445691823959351,
		2.8209373950958252,
		3.9828126430511475,
		0.055074181407690048,
		0.99589306116104126,
		6.8592038154602051,
		0.055074181407690048,
		0.16598217189311981,
		16.484272003173828,
		0.38703852891921997,
		9.735595703125,
		0.05545400083065033,
		0.11052817851305008,
		10.454598426818848,
		46.188625335693359
	],
	"end" : 17.351667404174805,
	"labels" : 
	[
		"Prep",
		"Scan",
		"Break",
		"Scan",
		"Break",
		"Prep",
		"Scan",
		"Break",
		"Prep",
		"Scan",
		"Prep",
		"Scan",
		"Break",
		"Prep",
		"Scan",
		"Dead"
	],
	"start" : 16.850000381469727
}