{
	"data" : 
	[
		0.46562096476554871,
		0.74512147903442383,
		1.3041224479675293,
		0.046370219439268112,
		0.60569101572036743,
		2.1889941692352295,
		0.046370219439268112,
		0.93156170845031738,
		0.79181146621704102,
		1.1176822185516357,
		0.51231098175048828,
		1.0713119506835938,
		2.1423041820526123,
		1.4902429580688477,
		7.3121042251586914,
		3.8656773567199707,
		0.65206122398376465,
		4.1448578834533691,
		1.3041224479675293,
		4.377988338470459,
		1.629993200302124,
		0.046690013259649277,
		5.8215413093566895,
		1.2574324607849121,
		0.093060232698917389,
		0.046690013259649277,
		7.7313547134399414,
		48.156913757324219
	],
	"end" : 18.760833740234375,
	"labels" : 
	[
		"Prep",
		"Scan",
		"Break",
		"Prep",
		"Scan",
		"Break",
		"Prep",
		"Scan",
		"Break",
		"Scan",
		"Break",
		"Scan",
		"Break",
		"Prep",
		"Scan",
		"Break",
		"Prep",
		"Scan",
		"Prep",
		"Scan",
		"Break",
		"Prep",
		"Scan",
		"Break",
		"Prep",
		"Break",
		"Scan",
		"Dead"
	],
	"start" : 18.165000915527344
}