{
	"data" : 
	[
		0.96544164419174194,
		1.5601087808609009,
		0.96544164419174194,
		0.073950886726379395,
		2.45108962059021,
		1.6340595483779907,
		1.0399024486541748,
		7.2048568725585938,
		0.074460893869400024,
		0.073950886726379395,
		8.2447586059570312,
		5.3479242324829102,
		0.073950886726379395,
		0.59415715932846069,
		9.8043584823608398,
		1.4856477975845337,
		8.4671220779418945,
		49.838817596435547
	],
	"end" : 16.850000381469727,
	"labels" : 
	[
		"Prep",
		"Scan",
		"Break",
		"Prep",
		"Scan",
		"Break",
		"Prep",
		"Scan",
		"Prep",
		"Break",
		"Scan",
		"Scan",
		"Break",
		"Prep",
		"Scan",
		"Prep",
		"Scan",
		"Dead"
	],
	"start" : 16.476388931274414
}