{
	"data" : 
	[
		1.0563971996307373,
		1.0563971996307373,
		3.6217482089996338,
		1.2071630954742432,
		1.0563971996307373,
		0.075382933020591736,
		0.30179077386856079,
		0.82998937368392944,
		0.82998937368392944,
		5.5081353187561035,
		0.075382933020591736,
		1.2828050851821899,
		12.675990104675293,
		1.4335709810256958,
		20.598711013793945,
		0.07564198225736618,
		0.60358154773712158,
		12.148050308227539,
		0.075382933020591736,
		10.789861679077148,
		24.597631454467773
	],
	"end" : 16.098333358764648,
	"labels" : 
	[
		"Prep",
		"Scan",
		"Break",
		"Prep",
		"Scan",
		"Break",
		"Prep",
		"Break",
		"Prep",
		"Scan",
		"Break",
		"Prep",
		"Scan",
		"Prep",
		"Scan",
		"Break",
		"Prep",
		"Scan",
		"Prep",
		"Scan",
		"Dead"
	],
	"start" : 15.730555534362793
}