{
	"data" : 
	[
		0.31328076124191284,
		0.33735385537147522,
		0.86745762825012207,
		1.8312076330184937,
		0.14460384845733643,
		0.16867692768573761,
		0.048146136105060577,
		4.1444554328918457,
		0.024073068052530289,
		0.36142691969871521,
		0.024073068052530289,
		3.1806228160858154,
		0.024155791848897934,
		0.45780190825462341,
		8.1924533843994141,
		0.024073068052530289,
		0.40965577960014343,
		0.048146136105060577,
		0.024155791848897934,
		4.0479979515075684,
		0.024073068052530289,
		0.16867692768573761,
		4.9155383110046387,
		1.8312076330184937,
		0.072301924228668213,
		5.349184513092041,
		0.048228856176137924,
		0.024073068052530289,
		5.0600595474243164,
		57.732841491699219
	],
	"end" : 12.661389350891113,
	"labels" : 
	[
		"Prep",
		"Scan",
		"Break",
		"Scan",
		"Break",
		"Prep",
		"Break",
		"Scan",
		"Prep",
		"Scan",
		"Prep",
		"Scan",
		"Prep",
		"Break",
		"Scan",
		"Break",
		"Prep",
		"Break",
		"Prep",
		"Scan",
		"Break",
		"Prep",
		"Scan",
		"Break",
		"Prep",
		"Scan",
		"Prep",
		"Break",
		"Scan",
		"Dead"
	],
	"start" : 11.509721755981445
}