{
	"data" : 
	[
		3.1905033588409424,
		0.24607157707214355,
		4.6635618209838867,
		10.554110527038574,
		4.1731038093566895,
		12.027169227600098,
		0.24607157707214355,
		23.808267593383789,
		0.24607157707214355,
		21.109907150268555,
		0.24438615143299103,
		3.1921887397766113,
		16.198587417602539
	],
	"end" : 18.87388801574707,
	"labels" : 
	[
		"Prep",
		"Break",
		"Scan",
		"Break",
		"Prep",
		"Scan",
		"Break",
		"Scan",
		"Prep",
		"Scan",
		"Break",
		"Prep",
		"Scan"
	],
	"start" : 18.760833740234375
}