{
	"data" : 
	[
		0.62210321426391602,
		1.1818467378616333,
		1.3684990406036377,
		0.062146257609128952,
		1.430858850479126,
		4.5407342910766602,
		1.5551513433456421,
		0.43545094132423401,
		7.5888910293579102,
		0.12450607866048813,
		1.0573406219482422,
		7.5888910293579102,
		0.062359817326068878,
		1.0573406219482422,
		7.4645981788635254,
		1.2439929246902466,
		1.8039499521255493,
		10.636833190917969,
		2.1772546768188477,
		0.18665233254432678,
		0.43545094132423401,
		0.9330480694770813,
		4.9761853218078613,
		0.43545094132423401,
		0.24879857897758484,
		1.3063527345657349,
		0.43545094132423401,
		0.99519431591033936,
		1.0575541257858276,
		0.9330480694770813,
		0.062146257609128952,
		1.0575541257858276,
		0.9330480694770813,
		0.062146257609128952,
		1.0575541257858276,
		0.9330480694770813,
		0.55974346399307251,
		1.5551513433456421,
		0.43545094132423401,
		1.1197004318237305,
		28.178524017333984
	],
	"end" : 14.183055877685547,
	"labels" : 
	[
		"Prep",
		"Scan",
		"Break",
		"Break",
		"Scan",
		"Break",
		"Prep",
		"Break",
		"Scan",
		"Prep",
		"Break",
		"Scan",
		"Prep",
		"Break",
		"Scan",
		"Break",
		"Prep",
		"Scan",
		"Break",
		"Prep",
		"Break",
		"Scan",
		"Break",
		"Prep",
		"Break",
		"Scan",
		"Break",
		"Scan",
		"Break",
		"Scan",
		"Break",
		"Break",
		"Scan",
		"Break",
		"Break",
		"Scan",
		"Break",
		"Prep",
		"Break",
		"Scan",
		"Dead"
	],
	"start" : 13.736944198608398
}