{
	"data" : 
	[
		0.49867203831672668,
		0.94252824783325195,
		2.1621811389923096,
		0.055577188730239868,
		0.16597023606300354,
		0.88733172416687012,
		1.1084984540939331,
		2.4393057823181152,
		0.055577188730239868,
		1.7739021778106689,
		0.72098082304000854,
		0.77579665184020996,
		1.7187056541442871,
		3.8808867931365967,
		1.7183248996734619,
		8.5931472778320312,
		3.9360830783843994,
		0.83175450563430786,
		5.4328608512878418,
		0.055196527391672134,
		0.99810540676116943,
		5.2113137245178223,
		0.1107737198472023,
		0.44347554445266724,
		6.9296383857727051,
		0.055577188730239868,
		0.055577188730239868,
		9.2025928497314453,
		0.055577188730239868,
		0.16635091602802277,
		8.5927667617797852,
		30.324970245361328
	],
	"end" : 17.852222442626953,
	"labels" : 
	[
		"Prep",
		"Scan",
		"Break",
		"Prep",
		"Break",
		"Prep",
		"Scan",
		"Break",
		"Prep",
		"Scan",
		"Break",
		"Prep",
		"Scan",
		"Break",
		"Prep",
		"Scan",
		"Break",
		"Prep",
		"Scan",
		"Break",
		"Prep",
		"Scan",
		"Break",
		"Prep",
		"Scan",
		"Prep",
		"Break",
		"Scan",
		"Break",
		"Prep",
		"Scan",
		"Dead"
	],
	"start" : 17.351667404174805
}