{
	"data" : 
	[
		0.30248072743415833,
		0.30240654945373535,
		0.86419874429702759,
		1.3610889911651611,
		0.021658744663000107,
		0.36723440885543823,
		3.6080353260040283,
		0.064753711223602295,
		6.4382109642028809,
		0.1728249192237854,
		3.780860424041748,
		0.021584572270512581,
		2.6141810417175293,
		2.3548693656921387,
		0.21606825292110443,
		2.635765552520752,
		0.021584572270512581,
		0.043243318796157837,
		6.265385627746582,
		68.443565368652344
	],
	"end" : 11.509721755981445,
	"labels" : 
	[
		"Prep",
		"Scan",
		"Break",
		"Scan",
		"Break",
		"Prep",
		"Scan",
		"Prep",
		"Scan",
		"Prep",
		"Scan",
		"Prep",
		"Scan",
		"Break",
		"Break",
		"Scan",
		"Break",
		"Prep",
		"Scan",
		"Dead"
	],
	"start" : 10.225277900695801
}