{
	"data" : 
	[
		0.31557831168174744,
		0.24800413846969604,
		1.5556764602661133,
		0.15782785415649414,
		4.8022551536560059,
		0.51853299140930176,
		0.51853299140930176,
		0.067651569843292236,
		0.022524721920490265,
		6.6509852409362793,
		0.045126847922801971,
		5.4109644889831543,
		0.180352583527565,
		4.9149560928344727,
		0.022524721920490265,
		0.58618462085723877,
		6.5382838249206543,
		2.0967342853546143,
		0.067651569843292236,
		6.9215140342712402,
		0.022602126002311707,
		6.0421981811523438,
		52.193336486816406
	],
	"end" : 10.225277900695801,
	"labels" : 
	[
		"Prep",
		"Scan",
		"Break",
		"Prep",
		"Scan",
		"Break",
		"Prep",
		"Break",
		"Prep",
		"Scan",
		"Prep",
		"Scan",
		"Prep",
		"Scan",
		"Break",
		"Prep",
		"Scan",
		"Break",
		"Prep",
		"Scan",
		"Break",
		"Scan",
		"Dead"
	],
	"start" : 8.9944448471069336
}