{
	"data" : 
	[
		0.17954224348068237,
		0.13461814820766449,
		1.1222546100616455,
		0.67332190275192261,
		1.0997539758682251,
		0.26939040422439575,
		2.4015507698059082,
		0.51620322465896606,
		2.9177541732788086,
		0.44893267750740051,
		0.067270547151565552,
		0.51628023386001587,
		5.4090762138366699,
		0.80801719427108765,
		0.067347601056098938,
		6.2395167350769043,
		0.9202117919921875,
		2.4015507698059082,
		0.42643210291862488,
		0.044924091547727585,
		2.9177541732788086,
		70.31829833984375
	],
	"end" : 15.41944408416748,
	"labels" : 
	[
		"Prep",
		"Scan",
		"Break",
		"Scan",
		"Break",
		"Prep",
		"Scan",
		"Prep",
		"Scan",
		"Break",
		"Prep",
		"Break",
		"Scan",
		"Break",
		"Break",
		"Scan",
		"Break",
		"Scan",
		"Break",
		"Prep",
		"Scan",
		"Dead"
	],
	"start" : 14.183055877685547
}