{
	"data" : 
	[
		2.3366661071777344,
		1.7530012130737305,
		7.5946664810180664,
		2.0448336601257324,
		8.7629995346069336,
		77.407829284667969
	],
	"end" : 8.7191667556762695,
	"labels" : 
	[
		"Prep",
		"Scan",
		"Break",
		"Prep",
		"Scan",
		"Dead"
	],
	"start" : 8.6241664886474609
}