{
	"data" : 
	[
		0.80639874935150146,
		0.60497212409973145,
		1.0078253746032715,
		0.70568543672561646,
		3.0241682529449463,
		1.4113708734512329,
		0.70568543672561646,
		9.2742776870727539,
		1.8145701885223389,
		8.9717922210693359,
		1.1088848114013672,
		0.10071332007646561,
		0.20177274942398071,
		0.30248606204986572,
		24.193693161010742,
		45.665706634521484
	],
	"end" : 8.9944448471069336,
	"labels" : 
	[
		"Prep",
		"Scan",
		"Break",
		"Prep",
		"Scan",
		"Break",
		"Prep",
		"Scan",
		"Prep",
		"Scan",
		"Break",
		"Prep",
		"Break",
		"Break",
		"Scan",
		"Dead"
	],
	"start" : 8.7191667556762695
}