{
	"data" : 
	[
		0.80998849868774414,
		1.1338726282119751,
		0.97202330827713013,
		0.86412370204925537,
		0.97183787822723389,
		0.81017392873764038,
		0.97183787822723389,
		2.1600310802459717,
		0.86412370204925537,
		3.9418575763702393,
		8.7480239868164062,
		0.054135188460350037,
		4.7518463134765625,
		0.75603866577148438,
		0.80998849868774414,
		4.6980814933776855,
		0.053949795663356781,
		4.3200621604919434,
		6.0479388236999512,
		0.48610430955886841,
		7.2898960113525391,
		0.91807341575622559,
		7.7220511436462402,
		0.9178881049156189,
		5.7240548133850098,
		0.86393827199935913,
		6.3180584907531738,
		0.053949795663356781,
		0.054135188460350037,
		4.6978960037231445,
		21.114021301269531
	],
	"end" : 8.6241664886474609,
	"labels" : 
	[
		"Prep",
		"Scan",
		"Break",
		"Prep",
		"Scan",
		"Prep",
		"Scan",
		"Break",
		"Prep",
		"Scan",
		"Scan",
		"Prep",
		"Scan",
		"Break",
		"Prep",
		"Scan",
		"Break",
		"Scan",
		"Scan",
		"Prep",
		"Scan",
		"Prep",
		"Scan",
		"Prep",
		"Scan",
		"Prep",
		"Scan",
		"Break",
		"Prep",
		"Scan",
		"Dead"
	],
	"start" : 8.1102781295776367
}