{
	"data" : 
	[
		0.88699281215667725,
		1.4194321632385254,
		2.3959770202636719,
		1.2415461540222168,
		1.1538217067718506,
		6.0328912734985352,
		2.9278073310852051,
		17.655178070068359,
		4.5251255035400391,
		1.2421554327011108,
		8.2509822845458984,
		0.088333763182163239,
		1.5083751678466797,
		9.493138313293457,
		0.26621970534324646,
		7.9847631454467773,
		0.088942959904670715,
		0.088942959904670715,
		13.130661010742188,
		19.518714904785156
	],
	"end" : 18.165000915527344,
	"labels" : 
	[
		"Prep",
		"Scan",
		"Break",
		"Prep",
		"Scan",
		"Break",
		"Prep",
		"Scan",
		"Break",
		"Prep",
		"Scan",
		"Break",
		"Prep",
		"Scan",
		"Break",
		"Scan",
		"Break",
		"Prep",
		"Scan",
		"Dead"
	],
	"start" : 17.852222442626953
}