{
	"data" : 
	[
		1.1450111865997314,
		1.6024916172027588,
		2.1370048522949219,
		1.1444872617721558,
		8.1660003662109375,
		0.076508760452270508,
		0.15249349176883698,
		9.7690153121948242,
		0.07598472386598587,
		6.5635085105895996,
		0.68700671195983887,
		7.8604888916015625,
		60.520000457763672
	],
	"end" : 17.464166641235352,
	"labels" : 
	[
		"Prep",
		"Scan",
		"Break",
		"Prep",
		"Scan",
		"Break",
		"Break",
		"Scan",
		"Break",
		"Scan",
		"Prep",
		"Scan",
		"Dead"
	],
	"start" : 17.100555419921875
}