{
	"data" : 
	[
		0.63489365577697754,
		0.63489365577697754,
		0.77080881595611572,
		0.68019872903823853,
		0.77096456289291382,
		0.045305065810680389,
		0.63489365577697754,
		4.0811920166015625,
		3.9905822277069092,
		0.81626957654953003,
		16.234315872192383,
		70.605690002441406
	],
	"end" : 16.361944198608398,
	"labels" : 
	[
		"Prep",
		"Scan",
		"Break",
		"Prep",
		"Scan",
		"Break",
		"Prep",
		"Scan",
		"Break",
		"Prep",
		"Scan",
		"Dead"
	],
	"start" : 15.75
}