{
	"data" : 
	[
		0.69026708602905273,
		1.1295475959777832,
		0.062692798674106598,
		1.1295475959777832,
		3.2003486156463623,
		0.062692798674106598,
		2.0708012580871582,
		1.9454156160354614,
		1.1295475959777832,
		0.81565260887145996,
		0.43928048014640808,
		8.6595773696899414,
		0.062908239662647247,
		0.062692798674106598,
		0.062692798674106598,
		0.43928048014640808,
		8.6597919464111328,
		0.43928048014640808,
		8.5339756011962891,
		0.062908239662647247,
		2.2588796615600586,
		10.040327072143555,
		0.062692798674106598,
		0.12560102343559265,
		0.43928048014640808,
		1.1293320655822754,
		10.291313171386719,
		0.062692798674106598,
		0.31367942690849304,
		2.6983754634857178,
		0.43928048014640808,
		1.1295475959777832,
		0.062692798674106598,
		1.06685471534729,
		1.1295475959777832,
		1.0666393041610718,
		1.1295475959777832,
		0.062692798674106598,
		1.06685471534729,
		1.1295475959777832,
		0.43928048014640808,
		1.5688279867172241,
		0.43906503915786743,
		1.1295475959777832,
		20.95899772644043
	],
	"end" : 9.7161111831665039,
	"labels" : 
	[
		"Prep",
		"Scan",
		"Break",
		"Scan",
		"Break",
		"Break",
		"Scan",
		"Break",
		"Prep",
		"Break",
		"Break",
		"Scan",
		"Prep",
		"Break",
		"Prep",
		"Break",
		"Scan",
		"Break",
		"Scan",
		"Break",
		"Prep",
		"Scan",
		"Break",
		"Prep",
		"Break",
		"Scan",
		"Break",
		"Prep",
		"Break",
		"Scan",
		"Break",
		"Scan",
		"Prep",
		"Break",
		"Scan",
		"Break",
		"Scan",
		"Break",
		"Break",
		"Scan",
		"Break",
		"Prep",
		"Break",
		"Scan",
		"Dead"
	],
	"start" : 9.2738885879516602
}