{
	"data" : 
	[
		0.01453053392469883,
		0.042154513299465179,
		0.050866845995187759,
		0.015987578779459,
		0.02615695632994175,
		0.02907104603946209,
		0.0014570452040061355,
		0.0087123317644000053,
		0.0014570452040061355,
		0.24417483806610107,
		0.10173369199037552,
		0.31102925539016724,
		0.01890166848897934,
		0.015987578779459,
		0.047962736338376999,
		0.011626423336565495,
		0.0014470655005425215,
		0.23690956830978394,
		0.0014570452040061355,
		0.031975157558917999,
		0.0087123317644000053,
		0.0014570452040061355,
		0.21074262261390686,
		0.014540513977408409,
		0.01016937755048275,
		0.058132115751504898,
		98.382652282714844
	],
	"end" : 18.803054809570312,
	"labels" : 
	[
		"Prep",
		"Scan",
		"Break",
		"Prep",
		"Break",
		"Break",
		"Prep",
		"Break",
		"Prep",
		"Scan",
		"Prep",
		"Scan",
		"Break",
		"Prep",
		"Break",
		"Break",
		"Prep",
		"Scan",
		"Break",
		"Break",
		"Break",
		"Prep",
		"Scan",
		"Prep",
		"Scan",
		"Break",
		"Scan"
	],
	"start" : 18.513055801391602
}