{
	"data" : 
	[
		0.49515017867088318,
		0.5608680248260498,
		0.9572148323059082,
		0.56109464168548584,
		0.59395360946655273,
		1.2540782690048218,
		6.5015368461608887,
		0.033085547387599945,
		0.033085547387599945,
		0.032858937978744507,
		7.1947469711303711,
		0.032858937978744507,
		0.52823573350906372,
		4.1252694129943848,
		0.033085547387599945,
		0.59395360946655273,
		0.033085547387599945,
		0.23091898858547211,
		0.033085547387599945,
		8.7456893920898438,
		0.033085547387599945,
		0.033085547387599945,
		0.032858937978744507,
		3.9274361133575439,
		0.032858937978744507,
		0.56109464168548584,
		0.23114562034606934,
		6.1385025978088379,
		0.033085547387599945,
		2.1782073974609375,
		0.032858937978744507,
		0.23114562034606934,
		14.983222007751465,
		0.033085547387599945,
		0.46206462383270264,
		0.032858937978744507,
		0.033085547387599945,
		3.0361654758453369,
		0.06617109477519989,
		4.2573847770690918,
		0.52800911664962769,
		0.065944477915763855,
		6.5346221923828125,
		0.033085547387599945,
		0.5608680248260498,
		4.5544753074645996,
		0.033085547387599945,
		0.23091898858547211,
		5.3136296272277832,
		0.3299490213394165,
		2.3762674331665039,
		0.032858937978744507,
		0.52800911664962769,
		0.46206462383270264,
		5.8744978904724121,
		3.4984569549560547
	],
	"end" : 18.305000305175781,
	"labels" : 
	[
		"Prep",
		"Scan",
		"Break",
		"Prep",
		"Scan",
		"Break",
		"Scan",
		"Prep",
		"Break",
		"Prep",
		"Scan",
		"Break",
		"Prep",
		"Scan",
		"Break",
		"Break",
		"Prep",
		"Break",
		"Prep",
		"Scan",
		"Break",
		"Break",
		"Prep",
		"Scan",
		"Break",
		"Prep",
		"Break",
		"Scan",
		"Prep",
		"Break",
		"Prep",
		"Break",
		"Scan",
		"Break",
		"Prep",
		"Break",
		"Prep",
		"Scan",
		"Break",
		"Scan",
		"Prep",
		"Break",
		"Scan",
		"Break",
		"Prep",
		"Scan",
		"Prep",
		"Break",
		"Scan",
		"Prep",
		"Scan",
		"Break",
		"Prep",
		"Break",
		"Scan",
		"Dead"
	],
	"start" : 17.464166641235352
}