{
	"data" : 
	[
		2.8040163516998291,
		0.35020118951797485,
		0.70160579681396484,
		3.8558230400085449,
		5.2578315734863281,
		0.35020118951797485,
		0.70160579681396484,
		85.878715515136719
	],
	"end" : 10.317777633666992,
	"labels" : 
	[
		"Break",
		"Prep",
		"Break",
		"Break",
		"Break",
		"Prep",
		"Break",
		"Dead"
	],
	"start" : 10.238611221313477
}