{
	"data" : 
	[
		0.53894346952438354,
		0.93087178468704224,
		2.3517379760742188,
		1.2249020338058472,
		0.3919282853603363,
		0.048948984593153,
		13.914463996887207,
		0.3919282853603363,
		0.3429793119430542,
		4.1645326614379883,
		0.049117192625999451,
		0.8328055739402771,
		4.1645326614379883,
		0.049117192625999451,
		0.4408772885799408,
		0.048948984593153,
		4.1645326614379883,
		0.19596414268016815,
		0.3429793119430542,
		0.83297383785247803,
		1.3717490434646606,
		0.14701516926288605,
		1.1270041465759277,
		0.048948984593153,
		0.3429793119430542,
		0.8328055739402771,
		0.049117192625999451,
		0.8328055739402771,
		0.88192284107208252,
		0.048948984593153,
		0.83297383785247803,
		0.83297383785247803,
		0.048948984593153,
		0.8328055739402771,
		0.88192284107208252,
		1.1270041465759277,
		0.58789247274398804,
		0.3429793119430542,
		0.3429793119430542,
		0.88175457715988159,
		52.081386566162109
	],
	"end" : 11.525278091430664,
	"labels" : 
	[
		"Prep",
		"Scan",
		"Break",
		"Prep",
		"Break",
		"Prep",
		"Scan",
		"Prep",
		"Break",
		"Scan",
		"Prep",
		"Break",
		"Scan",
		"Break",
		"Break",
		"Prep",
		"Scan",
		"Prep",
		"Break",
		"Scan",
		"Break",
		"Prep",
		"Scan",
		"Prep",
		"Break",
		"Scan",
		"Break",
		"Break",
		"Scan",
		"Prep",
		"Break",
		"Scan",
		"Break",
		"Break",
		"Scan",
		"Prep",
		"Break",
		"Prep",
		"Break",
		"Scan",
		"Dead"
	],
	"start" : 10.958889007568359
}