{
	"data" : 
	[
		2.4933054447174072,
		2.3272373676300049,
		2.9920809268951416,
		2.8254420757293701,
		1.4963257312774658,
		2.3266665935516357,
		2.4938762187957764,
		13.297439575195312,
		0.1660681813955307,
		1.4963257312774658,
		30.252372741699219,
		37.732860565185547
	],
	"end" : 8.8133335113525391,
	"labels" : 
	[
		"Prep",
		"Scan",
		"Break",
		"Prep",
		"Scan",
		"Break",
		"Prep",
		"Scan",
		"Break",
		"Prep",
		"Scan",
		"Dead"
	],
	"start" : 8.6463890075683594
}