{
	"data" : 
	[
		0.46731400489807129,
		0.46731400489807129,
		1.7689864635467529,
		0.50066083669662476,
		2.4366106986999512,
		0.93451344966888428,
		0.56746906042098999,
		5.5740776062011719,
		0.30046525597572327,
		9.9131755828857422,
		0.50066083669662476,
		0.60081595182418823,
		0.70097100734710693,
		0.3671589195728302,
		0.50066083669662476,
		0.60081595182418823,
		3.9052462577819824,
		1.101476788520813,
		5.4405755996704102,
		0.033346831798553467,
		0.53400766849517822,
		2.036104679107666,
		0.033346831798553467,
		3.3712384700775146,
		0.033346831798553467,
		1.9359498023986816,
		0.1000404953956604,
		0.5341222882270813,
		0.066693663597106934,
		5.1068782806396484,
		0.10015508532524109,
		0.53400766849517822,
		0.70097100734710693,
		0.033346831798553467,
		5.5407309532165527,
		0.033346831798553467,
		0.033346831798553467,
		5.2403802871704102,
		0.53400766849517822,
		2.636920690536499,
		0.033346831798553467,
		3.3711237907409668,
		0.033461425453424454,
		4.4057927131652832,
		0.033461425453424454,
		4.839759349822998,
		0.033346831798553467,
		0.30046525597572327,
		4.0720953941345215,
		0.40050575137138367,
		0.033346831798553467,
		0.033461425453424454,
		3.170814037322998,
		0.26700383424758911,
		1.3685952425003052,
		0.033346831798553467,
		0.96797490119934082,
		3.2376220226287842,
		0.033346831798553467,
		0.066808253526687622,
		1.0681298971176147,
		6.2749338150024414
	],
	"end" : 14.243332862854004,
	"labels" : 
	[
		"Prep",
		"Scan",
		"Break",
		"Prep",
		"Scan",
		"Break",
		"Prep",
		"Scan",
		"Prep",
		"Scan",
		"Break",
		"Prep",
		"Scan",
		"Break",
		"Prep",
		"Scan",
		"Break",
		"Prep",
		"Scan",
		"Break",
		"Prep",
		"Scan",
		"Prep",
		"Scan",
		"Prep",
		"Scan",
		"Break",
		"Prep",
		"Break",
		"Scan",
		"Break",
		"Prep",
		"Scan",
		"Break",
		"Scan",
		"Break",
		"Prep",
		"Scan",
		"Prep",
		"Scan",
		"Break",
		"Scan",
		"Break",
		"Scan",
		"Break",
		"Scan",
		"Break",
		"Prep",
		"Scan",
		"Prep",
		"Break",
		"Prep",
		"Scan",
		"Prep",
		"Scan",
		"Break",
		"Prep",
		"Scan",
		"Break",
		"Prep",
		"Scan",
		"Dead"
	],
	"start" : 13.411944389343262
}