{
	"data" : 
	[
		0.51644647121429443,
		0.83406031131744385,
		0.75482738018035889,
		0.63550055027008057,
		1.151947021484375,
		0.19855982065200806,
		0.67532163858413696,
		0.83406031131744385,
		0.67532163858413696,
		0.63550055027008057,
		3.5750315189361572,
		0.039684690535068512,
		4.1708474159240723,
		0.63550055027008057,
		2.3435788154602051,
		0.63550055027008057,
		4.7666630744934082,
		0.63550055027008057,
		5.9184737205505371,
		0.59595221281051636,
		0.079369381070137024,
		4.0516567230224609,
		3.6544008255004883,
		0.59581583738327026,
		2.9790792465209961,
		2.7805192470550537,
		3.6940853595733643,
		0.59581583738327026,
		8.023808479309082,
		5.1637825965881348,
		8.6593084335327148,
		0.039821062237024307,
		0.3574349582195282,
		4.9652228355407715,
		4.9255380630493164,
		0.59581583738327026,
		0.079369381070137024,
		6.9910516738891602,
		11.439827919006348
	],
	"end" : 13.411944389343262,
	"labels" : 
	[
		"Prep",
		"Scan",
		"Break",
		"Prep",
		"Scan",
		"Break",
		"Prep",
		"Scan",
		"Break",
		"Prep",
		"Scan",
		"Prep",
		"Scan",
		"Prep",
		"Scan",
		"Prep",
		"Scan",
		"Prep",
		"Scan",
		"Prep",
		"Break",
		"Scan",
		"Scan",
		"Prep",
		"Scan",
		"Scan",
		"Break",
		"Prep",
		"Scan",
		"Break",
		"Scan",
		"Break",
		"Prep",
		"Scan",
		"Break",
		"Prep",
		"Break",
		"Scan",
		"Dead"
	],
	"start" : 12.713333129882812
}