{
	"data" : 
	[
		0.74357789754867554,
		0.74357789754867554,
		1.3808523416519165,
		0.37160661816596985,
		3.8770713806152344,
		0.47809252142906189,
		9.2941770553588867,
		0.053060609847307205,
		7.7541427612304688,
		0.053060609847307205,
		9.028691291809082,
		3.6115860939025879,
		0.10612121969461441,
		9.2943592071533203,
		0.90275979042053223,
		10.197118759155273,
		42.010147094726562
	],
	"end" : 10.238611221313477,
	"labels" : 
	[
		"Prep",
		"Scan",
		"Break",
		"Prep",
		"Scan",
		"Break",
		"Scan",
		"Prep",
		"Scan",
		"Break",
		"Scan",
		"Break",
		"Prep",
		"Scan",
		"Prep",
		"Scan",
		"Dead"
	],
	"start" : 9.7161111831665039
}