{
	"data" : 
	[
		1.6888043880462646,
		2.2927474975585938,
		2.4128732681274414,
		2.051253080368042,
		7.1184945106506348,
		0.12054010480642319,
		1.5682641267776489,
		82.647026062011719
	],
	"end" : 11.755277633666992,
	"labels" : 
	[
		"Prep",
		"Scan",
		"Break",
		"Prep",
		"Scan",
		"Prep",
		"Scan",
		"Dead"
	],
	"start" : 11.525278091430664
}