{
	"data" : 
	[
		0.20854435861110687,
		0.18249869346618652,
		0.44317913055419922,
		0.52140569686889648,
		0.70390433073043823,
		0.52140569686889648,
		1.3034918308258057,
		0.46926957368850708,
		3.0240724086761475,
		0.026090420782566071,
		0.026045668870210648,
		0.20858912169933319,
		0.026045668870210648,
		6.5175037384033203,
		0.078226514160633087,
		3.5976142883300781,
		0.026090420782566071,
		3.9365658760070801,
		0.078181758522987366,
		4.4319257736206055,
		0.052136089652776718,
		2.7894823551177979,
		70.727729797363281
	],
	"end" : 8.6463890075683594,
	"labels" : 
	[
		"Prep",
		"Scan",
		"Break",
		"Scan",
		"Break",
		"Scan",
		"Break",
		"Prep",
		"Scan",
		"Break",
		"Prep",
		"Break",
		"Prep",
		"Scan",
		"Prep",
		"Scan",
		"Prep",
		"Scan",
		"Prep",
		"Scan",
		"Prep",
		"Scan",
		"Dead"
	],
	"start" : 7.581944465637207
}