{
	"data" : 
	[
		0.60600930452346802,
		0.60600930452346802,
		1.0821384191513062,
		3.1596300601959229,
		0.043392527848482132,
		0.73574113845825195,
		0.086636453866958618,
		0.043243922293186188,
		7.2718143463134766,
		0.12973177433013916,
		12.898725509643555,
		0.043243922293186188,
		0.30300465226173401,
		7.0986905097961426,
		0.043243922293186188,
		6.1464328765869141,
		4.9776577949523926,
		6.1462841033935547,
		0.043392527848482132,
		0.086487844586372375,
		9.0464506149291992,
		39.302040100097656
	],
	"end" : 10.958889007568359,
	"labels" : 
	[
		"Prep",
		"Scan",
		"Break",
		"Scan",
		"Break",
		"Prep",
		"Break",
		"Prep",
		"Scan",
		"Prep",
		"Scan",
		"Break",
		"Prep",
		"Scan",
		"Prep",
		"Scan",
		"Break",
		"Scan",
		"Break",
		"Prep",
		"Scan",
		"Dead"
	],
	"start" : 10.317777633666992
}