{
	"data" : 
	[
		0.37561336159706116,
		0.60134255886077881,
		0.37561336159706116,
		0.52601349353790283,
		0.45094239711761475,
		2.4420030117034912,
		0.11273559927940369,
		0.48834899067878723,
		0.33820682764053345,
		0.037406552582979202,
		0.63874912261962891,
		1.465304970741272,
		1.1270980834960938,
		0.37561336159706116,
		0.97695595026016235,
		0.11273559927940369,
		6.6124463081359863,
		1.4276403188705444,
		0.11273559927940369,
		3.9823789596557617,
		0.11273559927940369,
		4.0200433731079102,
		0.075071081519126892,
		4.733863353729248,
		0.03766452893614769,
		0.03766452893614769,
		0.037406552582979202,
		7.1384596824645996,
		0.03766452893614769,
		0.075071081519126892,
		4.5834636688232422,
		56.431007385253906
	],
	"end" : 17.100555419921875,
	"labels" : 
	[
		"Prep",
		"Scan",
		"Break",
		"Prep",
		"Scan",
		"Break",
		"Prep",
		"Scan",
		"Break",
		"Prep",
		"Scan",
		"Break",
		"Prep",
		"Scan",
		"Break",
		"Prep",
		"Scan",
		"Break",
		"Prep",
		"Scan",
		"Prep",
		"Scan",
		"Break",
		"Scan",
		"Break",
		"Break",
		"Prep",
		"Scan",
		"Break",
		"Prep",
		"Scan",
		"Dead"
	],
	"start" : 16.361944198608398
}