{
	"data" : 
	[
		1.2242454290390015,
		1.1427038908004761,
		2.9383013248443604,
		0.6528935432434082,
		5.9581441879272461,
		1.3873287439346313,
		12.079371452331543,
		0.65317380428314209,
		13.303617477416992,
		2.4484908580780029,
		24.322107315063477,
		0.57135194540023804,
		11.589561462402344,
		21.62870979309082
	],
	"end" : 15.75,
	"labels" : 
	[
		"Prep",
		"Scan",
		"Break",
		"Prep",
		"Scan",
		"Prep",
		"Scan",
		"Prep",
		"Scan",
		"Prep",
		"Scan",
		"Prep",
		"Scan",
		"Dead"
	],
	"start" : 15.409999847412109
}