{
	"data" : 
	[
		0.8435896635055542,
		1.2651776075363159,
		1.747376561164856,
		1.0845856666564941,
		7.9534907341003418,
		0.060197297483682632,
		0.12060145288705826,
		0.060197297483682632,
		9.8212614059448242,
		0.060197297483682632,
		5.6639242172241211,
		0.8435896635055542,
		6.7483034133911133,
		0.060197297483682632,
		0.8435896635055542,
		5.6639242172241211,
		0.060197297483682632,
		5.6637177467346191,
		51.335880279541016
	],
	"end" : 9.2738885879516602,
	"labels" : 
	[
		"Prep",
		"Scan",
		"Break",
		"Prep",
		"Scan",
		"Prep",
		"Break",
		"Prep",
		"Scan",
		"Prep",
		"Scan",
		"Prep",
		"Scan",
		"Break",
		"Prep",
		"Scan",
		"Break",
		"Scan",
		"Dead"
	],
	"start" : 8.8133335113525391
}