{
	"data" : 
	[
		1.0834006071090698,
		1.62510085105896,
		0.077309846878051758,
		1.3155957460403442,
		1.3926399946212769,
		1.1607104539871216,
		1.3929057121276855,
		2.0894913673400879,
		1.3153301477432251,
		6.732332706451416,
		12.148804664611816,
		0.077575519680976868,
		0.077309846878051758,
		0.077309846878051758,
		9.2086391448974609,
		1.2380203008651733,
		9.0537538528442383,
		0.077309846878051758,
		8.1249732971191406,
		0.077575519680976868,
		9.4405689239501953,
		1.2380203008651733,
		8.2798585891723633,
		0.7738955020904541,
		6.4225625991821289,
		15.399006843566895
	],
	"end" : 15.409999847412109,
	"labels" : 
	[
		"Prep",
		"Scan",
		"Break",
		"Prep",
		"Scan",
		"Prep",
		"Scan",
		"Break",
		"Prep",
		"Scan",
		"Scan",
		"Break",
		"Break",
		"Prep",
		"Scan",
		"Prep",
		"Scan",
		"Prep",
		"Scan",
		"Prep",
		"Scan",
		"Prep",
		"Scan",
		"Prep",
		"Scan",
		"Dead"
	],
	"start" : 15.051388740539551
}