{
	"data" : 
	[
		1.7336722612380981,
		2.8006179332733154,
		3.7347676753997803,
		2.2676029205322266,
		16.805540084838867,
		0.13371165096759796,
		0.26650744676589966,
		0.13371165096759796,
		20.806814193725586,
		0.13279581069946289,
		11.871029853820801,
		2.0010955333709717,
		13.73749828338623,
		23.474636077880859
	],
	"end" : 18.513055801391602,
	"labels" : 
	[
		"Prep",
		"Scan",
		"Break",
		"Prep",
		"Scan",
		"Break",
		"Break",
		"Prep",
		"Scan",
		"Prep",
		"Scan",
		"Prep",
		"Scan",
		"Dead"
	],
	"start" : 18.305000305175781
}