{
	"data" : 
	[
		0.44649797677993774,
		0.51511740684509277,
		1.0302348136901855,
		0.51511740684509277,
		2.5069675445556641,
		0.034309718757867813,
		0.58385473489761353,
		5.529052734375,
		0.034309718757867813,
		1.0989722013473511,
		10.233728408813477,
		0.27483147382736206,
		5.5976724624633789,
		0.034309718757867813,
		0.068737342953681946,
		4.8764605522155762,
		66.519828796386719
	],
	"end" : 15.051388740539551,
	"labels" : 
	[
		"Prep",
		"Scan",
		"Break",
		"Prep",
		"Scan",
		"Break",
		"Prep",
		"Scan",
		"Break",
		"Prep",
		"Scan",
		"Prep",
		"Scan",
		"Break",
		"Prep",
		"Scan",
		"Dead"
	],
	"start" : 14.243332862854004
}