{
	"data" : 
	[
		0.34095746278762817,
		0.30999034643173218,
		0.030967108905315399,
		3.3165669441223145,
		0.27902323007583618,
		0.18590907752513885,
		0.96093815565109253,
		0.27902323007583618,
		0.24794971942901611,
		0.030967108905315399,
		1.4258705377578735,
		0.27891680598258972,
		0.15494196116924286,
		1.2088879346847534,
		0.27891680598258972,
		0.61987423896789551,
		1.146847128868103,
		0.031073523685336113,
		0.21698258817195892,
		0.030967108905315399,
		5.1143617630004883,
		2.3246614933013916,
		0.27891680598258972,
		4.990386962890625,
		5.3002710342407227,
		0.30999034643173218,
		3.502582311630249,
		0.27891680598258972,
		0.27902323007583618,
		5.7961702346801758,
		0.031073523685336113,
		0.030967108905315399,
		6.6331338882446289,
		0.030967108905315399,
		5.8582110404968262,
		0.031073523685336113,
		0.030967108905315399,
		6.6951742172241211,
		0.030967108905315399,
		5.8272438049316406,
		5.8272438049316406,
		2.8205609321594238,
		0.65094780921936035,
		6.0132594108581543,
		0.093007743358612061,
		0.71288204193115234,
		0.43396517634391785,
		0.61987423896789551,
		3.9675147533416748,
		0.27891680598258972,
		0.093007743358612061,
		6.0132594108581543,
		7.6249322891235352
	],
	"end" : 12.713333129882812,
	"labels" : 
	[
		"Prep",
		"Break",
		"Prep",
		"Break",
		"Scan",
		"Break",
		"Prep",
		"Prep",
		"Break",
		"Prep",
		"Break",
		"Scan",
		"Break",
		"Prep",
		"Prep",
		"Break",
		"Break",
		"Prep",
		"Break",
		"Prep",
		"Scan",
		"Break",
		"Prep",
		"Break",
		"Scan",
		"Prep",
		"Scan",
		"Break",
		"Prep",
		"Scan",
		"Prep",
		"Break",
		"Scan",
		"Break",
		"Scan",
		"Break",
		"Break",
		"Scan",
		"Prep",
		"Scan",
		"Scan",
		"Break",
		"Prep",
		"Scan",
		"Break",
		"Prep",
		"Break",
		"Prep",
		"Scan",
		"Break",
		"Prep",
		"Scan",
		"Dead"
	],
	"start" : 11.755277633666992
}