{
	"data" : 
	[
		0.94122910499572754,
		1.2772834300994873,
		3.0925769805908203,
		1.0755585432052612,
		4.9076399803161621,
		8.0671510696411133,
		0.067395515739917755,
		6.1846923828125,
		0.067395515739917755,
		6.2520880699157715,
		67.966987609863281
	],
	"end" : 16.102500915527344,
	"labels" : 
	[
		"Prep",
		"Scan",
		"Break",
		"Prep",
		"Scan",
		"Scan",
		"Break",
		"Scan",
		"Prep",
		"Scan",
		"Dead"
	],
	"start" : 15.689722061157227
}