{
	"data" : 
	[
		0.51202046871185303,
		0.51214605569839478,
		1.2803651094436646,
		0.036545976996421814,
		2.3410775661468506,
		1.9388206005096436,
		6.4014492034912109,
		0.036545976996421814,
		5.3772821426391602,
		6.2185935974121094,
		3.6579887866973877,
		6.4015741348266602,
		0.62178397178649902,
		7.0234842300415039,
		57.540325164794922
	],
	"end" : 9.1086111068725586,
	"labels" : 
	[
		"Prep",
		"Scan",
		"Break",
		"Prep",
		"Scan",
		"Break",
		"Scan",
		"Break",
		"Scan",
		"Scan",
		"Break",
		"Scan",
		"Prep",
		"Scan",
		"Dead"
	],
	"start" : 8.3500003814697266
}