{
	"data" : 
	[
		1.1665308475494385,
		1.7495101690292358,
		1.9998079538345337,
		1.1665308475494385,
		0.3332536518573761,
		13.41424560546875,
		0.083527952432632446,
		2.9992828369140625,
		0.083527952432632446,
		0.083241894841194153,
		16.413814544677734,
		9.5816860198974609,
		0.58326542377471924,
		0.58326542377471924,
		3.082810640335083,
		11.414724349975586,
		1.1665308475494385,
		1.2497726678848267,
		1.0832889080047607,
		0.083241894841194153,
		5.8323678970336914,
		25.74577522277832
	],
	"end" : 13.146389007568359,
	"labels" : 
	[
		"Prep",
		"Scan",
		"Break",
		"Prep",
		"Break",
		"Scan",
		"Prep",
		"Break",
		"Break",
		"Prep",
		"Scan",
		"Scan",
		"Prep",
		"Scan",
		"Break",
		"Scan",
		"Break",
		"Scan",
		"Break",
		"Prep",
		"Scan",
		"Dead"
	],
	"start" : 12.813333511352539
}