{
	"data" : 
	[
		0.74158734083175659,
		1.1411747932434082,
		2.681349515914917,
		0.969978928565979,
		3.3661324977874756,
		0.056999977678060532,
		5.5342864990234375,
		0.056999977678060532,
		5.19189453125,
		0.056999977678060532,
		0.39939156174659729,
		5.3058948516845703,
		6.0476779937744141,
		4.9635028839111328,
		63.386131286621094
	],
	"end" : 15.148056030273438,
	"labels" : 
	[
		"Prep",
		"Scan",
		"Break",
		"Prep",
		"Scan",
		"Break",
		"Scan",
		"Prep",
		"Scan",
		"Break",
		"Prep",
		"Scan",
		"Break",
		"Scan",
		"Dead"
	],
	"start" : 14.661666870117188
}