{
	"data" : 
	[
		0.30920276045799255,
		0.53406000137329102,
		1.0119539499282837,
		0.28102323412895203,
		0.28111973404884338,
		2.4174561500549316,
		0.53406000137329102,
		0.78700017929077148,
		0.028179528191685677,
		0.028083022683858871,
		0.19677416980266571,
		0.50597697496414185,
		0.028083022683858871,
		0.19677416980266571,
		0.47779741883277893,
		2.4174561500549316,
		1.8270370960235596,
		0.30920276045799255,
		0.53406000137329102,
		0.87144231796264648,
		0.30920276045799255,
		0.53406000137329102,
		0.36536884307861328,
		0.70275115966796875,
		0.19677416980266571,
		0.56223946809768677,
		0.28102323412895203,
		0.73083412647247314,
		0.19677416980266571,
		0.56223946809768677,
		0.28102323412895203,
		0.73083412647247314,
		0.19677416980266571,
		0.50597697496414185,
		0.28111973404884338,
		0.84326273202896118,
		0.056262549012899399,
		0.19667766988277435,
		0.56223946809768677,
		0.028083022683858871,
		0.22485719621181488,
		0.50597697496414185,
		2.2487649917602539,
		0.084345579147338867,
		0.056166045367717743,
		0.028179528191685677,
		0.19667766988277435,
		0.50597697496414185,
		3.204456090927124,
		0.84326273202896118,
		0.028179528191685677,
		0.028083022683858871,
		0.19677416980266571,
		0.56214302778244019,
		1.9114792346954346,
		0.056166045367717743,
		0.81517970561981201,
		0.028083022683858871,
		0.028179528191685677,
		0.53406000137329102,
		0.028083022683858871,
		0.47789394855499268,
		0.50597697496414185,
		0.47779741883277893,
		0.50597697496414185,
		0.028083022683858871,
		0.47789394855499268,
		0.50597697496414185,
		0.56214302778244019,
		0.19677416980266571,
		0.59032249450683594,
		3.0638482570648193,
		0.30920276045799255,
		0.50597697496414185,
		0.056262549012899399,
		0.25294020771980286,
		0.028083022683858871,
		8.0111894607543945,
		0.028083022683858871,
		0.25294020771980286,
		0.56223946809768677,
		0.028083022683858871,
		0.47789394855499268,
		0.56214302778244019,
		5.987281322479248,
		0.78700017929077148,
		0.25303670763969421,
		0.50597697496414185,
		40.083644866943359
	],
	"end" : 14.133610725402832,
	"labels" : 
	[
		"Prep",
		"Scan",
		"Break",
		"Prep",
		"Break",
		"Scan",
		"Break",
		"Prep",
		"Break",
		"Prep",
		"Break",
		"Scan",
		"Break",
		"Prep",
		"Break",
		"Scan",
		"Break",
		"Prep",
		"Scan",
		"Break",
		"Prep",
		"Scan",
		"Break",
		"Prep",
		"Break",
		"Scan",
		"Break",
		"Prep",
		"Break",
		"Scan",
		"Break",
		"Prep",
		"Break",
		"Scan",
		"Break",
		"Prep",
		"Break",
		"Break",
		"Scan",
		"Break",
		"Prep",
		"Break",
		"Scan",
		"Prep",
		"Break",
		"Prep",
		"Break",
		"Scan",
		"Break",
		"Prep",
		"Break",
		"Prep",
		"Break",
		"Scan",
		"Break",
		"Break",
		"Scan",
		"Break",
		"Break",
		"Scan",
		"Prep",
		"Break",
		"Scan",
		"Break",
		"Scan",
		"Break",
		"Break",
		"Scan",
		"Prep",
		"Break",
		"Scan",
		"Break",
		"Break",
		"Scan",
		"Break",
		"Prep",
		"Break",
		"Scan",
		"Prep",
		"Break",
		"Scan",
		"Break",
		"Break",
		"Scan",
		"Break",
		"Prep",
		"Break",
		"Scan",
		"Dead"
	],
	"start" : 13.146389007568359
}