{
	"data" : 
	[
		0.16616441309452057,
		0.092369921505451202,
		0.31388020515441895,
		0.22163708508014679,
		0.20312507450580597,
		0.055345878005027771,
		0.31394359469413757,
		0.49855667352676392,
		0.22163708508014679,
		0.055345878005027771,
		0.31394359469413757,
		0.18467643857002258,
		0.48010802268981934,
		0.12926717102527618,
		0.62782382965087891,
		0.51706868410110474,
		0.073857896029949188,
		0.59086316823959351,
		0.46165940165519714,
		0.11081854254007339,
		0.42469877004623413,
		0.46159598231315613,
		0.018512021750211716,
		0.018448624759912491,
		5.1704330444335938,
		0.18461304903030396,
		0.036960646510124207,
		1.5695912837982178,
		0.16622781753540039,
		0.16616441309452057,
		0.12926717102527618,
		1.5695912837982178,
		0.018448624759912491,
		0.49855667352676392,
		0.018512021750211716,
		0.12926717102527618,
		0.36928948760032654,
		0.018448624759912491,
		0.35090425610542297,
		0.12920376658439636,
		0.33239224553108215,
		0.20312507450580597,
		0.18467643857002258,
		0.018448624759912491,
		0.018512021750211716,
		0.036897249519824982,
		0.35084086656570435,
		0.018448624759912491,
		1.0341373682022095,
		0.036897249519824982,
		0.018448624759912491,
		0.036960646510124207,
		0.27698296308517456,
		2.3820915222167969,
		0.46165940165519714,
		0.14771579205989838,
		0.31394359469413757,
		0.97866469621658325,
		0.018448624759912491,
		0.036960646510124207,
		0.42469877004623413,
		0.018448624759912491,
		0.25853434205055237,
		0.018448624759912491,
		0.036960646510124207,
		0.35084086656570435,
		0.018448624759912491,
		0.31394359469413757,
		0.33239224553108215,
		0.31388020515441895,
		0.33239224553108215,
		0.018512021750211716,
		0.31388020515441895,
		0.33239224553108215,
		0.16622781753540039,
		0.31388020515441895,
		0.33239224553108215,
		0.16616441309452057,
		0.48010802268981934,
		0.42476218938827515,
		0.11075514554977417,
		0.73864239454269409,
		1.0156253576278687,
		69.080589294433594
	],
	"end" : 10.629444122314453,
	"labels" : 
	[
		"Prep",
		"Break",
		"Scan",
		"Break",
		"Prep",
		"Break",
		"Scan",
		"Break",
		"Prep",
		"Break",
		"Scan",
		"Break",
		"Prep",
		"Break",
		"Break",
		"Scan",
		"Break",
		"Break",
		"Prep",
		"Break",
		"Prep",
		"Prep",
		"Break",
		"Prep",
		"Scan",
		"Prep",
		"Break",
		"Scan",
		"Break",
		"Prep",
		"Break",
		"Scan",
		"Break",
		"Prep",
		"Break",
		"Break",
		"Scan",
		"Break",
		"Prep",
		"Break",
		"Scan",
		"Break",
		"Prep",
		"Break",
		"Prep",
		"Break",
		"Scan",
		"Prep",
		"Break",
		"Break",
		"Prep",
		"Break",
		"Scan",
		"Break",
		"Prep",
		"Break",
		"Scan",
		"Break",
		"Prep",
		"Break",
		"Scan",
		"Break",
		"Scan",
		"Prep",
		"Break",
		"Scan",
		"Prep",
		"Break",
		"Scan",
		"Break",
		"Scan",
		"Prep",
		"Break",
		"Scan",
		"Prep",
		"Break",
		"Scan",
		"Break",
		"Prep",
		"Break",
		"Scan",
		"Break",
		"Prep",
		"Dead"
	],
	"start" : 9.1086111068725586
}