{
	"data" : 
	[
		0.71709167957305908,
		0.71726757287979126,
		0.97335916757583618,
		0.15372532606124878,
		0.10254217684268951,
		0.051183145493268967,
		0.61472541093826294,
		0.8196338415145874,
		0.46117597818374634,
		0.051183145493268967,
		0.71726757287979126,
		1.0245423316955566,
		0.051359035074710846,
		0.76845073699951172,
		3.7398874759674072,
		0.051183145493268967,
		0.4098169207572937,
		9.3239507675170898,
		0.71726757287979126,
		0.10254217684268951,
		12.346570014953613,
		0.46100008487701416,
		5.8403310775756836,
		8.9654932022094727,
		0.051183145493268967,
		17.367267608642578,
		0.051183145493268967,
		12.449112892150879,
		20.799705505371094
	],
	"end" : 15.689722061157227,
	"labels" : 
	[
		"Prep",
		"Scan",
		"Break",
		"Prep",
		"Break",
		"Prep",
		"Break",
		"Prep",
		"Scan",
		"Break",
		"Prep",
		"Scan",
		"Break",
		"Prep",
		"Scan",
		"Break",
		"Prep",
		"Scan",
		"Prep",
		"Break",
		"Scan",
		"Prep",
		"Scan",
		"Break",
		"Prep",
		"Scan",
		"Break",
		"Scan",
		"Dead"
	],
	"start" : 15.148056030273438
}