{
	"data" : 
	[
		0.31222215294837952,
		4.5316915512084961,
		0.46851205825805664,
		0.6773754358291626,
		0.72923362255096436,
		1.7706893682479858,
		0.36479565501213074,
		3.3332309722900391,
		0.93773943185806274,
		7.6564168930053711,
		0.052215848118066788,
		1.6143994331359863,
		15.469481468200684,
		0.052215848118066788,
		0.41665387153625488,
		8.4900827407836914,
		0.15593224763870239,
		7.3964104652404785,
		0.98959755897521973,
		0.98959755897521973,
		1.9269793033599854,
		0.36479565501213074,
		4.9479880332946777,
		0.052215848118066788,
		5.3646416664123535,
		8.2297182083129883,
		0.41665387153625488,
		6.4064555168151855,
		15.782060623168945
	],
	"end" : 16.635278701782227,
	"labels" : 
	[
		"Prep",
		"Break",
		"Break",
		"Prep",
		"Scan",
		"Break",
		"Prep",
		"Scan",
		"Prep",
		"Scan",
		"Break",
		"Prep",
		"Scan",
		"Break",
		"Prep",
		"Scan",
		"Prep",
		"Scan",
		"Prep",
		"Scan",
		"Break",
		"Prep",
		"Scan",
		"Prep",
		"Scan",
		"Scan",
		"Prep",
		"Scan",
		"Dead"
	],
	"start" : 16.102500915527344
}