{
	"data" : 
	[
		0.60838222503662109,
		0.47799330949783325,
		3.954185962677002,
		0.34760436415672302,
		0.60838222503662109,
		0.043562434613704681,
		10.298487663269043,
		1.3035908937454224,
		0.65179544687271118,
		13.992045402526855,
		0.086975686252117157,
		9.4728899002075195,
		0.043413247913122177,
		1.2167644500732422,
		11.645492553710938,
		7.9086704254150391,
		0.82559764385223389,
		10.124686241149902,
		9.5598659515380859,
		16.729616165161133
	],
	"end" : 12.557499885559082,
	"labels" : 
	[
		"Prep",
		"Scan",
		"Break",
		"Prep",
		"Break",
		"Prep",
		"Scan",
		"Prep",
		"Break",
		"Scan",
		"Prep",
		"Scan",
		"Break",
		"Prep",
		"Scan",
		"Break",
		"Prep",
		"Scan",
		"Scan",
		"Dead"
	],
	"start" : 11.918889045715332
}