{
	"data" : 
	[
		0.43571677803993225,
		0.043526805937290192,
		1.0892171859741211,
		6.0559101104736328,
		1.2634739875793457,
		0.043526805937290192,
		0.087053611874580383,
		0.043676380068063736,
		0.30498680472373962,
		0.87128394842147827,
		0.34851360321044922,
		0.17425680160522461,
		0.043676380068063736,
		0.30483719706535339,
		0.95848721265792847,
		0.087203189730644226,
		0.74070358276367188,
		3.7902722358703613,
		0.087203189730644226,
		0.087053611874580383,
		0.043676380068063736,
		0.30483719706535339,
		0.82790678739547729,
		1.0455408096313477,
		0.34851360321044922,
		13.462347984313965,
		0.043526805937290192,
		0.47924360632896423,
		3.703218936920166,
		0.39218997955322266,
		0.30498680472373962,
		3.703218936920166,
		0.34851360321044922,
		1.0892171859741211,
		0.30498680472373962,
		0.78408080339431763,
		0.17440637946128845,
		0.043526805937290192,
		0.74055397510528564,
		3.703218936920166,
		2.5704748630523682,
		0.13073000311851501,
		1.0020140409469604,
		0.043676380068063736,
		0.82775717973709106,
		0.043526805937290192,
		0.74070358276367188,
		0.78423041105270386,
		0.74055397510528564,
		0.78423041105270386,
		0.043526805937290192,
		0.74070358276367188,
		0.78423041105270386,
		0.39204040169715881,
		0.74070358276367188,
		0.74070358276367188,
		0.043526805937290192,
		0.82775717973709106,
		0.30498680472373962,
		0.74070358276367188,
		38.164932250976562
	],
	"end" : 11.266388893127441,
	"labels" : 
	[
		"Prep",
		"Break",
		"Scan",
		"Break",
		"Prep",
		"Break",
		"Break",
		"Prep",
		"Break",
		"Scan",
		"Prep",
		"Break",
		"Prep",
		"Break",
		"Scan",
		"Prep",
		"Break",
		"Scan",
		"Prep",
		"Break",
		"Prep",
		"Break",
		"Scan",
		"Prep",
		"Break",
		"Scan",
		"Prep",
		"Break",
		"Scan",
		"Prep",
		"Break",
		"Scan",
		"Break",
		"Prep",
		"Break",
		"Scan",
		"Break",
		"Prep",
		"Break",
		"Scan",
		"Break",
		"Break",
		"Scan",
		"Break",
		"Scan",
		"Prep",
		"Break",
		"Scan",
		"Break",
		"Scan",
		"Break",
		"Break",
		"Scan",
		"Prep",
		"Break",
		"Scan",
		"Break",
		"Prep",
		"Break",
		"Scan",
		"Dead"
	],
	"start" : 10.629444122314453
}