{
	"data" : 
	[
		0.8498876690864563,
		2.781498908996582,
		1.6997753381729126,
		0.69550734758377075,
		1.7767002582550049,
		0.54112702608108521,
		1.1586484909057617,
		11.357831001281738,
		0.076924920082092285,
		0.077455431222915649,
		13.520748138427734,
		0.077455431222915649,
		0.61805188655853271,
		0.54059648513793945,
		0.077455431222915649,
		16.456626892089844,
		0.077455431222915649,
		1.3904842138290405,
		0.92734313011169434,
		16.070409774780273,
		0.077455431222915649,
		0.15438035130500793,
		15.220523834228516,
		1.5453950166702271,
		12.130263328552246
	],
	"end" : 19.029167175292969,
	"labels" : 
	[
		"Prep",
		"Scan",
		"Break",
		"Prep",
		"Scan",
		"Break",
		"Prep",
		"Scan",
		"Break",
		"Break",
		"Scan",
		"Break",
		"Prep",
		"Break",
		"Prep",
		"Scan",
		"Break",
		"Prep",
		"Break",
		"Scan",
		"Break",
		"Prep",
		"Scan",
		"Prep",
		"Scan"
	],
	"start" : 18.670000076293945
}