{
	"data" : 
	[
		0.39585983753204346,
		0.79147261381149292,
		1.5834393501281738,
		0.32395273447036743,
		0.32395273447036743,
		0.71981257200241089,
		0.64765834808349609,
		0.32395273447036743,
		6.1177887916564941,
		0.50384408235549927,
		1.0435181856155396,
		16.806003570556641,
		0.43193697929382324,
		6.6574630737304688,
		0.28787562251091003,
		5.1461777687072754,
		0.32395273447036743,
		0.32395273447036743,
		5.5059604644775391,
		1.1515024900436401,
		0.50384408235549927,
		0.036077111959457397,
		5.7577590942382812,
		0.036077111959457397,
		0.28787562251091003,
		0.036077111959457397,
		8.2409029006958008,
		0.32395273447036743,
		0.32395273447036743,
		2.5189733505249023,
		32.424430847167969
	],
	"end" : 17.406389236450195,
	"labels" : 
	[
		"Prep",
		"Scan",
		"Break",
		"Prep",
		"Break",
		"Scan",
		"Break",
		"Prep",
		"Scan",
		"Break",
		"Prep",
		"Scan",
		"Prep",
		"Scan",
		"Prep",
		"Scan",
		"Break",
		"Prep",
		"Scan",
		"Prep",
		"Break",
		"Prep",
		"Scan",
		"Break",
		"Prep",
		"Break",
		"Scan",
		"Break",
		"Prep",
		"Scan",
		"Dead"
	],
	"start" : 16.635278701782227
}