{
	"data" : 
	[
		0.73575413227081299,
		1.1036311388015747,
		2.9953382015228271,
		0.73575413227081299,
		0.10518506169319153,
		0.052502315491437912,
		5.8856720924377441,
		0.052682735025882721,
		0.10500463098287582,
		7.6725549697875977,
		4.3091592788696289,
		0.052502315491437912,
		0.68325179815292358,
		3.5209026336669922,
		0.42037937045097351,
		4.4668464660644531,
		0.10518506169319153,
		5.0449132919311523,
		61.852779388427734
	],
	"end" : 14.661666870117188,
	"labels" : 
	[
		"Prep",
		"Scan",
		"Break",
		"Prep",
		"Break",
		"Prep",
		"Scan",
		"Break",
		"Break",
		"Scan",
		"Scan",
		"Break",
		"Prep",
		"Scan",
		"Prep",
		"Scan",
		"Prep",
		"Scan",
		"Dead"
	],
	"start" : 14.133610725402832
}