{
	"data" : 
	[
		0.30746766924858093,
		0.30746766924858093,
		0.41724520921707153,
		0.37321355938911438,
		0.37336435914039612,
		0.24157097935676575,
		0.3294835090637207,
		0.39522942900657654,
		0.74672871828079224,
		0.61493533849716187,
		6.3247261047363281,
		0.37336435914039612,
		2.0642104148864746,
		0.022015830501914024,
		0.32933270931243896,
		0.21970593929290771,
		5.3803071975708008,
		0.022015830501914024,
		2.5475032329559326,
		0.021865038201212883,
		0.85650628805160522,
		0.13179339468479156,
		6.8957810401916504,
		3.2940812110900879,
		0.022015830501914024,
		0.15365844964981079,
		1.2957673072814941,
		0.021865038201212883,
		0.5270228385925293,
		2.1961545944213867,
		0.022015830501914024,
		0.70269709825515747,
		5.0291094779968262,
		0.021865038201212883,
		0.35134854912757874,
		0.35134854912757874,
		6.5444316864013672,
		0.022015830501914024,
		0.24157097935676575,
		0.83449041843414307,
		0.021865038201212883,
		0.2856026291847229,
		11.30980396270752,
		0.022015830501914024,
		0.21955515444278717,
		1.3396482467651367,
		0.021865038201212883,
		0.044031661003828049,
		3.2061684131622314,
		0.022015830501914024,
		0.043880868703126907,
		6.6321935653686523,
		0.35134854912757874,
		0.065896697342395782,
		5.600013256072998,
		0.15380923449993134,
		3.6015486717224121,
		0.022015830501914024,
		2.6791458129882812,
		0.022015830501914024,
		0.19769009947776794,
		5.3803071975708008,
		0.24157097935676575,
		2.0643613338470459,
		5.4243388175964355
	],
	"end" : 18.670000076293945,
	"labels" : 
	[
		"Prep",
		"Scan",
		"Break",
		"Prep",
		"Scan",
		"Break",
		"Prep",
		"Scan",
		"Break",
		"Prep",
		"Scan",
		"Prep",
		"Scan",
		"Break",
		"Prep",
		"Break",
		"Scan",
		"Break",
		"Scan",
		"Prep",
		"Break",
		"Break",
		"Scan",
		"Break",
		"Prep",
		"Break",
		"Scan",
		"Break",
		"Break",
		"Scan",
		"Break",
		"Prep",
		"Scan",
		"Break",
		"Prep",
		"Break",
		"Scan",
		"Break",
		"Prep",
		"Break",
		"Prep",
		"Break",
		"Scan",
		"Break",
		"Prep",
		"Scan",
		"Break",
		"Prep",
		"Scan",
		"Break",
		"Prep",
		"Scan",
		"Break",
		"Prep",
		"Scan",
		"Prep",
		"Scan",
		"Prep",
		"Scan",
		"Prep",
		"Break",
		"Scan",
		"Prep",
		"Scan",
		"Dead"
	],
	"start" : 17.406389236450195
}