{
	"data" : 
	[
		1.5186412334442139,
		2.1692214012145996,
		5.315244197845459,
		1.9524854421615601,
		0.43384429812431335,
		10.629743576049805,
		0.2171083390712738,
		12.799337387084961,
		0.10836797207593918,
		9.3282108306884766,
		0.86768859624862671,
		8.4608945846557617,
		1.5182687044143677,
		10.413007736206055,
		34.167934417724609
	],
	"end" : 12.813333511352539,
	"labels" : 
	[
		"Prep",
		"Scan",
		"Break",
		"Prep",
		"Break",
		"Scan",
		"Break",
		"Scan",
		"Break",
		"Scan",
		"Prep",
		"Scan",
		"Prep",
		"Scan",
		"Dead"
	],
	"start" : 12.557499885559082
}