{
	"data" : 
	[
		0.63792115449905396,
		0.42532944679260254,
		0.76553457975387573,
		0.89300203323364258,
		1.5735583305358887,
		1.4885801076889038,
		5.3585963249206543,
		0.042489141225814819,
		0.25522685050964355,
		5.2736177444458008,
		0.042489141225814819,
		7.9102811813354492,
		0.042635150253772736,
		4.9332666397094727,
		2.0413768291473389,
		6.8471765518188477,
		61.368923187255859
	],
	"end" : 11.918889045715332,
	"labels" : 
	[
		"Prep",
		"Scan",
		"Break",
		"Scan",
		"Break",
		"Prep",
		"Scan",
		"Break",
		"Prep",
		"Scan",
		"Break",
		"Scan",
		"Prep",
		"Scan",
		"Prep",
		"Scan",
		"Dead"
	],
	"start" : 11.266388893127441
}