{
	"data" : 
	[
		0.47861796617507935,
		1.5662637948989868,
		1.6969726085662842,
		0.39152863621711731,
		1.2183545827865601,
		2.1319713592529297,
		0.39167803525924683,
		1.1747353076934814,
		4.3510317802429199,
		0.043469984084367752,
		0.043619368225336075,
		0.043469984084367752,
		7.2662100791931152,
		7.0052404403686523,
		0.39152863621711731,
		0.91376602649688721,
		7.9188570976257324,
		1.0877953767776489,
		6.6571817398071289,
		0.73958724737167358,
		6.3525934219360352,
		4.2204723358154297,
		0.087089352309703827,
		6.3524436950683594,
		7.9190068244934082,
		0.13040995597839355,
		0.043619368225336075,
		0.086939968168735504,
		6.3525934219360352,
		3.2632365226745605,
		0.087089352309703827,
		6.3524436950683594,
		13.140185356140137
	],
	"end" : 10.273611068725586,
	"labels" : 
	[
		"Prep",
		"Scan",
		"Break",
		"Prep",
		"Scan",
		"Break",
		"Prep",
		"Scan",
		"Break",
		"Prep",
		"Break",
		"Prep",
		"Scan",
		"Break",
		"Prep",
		"Break",
		"Scan",
		"Break",
		"Scan",
		"Prep",
		"Scan",
		"Break",
		"Prep",
		"Scan",
		"Break",
		"Prep",
		"Break",
		"Prep",
		"Scan",
		"Break",
		"Prep",
		"Scan",
		"Dead"
	],
	"start" : 9.635833740234375
}