{
	"data" : 
	[
		6.7833600044250488,
		5.5511760711669922,
		9.8659353256225586,
		4.9329676628112793,
		8.0176601409912109,
		64.7489013671875
	],
	"end" : 15.871944427490234,
	"labels" : 
	[
		"Prep",
		"Scan",
		"Break",
		"Prep",
		"Scan",
		"Dead"
	],
	"start" : 15.826944351196289
}