{
	"data" : 
	[
		0.39401394128799438,
		0.96720337867736816,
		5.408714771270752,
		0.89550864696502686,
		0.035785913467407227,
		0.035785913467407227,
		2.937150239944458,
		3.4386448860168457,
		0.75224196910858154,
		0.21496140956878662,
		0.17905253171920776,
		1.5402698516845703,
		3.8326590061187744,
		1.0387752056121826,
		14.864926338195801,
		2.5431363582611084,
		0.28653323650360107,
		0.25074732303619385,
		2.0059785842895508,
		2.4356555938720703,
		0.10748070478439331,
		0.39401394128799438,
		0.035785913467407227,
		7.701103687286377,
		0.035908885300159454,
		1.2178277969360352,
		5.9459953308105469,
		0.39401394128799438,
		1.002866268157959,
		0.071694798767566681,
		0.82381385564804077,
		0.39401394128799438,
		0.035785913467407227,
		1.0746841430664062,
		0.17905253171920776,
		2.6148312091827393,
		0.035785913467407227,
		7.8085842132568359,
		0.17905253171920776,
		0.25074732303619385,
		0.71645605564117432,
		2.1133365631103516,
		0.68054717779159546,
		0.25074732303619385,
		0.53728055953979492,
		0.28653323650360107,
		0.25074732303619385,
		0.57306647300720215,
		0.035908885300159454,
		0.17905253171920776,
		0.25074732303619385,
		0.71633315086364746,
		18.948455810546875
	],
	"end" : 15.034444808959961,
	"labels" : 
	[
		"Prep",
		"Scan",
		"Break",
		"Prep",
		"Break",
		"Break",
		"Scan",
		"Break",
		"Prep",
		"Break",
		"Break",
		"Scan",
		"Break",
		"Prep",
		"Scan",
		"Break",
		"Prep",
		"Break",
		"Scan",
		"Break",
		"Prep",
		"Break",
		"Prep",
		"Scan",
		"Break",
		"Prep",
		"Scan",
		"Break",
		"Prep",
		"Break",
		"Break",
		"Scan",
		"Break",
		"Prep",
		"Prep",
		"Scan",
		"Prep",
		"Scan",
		"Prep",
		"Break",
		"Scan",
		"Break",
		"Prep",
		"Break",
		"Scan",
		"Prep",
		"Break",
		"Scan",
		"Break",
		"Prep",
		"Break",
		"Scan",
		"Dead"
	],
	"start" : 14.259721755981445
}