{
	"data" : 
	[
		1.325369119644165,
		0.10184378176927567,
		2.0389754772186279,
		2.9559195041656494,
		0.40807509422302246,
		13.455628395080566,
		0.10219375789165497,
		0.20368756353855133,
		17.533578872680664,
		0.10184378176927567,
		0.20403754711151123,
		9.6839094161987305,
		1.4272128343582153,
		11.519196510314941,
		1.5290566682815552,
		11.824728012084961,
		25.484745025634766
	],
	"end" : 15.826944351196289,
	"labels" : 
	[
		"Prep",
		"Break",
		"Scan",
		"Break",
		"Break",
		"Scan",
		"Prep",
		"Break",
		"Scan",
		"Break",
		"Break",
		"Scan",
		"Prep",
		"Scan",
		"Prep",
		"Scan",
		"Dead"
	],
	"start" : 15.554721832275391
}