{
	"data" : 
	[
		0.83091157674789429,
		1.3296868801116943,
		2.3272373676300049,
		1.2469381093978882,
		1.3296868801116943,
		1.9945303201675415,
		0.83091157674789429,
		0.99755042791366577,
		3.989631175994873,
		2.5760543346405029,
		13.381329536437988,
		4.4878358840942383,
		0.24938760697841644,
		8.8096036911010742,
		0.24938760697841644,
		8.8929233551025391,
		4.2384481430053711,
		0.99755042791366577,
		10.389247894287109,
		0.082748755812644958,
		0.58209466934204102,
		15.874064445495605,
		0.083319433033466339,
		0.74759215116500854,
		13.381329536437988
	],
	"end" : 19.142778396606445,
	"labels" : 
	[
		"Prep",
		"Scan",
		"Break",
		"Prep",
		"Scan",
		"Break",
		"Prep",
		"Scan",
		"Break",
		"Prep",
		"Scan",
		"Break",
		"Prep",
		"Scan",
		"Prep",
		"Scan",
		"Break",
		"Prep",
		"Scan",
		"Break",
		"Prep",
		"Scan",
		"Break",
		"Prep",
		"Scan"
	],
	"start" : 18.808889389038086
}