{
	"data" : 
	[
		1.2812635898590088,
		1.9699257612228394,
		3.3499562740325928,
		1.3793540000915527,
		5.9111309051513672,
		0.098766885697841644,
		10.639764785766602,
		0.098766885697841644,
		9.2610874176025391,
		3.0536558628082275,
		0.098766885697841644,
		10.54167366027832,
		9.851658821105957,
		2.7587080001831055,
		20.787725448608398,
		18.81779670715332
	],
	"end" : 18.808889389038086,
	"labels" : 
	[
		"Prep",
		"Scan",
		"Break",
		"Prep",
		"Scan",
		"Break",
		"Scan",
		"Break",
		"Scan",
		"Break",
		"Prep",
		"Scan",
		"Break",
		"Prep",
		"Scan",
		"Dead"
	],
	"start" : 18.5272216796875
}