{
	"data" : 
	[
		0.34255939722061157,
		0.34255939722061157,
		1.3211805820465088,
		0.92981612682342529,
		2.3243303298950195,
		0.41597700119018555,
		4.1105446815490723,
		1.5169048309326172,
		0.22025275230407715,
		7.2667450904846191,
		0.024528529495000839,
		0.19572421908378601,
		4.012598991394043,
		0.048973057419061661,
		2.6180007457733154,
		0.97870516777038574,
		8.3188676834106445,
		0.024444529786705971,
		0.073417589068412781,
		3.9881541728973389,
		0.63614577054977417,
		0.3670039176940918,
		3.1073951721191406,
		0.34247541427612305,
		0.66067427396774292,
		0.024444529786705971,
		0.24469730257987976,
		3.8413190841674805,
		0.51383912563323975,
		0.464866042137146,
		0.61170125007629395,
		0.024444529786705971,
		0.024528529495000839,
		5.2360014915466309,
		0.024444529786705971,
		0.17127969861030579,
		3.8413190841674805,
		0.024528529495000839,
		3.6944839954376221,
		4.6243839263916016,
		3.670039176940918,
		0.58725666999816895,
		0.22016876935958862,
		7.1199941635131836,
		0.073417589068412781,
		0.61170125007629395,
		3.8902921676635742,
		0.464866042137146,
		0.53828364610671997,
		0.024444529786705971,
		0.024528529495000839,
		6.9487142562866211,
		8.1720333099365234
	],
	"end" : 13.228610992431641,
	"labels" : 
	[
		"Prep",
		"Scan",
		"Break",
		"Prep",
		"Scan",
		"Prep",
		"Scan",
		"Break",
		"Prep",
		"Scan",
		"Break",
		"Prep",
		"Scan",
		"Prep",
		"Break",
		"Break",
		"Scan",
		"Break",
		"Prep",
		"Scan",
		"Break",
		"Scan",
		"Break",
		"Prep",
		"Break",
		"Prep",
		"Break",
		"Scan",
		"Break",
		"Break",
		"Break",
		"Prep",
		"Break",
		"Scan",
		"Break",
		"Prep",
		"Scan",
		"Break",
		"Scan",
		"Break",
		"Scan",
		"Break",
		"Prep",
		"Scan",
		"Prep",
		"Break",
		"Scan",
		"Prep",
		"Break",
		"Prep",
		"Prep",
		"Scan",
		"Dead"
	],
	"start" : 12.094444274902344
}