{
	"data" : 
	[
		1.0637447834014893,
		0.99217939376831055,
		2.6235795021057129,
		0.99266624450683594,
		6.2393383979797363,
		0.070591762661933899,
		1.2054152488708496,
		11.911507606506348,
		0.92158764600753784,
		2.1270027160644531,
		21.12884521484375,
		0.56716829538345337,
		0.56716829538345337,
		11.627679824829102,
		10.989919662475586,
		26.871604919433594
	],
	"end" : 16.590278625488281,
	"labels" : 
	[
		"Prep",
		"Scan",
		"Break",
		"Prep",
		"Scan",
		"Break",
		"Prep",
		"Scan",
		"Break",
		"Prep",
		"Scan",
		"Break",
		"Prep",
		"Scan",
		"Scan",
		"Dead"
	],
	"start" : 16.198888778686523
}