{
	"data" : 
	[
		0.8780098557472229,
		1.3170149326324463,
		6.6472973823547363,
		0.8780098557472229,
		8.2153568267822266,
		5.2049751281738281,
		0.12552225589752197,
		0.062653481960296631,
		12.16618537902832,
		1.0659703016281128,
		0.50165843963623047,
		15.866185188293457,
		1.9439802169799805,
		0.1881757378578186,
		9.971160888671875,
		0.68983417749404907,
		0.062653481960296631,
		16.242536544799805,
		17.872819900512695
	],
	"end" : 11.29194450378418,
	"labels" : 
	[
		"Prep",
		"Scan",
		"Break",
		"Prep",
		"Scan",
		"Break",
		"Prep",
		"Break",
		"Scan",
		"Break",
		"Prep",
		"Scan",
		"Break",
		"Prep",
		"Scan",
		"Break",
		"Prep",
		"Scan",
		"Dead"
	],
	"start" : 10.849444389343262
}