{
	"data" : 
	[
		0.37679705023765564,
		0.40368473529815674,
		0.67283862829208374,
		0.18839852511882782,
		0.24217386543750763,
		0.78048181533813477,
		0.026887673884630203,
		2.502863883972168,
		0.026980074122548103,
		0.43057239055633545,
		4.4406242370605469,
		0.83425712585449219,
		8.0200109481811523,
		0.026887673884630203,
		0.37679705023765564,
		6.2975373268127441,
		0.026980074122548103,
		0.026887673884630203,
		4.1176953315734863,
		0.026887673884630203,
		0.21528619527816772,
		4.4136438369750977,
		0.026980074122548103,
		4.2252459526062012,
		0.026980074122548103,
		0.026887673884630203,
		6.755089282989502,
		0.026887673884630203,
		0.24226625263690948,
		10.818916320800781,
		4.386756420135498,
		0.026887673884630203,
		4.2253379821777344,
		0.026887673884630203,
		0.21528619527816772,
		7.8316130638122559,
		26.56280517578125
	],
	"end" : 14.259721755981445,
	"labels" : 
	[
		"Prep",
		"Scan",
		"Break",
		"Prep",
		"Scan",
		"Break",
		"Prep",
		"Scan",
		"Break",
		"Prep",
		"Scan",
		"Prep",
		"Scan",
		"Break",
		"Prep",
		"Scan",
		"Prep",
		"Break",
		"Scan",
		"Break",
		"Prep",
		"Scan",
		"Prep",
		"Scan",
		"Break",
		"Prep",
		"Scan",
		"Break",
		"Prep",
		"Scan",
		"Break",
		"Break",
		"Scan",
		"Break",
		"Prep",
		"Scan",
		"Dead"
	],
	"start" : 13.228610992431641
}