{
	"data" : 
	[
		0.38938471674919128,
		0.44495654106140137,
		0.83434128761291504,
		0.72300660610198975,
		1.0570105314254761,
		0.055571828037500381,
		0.72300660610198975,
		0.55629116296768188,
		0.38938471674919128,
		0.44495654106140137,
		1.7244454622268677,
		0.38919377326965332,
		12.960457801818848,
		0.72300660610198975,
		0.66743481159210205,
		9.5673294067382812,
		9.6229009628295898,
		0.055571828037500381,
		12.070353507995605,
		0.055571828037500381,
		0.22247827053070068,
		11.347346305847168,
		0.055571828037500381,
		0.3338128924369812,
		14.462041854858398,
		20.024572372436523
	],
	"end" : 9.2036113739013672,
	"labels" : 
	[
		"Prep",
		"Scan",
		"Break",
		"Scan",
		"Break",
		"Prep",
		"Scan",
		"Break",
		"Prep",
		"Scan",
		"Break",
		"Break",
		"Scan",
		"Break",
		"Break",
		"Scan",
		"Scan",
		"Prep",
		"Scan",
		"Break",
		"Break",
		"Scan",
		"Prep",
		"Break",
		"Scan",
		"Dead"
	],
	"start" : 8.7047224044799805
}