{
	"data" : 
	[
		0.93365031480789185,
		0.84885251522064209,
		0.93365031480789185,
		0.93365031480789185,
		0.93365031480789185,
		7.1294283866882324,
		2.1219856739044189,
		12.561735153198242,
		3.649803638458252,
		0.16988706588745117,
		10.948827743530273,
		0.085089229047298431,
		0.085089229047298431,
		9.0818185806274414,
		0.084506429731845856,
		0.16959565877914429,
		8.8277158737182617,
		0.16959565877914429,
		8.8271331787109375,
		31.404336929321289
	],
	"end" : 16.198888778686523,
	"labels" : 
	[
		"Prep",
		"Scan",
		"Break",
		"Prep",
		"Scan",
		"Break",
		"Prep",
		"Scan",
		"Break",
		"Prep",
		"Scan",
		"Break",
		"Prep",
		"Scan",
		"Break",
		"Prep",
		"Scan",
		"Prep",
		"Scan",
		"Dead"
	],
	"start" : 15.871944427490234
}