{
	"data" : 
	[
		0.81889522075653076,
		0.81889522075653076,
		1.6373889446258545,
		0.81889522075653076,
		4.9133715629577637,
		0.17550623416900635,
		0.46788278222084045,
		0.52611708641052246,
		0.058635957539081573,
		1.0530375242233276,
		9.8259401321411133,
		0.70202493667602539,
		1.1112717390060425,
		17.371503829956055,
		0.46788278222084045,
		0.46788278222084045,
		9.5921993255615234,
		9.0660820007324219,
		0.058234333992004395,
		0.46788278222084045,
		10.645236968994141,
		28.835233688354492
	],
	"end" : 17.704721450805664,
	"labels" : 
	[
		"Prep",
		"Scan",
		"Break",
		"Prep",
		"Scan",
		"Break",
		"Prep",
		"Scan",
		"Break",
		"Prep",
		"Scan",
		"Break",
		"Prep",
		"Scan",
		"Break",
		"Prep",
		"Scan",
		"Scan",
		"Break",
		"Prep",
		"Scan",
		"Dead"
	],
	"start" : 17.230278015136719
}