{
	"data" : 
	[
		0.48413658142089844,
		0.38037604093551636,
		3.2158634662628174,
		0.034547261893749237,
		1.1411281824111938,
		0.034547261893749237,
		1.7982385158538818,
		0.58777832984924316,
		7.6766157150268555,
		1.9710934162139893,
		5.9475903511047363,
		1.0374863147735596,
		0.24194957315921783,
		6.1897773742675781,
		0.27661556005477905,
		1.3139832019805908,
		9.9935379028320312,
		0.034547261893749237,
		1.8673330545425415,
		0.034547261893749237,
		1.694359302520752,
		0.03466598317027092,
		7.9877781867980957,
		6.1551113128662109,
		0.69165754318237305,
		10.685076713562012,
		0.69153887033462524,
		1.2448886632919312,
		0.034547261893749237,
		10.650529861450195,
		15.768155097961426
	],
	"end" : 12.094444274902344,
	"labels" : 
	[
		"Prep",
		"Scan",
		"Break",
		"Prep",
		"Break",
		"Prep",
		"Break",
		"Prep",
		"Scan",
		"Break",
		"Scan",
		"Prep",
		"Break",
		"Scan",
		"Break",
		"Prep",
		"Scan",
		"Prep",
		"Break",
		"Prep",
		"Break",
		"Prep",
		"Scan",
		"Break",
		"Prep",
		"Scan",
		"Prep",
		"Break",
		"Prep",
		"Scan",
		"Dead"
	],
	"start" : 11.29194450378418
}