{
	"data" : 
	[
		0.53010427951812744,
		1.8795207738876343,
		4.3371262550354004,
		1.2529586553573608,
		13.686253547668457,
		5.6865429878234863,
		0.43364647030830383,
		9.5900230407714844,
		7.0359597206115723,
		0.4819580614566803,
		13.637941360473633,
		0.4819580614566803,
		7.9034175872802734,
		0.096292346715927124,
		7.2287092208862305,
		0.14460396766662598,
		6.8911900520324707,
		18.601795196533203
	],
	"end" : 10.849444389343262,
	"labels" : 
	[
		"Prep",
		"Scan",
		"Break",
		"Prep",
		"Scan",
		"Break",
		"Prep",
		"Scan",
		"Break",
		"Prep",
		"Scan",
		"Prep",
		"Scan",
		"Prep",
		"Scan",
		"Prep",
		"Scan",
		"Dead"
	],
	"start" : 10.273611068725586
}