{
	"data" : 
	[
		0.56359440088272095,
		0.91044449806213379,
		2.6449933052062988,
		0.60706228017807007,
		4.249138355255127,
		4.379244327545166,
		0.56389212608337402,
		0.086638115346431732,
		11.186737060546875,
		0.043170195072889328,
		7.1978111267089844,
		0.043467920273542404,
		0.3033822774887085,
		10.146186828613281,
		0.043170195072889328,
		0.26021209359169006,
		11.186737060546875,
		3.9892237186431885,
		11.229907035827637,
		0.43378603458404541,
		0.043170195072889328,
		11.186737060546875,
		18.601293563842773
	],
	"end" : 17.230278015136719,
	"labels" : 
	[
		"Prep",
		"Scan",
		"Break",
		"Prep",
		"Scan",
		"Break",
		"Prep",
		"Break",
		"Scan",
		"Prep",
		"Scan",
		"Break",
		"Prep",
		"Scan",
		"Break",
		"Prep",
		"Scan",
		"Break",
		"Scan",
		"Break",
		"Prep",
		"Scan",
		"Dead"
	],
	"start" : 16.590278625488281
}