{
	"data" : 
	[
		0.74657189846038818,
		0.74675500392913818,
		1.653555154800415,
		0.37337750196456909,
		3.8934540748596191,
		0.053470440208911896,
		0.95990431308746338,
		8.9606943130493164,
		5.5470089912414551,
		0.37337750196456909,
		8.05389404296875,
		0.053287327289581299,
		9.8140239715576172,
		1.7068424224853516,
		15.840984344482422,
		0.053470440208911896,
		17.227737426757812,
		23.841590881347656
	],
	"end" : 15.554721832275391,
	"labels" : 
	[
		"Prep",
		"Scan",
		"Break",
		"Prep",
		"Scan",
		"Break",
		"Prep",
		"Scan",
		"Break",
		"Prep",
		"Scan",
		"Break",
		"Scan",
		"Prep",
		"Scan",
		"Break",
		"Scan",
		"Dead"
	],
	"start" : 15.034444808959961
}