{
	"data" : 
	[
		0.47236397862434387,
		0.37112659215927124,
		0.40494957566261292,
		0.70843017101287842,
		2.5304715633392334,
		0.77607619762420654,
		6.6464552879333496,
		0.47236397862434387,
		0.033591359853744507,
		4.1498064994812012,
		3.9137406349182129,
		2.1255221366882324,
		5.6007218360900879,
		0.033591359853744507,
		1.58574378490448,
		5.8706111907958984,
		64.204437255859375
	],
	"end" : 18.5272216796875,
	"labels" : 
	[
		"Prep",
		"Scan",
		"Break",
		"Scan",
		"Break",
		"Prep",
		"Scan",
		"Break",
		"Prep",
		"Scan",
		"Scan",
		"Break",
		"Scan",
		"Break",
		"Prep",
		"Scan",
		"Dead"
	],
	"start" : 17.704721450805664
}