{
	"data" : 
	[
		0.49366810917854309,
		0.71816080808639526,
		0.80783456563949585,
		0.76284360885620117,
		0.85267150402069092,
		0.089827872812747955,
		0.53850501775741577,
		3.4108400344848633,
		1.4360134601593018,
		0.089827872812747955,
		8.2576932907104492,
		1.122001051902771,
		0.35900336503982544,
		8.8858718872070312,
		0.089827872812747955,
		8.9757003784179688,
		0.089827872812747955,
		0.58334189653396606,
		5.6546883583068848,
		0.089827872812747955,
		10.411867141723633,
		0.13466477394104004,
		0.62817883491516113,
		0.76299768686294556,
		15.97688102722168,
		28.677433013916016
	],
	"end" : 8.7047224044799805,
	"labels" : 
	[
		"Prep",
		"Scan",
		"Break",
		"Scan",
		"Break",
		"Prep",
		"Scan",
		"Break",
		"Prep",
		"Break",
		"Scan",
		"Break",
		"Prep",
		"Scan",
		"Prep",
		"Scan",
		"Break",
		"Prep",
		"Scan",
		"Break",
		"Scan",
		"Break",
		"Prep",
		"Break",
		"Scan",
		"Dead"
	],
	"start" : 8.0863885879516602
}