{
	"data" : 
	[
		0.89888793230056763,
		0.44922354817390442,
		1.6051255464553833,
		0.064143307507038116,
		0.64209431409835815,
		3.0817441940307617,
		0.83474463224411011,
		6.9980125427246094,
		1.0915383100509644,
		6.3561382293701172,
		2.3111426830291748,
		0.12850703299045563,
		6.3561382293701172,
		2.8249504566192627,
		0.12828661501407623,
		10.208263397216797,
		55.921058654785156
	],
	"end" : 9.635833740234375,
	"labels" : 
	[
		"Prep",
		"Scan",
		"Break",
		"Prep",
		"Scan",
		"Break",
		"Prep",
		"Scan",
		"Prep",
		"Scan",
		"Break",
		"Prep",
		"Scan",
		"Break",
		"Prep",
		"Scan",
		"Dead"
	],
	"start" : 9.2036113739013672
}