{
	"data" : 
	[
		0.70516586303710938,
		1.5044291019439697,
		0.89319932460784912,
		0.70516586303710938,
		0.23500148952007294,
		0.047129418700933456,
		10.201420783996582,
		0.84623134136199951,
		3.384925365447998,
		0.3290989100933075,
		1.5983650684356689,
		14.620610237121582,
		1.1283621788024902,
		0.14106544852256775,
		11.893882751464844,
		0.046968013048171997,
		0.51713240146636963,
		12.975277900695801,
		0.14106544852256775,
		11.658882141113281,
		0.047129418700933456,
		5.1711621284484863,
		0.51713240146636963,
		0.047129418700933456,
		5.7823920249938965,
		0.046968013048171997,
		0.047129418700933456,
		14.667577743530273
	],
	"end" : 11.268610954284668,
	"labels" : 
	[
		"Prep",
		"Scan",
		"Break",
		"Prep",
		"Break",
		"Prep",
		"Scan",
		"Prep",
		"Scan",
		"Break",
		"Prep",
		"Scan",
		"Break",
		"Prep",
		"Scan",
		"Break",
		"Break",
		"Scan",
		"Prep",
		"Scan",
		"Prep",
		"Scan",
		"Break",
		"Prep",
		"Scan",
		"Break",
		"Prep",
		"Scan"
	],
	"start" : 10.678333282470703
}