{
	"data" : 
	[
		1.2643836736679077,
		0.97283405065536499,
		2.0428512096405029,
		2.1400344371795654,
		4.2800688743591309,
		1.6534503698348999,
		7.9763708114624023,
		3.4047520160675049,
		0.097183212637901306,
		13.229273796081543,
		0.097183212637901306,
		0.19470039010047913,
		14.688358306884766,
		0.19436642527580261,
		10.992055892944336,
		36.672134399414062
	],
	"end" : 12.486944198608398,
	"labels" : 
	[
		"Prep",
		"Scan",
		"Break",
		"Scan",
		"Break",
		"Prep",
		"Scan",
		"Break",
		"Prep",
		"Scan",
		"Break",
		"Prep",
		"Scan",
		"Prep",
		"Scan",
		"Dead"
	],
	"start" : 12.201666831970215
}