{
	"data" : 
	[
		0.28694510459899902,
		0.25110775232315063,
		1.0761057138442993,
		0.25110775232315063,
		1.0761057138442993,
		1.0761057138442993,
		0.35874295234680176,
		5.5957989692687988,
		0.64568811655044556,
		0.035960502922534943,
		0.035837352275848389,
		6.7078647613525391,
		0.035837352275848389,
		3.8740053176879883,
		0.035837352275848389,
		0.14347255229949951,
		0.035960502922534943,
		9.7927093505859375,
		1.2912529706954956,
		0.53817605972290039,
		7.8914833068847656,
		0.10763520747423172,
		6.8155007362365723,
		51.940757751464844
	],
	"end" : 16.201944351196289,
	"labels" : 
	[
		"Prep",
		"Scan",
		"Break",
		"Prep",
		"Scan",
		"Break",
		"Break",
		"Scan",
		"Prep",
		"Break",
		"Prep",
		"Scan",
		"Prep",
		"Scan",
		"Break",
		"Break",
		"Prep",
		"Scan",
		"Break",
		"Break",
		"Scan",
		"Prep",
		"Scan",
		"Dead"
	],
	"start" : 15.428333282470703
}