{
	"data" : 
	[
		0.53190046548843384,
		0.048309311270713806,
		1.2088948488235474,
		1.8374139070510864,
		1.4022980928421021,
		0.6286851167678833,
		0.048309311270713806,
		0.33849722146987915,
		0.96701627969741821,
		0.38680648803710938,
		0.14509394764900208,
		0.33849722146987915,
		1.0638009309768677,
		0.096784628927707672,
		1.4989167451858521,
		0.33849722146987915,
		1.3055135011672974,
		0.43528184294700623,
		0.096618622541427612,
		0.33849722146987915,
		1.1121101379394531,
		0.33849722146987915,
		0.048475321382284164,
		0.82192236185073853,
		5.2706952095031738,
		0.096618622541427612,
		0.33849722146987915,
		1.1121101379394531,
		0.048475321382284164,
		0.048309311270713806,
		0.24171255528926849,
		0.048475321382284164,
		0.3383311927318573,
		1.0154916048049927,
		3.529900074005127,
		0.048309311270713806,
		0.33849722146987915,
		2.4177896976470947,
		2.7078115940093994,
		0.048309311270713806,
		1.2572041749954224,
		0.38680648803710938,
		3.1430935859680176,
		3.0463087558746338,
		0.24171255528926849,
		1.0154916048049927,
		0.048309311270713806,
		1.2088948488235474,
		0.048309311270713806,
		0.91887295246124268,
		0.3383311927318573,
		0.82208830118179321,
		54.398605346679688
	],
	"end" : 15.428333282470703,
	"labels" : 
	[
		"Prep",
		"Break",
		"Scan",
		"Break",
		"Prep",
		"Break",
		"Prep",
		"Break",
		"Scan",
		"Prep",
		"Break",
		"Break",
		"Scan",
		"Prep",
		"Break",
		"Break",
		"Scan",
		"Break",
		"Prep",
		"Break",
		"Scan",
		"Break",
		"Prep",
		"Break",
		"Scan",
		"Prep",
		"Break",
		"Scan",
		"Break",
		"Prep",
		"Break",
		"Prep",
		"Break",
		"Scan",
		"Break",
		"Prep",
		"Break",
		"Scan",
		"Break",
		"Prep",
		"Break",
		"Break",
		"Scan",
		"Break",
		"Break",
		"Scan",
		"Prep",
		"Scan",
		"Break",
		"Prep",
		"Break",
		"Scan",
		"Dead"
	],
	"start" : 14.85444450378418
}