{
	"data" : 
	[
		0.58802711963653564,
		0.58817142248153687,
		2.98282790184021,
		0.54605615139007568,
		3.066770076751709,
		0.041971035301685333,
		0.71422868967056274,
		6.5955100059509277,
		0.16802835464477539,
		12.477079391479492,
		2.0584557056427002,
		0.29408571124076843,
		6.5115680694580078,
		0.041971035301685333,
		0.92422807216644287,
		0.042115263640880585,
		6.8476247787475586,
		0.29408571124076843,
		6.4274816513061523,
		7.8979096412658691,
		0.084086298942565918,
		6.2594528198242188,
		0.041971035301685333,
		0.084086298942565918,
		10.544537544250488,
		23.777671813964844
	],
	"end" : 13.79444408416748,
	"labels" : 
	[
		"Prep",
		"Scan",
		"Break",
		"Prep",
		"Scan",
		"Break",
		"Prep",
		"Scan",
		"Prep",
		"Scan",
		"Break",
		"Prep",
		"Scan",
		"Prep",
		"Break",
		"Prep",
		"Scan",
		"Prep",
		"Scan",
		"Break",
		"Prep",
		"Scan",
		"Break",
		"Prep",
		"Scan",
		"Dead"
	],
	"start" : 13.133889198303223
}