{
	"data" : 
	[
		0.43431702256202698,
		0.32583096623420715,
		0.76014798879623413,
		0.054056629538536072,
		1.6287820339202881,
		0.3802604079246521,
		0.10848604887723923,
		6.9494452476501465,
		0.97749298810958862,
		0.054056629538536072,
		10.207382202148438,
		0.054429430514574051,
		5.7549800872802734,
		1.0859789848327637,
		0.16291548311710358,
		11.83579158782959,
		0.054429430514574051,
		1.3573805093765259,
		0.21697209775447845,
		0.054429430514574051,
		16.01641845703125,
		0.054429430514574051,
		0.10848604887723923,
		10.098523139953613,
		1.0859789848327637,
		0.70571857690811157,
		10.261439323425293,
		19.111440658569336
	],
	"end" : 18.867221832275391,
	"labels" : 
	[
		"Prep",
		"Scan",
		"Break",
		"Prep",
		"Scan",
		"Prep",
		"Break",
		"Scan",
		"Prep",
		"Break",
		"Scan",
		"Prep",
		"Scan",
		"Break",
		"Break",
		"Scan",
		"Break",
		"Break",
		"Break",
		"Prep",
		"Scan",
		"Break",
		"Prep",
		"Scan",
		"Break",
		"Prep",
		"Scan",
		"Dead"
	],
	"start" : 18.356111526489258
}