{
	"data" : 
	[
		0.76578831672668457,
		1.6706805229187012,
		3.8987324237823486,
		0.69599735736846924,
		14.410873413085938,
		0.48710253834724426,
		0.62668442726135254,
		8.9107742309570312,
		2.4369468688964844,
		0.069312922656536102,
		10.30324649810791,
		0.55737155675888062,
		0.62620645761489868,
		13.923293113708496,
		0.55689352750778198,
		12.949089050292969,
		0.069312922656536102,
		1.2533688545227051,
		19.979808807373047,
		0.55689352750778198,
		0.69647538661956787,
		4.4551482200622559
	],
	"end" : 19.265832901000977,
	"labels" : 
	[
		"Prep",
		"Scan",
		"Break",
		"Prep",
		"Scan",
		"Break",
		"Prep",
		"Scan",
		"Prep",
		"Break",
		"Scan",
		"Break",
		"Prep",
		"Scan",
		"Prep",
		"Scan",
		"Break",
		"Prep",
		"Scan",
		"Break",
		"Prep",
		"Scan"
	],
	"start" : 18.867221832275391
}