{
	"data" : 
	[
		1.0636260509490967,
		1.5951783657073975,
		1.8992950916290283,
		1.0636260509490967,
		0.22795714437961578,
		10.028027534484863,
		0.07615959644317627,
		0.075637951493263245,
		0.07615959644317627,
		9.9518680572509766,
		0.07615959644317627,
		0.075637951493263245,
		8.2810516357421875,
		0.53155225515365601,
		9.8762302398681641,
		0.075637951493263245,
		7.2930641174316406,
		3.8747498989105225,
		9.9518680572509766,
		33.806514739990234
	],
	"end" : 17.766111373901367,
	"labels" : 
	[
		"Prep",
		"Scan",
		"Break",
		"Prep",
		"Break",
		"Scan",
		"Break",
		"Break",
		"Prep",
		"Scan",
		"Break",
		"Prep",
		"Scan",
		"Prep",
		"Scan",
		"Break",
		"Scan",
		"Break",
		"Scan",
		"Dead"
	],
	"start" : 17.400833129882812
}