{
	"data" : 
	[
		0.36652767658233643,
		0.36652767658233643,
		1.1257379055023193,
		0.36643779277801514,
		2.0682120323181152,
		0.026154868304729462,
		0.4450821578502655,
		4.3980622291564941,
		0.26181831955909729,
		0.75921022891998291,
		8.4296875,
		0.23566345870494843,
		4.5813260078430176,
		0.026154868304729462,
		3.7698061466217041,
		3.0891506671905518,
		0.026244746521115303,
		3.7435612678527832,
		0.026244746521115303,
		0.23557357490062714,
		9.0580329895019531,
		56.494785308837891
	],
	"end" : 14.85444450378418,
	"labels" : 
	[
		"Prep",
		"Scan",
		"Break",
		"Prep",
		"Scan",
		"Break",
		"Prep",
		"Scan",
		"Break",
		"Prep",
		"Scan",
		"Prep",
		"Scan",
		"Prep",
		"Scan",
		"Break",
		"Prep",
		"Scan",
		"Break",
		"Prep",
		"Scan",
		"Dead"
	],
	"start" : 13.79444408416748
}