{
	"data" : 
	[
		0.25461220741271973,
		0.53242874145507812,
		1.3425151109695435,
		0.34711173176765442,
		2.0601019859313965,
		0.92579030990600586,
		0.39352047443389893,
		3.7034790515899658,
		0.02304542250931263,
		3.7729330062866211,
		0.48602002859115601,
		0.32406634092330933,
		4.4209065437316895,
		0.02320435643196106,
		0.2083624005317688,
		3.2405045032501221,
		0.02304542250931263,
		0.7638365626335144,
		4.9070854187011719,
		0.02320435643196106,
		0.32406634092330933,
		2.8700292110443115,
		1.8054897785186768,
		0.85649502277374268,
		0.20820346474647522,
		0.833290696144104,
		0.9721989631652832,
		0.02304542250931263,
		0.046408712863922119,
		0.02304542250931263,
		3.6108205318450928,
		0.02320435643196106,
		0.62492829561233521,
		4.0507497787475586,
		0.02304542250931263,
		0.30086198449134827,
		0.8796994686126709,
		5.7864670753479004,
		3.8423871994018555,
		0.41656589508056641,
		0.02320435643196106,
		4.3978614807128906,
		0.46281564235687256,
		0.069454140961170197,
		5.138493537902832,
		0.02320435643196106,
		0.04624977707862854,
		4.884040355682373,
		0.069295205175876617,
		5.3931055068969727,
		0.43992918729782104,
		0.02304542250931263,
		4.2589530944824219,
		0.04624977707862854,
		5.3932647705078125,
		0.43977022171020508,
		4.8838810920715332,
		8.6104059219360352
	],
	"end" : 17.400833129882812,
	"labels" : 
	[
		"Prep",
		"Scan",
		"Break",
		"Prep",
		"Scan",
		"Break",
		"Prep",
		"Scan",
		"Break",
		"Scan",
		"Break",
		"Prep",
		"Scan",
		"Break",
		"Prep",
		"Scan",
		"Break",
		"Prep",
		"Scan",
		"Break",
		"Prep",
		"Scan",
		"Scan",
		"Break",
		"Prep",
		"Scan",
		"Break",
		"Prep",
		"Break",
		"Prep",
		"Scan",
		"Break",
		"Break",
		"Scan",
		"Break",
		"Prep",
		"Break",
		"Scan",
		"Break",
		"Prep",
		"Break",
		"Scan",
		"Break",
		"Prep",
		"Scan",
		"Break",
		"Prep",
		"Scan",
		"Prep",
		"Scan",
		"Prep",
		"Break",
		"Scan",
		"Prep",
		"Scan",
		"Prep",
		"Scan",
		"Dead"
	],
	"start" : 16.201944351196289
}