{
	"data" : 
	[
		0.45711550116539001,
		0.78953731060028076,
		3.0751149654388428,
		0.37408143281936646,
		0.29076200723648071,
		5.1944818496704102,
		0.29090467095375061,
		0.33242172002792358,
		0.58180934190750122,
		0.29090467095375061,
		3.3660194873809814,
		0.62332636117935181,
		1.3713465929031372,
		6.191746711730957,
		0.91423100233078003,
		0.04165971651673317,
		0.29090467095375061,
		0.83105432987213135,
		4.1555566787719727,
		0.83119696378707886,
		2.1608836650848389,
		0.041517045348882675,
		0.12469380348920822,
		0.041517045348882675,
		23.146539688110352,
		0.33242172002792358,
		1.205135703086853,
		0.041517045348882675,
		0.29090467095375061,
		2.7011761665344238,
		0.33242172002792358,
		1.205135703086853,
		0.041517045348882675,
		0.041517045348882675,
		0.29090467095375061,
		0.66498607397079468,
		0.70636051893234253,
		0.29090467095375061,
		2.4102714061737061,
		0.16621086001396179,
		0.041517045348882675,
		0.04165971651673317,
		0.70636051893234253,
		3.9063117504119873,
		0.33242172002792358,
		1.0804418325424194,
		0.29090467095375061,
		0.7480202317237854,
		3.6567814350128174,
		0.29090467095375061,
		0.20787057280540466,
		1.0387822389602661,
		0.04165971651673317,
		0.29090467095375061,
		0.7480202317237854,
		0.041517045348882675,
		0.70636051893234253,
		0.70650315284729004,
		0.041517045348882675,
		0.70650315284729004,
		0.7480202317237854,
		0.7480202317237854,
		0.70636051893234253,
		0.04165971651673317,
		0.37393876910209656,
		0.70650315284729004,
		0.74787753820419312,
		13.67194938659668
	],
	"end" : 10.837778091430664,
	"labels" : 
	[
		"Prep",
		"Scan",
		"Break",
		"Prep",
		"Break",
		"Scan",
		"Break",
		"Prep",
		"Break",
		"Break",
		"Scan",
		"Break",
		"Prep",
		"Scan",
		"Prep",
		"Break",
		"Break",
		"Scan",
		"Break",
		"Prep",
		"Break",
		"Prep",
		"Break",
		"Prep",
		"Scan",
		"Break",
		"Prep",
		"Break",
		"Break",
		"Scan",
		"Break",
		"Prep",
		"Break",
		"Prep",
		"Break",
		"Scan",
		"Prep",
		"Break",
		"Scan",
		"Prep",
		"Break",
		"Prep",
		"Break",
		"Scan",
		"Break",
		"Prep",
		"Break",
		"Scan",
		"Break",
		"Prep",
		"Break",
		"Scan",
		"Break",
		"Break",
		"Scan",
		"Prep",
		"Break",
		"Scan",
		"Break",
		"Break",
		"Scan",
		"Break",
		"Scan",
		"Break",
		"Prep",
		"Break",
		"Scan",
		"Dead"
	],
	"start" : 10.170000076293945
}