{
	"data" : 
	[
		1.099509596824646,
		1.1843106746673584,
		2.6221530437469482,
		7.3593955039978027,
		1.9454872608184814,
		0.33833298087120056,
		14.211147308349609,
		0.084510639309883118,
		0.16931170225143433,
		23.600250244140625,
		0.67666596174240112,
		0.6769564151763916,
		12.434390068054199,
		0.084801055490970612,
		0.084510639309883118,
		12.011837005615234,
		21.316429138183594
	],
	"end" : 12.201666831970215,
	"labels" : 
	[
		"Prep",
		"Scan",
		"Break",
		"Scan",
		"Prep",
		"Break",
		"Scan",
		"Break",
		"Prep",
		"Scan",
		"Break",
		"Prep",
		"Scan",
		"Break",
		"Prep",
		"Scan",
		"Dead"
	],
	"start" : 11.873611450195312
}