{
	"data" : 
	[
		0.34312641620635986,
		2.6594505310058594,
		0.55769085884094238,
		0.60054486989974976,
		0.21441717445850372,
		0.34312641620635986,
		2.5307412147521973,
		0.60054486989974976,
		2.31632399559021,
		0.042853984981775284,
		3.5601205825805664,
		0.72925406694412231,
		7.2919511795043945,
		0.38598039746284485,
		13.768940925598145,
		0.043001249432563782,
		0.30027243494987488,
		7.0345330238342285,
		6.47698974609375,
		7.1632423400878906,
		6.47698974609375,
		0.34312641620635986,
		11.109637260437012,
		25.007139205932617
	],
	"end" : 13.133889198303223,
	"labels" : 
	[
		"Prep",
		"Break",
		"Prep",
		"Scan",
		"Break",
		"Prep",
		"Break",
		"Scan",
		"Break",
		"Prep",
		"Scan",
		"Prep",
		"Scan",
		"Prep",
		"Scan",
		"Break",
		"Prep",
		"Scan",
		"Scan",
		"Break",
		"Scan",
		"Prep",
		"Scan",
		"Dead"
	],
	"start" : 12.486944198608398
}