{
	"data" : 
	[
		0.34822207689285278,
		0.37507915496826172,
		1.9020688533782959,
		0.026857063174247742,
		1.9555989503860474,
		0.026857063174247742,
		0.42860931158065796,
		4.500673770904541,
		0.026857063174247742,
		0.61614888906478882,
		7.9834461212158203,
		0.10715232789516449,
		0.18753957748413086,
		4.3667564392089844,
		0.026765089482069016,
		0.026765089482069016,
		3.8042294979095459,
		73.190376281738281
	],
	"end" : 11.873611450195312,
	"labels" : 
	[
		"Prep",
		"Scan",
		"Break",
		"Prep",
		"Scan",
		"Break",
		"Prep",
		"Scan",
		"Break",
		"Prep",
		"Scan",
		"Break",
		"Prep",
		"Scan",
		"Break",
		"Prep",
		"Scan",
		"Dead"
	],
	"start" : 10.837778091430664
}