{
	"data" : 
	[
		0.42339539527893066,
		0.79931622743606567,
		1.1290544271469116,
		0.046828631311655045,
		0.61167877912521362,
		2.8688187599182129,
		1.3170149326324463,
		9.3127613067626953,
		3.1982340812683105,
		0.093980215489864349,
		5.1269278526306152,
		0.093980215489864349,
		5.6911320686340332,
		2.9159703254699707,
		0.047151587903499603,
		0.1879604309797287,
		8.4662933349609375,
		0.046828631311655045,
		0.047151587903499603,
		8.6071023941040039,
		48.868423461914062
	],
	"end" : 18.356111526489258,
	"labels" : 
	[
		"Prep",
		"Scan",
		"Break",
		"Prep",
		"Scan",
		"Break",
		"Prep",
		"Scan",
		"Break",
		"Prep",
		"Scan",
		"Prep",
		"Scan",
		"Break",
		"Prep",
		"Break",
		"Scan",
		"Break",
		"Prep",
		"Scan",
		"Dead"
	],
	"start" : 17.766111373901367
}