{
	"data" : 
	[
		0.35598635673522949,
		0.35589906573295593,
		0.78826797008514404,
		1.8561396598815918,
		0.025402655825018883,
		0.45768424868583679,
		0.050805311650037766,
		4.2716612815856934,
		0.025402655825018883,
		0.050892606377601624,
		7.5769748687744141,
		0.025489950552582741,
		0.17799317836761475,
		4.1444735527038574,
		0.025402655825018883,
		3.6104941368103027,
		3.8139774799346924,
		0.025402655825018883,
		3.5851790904998779,
		0.025402655825018883,
		0.20339582860469818,
		6.3565998077392578,
		62.091072082519531
	],
	"end" : 10.170000076293945,
	"labels" : 
	[
		"Prep",
		"Scan",
		"Break",
		"Scan",
		"Break",
		"Prep",
		"Break",
		"Scan",
		"Break",
		"Prep",
		"Scan",
		"Break",
		"Prep",
		"Scan",
		"Break",
		"Scan",
		"Break",
		"Prep",
		"Scan",
		"Break",
		"Prep",
		"Scan",
		"Dead"
	],
	"start" : 9.0786113739013672
}