{
	"data" : 
	[
		0.5992586612701416,
		0.5992586612701416,
		1.7119576930999756,
		0.34253847599029541,
		3.1244328022003174,
		0.042909152805805206,
		0.72754526138305664,
		7.1908097267150879,
		0.81321656703948975,
		12.712130546569824,
		0.042909152805805206,
		0.5992586612701416,
		0.38515371084213257,
		0.94165021181106567,
		0.85597884654998779,
		0.47082510590553284,
		7.5332016944885254,
		0.042762205004692078,
		6.1207261085510254,
		0.042762205004692078,
		0.34253847599029541,
		10.358004570007324,
		1.3269507884979248,
		0.68478304147720337,
		2.6965169906616211,
		0.042762205004692078,
		0.042909152805805206,
		4.6225795745849609,
		0.042762205004692078,
		4.5370550155639648,
		0.51373422145843506,
		0.29948237538337708,
		4.5369081497192383,
		0.81321656703948975,
		10.187103271484375,
		13.953410148620605
	],
	"end" : 16.197500228881836,
	"labels" : 
	[
		"Prep",
		"Scan",
		"Break",
		"Prep",
		"Scan",
		"Break",
		"Prep",
		"Scan",
		"Prep",
		"Scan",
		"Break",
		"Prep",
		"Scan",
		"Prep",
		"Scan",
		"Prep",
		"Scan",
		"Prep",
		"Scan",
		"Break",
		"Prep",
		"Scan",
		"Break",
		"Prep",
		"Scan",
		"Break",
		"Prep",
		"Scan",
		"Prep",
		"Scan",
		"Break",
		"Prep",
		"Scan",
		"Prep",
		"Scan",
		"Dead"
	],
	"start" : 15.549166679382324
}