{
	"data" : 
	[
		0.72923362255096436,
		0.31257978081703186,
		0.93738174438476562,
		0.57294374704360962,
		4.2713274955749512,
		1.4581096172332764,
		2.4480648040771484,
		2.6043548583984375,
		0.052215848118066788,
		2.9165768623352051,
		1.5625413656234741,
		0.052215848118066788,
		4.8439140319824219,
		1.5625413656234741,
		0.10407405346632004,
		3.1772985458374023,
		3.541736364364624,
		0.15628989040851593,
		3.1250827312469482,
		0.10443169623613358,
		2.6562128067016602,
		62.710872650146484
	],
	"end" : 17.655277252197266,
	"labels" : 
	[
		"Prep",
		"Scan",
		"Break",
		"Scan",
		"Break",
		"Prep",
		"Scan",
		"Break",
		"Prep",
		"Scan",
		"Break",
		"Prep",
		"Scan",
		"Break",
		"Prep",
		"Scan",
		"Break",
		"Prep",
		"Scan",
		"Prep",
		"Scan",
		"Dead"
	],
	"start" : 17.122499465942383
}