{
	"data" : 
	[
		0.6737290620803833,
		0.67405962944030762,
		2.0704441070556641,
		0.38512969017028809,
		5.1994166374206543,
		0.048265181481838226,
		0.81852453947067261,
		8.1363191604614258,
		0.048265181481838226,
		1.4443190097808838,
		14.299057006835938,
		0.047934599220752716,
		0.38512969017028809,
		8.4255800247192383,
		0.047934599220752716,
		0.6261250376701355,
		0.48132950067520142,
		9.6771688461303711,
		5.151482105255127,
		0.33686453104019165,
		0.048265181481838226,
		9.6289033889770508,
		0.047934599220752716,
		0.38546028733253479,
		1.7329182624816895,
		0.048265181481838226,
		16.128505706787109,
		12.902671813964844
	],
	"end" : 17.122499465942383,
	"labels" : 
	[
		"Prep",
		"Scan",
		"Break",
		"Prep",
		"Scan",
		"Break",
		"Prep",
		"Scan",
		"Break",
		"Prep",
		"Scan",
		"Break",
		"Prep",
		"Scan",
		"Break",
		"Prep",
		"Break",
		"Scan",
		"Break",
		"Break",
		"Prep",
		"Scan",
		"Break",
		"Prep",
		"Break",
		"Prep",
		"Scan",
		"Dead"
	],
	"start" : 16.546112060546875
}