{
	"data" : 
	[
		0.85807967185974121,
		0.42903983592987061,
		1.0417735576629639,
		0.6741754412651062,
		2.2676618099212646,
		0.061441700905561447,
		0.42903983592987061,
		3.6160125732421875,
		1.7159489393234253,
		2.8193745613098145,
		4.1062836647033691,
		0.061231289058923721,
		3.4935500621795654,
		1.1030048131942749,
		0.12267299741506577,
		7.0481209754943848,
		2.6354703903198242,
		0.12246257811784744,
		3.7999169826507568,
		0.061231289058923721,
		10.970710754394531,
		1.5322550535202026,
		0.061231289058923721,
		7.3546981811523438,
		0.061231289058923721,
		0.12246257811784744,
		0.061441700905561447,
		10.970499992370605,
		0.12267299741506577,
		7.3544878959655762,
		24.821815490722656
	],
	"end" : 9.875,
	"labels" : 
	[
		"Prep",
		"Scan",
		"Break",
		"Scan",
		"Break",
		"Prep",
		"Scan",
		"Break",
		"Prep",
		"Scan",
		"Break",
		"Prep",
		"Scan",
		"Break",
		"Prep",
		"Scan",
		"Break",
		"Prep",
		"Scan",
		"Break",
		"Scan",
		"Prep",
		"Break",
		"Scan",
		"Prep",
		"Break",
		"Prep",
		"Scan",
		"Prep",
		"Scan",
		"Dead"
	],
	"start" : 9.4222221374511719
}