{
	"data" : 
	[
		0.45584556460380554,
		1.6414824724197388,
		0.091106496751308441,
		0.63837170600891113,
		1.1856368780136108,
		0.59266191720962524,
		0.045396711677312851,
		6.9763789176940918,
		0.091106496751308441,
		7.9791760444641113,
		0.36473909020423889,
		0.50155538320541382,
		8.4807319641113281,
		0.63837170600891113,
		1.0945303440093994,
		0.045396711677312851,
		0.045709792524576187,
		7.751253604888916,
		0.091106496751308441,
		10.167923927307129,
		0.13681629300117493,
		9.6206588745117188,
		1.0942173004150391,
		0.50155538320541382,
		0.045709792524576187,
		8.6175479888916016,
		0.045709792524576187,
		0.13681629300117493,
		10.122214317321777,
		0.045396711677312851,
		0.091419585049152374,
		9.6206588745117188,
		10.94279956817627
	],
	"end" : 18.671388626098633,
	"labels" : 
	[
		"Prep",
		"Scan",
		"Break",
		"Prep",
		"Scan",
		"Break",
		"Prep",
		"Scan",
		"Break",
		"Scan",
		"Prep",
		"Break",
		"Scan",
		"Break",
		"Prep",
		"Break",
		"Prep",
		"Scan",
		"Prep",
		"Scan",
		"Prep",
		"Scan",
		"Break",
		"Prep",
		"Break",
		"Scan",
		"Break",
		"Prep",
		"Scan",
		"Break",
		"Prep",
		"Scan",
		"Dead"
	],
	"start" : 18.062778472900391
}