{
	"data" : 
	[
		1.6974145174026489,
		1.6974145174026489,
		4.1219949722290039,
		2.060997486114502,
		1.2124983072280884,
		4.7282443046569824,
		1.6972063779830933,
		10.911444664001465,
		8.8504476547241211,
		0.96983224153518677,
		24.732593536376953,
		0.12112496048212051,
		11.032777786254883,
		4.0008702278137207,
		0.12112496048212051,
		0.12112496048212051,
		21.82288932800293
	],
	"end" : 8.1169443130493164,
	"labels" : 
	[
		"Prep",
		"Scan",
		"Break",
		"Prep",
		"Scan",
		"Break",
		"Prep",
		"Scan",
		"Break",
		"Prep",
		"Scan",
		"Prep",
		"Scan",
		"Break",
		"Prep",
		"Scan",
		"Dead"
	],
	"start" : 7.8880553245544434
}