{
	"data" : 
	[
		3.4443883895874023,
		1.5902775526046753,
		5.8298048973083496,
		2.9149024486541748,
		10.598817825317383,
		3.4462080001831055,
		14.57269287109375,
		1.5902775526046753,
		4.7708330154418945,
		22.787914276123047,
		0.26565277576446533,
		0.52948606014251709,
		12.720401763916016,
		0.52948606014251709,
		14.308859825134277
	],
	"end" : 18.924999237060547,
	"labels" : 
	[
		"Prep",
		"Scan",
		"Break",
		"Scan",
		"Break",
		"Prep",
		"Scan",
		"Break",
		"Prep",
		"Scan",
		"Break",
		"Prep",
		"Scan",
		"Prep",
		"Scan"
	],
	"start" : 18.820278167724609
}