{
	"data" : 
	[
		0.5487133264541626,
		0.5487133264541626,
		1.4500941038131714,
		0.2743566632270813,
		3.4489011764526367,
		0.70546931028366089,
		6.5841565132141113,
		1.1757373809814453,
		11.640042304992676,
		0.039155364036560059,
		0.31351202726364136,
		6.3882451057434082,
		0.039289921522140503,
		6.8976683616638184,
		5.4477086067199707,
		0.039155364036560059,
		6.858647346496582,
		0.039155364036560059,
		0.31351202726364136,
		11.404841423034668,
		35.742927551269531
	],
	"end" : 14.271944046020508,
	"labels" : 
	[
		"Prep",
		"Scan",
		"Break",
		"Prep",
		"Scan",
		"Prep",
		"Scan",
		"Prep",
		"Scan",
		"Break",
		"Prep",
		"Scan",
		"Prep",
		"Scan",
		"Break",
		"Prep",
		"Scan",
		"Break",
		"Prep",
		"Scan",
		"Dead"
	],
	"start" : 13.563888549804688
}