{
	"data" : 
	[
		1.1937299966812134,
		0.87562060356140137,
		3.5024824142456055,
		1.6719871759414673,
		4.6169581413269043,
		2.70611572265625,
		16.079826354980469,
		1.9102959632873535,
		0.079254046082496643,
		10.507447242736816,
		10.98515796661377,
		1.5921865701675415,
		13.213562965393066,
		0.079800628125667572,
		3.820591926574707,
		12.418289184570312,
		14.646694183349609
	],
	"end" : 16.546112060546875,
	"labels" : 
	[
		"Prep",
		"Scan",
		"Break",
		"Scan",
		"Break",
		"Prep",
		"Scan",
		"Break",
		"Prep",
		"Scan",
		"Scan",
		"Break",
		"Scan",
		"Break",
		"Prep",
		"Scan",
		"Dead"
	],
	"start" : 16.197500228881836
}