{
	"data" : 
	[
		0.77776199579238892,
		0.83752655982971191,
		2.3926398754119873,
		0.41876327991485596,
		4.4266915321350098,
		0.059970024973154068,
		1.0168205499649048,
		1.0767905712127686,
		10.049908638000488,
		0.53829258680343628,
		9.7506742477416992,
		12.143519401550293,
		0.17949932813644409,
		17.76673698425293,
		0.059764649718999863,
		19.2620849609375,
		19.142555236816406
	],
	"end" : 9.4222221374511719,
	"labels" : 
	[
		"Prep",
		"Scan",
		"Break",
		"Prep",
		"Scan",
		"Break",
		"Prep",
		"Break",
		"Scan",
		"Prep",
		"Scan",
		"Scan",
		"Prep",
		"Scan",
		"Break",
		"Scan",
		"Dead"
	],
	"start" : 8.9583330154418945
}