{
	"data" : 
	[
		0.80187177658081055,
		0.073102265596389771,
		1.8230503797531128,
		4.3751201629638672,
		2.1875600814819336,
		0.072851918637752533,
		0.51046407222747803,
		1.4585403203964233,
		0.072851918637752533,
		0.58331602811813354,
		0.14595417678356171,
		0.072851918637752533,
		0.51046407222747803,
		1.6770961284637451,
		0.072851918637752533,
		0.072851918637752533,
		1.2397342920303345,
		5.3960485458374023,
		3.5729982852935791,
		0.14595417678356171,
		0.072851918637752533,
		0.072851918637752533,
		0.51046407222747803,
		1.3856884241104126,
		13.198463439941406,
		0.14570383727550507,
		1.8230503797531128,
		0.072851918637752533,
		1.385438084602356,
		0.073102265596389771,
		1.3125861883163452,
		0.51021373271942139,
		1.3125861883163452,
		53.158615112304688
	],
	"end" : 11.466111183166504,
	"labels" : 
	[
		"Prep",
		"Break",
		"Scan",
		"Break",
		"Prep",
		"Break",
		"Break",
		"Scan",
		"Break",
		"Prep",
		"Break",
		"Prep",
		"Break",
		"Scan",
		"Break",
		"Prep",
		"Break",
		"Scan",
		"Break",
		"Prep",
		"Break",
		"Prep",
		"Break",
		"Scan",
		"Break",
		"Break",
		"Scan",
		"Prep",
		"Scan",
		"Break",
		"Prep",
		"Break",
		"Scan",
		"Dead"
	],
	"start" : 11.085556030273438
}