{
	"data" : 
	[
		1.0497344732284546,
		1.1306965351104736,
		5.6532049179077148,
		1.1306965351104736,
		5.8955368995666504,
		0.08068481832742691,
		1.3730281591415405,
		13.567526817321777,
		0.080962084233760834,
		2.5034475326538086,
		24.066534042358398,
		0.64603304862976074,
		13.244509696960449,
		0.16164690256118774,
		11.467780113220215,
		17.847980499267578
	],
	"end" : 8.9583330154418945,
	"labels" : 
	[
		"Prep",
		"Scan",
		"Break",
		"Prep",
		"Scan",
		"Break",
		"Prep",
		"Scan",
		"Break",
		"Prep",
		"Scan",
		"Prep",
		"Scan",
		"Prep",
		"Scan",
		"Dead"
	],
	"start" : 8.6147222518920898
}