{
	"data" : 
	[
		0.88561844825744629,
		1.4298950433731079,
		1.2938258647918701,
		1.4981633424758911,
		5.4479093551635742,
		0.067800775170326233,
		0.27260586619377136,
		9.8741312026977539,
		0.068268366158008575,
		1.6342324018478394,
		0.13606913387775421,
		13.279131889343262,
		0.068268366158008575,
		9.4654560089111328,
		0.54474419355392456,
		9.1250486373901367,
		1.7025008201599121,
		11.508831024169922,
		31.597497940063477
	],
	"end" : 18.062778472900391,
	"labels" : 
	[
		"Prep",
		"Scan",
		"Break",
		"Scan",
		"Break",
		"Prep",
		"Break",
		"Scan",
		"Prep",
		"Break",
		"Break",
		"Scan",
		"Prep",
		"Scan",
		"Prep",
		"Scan",
		"Prep",
		"Scan",
		"Dead"
	],
	"start" : 17.655277252197266
}