{
	"data" : 
	[
		0.77574574947357178,
		0.77555555105209351,
		1.8840084075927734,
		4.0446071624755859,
		0.055546287447214127,
		0.94181394577026367,
		0.16625842452049255,
		0.055356066673994064,
		9.3085689544677734,
		1.3296868801116943,
		0.38787287473678589,
		8.4221105575561523,
		0.38768267631530762,
		10.139670372009277,
		0.16625842452049255,
		16.511514663696289,
		17.841201782226562,
		26.706541061401367
	],
	"end" : 12.337778091430664,
	"labels" : 
	[
		"Prep",
		"Scan",
		"Break",
		"Scan",
		"Break",
		"Prep",
		"Break",
		"Prep",
		"Scan",
		"Break",
		"Prep",
		"Scan",
		"Prep",
		"Scan",
		"Prep",
		"Scan",
		"Scan",
		"Dead"
	],
	"start" : 11.836944580078125
}