{
	"data" : 
	[
		2.4226014614105225,
		1.1185176372528076,
		3.914811372756958,
		2.0501890182495117,
		5.9637207984924316,
		2.609447717666626,
		10.064099311828613,
		3.3555529117584229,
		16.02781867980957,
		0.18684618175029755,
		0.37241259217262268,
		8.9468612670898438,
		9.5048398971557617,
		0.37241259217262268,
		9.8785324096679688,
		23.111337661743164
	],
	"end" : 18.820278167724609,
	"labels" : 
	[
		"Prep",
		"Scan",
		"Break",
		"Scan",
		"Break",
		"Prep",
		"Scan",
		"Prep",
		"Scan",
		"Break",
		"Prep",
		"Scan",
		"Break",
		"Prep",
		"Scan",
		"Dead"
	],
	"start" : 18.671388626098633
}