{
	"data" : 
	[
		0.32094299793243408,
		0.25215825438499451,
		0.77937674522399902,
		0.48141449689865112,
		2.9800164699554443,
		1.0774177312850952,
		2.8883295059204102,
		2.4069151878356934,
		0.34384500980377197,
		3.0946838855743408,
		0.61890530586242676,
		0.022980716079473495,
		3.5072348117828369,
		0.5272185206413269,
		0.022980716079473495,
		3.598921537399292,
		0.02290201373398304,
		4.0116300582885742,
		1.1232218742370605,
		3.3468420505523682,
		2.1089527606964111,
		0.02290201373398304,
		0.48141449689865112,
		0.29796227812767029,
		0.25215825438499451,
		0.71067076921463013,
		0.48133578896522522,
		1.6275383234024048,
		1.3983607292175293,
		3.7823739051818848,
		0.02290201373398304,
		0.36674702167510986,
		3.5990002155303955,
		0.13756948709487915,
		2.8653488159179688,
		0.022980716079473495,
		0.20627553761005402,
		4.3324942588806152,
		0.091686755418777466,
		0.50431650876998901,
		0.022980716079473495,
		0.02290201373398304,
		3.3009593486785889,
		0.091686755418777466,
		0.02290201373398304,
		3.3239400386810303,
		1.1003197431564331,
		0.5272185206413269,
		3.3009593486785889,
		2.5215826034545898,
		0.091686755418777466,
		3.0258989334106445,
		0.091686755418777466,
		3.3238615989685059,
		0.068784743547439575,
		0.02290201373398304,
		0.02290201373398304,
		2.9571142196655273,
		2.3153069019317627,
		0.34384500980377197,
		0.22925624251365662,
		0.2750602662563324,
		0.32094299793243408,
		0.48133578896522522,
		0.43553179502487183,
		1.3754587173461914,
		3.4155483245849609,
		1.3983607292175293,
		3.1633899211883545,
		7.5647478103637695
	],
	"end" : 11.085556030273438,
	"labels" : 
	[
		"Prep",
		"Scan",
		"Break",
		"Scan",
		"Break",
		"Prep",
		"Scan",
		"Break",
		"Prep",
		"Scan",
		"Break",
		"Prep",
		"Scan",
		"Break",
		"Prep",
		"Scan",
		"Prep",
		"Scan",
		"Prep",
		"Scan",
		"Break",
		"Prep",
		"Break",
		"Prep",
		"Scan",
		"Break",
		"Scan",
		"Break",
		"Prep",
		"Scan",
		"Prep",
		"Break",
		"Scan",
		"Break",
		"Scan",
		"Break",
		"Break",
		"Scan",
		"Break",
		"Prep",
		"Break",
		"Prep",
		"Scan",
		"Prep",
		"Break",
		"Scan",
		"Break",
		"Prep",
		"Scan",
		"Break",
		"Prep",
		"Scan",
		"Prep",
		"Scan",
		"Prep",
		"Break",
		"Prep",
		"Scan",
		"Break",
		"Prep",
		"Scan",
		"Break",
		"Prep",
		"Scan",
		"Break",
		"Prep",
		"Scan",
		"Prep",
		"Scan",
		"Dead"
	],
	"start" : 9.875
}