{
	"data" : 
	[
		0.4554101824760437,
		0.9108203649520874,
		2.939556360244751,
		0.37254375219345093,
		4.1400537490844727,
		0.33118158578872681,
		0.37268590927124023,
		6.2100100517272949,
		0.041504301130771637,
		1.3247263431549072,
		8.8183841705322266,
		0.041362162679433823,
		4.1815581321716309,
		0.041362162679433823,
		6.1686477661132812,
		4.3057870864868164,
		0.37254375219345093,
		6.8725152015686035,
		3.3534624576568604,
		0.041362162679433823,
		4.7611970901489258,
		3.1877293586730957,
		2.0700981616973877,
		0.082724325358867645,
		1.0765533447265625,
		4.719550609588623,
		0.041504301130771637,
		0.37254375219345093,
		6.665562629699707,
		0.37254375219345093,
		7.1623349189758301,
		18.092180252075195
	],
	"end" : 14.942222595214844,
	"labels" : 
	[
		"Prep",
		"Scan",
		"Break",
		"Prep",
		"Scan",
		"Break",
		"Prep",
		"Scan",
		"Break",
		"Prep",
		"Scan",
		"Prep",
		"Scan",
		"Prep",
		"Scan",
		"Break",
		"Prep",
		"Scan",
		"Break",
		"Prep",
		"Scan",
		"Scan",
		"Break",
		"Prep",
		"Break",
		"Scan",
		"Break",
		"Prep",
		"Scan",
		"Prep",
		"Scan",
		"Dead"
	],
	"start" : 14.271944046020508
}