{
	"data" : 
	[
		1.0333033800125122,
		1.1127042770385742,
		2.463611364364624,
		1.1127042770385742,
		5.8811254501342773,
		1.3511799573898315,
		13.351633071899414,
		0.079400919377803802,
		0.63602596521377563,
		23.683303833007812,
		0.63602596521377563,
		12.954355239868164,
		1.0330305099487305,
		0.15907469391822815,
		11.205898284912109,
		23.206624984741211
	],
	"end" : 12.976666450500488,
	"labels" : 
	[
		"Prep",
		"Scan",
		"Break",
		"Prep",
		"Scan",
		"Prep",
		"Scan",
		"Break",
		"Prep",
		"Scan",
		"Prep",
		"Scan",
		"Break",
		"Prep",
		"Scan",
		"Dead"
	],
	"start" : 12.627499580383301
}