{
	"data" : 
	[
		0.63996702432632446,
		0.64012402296066284,
		1.4631181955337524,
		0.64012402296066284,
		0.41141858696937561,
		0.091513559222221375,
		0.8229941725730896,
		0.86867243051528931,
		0.045678295195102692,
		3.7033953666687012,
		0.68580228090286255,
		8.321141242980957,
		0.4115755558013916,
		1.7373448610305786,
		0.64012402296066284,
		0.091356590390205383,
		1.0058643817901611,
		0.45725387334823608,
		6.8581795692443848,
		0.64012402296066284,
		16.505090713500977,
		0.045835267752408981,
		0.045678295195102692,
		10.195677757263184,
		6.4467616081237793,
		15.545062065124512,
		20.94012451171875
	],
	"end" : 15.549166679382324,
	"labels" : 
	[
		"Prep",
		"Scan",
		"Break",
		"Prep",
		"Scan",
		"Break",
		"Prep",
		"Scan",
		"Break",
		"Scan",
		"Prep",
		"Scan",
		"Prep",
		"Break",
		"Break",
		"Scan",
		"Break",
		"Prep",
		"Scan",
		"Prep",
		"Scan",
		"Break",
		"Prep",
		"Scan",
		"Break",
		"Scan",
		"Dead"
	],
	"start" : 14.942222595214844
}