{
	"data" : 
	[
		0.72481179237365723,
		0.78031623363494873,
		1.7282942533493042,
		0.39025381207466125,
		4.0696258544921875,
		1.1148741245269775,
		0.94778662919998169,
		9.3655176162719727,
		0.16727897524833679,
		16.556982040405273,
		0.055887255817651749,
		0.39025381207466125,
		9.142542839050293,
		0.22297485172748566,
		7.9162764549255371,
		0.83620345592498779,
		0.055695861577987671,
		4.0696258544921875,
		2.7872812747955322,
		0.11158311367034912,
		2.1183567047119141,
		0.39025381207466125,
		10.090329170227051,
		0.66892451047897339,
		0.11158311367034912,
		13.76970100402832,
		11.316786766052246
	],
	"end" : 8.6147222518920898,
	"labels" : 
	[
		"Prep",
		"Scan",
		"Break",
		"Prep",
		"Scan",
		"Break",
		"Prep",
		"Scan",
		"Prep",
		"Scan",
		"Break",
		"Prep",
		"Scan",
		"Break",
		"Scan",
		"Break",
		"Prep",
		"Scan",
		"Break",
		"Prep",
		"Break",
		"Prep",
		"Scan",
		"Break",
		"Prep",
		"Scan",
		"Dead"
	],
	"start" : 8.1169443130493164
}