{
	"data" : 
	[
		1.0476927757263184,
		0.44882768392562866,
		1.2722351551055908,
		0.82315045595169067,
		4.8641414642333984,
		2.1698904037475586,
		3.5919060707092285,
		6.4356799125671387,
		0.14952360093593597,
		4.2655329704284668,
		0.14952360093593597,
		8.6055707931518555,
		0.14978049695491791,
		4.6395988464355469,
		61.286949157714844
	],
	"end" : 11.836944580078125,
	"labels" : 
	[
		"Prep",
		"Scan",
		"Break",
		"Scan",
		"Break",
		"Prep",
		"Scan",
		"Break",
		"Prep",
		"Scan",
		"Prep",
		"Scan",
		"Prep",
		"Scan",
		"Dead"
	],
	"start" : 11.466111183166504
}