{
	"data" : 
	[
		0.66162270307540894,
		0.66162270307540894,
		2.599116325378418,
		0.66162270307540894,
		4.5838222503662109,
		0.80325996875762939,
		7.8445611000061035,
		0.14179947972297668,
		14.082439422607422,
		0.37802377343177795,
		7.7501363754272461,
		8.8842077255249023,
		4.6782469749450684,
		8.7897825241088867,
		0.047212410718202591,
		0.094587065279483795,
		13.751627922058105,
		23.486309051513672
	],
	"end" : 13.563888549804688,
	"labels" : 
	[
		"Prep",
		"Scan",
		"Break",
		"Prep",
		"Scan",
		"Prep",
		"Scan",
		"Prep",
		"Scan",
		"Prep",
		"Scan",
		"Scan",
		"Break",
		"Scan",
		"Break",
		"Prep",
		"Scan",
		"Dead"
	],
	"start" : 12.976666450500488
}