{
	"data" : 
	[
		0.76619762182235718,
		0.57448381185531616,
		1.5327240228652954,
		0.09569249302148819,
		2.8734054565429688,
		3.7356243133544922,
		1.3410102128982544,
		10.15261173248291,
		0.09602133184671402,
		1.7237801551818848,
		2.8737342357635498,
		0.19138498604297638,
		13.888236045837402,
		1.4370315074920654,
		0.67017626762390137,
		0.19171382486820221,
		0.19171382486820221,
		0.09569249302148819,
		28.159570693969727,
		29.309198379516602
	],
	"end" : 12.627499580383301,
	"labels" : 
	[
		"Prep",
		"Scan",
		"Break",
		"Prep",
		"Scan",
		"Break",
		"Prep",
		"Scan",
		"Break",
		"Prep",
		"Break",
		"Prep",
		"Scan",
		"Break",
		"Prep",
		"Break",
		"Break",
		"Prep",
		"Scan",
		"Dead"
	],
	"start" : 12.337778091430664
}