{
	"data" : 
	[
		0.34535068273544312,
		0.34523212909698486,
		1.2431676387786865,
		0.27623310685157776,
		0.75970035791397095,
		2.486335277557373,
		0.51796674728393555,
		0.75970035791397095,
		0.034499499946832657,
		0.27623310685157776,
		5.3179025650024414,
		4.558201789855957,
		0.034499499946832657,
		5.5941357612609863,
		0.034499499946832657,
		0.58708429336547852,
		4.178351879119873,
		4.3509678840637207,
		0.068998999893665314,
		4.2128515243530273,
		63.918087005615234
	],
	"end" : 12.616944313049316,
	"labels" : 
	[
		"Prep",
		"Scan",
		"Break",
		"Prep",
		"Scan",
		"Break",
		"Prep",
		"Scan",
		"Break",
		"Prep",
		"Scan",
		"Scan",
		"Prep",
		"Scan",
		"Break",
		"Prep",
		"Scan",
		"Break",
		"Prep",
		"Scan",
		"Dead"
	],
	"start" : 11.813333511352539
}