{
	"data" : 
	[
		0.67621046304702759,
		1.2841964960098267,
		0.067296162247657776,
		0.067760281264781952,
		1.4192529916763306,
		3.7175331115722656,
		0.60845017433166504,
		0.47292959690093994,
		9.5982894897460938,
		0.60798609256744385,
		1.960407018661499,
		0.067296162247657776,
		0.067760281264781952,
		1.6220695972442627,
		2.0954635143280029,
		0.067760281264781952,
		2.2978160381317139,
		0.67621046304702759,
		5.4068989753723145,
		0.067760281264781952,
		1.4192529916763306,
		0.1355205625295639,
		0.47292959690093994,
		3.1768434047698975,
		0.067760281264781952,
		0.81080275774002075,
		6.0835733413696289,
		0.067296162247657776,
		1.351956844329834,
		0.33787316083908081,
		1.1491401195526123,
		0.74350666999816895,
		1.6898300647735596,
		0.33787316083908081,
		1.2164362668991089,
		2.4333364963531494,
		16.897836685180664,
		28.658885955810547
	],
	"end" : 17.051389694213867,
	"labels" : 
	[
		"Prep",
		"Scan",
		"Break",
		"Break",
		"Scan",
		"Break",
		"Prep",
		"Break",
		"Scan",
		"Break",
		"Prep",
		"Break",
		"Prep",
		"Break",
		"Scan",
		"Break",
		"Prep",
		"Prep",
		"Scan",
		"Break",
		"Prep",
		"Break",
		"Break",
		"Scan",
		"Break",
		"Break",
		"Scan",
		"Break",
		"Prep",
		"Break",
		"Scan",
		"Break",
		"Prep",
		"Break",
		"Scan",
		"Prep",
		"Scan",
		"Dead"
	],
	"start" : 16.640832901000977
}