{
	"data" : 
	[
		0.83312684297561646,
		0.83394438028335571,
		0.71375828981399536,
		0.11936851590871811,
		3.5720620155334473,
		4.4060063362121582,
		0.11855091899633408,
		12.740546226501465,
		0.11936851590871811,
		2.1429100036621094,
		17.146551132202148,
		1.9049906730651855,
		0.83312684297561646,
		0.3572879433631897,
		27.386079788208008,
		26.672323226928711
	],
	"end" : 16.367500305175781,
	"labels" : 
	[
		"Prep",
		"Scan",
		"Break",
		"Prep",
		"Scan",
		"Break",
		"Prep",
		"Scan",
		"Break",
		"Prep",
		"Scan",
		"Break",
		"Prep",
		"Break",
		"Scan",
		"Dead"
	],
	"start" : 16.134445190429688
}