{
	"data" : 
	[
		0.51465827226638794,
		0.77217674255371094,
		0.036734253168106079,
		0.62511348724365234,
		0.66184771060943604,
		0.55151873826980591,
		0.66184771060943604,
		0.11032899469137192,
		0.62498724460601807,
		1.7281509637832642,
		2.5002014636993408,
		0.03686048835515976,
		1.7648851871490479,
		0.58825302124023438,
		0.77217674255371094,
		0.58825302124023438,
		0.11032899469137192,
		4.7431368827819824,
		0.036734253168106079,
		0.036734253168106079,
		0.03686048835515976,
		5.1107320785522461,
		0.03686048835515976,
		0.36759501695632935,
		5.5520477294921875,
		0.55151873826980591,
		2.5003278255462646,
		3.1620492935180664,
		4.1180233955383301,
		1.2133665084838867,
		8.1994380950927734,
		0.55151873826980591,
		0.58825302124023438,
		10.001058578491211,
		0.036734253168106079,
		0.33098700642585754,
		0.55151873826980591,
		0.036734253168106079,
		10.515842437744141,
		0.58825302124023438,
		0.58825302124023438,
		9.0818185806274414,
		0.036734253168106079,
		0.55164498090744019,
		5.8460478782653809,
		12.280854225158691
	],
	"end" : 16.134445190429688,
	"labels" : 
	[
		"Prep",
		"Scan",
		"Break",
		"Prep",
		"Scan",
		"Prep",
		"Scan",
		"Break",
		"Prep",
		"Scan",
		"Scan",
		"Break",
		"Scan",
		"Prep",
		"Scan",
		"Prep",
		"Break",
		"Scan",
		"Break",
		"Break",
		"Prep",
		"Scan",
		"Break",
		"Break",
		"Scan",
		"Prep",
		"Scan",
		"Scan",
		"Scan",
		"Prep",
		"Scan",
		"Break",
		"Prep",
		"Scan",
		"Break",
		"Prep",
		"Break",
		"Prep",
		"Scan",
		"Prep",
		"Break",
		"Scan",
		"Break",
		"Prep",
		"Scan",
		"Dead"
	],
	"start" : 15.379722595214844
}