{
	"data" : 
	[
		0.85698825120925903,
		1.1249349117279053,
		0.96420371532440186,
		0.96420371532440186,
		0.80347239971160889,
		0.96420371532440186,
		0.16073127090930939,
		0.9105040431022644,
		2.0891387462615967,
		0.80347239971160889,
		4.4458565711975098,
		4.6067714691162109,
		0.053515791893005371,
		5.3030285835266113,
		0.85698825120925903,
		0.10721548646688461,
		0.053515791893005371,
		2.0891387462615967,
		0.10703158378601074,
		2.3033857345581055,
		0.21424706280231476,
		0.053515791893005371,
		7.2849516868591309,
		0.053515791893005371,
		7.8206615447998047,
		0.053515791893005371,
		0.80347239971160889,
		9.1061439514160156,
		0.053515791893005371,
		0.80365633964538574,
		10.070347785949707,
		0.053515791893005371,
		0.74995666742324829,
		5.3028445243835449,
		0.053699690848588943,
		0.80347239971160889,
		6.2670483589172363,
		0.53570961952209473,
		5.0352654457092285,
		15.212644577026367
	],
	"end" : 14.508889198303223,
	"labels" : 
	[
		"Prep",
		"Scan",
		"Prep",
		"Scan",
		"Prep",
		"Scan",
		"Break",
		"Scan",
		"Break",
		"Prep",
		"Scan",
		"Scan",
		"Break",
		"Scan",
		"Prep",
		"Break",
		"Prep",
		"Scan",
		"Break",
		"Scan",
		"Break",
		"Prep",
		"Scan",
		"Prep",
		"Scan",
		"Prep",
		"Break",
		"Scan",
		"Break",
		"Prep",
		"Scan",
		"Break",
		"Prep",
		"Scan",
		"Break",
		"Prep",
		"Scan",
		"Prep",
		"Scan",
		"Dead"
	],
	"start" : 13.990833282470703
}