{
	"data" : 
	[
		1.4214166402816772,
		2.1317763328552246,
		3.2485537528991699,
		1.6249741315841675,
		13.09669017791748,
		0.30394193530082703,
		16.244163513183594,
		0.10177872329950333,
		9.2388591766357422,
		0.10108161717653275,
		18.985218048095703,
		33.401546478271484
	],
	"end" : 16.640832901000977,
	"labels" : 
	[
		"Prep",
		"Scan",
		"Break",
		"Prep",
		"Scan",
		"Break",
		"Scan",
		"Break",
		"Scan",
		"Prep",
		"Scan",
		"Dead"
	],
	"start" : 16.367500305175781
}