{
	"data" : 
	[
		0.6819455623626709,
		0.68177831172943115,
		2.0944993495941162,
		0.29231014847755432,
		3.1659126281738281,
		0.82810062170028687,
		7.1112632751464844,
		0.048829842358827591,
		0.34097278118133545,
		7.3549113273620605,
		1.0715808868408203,
		8.9134531021118164,
		0.14615507423877716,
		14.855977058410645,
		0.73060810565948486,
		13.443424224853516,
		38.138278961181641
	],
	"end" : 10.313333511352539,
	"labels" : 
	[
		"Prep",
		"Scan",
		"Break",
		"Prep",
		"Scan",
		"Prep",
		"Scan",
		"Break",
		"Prep",
		"Scan",
		"Break",
		"Scan",
		"Prep",
		"Scan",
		"Break",
		"Scan",
		"Dead"
	],
	"start" : 9.7436113357543945
}