{
	"data" : 
	[
		0.57881546020507812,
		0.93478614091873169,
		1.5582317113876343,
		0.62329268455505371,
		0.13343171775341034,
		5.2087278366088867,
		0.4452308714389801,
		8.1914539337158203,
		0.04447723925113678,
		0.40060079097747803,
		4.4073734283447266,
		0.62329268455505371,
		8.2805614471435547,
		68.4697265625
	],
	"end" : 13.240278244018555,
	"labels" : 
	[
		"Prep",
		"Scan",
		"Break",
		"Prep",
		"Break",
		"Scan",
		"Break",
		"Scan",
		"Break",
		"Break",
		"Scan",
		"Prep",
		"Scan",
		"Dead"
	],
	"start" : 12.616944313049316
}