{
	"data" : 
	[
		1.2552698850631714,
		1.3507075309753418,
		4.3437376022338867,
		1.3513703346252441,
		7.0458159446716309,
		1.6409969329833984,
		16.1190185546875,
		1.1585067510604858,
		2.8956043720245361,
		28.667078018188477,
		0.096100389957427979,
		0.86888009309768677,
		16.891134262084961,
		1.7377601861953735,
		0.86888009309768677,
		13.60914134979248
	],
	"end" : 18.641666412353516,
	"labels" : 
	[
		"Prep",
		"Scan",
		"Break",
		"Prep",
		"Scan",
		"Prep",
		"Scan",
		"Break",
		"Prep",
		"Scan",
		"Break",
		"Prep",
		"Scan",
		"Break",
		"Prep",
		"Scan"
	],
	"start" : 18.354166030883789
}