{
	"data" : 
	[
		0.62720590829849243,
		0.94080883264541626,
		0.044756479561328888,
		0.80638563632965088,
		0.76147538423538208,
		0.044910281896591187,
		0.67196238040924072,
		0.76147538423538208,
		0.7168726921081543,
		3.2701451778411865,
		0.044910281896591187,
		4.1214413642883301,
		0.044756479561328888,
		3.0911195278167725,
		0.044756479561328888,
		0.62720590829849243,
		0.35835945606231689,
		6.271751880645752,
		0.31360295414924622,
		0.044756479561328888,
		6.6748671531677246,
		0.58244943618774414,
		0.044756479561328888,
		9.9004106521606445,
		0.67196238040924072,
		4.1661977767944336,
		0.044910281896591187,
		0.044756479561328888,
		4.5694675445556641,
		0.044756479561328888,
		0.044756479561328888,
		5.9581484794616699,
		0.044756479561328888,
		1.1647450923919678,
		9.4076271057128906,
		0.044910281896591187,
		0.71671891212463379,
		0.94080883264541626,
		0.089512959122657776,
		0.044756479561328888,
		5.7789688110351562,
		0.44802618026733398,
		0.58244943618774414,
		0.044756479561328888,
		8.5115747451782227,
		0.044910281896591187,
		0.71671891212463379,
		0.58244943618774414,
		0.044756479561328888,
		6.9437141418457031,
		7.3917403221130371
	],
	"end" : 11.376667022705078,
	"labels" : 
	[
		"Prep",
		"Scan",
		"Break",
		"Prep",
		"Scan",
		"Break",
		"Prep",
		"Scan",
		"Prep",
		"Scan",
		"Prep",
		"Scan",
		"Prep",
		"Scan",
		"Break",
		"Prep",
		"Break",
		"Scan",
		"Break",
		"Prep",
		"Scan",
		"Break",
		"Prep",
		"Scan",
		"Prep",
		"Scan",
		"Break",
		"Break",
		"Scan",
		"Break",
		"Break",
		"Scan",
		"Break",
		"Prep",
		"Scan",
		"Break",
		"Prep",
		"Scan",
		"Break",
		"Prep",
		"Scan",
		"Prep",
		"Break",
		"Prep",
		"Scan",
		"Break",
		"Prep",
		"Break",
		"Prep",
		"Scan",
		"Dead"
	],
	"start" : 10.757222175598145
}