{
	"data" : 
	[
		1.5644823312759399,
		1.2037340402603149,
		0.72232300043106079,
		0.1202494278550148,
		2.2868053913116455,
		9.0269718170166016,
		0.12066265195608139,
		13.119172096252441,
		0.1202494278550148,
		1.926056981086731,
		11.915850639343262,
		0.1202494278550148,
		1.6851449012756348,
		11.915437698364258,
		0.12066265195608139,
		0.2404988557100296,
		19.980001449584961,
		23.711452484130859
	],
	"end" : 14.739444732666016,
	"labels" : 
	[
		"Prep",
		"Scan",
		"Break",
		"Prep",
		"Scan",
		"Break",
		"Prep",
		"Scan",
		"Break",
		"Prep",
		"Scan",
		"Break",
		"Prep",
		"Scan",
		"Break",
		"Prep",
		"Scan",
		"Dead"
	],
	"start" : 14.508889198303223
}