{
	"data" : 
	[
		0.87526333332061768,
		0.87504869699478149,
		1.8756563663482666,
		1.0626358985900879,
		6.0639567375183105,
		0.062672123312950134,
		1.3753526210784912,
		10.877690315246582,
		0.18758709728717804,
		18.62950325012207,
		0.50030380487442017,
		10.252471923828125,
		0.12512961030006409,
		10.002427101135254,
		0.8128058910369873,
		0.12491497397422791,
		0.18758709728717804,
		0.062457486987113953,
		23.568365097045898,
		12.378172874450684
	],
	"end" : 10.757222175598145,
	"labels" : 
	[
		"Prep",
		"Scan",
		"Break",
		"Prep",
		"Scan",
		"Break",
		"Prep",
		"Scan",
		"Prep",
		"Scan",
		"Prep",
		"Scan",
		"Prep",
		"Scan",
		"Prep",
		"Break",
		"Break",
		"Prep",
		"Scan",
		"Dead"
	],
	"start" : 10.313333511352539
}