{
	"data" : 
	[
		0.87610471248626709,
		1.4020081758499146,
		2.7167668342590332,
		0.17510059475898743,
		1.0518069267272949,
		7.7116460800170898,
		0.96395576000213623,
		10.164860725402832,
		1.5777103900909424,
		9.2887554168701172,
		0.26295173168182373,
		11.041566848754883,
		0.087851151823997498,
		0.087249435484409332,
		14.635039329528809,
		0.087249435484409332,
		2.5416662693023682,
		0.087249435484409332,
		19.366968154907227,
		15.773494720458984
	],
	"end" : 17.36805534362793,
	"labels" : 
	[
		"Prep",
		"Scan",
		"Break",
		"Prep",
		"Scan",
		"Break",
		"Prep",
		"Scan",
		"Prep",
		"Scan",
		"Break",
		"Scan",
		"Prep",
		"Break",
		"Scan",
		"Break",
		"Prep",
		"Break",
		"Scan",
		"Dead"
	],
	"start" : 17.051389694213867
}