{
	"data" : 
	[
		0.51751595735549927,
		0.51764291524887085,
		1.2201038599014282,
		0.29575967788696289,
		3.1426684856414795,
		0.037065159529447556,
		0.62845754623413086,
		6.1374573707580566,
		0.96128237247467041,
		0.25882145762443542,
		6.0635809898376465,
		0.036938223987817764,
		8.2819051742553711,
		0.70246094465255737,
		11.017745971679688,
		0.037065159529447556,
		11.942090034484863,
		48.1014404296875
	],
	"end" : 13.990833282470703,
	"labels" : 
	[
		"Prep",
		"Scan",
		"Break",
		"Prep",
		"Scan",
		"Break",
		"Prep",
		"Scan",
		"Break",
		"Prep",
		"Scan",
		"Prep",
		"Scan",
		"Prep",
		"Scan",
		"Break",
		"Scan",
		"Dead"
	],
	"start" : 13.240278244018555
}