{
	"data" : 
	[
		0.88952147960662842,
		1.143919825553894,
		1.0169388055801392,
		1.143919825553894,
		0.95323014259338379,
		1.0802111625671387,
		1.3346093893051147,
		1.143919825553894,
		6.3549399375915527,
		1.0167206525802612,
		6.9904999732971191,
		1.0167206525802612,
		6.3549399375915527,
		0.063708677887916565,
		2.7324912548065186,
		0.063708677887916565,
		1.0802111625671387,
		4.8933496475219727,
		0.063490495085716248,
		3.5589587688446045,
		0.063490495085716248,
		3.8129205703735352,
		4.7661504745483398,
		0.063708677887916565,
		3.6857211589813232,
		1.0804293155670166,
		7.2446799278259277,
		1.0167206525802612,
		0.063708677887916565,
		0.063490495085716248,
		9.0239410400390625,
		0.063708677887916565,
		1.0167206525802612,
		10.1043701171875,
		0.063490495085716248,
		3.9401195049285889,
		4.0036101341247559,
		6.9270095825195312
	],
	"end" : 11.813333511352539,
	"labels" : 
	[
		"Prep",
		"Scan",
		"Prep",
		"Scan",
		"Prep",
		"Scan",
		"Break",
		"Prep",
		"Scan",
		"Prep",
		"Scan",
		"Prep",
		"Scan",
		"Prep",
		"Scan",
		"Break",
		"Prep",
		"Scan",
		"Break",
		"Scan",
		"Break",
		"Scan",
		"Scan",
		"Prep",
		"Scan",
		"Prep",
		"Scan",
		"Prep",
		"Break",
		"Prep",
		"Scan",
		"Break",
		"Prep",
		"Scan",
		"Prep",
		"Scan",
		"Scan",
		"Dead"
	],
	"start" : 11.376667022705078
}