{
	"data" : 
	[
		0.54133337736129761,
		1.7223323583602905,
		3.1990034580230713,
		0.344331294298172,
		0.098332099616527557,
		5.1183376312255859,
		0.048997089266777039,
		9.3503351211547852,
		0.39366626739501953,
		0.44300130009651184,
		8.1200008392333984,
		0.048997089266777039,
		1.0826667547225952,
		0.049335002899169922,
		5.8070001602172852,
		0.048997089266777039,
		0.049335002899169922,
		0.049335002899169922,
		9.3499965667724609,
		0.39400419592857361,
		0.44266337156295776,
		0.39366626739501953,
		13.48433780670166,
		39.319995880126953
	],
	"end" : 18.354166030883789,
	"labels" : 
	[
		"Prep",
		"Scan",
		"Break",
		"Prep",
		"Break",
		"Scan",
		"Break",
		"Scan",
		"Break",
		"Prep",
		"Scan",
		"Break",
		"Break",
		"Prep",
		"Scan",
		"Prep",
		"Break",
		"Prep",
		"Scan",
		"Break",
		"Prep",
		"Break",
		"Scan",
		"Dead"
	],
	"start" : 17.790277481079102
}