{
	"data" : 
	[
		0.74886351823806763,
		0.49929943680763245,
		0.898670494556427,
		1.0484774112701416,
		3.3948249816894531,
		0.79874199628829956,
		7.1891922950744629,
		5.891150951385498,
		3.7444887161254883,
		2.9954540729522705,
		0.39937099814414978,
		4.2936668395996094,
		1.148234486579895,
		4.9924802780151367,
		2.5960829257965088,
		0.14980699121952057,
		0.29944255948066711,
		0.050049927085638046,
		4.243617057800293,
		0.14980699121952057,
		4.9924802780151367,
		49.375797271728516
	],
	"end" : 9.7436113357543945,
	"labels" : 
	[
		"Prep",
		"Scan",
		"Break",
		"Scan",
		"Break",
		"Prep",
		"Scan",
		"Scan",
		"Scan",
		"Prep",
		"Break",
		"Scan",
		"Prep",
		"Scan",
		"Break",
		"Prep",
		"Break",
		"Prep",
		"Scan",
		"Prep",
		"Scan",
		"Dead"
	],
	"start" : 9.1877775192260742
}