{
	"data" : 
	[
		0.59163963794708252,
		1.7744677066802979,
		0.854289710521698,
		0.9201778769493103,
		2.8259706497192383,
		0.9201778769493103,
		5.7182807922363281,
		0.065436877310276031,
		1.183279275894165,
		9.6611909866333008,
		0.065888166427612305,
		1.9716808795928955,
		19.585483551025391,
		1.9716808795928955,
		0.52575147151947021,
		10.71314525604248,
		0.065888166427612305,
		0.13132505118846893,
		11.304333686828613,
		0.065888166427612305,
		0.19721321761608124,
		9.6611909866333008,
		19.125619888305664
	],
	"end" : 17.790277481079102,
	"labels" : 
	[
		"Prep",
		"Break",
		"Prep",
		"Scan",
		"Break",
		"Prep",
		"Scan",
		"Break",
		"Prep",
		"Scan",
		"Break",
		"Prep",
		"Scan",
		"Break",
		"Prep",
		"Scan",
		"Break",
		"Prep",
		"Scan",
		"Break",
		"Prep",
		"Scan",
		"Dead"
	],
	"start" : 17.36805534362793
}