{
	"data" : 
	[
		0.47674882411956787,
		1.5601470470428467,
		1.6035959720611572,
		0.43344858288764954,
		1.2135964632034302,
		1.1268472671508789,
		0.043300218880176544,
		0.086749233305454254,
		6.8043837547302246,
		0.043300218880176544,
		0.30339911580085754,
		0.2600989043712616,
		0.043300218880176544,
		7.5846805572509766,
		0.38999953866004944,
		0.65009850263595581,
		0.043300218880176544,
		0.2600989043712616,
		0.043300218880176544,
		10.921921730041504,
		0.043300218880176544,
		1.2568967342376709,
		0.30339911580085754,
		7.281132698059082,
		0.04344901442527771,
		0.086600437760353088,
		9.6650247573852539,
		0.38999953866004944,
		10.705123901367188,
		0.17334967851638794,
		10.098325729370117,
		25.961084365844727
	],
	"end" : 15.379722595214844,
	"labels" : 
	[
		"Prep",
		"Scan",
		"Break",
		"Prep",
		"Scan",
		"Break",
		"Prep",
		"Break",
		"Scan",
		"Break",
		"Prep",
		"Break",
		"Prep",
		"Scan",
		"Prep",
		"Break",
		"Prep",
		"Break",
		"Prep",
		"Scan",
		"Break",
		"Prep",
		"Break",
		"Scan",
		"Break",
		"Prep",
		"Scan",
		"Prep",
		"Scan",
		"Prep",
		"Scan",
		"Dead"
	],
	"start" : 14.739444732666016
}