{
	"data" : 
	[
		0.2083243727684021,
		0.13889880478382111,
		0.013875576667487621,
		0.3888975977897644,
		0.31942436099052429,
		0.2499987781047821,
		0.083348825573921204,
		0.013875576667487621,
		0.4305243194103241,
		0.083348825573921204,
		0.222199946641922,
		0.083348825573921204,
		0.013875576667487621,
		0.43057200312614441,
		0.8332974910736084,
		0.2083243727684021,
		1.7499438524246216,
		0.1944487988948822,
		0.013875576667487621,
		1.8054938316345215,
		0.4027731716632843,
		0.013923258520662785,
		2.2638170719146729,
		0.33329993486404419,
		2.1110424995422363,
		0.27779760956764221,
		0.2083243727684021,
		2.652714729309082,
		0.041674412786960602,
		0.19440111517906189,
		0.29167318344116211,
		0.083348825573921204,
		2.8609912395477295,
		0.041674412786960602,
		0.22224763035774231,
		2.9998900890350342,
		0.2083243727684021,
		0.3888975977897644,
		0.263874351978302,
		0.111099973320961,
		0.12502323091030121,
		0.4166487455368042,
		0.111099973320961,
		2.6387913227081299,
		0.013923258520662785,
		0.2777499258518219,
		3.2221376895904541,
		0.013875576667487621,
		0.263874351978302,
		3.1388363838195801,
		0.083301141858100891,
		0.041674412786960602,
		4.3193092346191406,
		0.013923258520662785,
		2.236018180847168,
		0.013923258520662785,
		0.027751153334975243,
		0.98607194423675537,
		6.4998259544372559,
		0.013923258520662785,
		0.99994748830795288,
		0.013875576667487621,
		1.0972195863723755,
		0.013875576667487621,
		0.111099973320961,
		2.555490255355835,
		0.013875576667487621,
		2.6805133819580078,
		0.027751153334975243,
		0.041674412786960602,
		4.3193092346191406,
		0.041674412786960602,
		1.0555452108383179,
		0.013875576667487621,
		1.9999426603317261,
		0.013875576667487621,
		2.1527168750762939,
		0.041674412786960602,
		0.2083243727684021,
		2.2916157245635986,
		32.290756225585938
	],
	"end" : 11.705277442932129,
	"labels" : 
	[
		"Prep",
		"Break",
		"Prep",
		"Scan",
		"Break",
		"Prep",
		"Break",
		"Prep",
		"Scan",
		"Break",
		"Prep",
		"Break",
		"Prep",
		"Scan",
		"Break",
		"Prep",
		"Scan",
		"Break",
		"Prep",
		"Scan",
		"Break",
		"Prep",
		"Scan",
		"Break",
		"Scan",
		"Break",
		"Prep",
		"Scan",
		"Break",
		"Prep",
		"Break",
		"Prep",
		"Scan",
		"Break",
		"Prep",
		"Scan",
		"Prep",
		"Scan",
		"Break",
		"Prep",
		"Scan",
		"Break",
		"Prep",
		"Scan",
		"Break",
		"Prep",
		"Scan",
		"Break",
		"Prep",
		"Scan",
		"Break",
		"Prep",
		"Scan",
		"Break",
		"Scan",
		"Break",
		"Prep",
		"Scan",
		"Break",
		"Prep",
		"Scan",
		"Prep",
		"Scan",
		"Break",
		"Prep",
		"Scan",
		"Prep",
		"Scan",
		"Break",
		"Prep",
		"Scan",
		"Prep",
		"Scan",
		"Prep",
		"Scan",
		"Prep",
		"Scan",
		"Break",
		"Prep",
		"Scan",
		"Dead"
	],
	"start" : 9.7072219848632812
}