{
	"data" : 
	[
		0.3290989100933075,
		0.63463312387466431,
		0.54069709777832031,
		0.35258293151855469,
		4.4660773277282715,
		0.39963164925575256,
		1.6923818588256836,
		0.070532724261283875,
		0.47016438841819763,
		7.310305118560791,
		0.023484006524085999,
		0.18803347647190094,
		5.9705066680908203,
		0.070532724261283875,
		5.8059573173522949,
		0.023484006524085999,
		2.3036117553710938,
		69.248283386230469
	],
	"end" : 14.703332901000977,
	"labels" : 
	[
		"Prep",
		"Scan",
		"Break",
		"Prep",
		"Scan",
		"Prep",
		"Scan",
		"Break",
		"Prep",
		"Scan",
		"Break",
		"Prep",
		"Scan",
		"Prep",
		"Scan",
		"Break",
		"Scan",
		"Dead"
	],
	"start" : 13.522777557373047
}