{
	"data" : 
	[
		0.21376585960388184,
		0.42753171920776367,
		0.16795140504837036,
		0.10688292980194092,
		0.13739095628261566,
		0.015254013240337372,
		0.19851186871528625,
		2.9009358882904053,
		0.25958031415939331,
		1.0992848873138428,
		0.24432630836963654,
		0.36641082167625427,
		4.7484540939331055,
		0.030508026480674744,
		0.90082550048828125,
		4.9163527488708496,
		1.0993373394012451,
		0.21376585960388184,
		2.6872224807739258,
		0.015254013240337372,
		1.6336995363235474,
		0.015254013240337372,
		0.045814462006092072,
		4.7484016418457031,
		72.707290649414062
	],
	"end" : 13.522777557373047,
	"labels" : 
	[
		"Prep",
		"Scan",
		"Break",
		"Prep",
		"Scan",
		"Break",
		"Prep",
		"Scan",
		"Prep",
		"Scan",
		"Break",
		"Prep",
		"Scan",
		"Break",
		"Scan",
		"Break",
		"Scan",
		"Prep",
		"Scan",
		"Prep",
		"Scan",
		"Break",
		"Prep",
		"Scan",
		"Dead"
	],
	"start" : 11.705277442932129
}