{
	"data" : 
	[
		0.39337253570556641,
		0.030131546780467033,
		0.81729227304458618,
		0.36303317546844482,
		0.39337253570556641,
		5.7501382827758789,
		0.51452213525772095,
		2.1790304183959961,
		0.60512459278106689,
		0.93823397159576416,
		9.4120559692382812,
		0.030131546780467033,
		0.090810246765613556,
		7.6567373275756836,
		0.030339349061250687,
		0.090810246765613556,
		4.1461005210876465,
		0.030131546780467033,
		1.8159972429275513,
		0.27222293615341187,
		3.3894872665405273,
		0.39358034729957581,
		0.21175205707550049,
		2.0882201194763184,
		0.18162049353122711,
		0.030131546780467033,
		2.0580885410308838,
		0.030131546780467033,
		2.0882201194763184,
		0.030339349061250687,
		2.9053044319152832,
		0.030131546780467033,
		1.7251869440078735,
		0.42371189594268799,
		0.030131546780467033,
		7.4146466255187988,
		27.600496292114258,
		0.12094179540872574,
		3.7527282238006592,
		0.030339349061250687,
		0.060470897704362869,
		2.390782356262207,
		0.030339349061250687,
		1.3920774459838867,
		0.030339349061250687,
		0.090602442622184753,
		5.8106088638305664
	],
	"end" : 17.019443511962891,
	"labels" : 
	[
		"Prep",
		"Break",
		"Scan",
		"Break",
		"Prep",
		"Scan",
		"Prep",
		"Scan",
		"Break",
		"Prep",
		"Scan",
		"Break",
		"Prep",
		"Scan",
		"Break",
		"Prep",
		"Scan",
		"Break",
		"Scan",
		"Prep",
		"Scan",
		"Break",
		"Prep",
		"Scan",
		"Break",
		"Prep",
		"Scan",
		"Break",
		"Scan",
		"Prep",
		"Scan",
		"Prep",
		"Scan",
		"Break",
		"Prep",
		"Scan",
		"Break",
		"Prep",
		"Scan",
		"Break",
		"Prep",
		"Scan",
		"Prep",
		"Scan",
		"Break",
		"Prep",
		"Scan"
	],
	"start" : 16.102500915527344
}