{
	"data" : 
	[
		0.25786417722702026,
		0.55535787343978882,
		1.249487042427063,
		0.29749369621276855,
		3.7484612464904785,
		0.33719128370285034,
		1.4279561042785645,
		0.05951235443353653,
		0.37682080268859863,
		6.1681084632873535,
		0.019882846623659134,
		0.059444263577461243,
		5.0376458168029785,
		0.05951235443353653,
		2.0626411437988281,
		1.467653751373291,
		0.61487025022506714,
		6.1681084632873535,
		0.019814755767583847,
		0.05951235443353653,
		5.0376458168029785,
		0.59498739242553711,
		1.4280241727828979,
		0.039629511535167694,
		4.9186215400695801,
		0.039697598665952682,
		3.7484612464904785,
		0.019882846623659134,
		2.0031287670135498,
		13.665098190307617,
		0.05951235443353653,
		0.3173084557056427,
		0.019814755767583847,
		5.4541645050048828,
		0.65449970960617065,
		0.039629511535167694,
		31.812555313110352
	],
	"end" : 16.102500915527344,
	"labels" : 
	[
		"Prep",
		"Scan",
		"Break",
		"Prep",
		"Scan",
		"Prep",
		"Scan",
		"Break",
		"Prep",
		"Scan",
		"Break",
		"Prep",
		"Scan",
		"Prep",
		"Scan",
		"Break",
		"Prep",
		"Scan",
		"Break",
		"Prep",
		"Scan",
		"Prep",
		"Scan",
		"Prep",
		"Scan",
		"Prep",
		"Scan",
		"Break",
		"Scan",
		"Break",
		"Prep",
		"Break",
		"Prep",
		"Scan",
		"Break",
		"Scan",
		"Dead"
	],
	"start" : 14.703332901000977
}