{
	"data" : 
	[
		0.69406110048294067,
		2.6837875843048096,
		8.7452659606933594,
		0.55521714687347412,
		1.1568214893341064,
		11.567896842956543,
		14.020225524902344,
		4.8585867881774902,
		0.60144549608230591,
		28.873353958129883,
		2.7300159931182861,
		0.13884399831295013,
		1.4807378053665161,
		2.8688600063323975,
		0.23130075633525848,
		18.693580627441406
	],
	"end" : 11.762777328491211,
	"labels" : 
	[
		"Prep",
		"Scan",
		"Scan",
		"Break",
		"Prep",
		"Scan",
		"Break",
		"Prep",
		"Break",
		"Scan",
		"Break",
		"Prep",
		"Break",
		"Prep",
		"Break",
		"Scan"
	],
	"start" : 11.163055419921875
}