{
	"data" : 
	[
		0.8206145167350769,
		1.2312235832214355,
		1.8175493478775024,
		0.99653232097625732,
		0.1173456534743309,
		5.6281633377075195,
		0.117144376039505,
		8.8526525497436523,
		0.82081574201583862,
		0.6448979377746582,
		0.058572188019752502,
		8.090611457824707,
		0.058572188019752502,
		9.4389791488647461,
		0.70347011089324951,
		0.87938797473907471,
		0.4689801037311554,
		0.058572188019752502,
		8.9114265441894531,
		11.725307464599609,
		1.2897958755493164,
		1.0553058385848999,
		1.2310223579406738,
		0.82081574201583862,
		4.8073477745056152,
		0.058773469179868698,
		9.497349739074707,
		0.058773469179868698,
		6.448979377746582,
		13.191020011901855
	],
	"end" : 12.649167060852051,
	"labels" : 
	[
		"Prep",
		"Scan",
		"Break",
		"Prep",
		"Break",
		"Scan",
		"Break",
		"Scan",
		"Prep",
		"Break",
		"Break",
		"Scan",
		"Break",
		"Scan",
		"Break",
		"Prep",
		"Break",
		"Prep",
		"Scan",
		"Break",
		"Prep",
		"Scan",
		"Break",
		"Prep",
		"Scan",
		"Break",
		"Scan",
		"Prep",
		"Scan",
		"Dead"
	],
	"start" : 12.175833702087402
}