{
	"data" : 
	[
		0.70658338069915771,
		0.70675665140151978,
		1.4135133028030396,
		0.35337832570075989,
		3.6849091053009033,
		0.85822927951812744,
		7.7739763259887695,
		0.050433102995157242,
		0.40381145477294922,
		14.992669105529785,
		0.050433102995157242,
		0.35337832570075989,
		8.2786540985107422,
		10.449530601501465,
		16.254537582397461,
		33.569206237792969
	],
	"end" : 13.198888778686523,
	"labels" : 
	[
		"Prep",
		"Scan",
		"Break",
		"Prep",
		"Scan",
		"Prep",
		"Scan",
		"Break",
		"Prep",
		"Scan",
		"Break",
		"Prep",
		"Scan",
		"Scan",
		"Scan",
		"Dead"
	],
	"start" : 12.649167060852051
}