{
	"data" : 
	[
		0.60524821281433105,
		0.6517566442489624,
		2.0016183853149414,
		0.6517566442489624,
		4.5154681205749512,
		0.046668201684951782,
		0.79128175973892212,
		6.5172462463378906,
		0.37238669395446777,
		8.1466388702392578,
		0.046508383005857468,
		1.4897066354751587,
		14.244829177856445,
		9.4033231735229492,
		1.9552699327468872,
		0.60508841276168823,
		9.124272346496582,
		0.046508383005857468,
		0.37238669395446777,
		0.46556326746940613,
		0.046508383005857468,
		15.036270141601562,
		22.763694763183594
	],
	"end" : 14.514444351196289,
	"labels" : 
	[
		"Prep",
		"Scan",
		"Break",
		"Prep",
		"Scan",
		"Break",
		"Prep",
		"Scan",
		"Prep",
		"Scan",
		"Break",
		"Prep",
		"Scan",
		"Scan",
		"Break",
		"Break",
		"Scan",
		"Break",
		"Prep",
		"Break",
		"Prep",
		"Scan",
		"Dead"
	],
	"start" : 13.918333053588867
}