{
	"data" : 
	[
		0.49545544385910034,
		0.74306166172027588,
		0.70782822370529175,
		0.49545544385910034,
		0.74306166172027588,
		1.2032836675643921,
		0.60139882564544678,
		3.1141526699066162,
		0.035476457327604294,
		3.6096081733703613,
		0.035233467817306519,
		3.0434427261352539,
		0.28308269381523132,
		4.2819600105285645,
		80.50750732421875
	],
	"end" : 17.101388931274414,
	"labels" : 
	[
		"Prep",
		"Scan",
		"Break",
		"Prep",
		"Scan",
		"Break",
		"Prep",
		"Scan",
		"Break",
		"Scan",
		"Break",
		"Scan",
		"Prep",
		"Scan",
		"Dead"
	],
	"start" : 16.317222595214844
}