{
	"data" : 
	[
		1.1387026309967041,
		1.1389819383621216,
		2.4405159950256348,
		0.56949096918106079,
		6.5082292556762695,
		0.081276059150695801,
		1.3830894231796265,
		11.389261245727539,
		0.081276059150695801,
		0.56949096918106079,
		13.341562271118164,
		2.522071361541748,
		24.242887496948242,
		0.1625521183013916,
		11.714644432067871,
		22.615970611572266
	],
	"end" : 10.832500457763672,
	"labels" : 
	[
		"Prep",
		"Scan",
		"Break",
		"Prep",
		"Scan",
		"Break",
		"Prep",
		"Scan",
		"Break",
		"Prep",
		"Scan",
		"Prep",
		"Scan",
		"Prep",
		"Scan",
		"Dead"
	],
	"start" : 10.491389274597168
}