{
	"data" : 
	[
		1.2312235832214355,
		0.52775353193283081,
		0.96734684705734253,
		0.96734684705734253,
		13.015103340148926,
		0.96734684705734253,
		0.96734684705734253,
		2.4618434906005859,
		0.52775353193283081,
		6.5075516700744629,
		1.1430634260177612,
		0.96734684705734253,
		2.550607442855835,
		1.4951003789901733,
		14.333883285522461,
		3.1659176349639893,
		11.520002365112305,
		0.1763204038143158,
		10.113061904907227,
		0.087556362152099609,
		0.1763204038143158,
		8.9699993133544922,
		17.060207366943359
	],
	"end" : 16.317222595214844,
	"labels" : 
	[
		"Prep",
		"Scan",
		"Break",
		"Scan",
		"Break",
		"Prep",
		"Scan",
		"Break",
		"Scan",
		"Break",
		"Prep",
		"Scan",
		"Break",
		"Prep",
		"Scan",
		"Break",
		"Scan",
		"Prep",
		"Scan",
		"Break",
		"Prep",
		"Scan",
		"Dead"
	],
	"start" : 16.001667022705078
}