{
	"data" : 
	[
		0.8070799708366394,
		0.80688208341598511,
		1.9023181200027466,
		0.057789940387010574,
		4.2657685279846191,
		0.057592026889324188,
		0.98005408048629761,
		9.6843671798706055,
		1.7869360446929932,
		17.12086296081543,
		0.69169801473617554,
		0.86467206478118896,
		9.4539985656738281,
		0.46113204956054688,
		8.1855878829956055,
		0.46132993698120117,
		0.46113204956054688,
		0.057592026889324188,
		19.65728759765625,
		22.135921478271484
	],
	"end" : 16.001667022705078,
	"labels" : 
	[
		"Prep",
		"Scan",
		"Break",
		"Prep",
		"Scan",
		"Break",
		"Prep",
		"Scan",
		"Prep",
		"Scan",
		"Break",
		"Prep",
		"Scan",
		"Prep",
		"Scan",
		"Prep",
		"Break",
		"Prep",
		"Scan",
		"Dead"
	],
	"start" : 15.520277976989746
}