{
	"data" : 
	[
		0.68261051177978516,
		0.68261051177978516,
		1.3163436651229858,
		0.048710070550441742,
		3.5591826438903809,
		0.048877459019422531,
		0.82874071598052979,
		8.1909914016723633,
		0.92632824182510376,
		1.4626412391662598,
		14.529159545898438,
		1.6576489210128784,
		0.39001533389091492,
		7.9471068382263184,
		0.63390046358108521,
		0.097420141100883484,
		6.9233579635620117,
		8.7271366119384766,
		0.048877459019422531,
		6.9231910705566406,
		0.048710070550441742,
		0.3901827335357666,
		14.187853813171387,
		19.648403167724609
	],
	"end" : 15.520277976989746,
	"labels" : 
	[
		"Prep",
		"Scan",
		"Break",
		"Prep",
		"Scan",
		"Break",
		"Prep",
		"Scan",
		"Break",
		"Prep",
		"Scan",
		"Break",
		"Prep",
		"Scan",
		"Break",
		"Prep",
		"Scan",
		"Break",
		"Prep",
		"Scan",
		"Break",
		"Prep",
		"Scan",
		"Dead"
	],
	"start" : 14.95111083984375
}