{
	"data" : 
	[
		0.82643568515777588,
		0.82663840055465698,
		1.1809699535369873,
		0.82643568515777588,
		4.3691425323486328,
		1.0627918243408203,
		0.29534384608268738,
		9.9190530776977539,
		0.47230690717697144,
		8.9154510498046875,
		1.0627918243408203,
		1.1217795610427856,
		17.594749450683594,
		1.4171234369277954,
		0.47230690717697144,
		11.336175918579102,
		0.058987684547901154,
		18.952682495117188,
		19.188835144042969
	],
	"end" : 11.302499771118164,
	"labels" : 
	[
		"Prep",
		"Scan",
		"Break",
		"Prep",
		"Scan",
		"Prep",
		"Break",
		"Scan",
		"Prep",
		"Scan",
		"Break",
		"Prep",
		"Scan",
		"Break",
		"Prep",
		"Scan",
		"Prep",
		"Scan",
		"Dead"
	],
	"start" : 10.832500457763672
}