{
	"data" : 
	[
		0.47162765264511108,
		0.50786840915679932,
		1.7411739826202393,
		4.1353039741516113,
		1.3057870864868164,
		1.0519775152206421,
		6.8558492660522461,
		7.6902585029602051,
		0.10884673148393631,
		10.555891036987305,
		65.475418090820312
	],
	"end" : 9.3852777481079102,
	"labels" : 
	[
		"Prep",
		"Scan",
		"Break",
		"Scan",
		"Break",
		"Prep",
		"Scan",
		"Break",
		"Prep",
		"Scan",
		"Dead"
	],
	"start" : 8.6202774047851562
}