{
	"data" : 
	[
		0.88973969221115112,
		0.88973969221115112,
		2.5420196056365967,
		0.50836032629013062,
		4.638951301574707,
		0.063708677887916565,
		1.143919825553894,
		9.1511402130126953,
		0.50836032629013062,
		10.358551025390625,
		1.969950795173645,
		18.937839508056641,
		0.44486984610557556,
		9.0241584777832031,
		38.828693389892578
	],
	"end" : 14.95111083984375,
	"labels" : 
	[
		"Prep",
		"Scan",
		"Break",
		"Prep",
		"Scan",
		"Break",
		"Prep",
		"Scan",
		"Prep",
		"Scan",
		"Prep",
		"Scan",
		"Prep",
		"Scan",
		"Dead"
	],
	"start" : 14.514444351196289
}