{
	"data" : 
	[
		0.44486933946609497,
		0.44486933946609497,
		1.398098349571228,
		0.41301500797271729,
		2.351327657699585,
		0.54021406173706055,
		0.095344729721546173,
		4.6709098815917969,
		0.031745210289955139,
		0.22243466973304749,
		5.2110147476196289,
		0.60370445251464844,
		9.4689092636108398,
		0.031745210289955139,
		4.5438199043273926,
		12.23336124420166,
		0.031745210289955139,
		4.5438199043273926,
		0.28592509031295776,
		9.2464752197265625,
		0.38126984238624573,
		0.031854301691055298,
		4.5437107086181641,
		38.129817962646484
	],
	"end" : 12.175833702087402,
	"labels" : 
	[
		"Prep",
		"Scan",
		"Break",
		"Prep",
		"Scan",
		"Prep",
		"Break",
		"Scan",
		"Break",
		"Prep",
		"Scan",
		"Prep",
		"Scan",
		"Prep",
		"Scan",
		"Break",
		"Prep",
		"Scan",
		"Prep",
		"Scan",
		"Break",
		"Prep",
		"Scan",
		"Dead"
	],
	"start" : 11.302499771118164
}