{
	"data" : 
	[
		0.81361031532287598,
		1.3145415782928467,
		3.1923353672027588,
		0.87614607810974121,
		7.6992125511169434,
		0.12507162988185883,
		0.062750719487667084,
		9.3889684677124023,
		0.062750719487667084,
		5.445559024810791,
		0.50071632862091064,
		6.509742259979248,
		1.2520056962966919,
		6.509742259979248,
		56.146846771240234
	],
	"end" : 13.918333053588867,
	"labels" : 
	[
		"Prep",
		"Scan",
		"Break",
		"Prep",
		"Scan",
		"Break",
		"Prep",
		"Scan",
		"Break",
		"Scan",
		"Prep",
		"Scan",
		"Prep",
		"Scan",
		"Dead"
	],
	"start" : 13.475000381469727
}