{
	"data" : 
	[
		0.85077208280563354,
		0.54701435565948486,
		0.85035485029220581,
		0.060918450355529785,
		1.1545299291610718,
		3.0384120941162109,
		1.7620452642440796,
		12.761163711547852,
		1.9443833827972412,
		0.12141965329647064,
		9.9050893783569336,
		0.24325656890869141,
		0.060501202940940857,
		0.060918450355529785,
		12.51790714263916,
		0.060501202940940857,
		0.12183690071105957,
		10.390768051147461,
		2.9169924259185791,
		0.12141965329647064,
		13.976194381713867,
		26.433601379394531
	],
	"end" : 18.314167022705078,
	"labels" : 
	[
		"Prep",
		"Scan",
		"Break",
		"Break",
		"Scan",
		"Break",
		"Prep",
		"Scan",
		"Break",
		"Prep",
		"Scan",
		"Break",
		"Prep",
		"Break",
		"Scan",
		"Break",
		"Prep",
		"Scan",
		"Break",
		"Prep",
		"Scan",
		"Dead"
	],
	"start" : 17.857500076293945
}