{
	"data" : 
	[
		1.3067010641098022,
		1.004783034324646,
		0.80430948734283447,
		1.9095019102096558,
		2.009911060333252,
		1.7086832523345947,
		18.291399002075195,
		3.8190038204193115,
		15.075540542602539,
		1.407110333442688,
		0.20081858336925507,
		18.794136047363281,
		0.2011636346578598,
		15.276359558105469,
		18.090579986572266
	],
	"end" : 13.475000381469727,
	"labels" : 
	[
		"Prep",
		"Scan",
		"Break",
		"Scan",
		"Break",
		"Prep",
		"Scan",
		"Break",
		"Scan",
		"Break",
		"Prep",
		"Scan",
		"Prep",
		"Scan",
		"Dead"
	],
	"start" : 13.198888778686523
}