{
	"data" : 
	[
		0.32618346810340881,
		0.35116186738014221,
		0.62721627950668335,
		0.45159229636192322,
		0.42652773857116699,
		0.5519365668296814,
		0.40137708187103271,
		0.42652773857116699,
		0.55185043811798096,
		0.80284029245376587,
		7.0998954772949219,
		0.45159229636192322,
		2.9603714942932129,
		0.40137708187103271,
		3.3366837501525879,
		0.20068854093551636,
		0.025150667876005173,
		3.7129964828491211,
		0.40137708187103271,
		4.5409016609191895,
		0.075279735028743744,
		0.025064533576369286,
		3.5373725891113281,
		3.2112753391265869,
		0.10034427046775818,
		1.9317779541015625,
		0.025064533576369286,
		2.4084348678588867,
		0.80284029245376587,
		5.6698389053344727,
		0.42652773857116699,
		6.0461511611938477,
		0.42652773857116699,
		0.42652773857116699,
		6.5228085517883301,
		0.025064533576369286,
		0.37631255388259888,
		2.3080904483795166,
		0.025150667876005173,
		0.42644163966178894,
		4.2148036956787109,
		0.20068854093551636,
		4.0893087387084961,
		0.050215207040309906,
		0.22575308382511139,
		8.0532093048095703,
		0.025064533576369286,
		0.050215207040309906,
		7.3005843162536621,
		0.025064533576369286,
		3.0607156753540039,
		0.025064533576369286,
		3.4119637012481689,
		6.3222060203552246
	],
	"end" : 10.491389274597168,
	"labels" : 
	[
		"Prep",
		"Scan",
		"Break",
		"Prep",
		"Scan",
		"Break",
		"Prep",
		"Scan",
		"Break",
		"Prep",
		"Scan",
		"Prep",
		"Scan",
		"Prep",
		"Scan",
		"Break",
		"Prep",
		"Scan",
		"Prep",
		"Scan",
		"Break",
		"Break",
		"Scan",
		"Break",
		"Prep",
		"Scan",
		"Prep",
		"Scan",
		"Prep",
		"Scan",
		"Prep",
		"Scan",
		"Prep",
		"Break",
		"Scan",
		"Break",
		"Prep",
		"Scan",
		"Break",
		"Prep",
		"Scan",
		"Prep",
		"Scan",
		"Break",
		"Prep",
		"Scan",
		"Break",
		"Prep",
		"Scan",
		"Prep",
		"Scan",
		"Prep",
		"Scan",
		"Dead"
	],
	"start" : 9.3852777481079102
}