{
	"data" : 
	[
		0.40520098805427551,
		0.8840058445930481,
		1.0314666032791138,
		0.33159705996513367,
		0.3313441276550293,
		0.73679804801940918,
		0.92093431949615479,
		0.33159705996513367,
		8.7300319671630859,
		0.36852550506591797,
		0.3313441276550293,
		0.036928430199623108,
		0.036928430199623108,
		9.4668312072753906,
		0.33159705996513367,
		7.4041504859924316,
		0.66294115781784058,
		0.66294115781784058,
		14.587235450744629,
		0.036928430199623108,
		5.7833461761474609,
		1.3258823156356812,
		0.22106471657752991,
		0.073603920638561249,
		6.8148131370544434,
		0.66319411993026733,
		0.3313441276550293,
		2.3576018810272217,
		0.33159705996513367,
		2.246816873550415,
		2.3945305347442627,
		0.3682725727558136,
		3.057471752166748,
		26.301136016845703
	],
	"end" : 17.857500076293945,
	"labels" : 
	[
		"Prep",
		"Scan",
		"Break",
		"Prep",
		"Break",
		"Scan",
		"Break",
		"Prep",
		"Scan",
		"Break",
		"Prep",
		"Break",
		"Prep",
		"Scan",
		"Prep",
		"Scan",
		"Break",
		"Prep",
		"Scan",
		"Break",
		"Scan",
		"Prep",
		"Break",
		"Prep",
		"Scan",
		"Break",
		"Prep",
		"Break",
		"Scan",
		"Break",
		"Prep",
		"Prep",
		"Scan",
		"Dead"
	],
	"start" : 17.101388931274414
}