{
	"data" : 
	[
		1.5948396921157837,
		2.3918683528900146,
		4.4427118301391602,
		2.1642575263977051,
		0.34180721640586853,
		15.036388397216797,
		2.1642575263977051,
		0.11341428756713867,
		0.11419645696878433,
		0.11419645696878433,
		19.136510848999023,
		1.8232325315475464,
		0.34180721640586853,
		0.11341428756713867,
		18.909683227539062,
		13.896770477294922,
		0.79781091213226318,
		0.2276107519865036,
		16.175224304199219
	],
	"end" : 18.557777404785156,
	"labels" : 
	[
		"Prep",
		"Scan",
		"Break",
		"Prep",
		"Break",
		"Scan",
		"Break",
		"Prep",
		"Break",
		"Prep",
		"Scan",
		"Prep",
		"Break",
		"Prep",
		"Scan",
		"Scan",
		"Prep",
		"Break",
		"Scan"
	],
	"start" : 18.314167022705078
}