{
	"data" : 
	[
		0.86188870668411255,
		1.3315696716308594,
		1.2540963888168335,
		1.0964601039886475,
		0.94043779373168945,
		3.29099440574646,
		2.5071170330047607,
		0.078549154102802277,
		14.80866813659668,
		2.2720074653625488,
		0.15709830820560455,
		10.499224662780762,
		0.23510944843292236,
		8.4617891311645508,
		0.15709830820560455,
		0.39166978001594543,
		12.066441535949707,
		0.15656031668186188,
		20.450218200683594,
		18.883003234863281
	],
	"end" : 17.44444465637207,
	"labels" : 
	[
		"Prep",
		"Scan",
		"Break",
		"Prep",
		"Scan",
		"Break",
		"Prep",
		"Break",
		"Scan",
		"Break",
		"Prep",
		"Scan",
		"Prep",
		"Scan",
		"Break",
		"Break",
		"Scan",
		"Break",
		"Scan",
		"Dead"
	],
	"start" : 17.090278625488281
}