{
	"data" : 
	[
		0.8538891077041626,
		0.85367977619171143,
		3.5374209880828857,
		0.9148213267326355,
		4.452242374420166,
		1.0368952751159668,
		0.18279676139354706,
		0.061141643673181534,
		10.063035011291504,
		0.54901844263076782,
		18.113632202148438,
		0.061141643673181534,
		0.4269445538520813,
		10.002102851867676,
		0.060932252556085587,
		8.6605463027954102,
		40.06976318359375
	],
	"end" : 10.884166717529297,
	"labels" : 
	[
		"Prep",
		"Scan",
		"Break",
		"Prep",
		"Scan",
		"Prep",
		"Break",
		"Prep",
		"Scan",
		"Prep",
		"Scan",
		"Break",
		"Prep",
		"Scan",
		"Prep",
		"Scan",
		"Dead"
	],
	"start" : 10.429166793823242
}