{
	"data" : 
	[
		0.75359547138214111,
		0.53812408447265625,
		0.75359547138214111,
		1.4532307386398315,
		1.9917242527008057,
		0.96869724988937378,
		10.119394302368164,
		1.2917195558547974,
		0.10755090415477753,
		8.1816301345825195,
		0.053590651601552963,
		8.5582427978515625,
		0.1615111380815506,
		10.819028854370117,
		54.148365020751953
	],
	"end" : 17.959999084472656,
	"labels" : 
	[
		"Prep",
		"Scan",
		"Break",
		"Scan",
		"Break",
		"Prep",
		"Scan",
		"Break",
		"Prep",
		"Scan",
		"Break",
		"Scan",
		"Prep",
		"Scan",
		"Dead"
	],
	"start" : 17.44444465637207
}