{
	"data" : 
	[
		0.6943824291229248,
		0.55547416210174561,
		1.5276731252670288,
		0.74063217639923096,
		0.55563312768936157,
		1.0646985769271851,
		0.64813268184661865,
		0.04624977707862854,
		0.04624977707862854,
		10.601054191589355,
		1.3889237642288208,
		0.13874934613704681,
		0.046408712863922119,
		14.906256675720215,
		0.09249955415725708,
		11.57325267791748,
		0.04624977707862854,
		1.2037657499313354,
		13.424833297729492,
		4.4903607368469238,
		1.1573570966720581,
		9.9530801773071289,
		0.13874934613704681,
		12.360293388366699,
		12.499043464660645
	],
	"end" : 15.028611183166504,
	"labels" : 
	[
		"Prep",
		"Scan",
		"Break",
		"Prep",
		"Scan",
		"Break",
		"Prep",
		"Break",
		"Prep",
		"Scan",
		"Prep",
		"Break",
		"Prep",
		"Scan",
		"Prep",
		"Scan",
		"Break",
		"Prep",
		"Scan",
		"Break",
		"Prep",
		"Scan",
		"Prep",
		"Scan",
		"Dead"
	],
	"start" : 14.429166793823242
}