{
	"data" : 
	[
		1.5454939603805542,
		2.3178620338439941,
		1.6561571359634399,
		1.5454939603805542,
		2.3178620338439941,
		2.5391881465911865,
		0.99293625354766846,
		0.44189453125,
		14.681814193725586,
		1.9866305589675903,
		0.11066313087940216,
		0.22056829929351807,
		18.655075073242188,
		0.11066313087940216,
		14.239919662475586,
		0.11066313087940216,
		5.8499865531921387,
		0.11066313087940216,
		13.356887817382812,
		17.109580993652344
	],
	"end" : 18.613332748413086,
	"labels" : 
	[
		"Prep",
		"Scan",
		"Break",
		"Prep",
		"Scan",
		"Break",
		"Prep",
		"Break",
		"Scan",
		"Break",
		"Prep",
		"Break",
		"Scan",
		"Prep",
		"Scan",
		"Break",
		"Break",
		"Prep",
		"Scan",
		"Dead"
	],
	"start" : 18.361944198608398
}