{
	"data" : 
	[
		0.74397307634353638,
		0.74397307634353638,
		3.4538741111755371,
		0.74397307634353638,
		3.4009675979614258,
		0.053088806569576263,
		0.95651072263717651,
		8.7676801681518555,
		1.5943062305450439,
		15.835060119628906,
		0.42525774240493774,
		8.6615028381347656,
		0.053088806569576263,
		7.5455431938171387,
		4.6231050491333008,
		7.5457253456115723,
		0.47816413640975952,
		15.410167694091797,
		18.864040374755859
	],
	"end" : 14.429166793823242,
	"labels" : 
	[
		"Prep",
		"Scan",
		"Break",
		"Prep",
		"Scan",
		"Break",
		"Prep",
		"Scan",
		"Prep",
		"Scan",
		"Prep",
		"Scan",
		"Break",
		"Scan",
		"Break",
		"Scan",
		"Prep",
		"Scan",
		"Dead"
	],
	"start" : 13.906944274902344
}