{
	"data" : 
	[
		1.4615072011947632,
		1.4615072011947632,
		2.2965517044067383,
		0.73111194372177124,
		7.6200504302978516,
		0.10464936494827271,
		1.7740217447280884,
		15.345467567443848,
		0.83504456281661987,
		18.267765045166016,
		0.10464936494827271,
		3.1315960884094238,
		31.107379913330078,
		0.83504456281661987,
		14.823653221130371
	],
	"end" : 18.879167556762695,
	"labels" : 
	[
		"Prep",
		"Scan",
		"Break",
		"Prep",
		"Scan",
		"Break",
		"Prep",
		"Scan",
		"Prep",
		"Scan",
		"Break",
		"Prep",
		"Scan",
		"Prep",
		"Scan"
	],
	"start" : 18.613332748413086
}