{
	"data" : 
	[
		0.75637078285217285,
		0.56687253713607788,
		1.6068416833877563,
		0.66162163019180298,
		2.8353359699249268,
		4.3474283218383789,
		0.75637078285217285,
		10.018100738525391,
		1.7012664079666138,
		13.798981666564941,
		0.75604629516601562,
		1.0396448373794556,
		0.28359848260879517,
		21.454193115234375,
		39.317329406738281
	],
	"end" : 15.773611068725586,
	"labels" : 
	[
		"Prep",
		"Scan",
		"Break",
		"Prep",
		"Scan",
		"Break",
		"Prep",
		"Scan",
		"Prep",
		"Scan",
		"Prep",
		"Break",
		"Break",
		"Scan",
		"Dead"
	],
	"start" : 15.479999542236328
}