{
	"data" : 
	[
		0.20212404429912567,
		0.32334297895431519,
		1.2328665256500244,
		0.18186306953430176,
		0.76797425746917725,
		1.3743463754653931,
		0.16167148947715759,
		0.76797425746917725,
		3.1124188899993896,
		0.14147989451885223,
		0.44463127851486206,
		0.56585019826889038,
		0.020260974764823914,
		0.84881001710891724,
		0.020191587507724762,
		2.2433478832244873,
		0.14147989451885223,
		0.32341235876083374,
		1.7380725145339966,
		0.020191587507724762,
		0.16167148947715759,
		5.1132597923278809,
		0.64675527811050415,
		0.12121891975402832,
		0.020260974764823914,
		5.1131901741027832,
		0.99028986692428589,
		73.101043701171875
	],
	"end" : 12.257222175598145,
	"labels" : 
	[
		"Prep",
		"Scan",
		"Break",
		"Prep",
		"Scan",
		"Break",
		"Prep",
		"Scan",
		"Break",
		"Prep",
		"Break",
		"Break",
		"Prep",
		"Break",
		"Prep",
		"Break",
		"Prep",
		"Scan",
		"Break",
		"Prep",
		"Break",
		"Scan",
		"Break",
		"Break",
		"Prep",
		"Scan",
		"Break",
		"Dead"
	],
	"start" : 10.884166717529297
}