{
	"data" : 
	[
		0.51908648014068604,
		1.6517122983932495,
		1.3685153722763062,
		0.4246334433555603,
		0.84942889213562012,
		1.2269169092178345,
		6.181891918182373,
		0.04714549332857132,
		7.3143558502197266,
		0.37748795747756958,
		0.28319698572158813,
		6.842414379119873,
		0.37748795747756958,
		1.1797714233398438,
		6.2761826515197754,
		0.14159849286079407,
		8.022186279296875,
		0.4246334433555603,
		10.004240989685059,
		0.14159849286079407,
		6.3233284950256348,
		0.18874397873878479,
		0.094290986657142639,
		8.0223484039306641,
		0.14143647253513336,
		10.004240989685059,
		21.471126556396484
	],
	"end" : 9.4766664505004883,
	"labels" : 
	[
		"Prep",
		"Scan",
		"Break",
		"Prep",
		"Scan",
		"Break",
		"Scan",
		"Prep",
		"Scan",
		"Prep",
		"Break",
		"Scan",
		"Break",
		"Prep",
		"Scan",
		"Prep",
		"Scan",
		"Prep",
		"Scan",
		"Prep",
		"Scan",
		"Break",
		"Prep",
		"Scan",
		"Prep",
		"Scan",
		"Dead"
	],
	"start" : 8.88861083984375
}