{
	"data" : 
	[
		1.0165890455245972,
		1.1722441911697388,
		3.0486936569213867,
		5.7844667434692383,
		1.3289728164672852,
		12.350429534912109,
		0.62530422210693359,
		12.741714477539062,
		0.077827565371990204,
		2.2671976089477539,
		23.294057846069336,
		0.54747670888900757,
		11.099822044372559,
		24.545204162597656
	],
	"end" : 17.090278625488281,
	"labels" : 
	[
		"Prep",
		"Scan",
		"Break",
		"Scan",
		"Prep",
		"Scan",
		"Prep",
		"Scan",
		"Break",
		"Prep",
		"Scan",
		"Prep",
		"Scan",
		"Dead"
	],
	"start" : 16.73527717590332
}