{
	"data" : 
	[
		0.86766141653060913,
		0.86744868755340576,
		2.3551115989685059,
		4.5240521430969238,
		0.061915025115013123,
		1.1155343055725098,
		9.1100196838378906,
		0.061915025115013123,
		0.49574571847915649,
		9.3578920364379883,
		0.061915025115013123,
		1.4874500036239624,
		18.46769905090332,
		0.49595850706100464,
		8.7381038665771484,
		0.061915025115013123,
		19.211530685424805,
		22.558134078979492
	],
	"end" : 10.429166793823242,
	"labels" : 
	[
		"Prep",
		"Scan",
		"Break",
		"Scan",
		"Break",
		"Prep",
		"Scan",
		"Break",
		"Prep",
		"Scan",
		"Break",
		"Prep",
		"Scan",
		"Prep",
		"Scan",
		"Prep",
		"Scan",
		"Dead"
	],
	"start" : 9.981389045715332
}