{
	"data" : 
	[
		0.97934174537658691,
		0.73471647500991821,
		3.1830706596374512,
		5.2644872665405273,
		2.4483544826507568,
		0.85702908039093018,
		12.977328300476074,
		2.2037289142608643,
		17.751724243164062,
		0.85702908039093018,
		0.2446252703666687,
		0.24504558742046356,
		29.627399444580078,
		22.526121139526367
	],
	"end" : 9.7033329010009766,
	"labels" : 
	[
		"Prep",
		"Scan",
		"Break",
		"Scan",
		"Break",
		"Prep",
		"Scan",
		"Prep",
		"Scan",
		"Break",
		"Break",
		"Break",
		"Scan",
		"Dead"
	],
	"start" : 9.4766664505004883
}