{
	"data" : 
	[
		12.210253715515137,
		38.848728179931641,
		48.841014862060547
	],
	"end" : 8.88861083984375,
	"labels" : 
	[
		"Prep",
		"Scan",
		"Dead"
	],
	"start" : 8.8636112213134766
}