{
	"data" : 
	[
		1.0275834798812866,
		1.1062735319137573,
		2.1341283321380615,
		1.1855063438415527,
		6.2436485290527344,
		1.8177402019500732,
		12.40860652923584,
		0.078961394727230072,
		0.55327242612838745,
		12.882647514343262,
		0.079232737421989441,
		2.4499740600585938,
		23.552473068237305,
		0.55300110578536987,
		12.882918357849121,
		20.944034576416016
	],
	"end" : 16.124721527099609,
	"labels" : 
	[
		"Prep",
		"Scan",
		"Break",
		"Prep",
		"Scan",
		"Prep",
		"Scan",
		"Break",
		"Prep",
		"Scan",
		"Break",
		"Prep",
		"Scan",
		"Prep",
		"Scan",
		"Dead"
	],
	"start" : 15.773611068725586
}