{
	"data" : 
	[
		1.0476927757263184,
		1.0476927757263184,
		2.9932980537414551,
		5.6122732162475586,
		0.074761800467967987,
		1.2722351551055908,
		11.000260353088379,
		0.59860819578170776,
		12.197477340698242,
		0.075018711388111115,
		2.1698904037475586,
		22.299825668334961,
		0.14978049695491791,
		11.523850440979004,
		27.837335586547852
	],
	"end" : 12.852777481079102,
	"labels" : 
	[
		"Prep",
		"Scan",
		"Break",
		"Scan",
		"Break",
		"Prep",
		"Scan",
		"Prep",
		"Scan",
		"Break",
		"Prep",
		"Scan",
		"Prep",
		"Scan",
		"Dead"
	],
	"start" : 12.48194408416748
}