{
	"data" : 
	[
		0.26326718926429749,
		0.42115518450737,
		1.0792779922485352,
		0.026389980688691139,
		0.6317327618598938,
		1.2635560035705566,
		0.026389980688691139,
		0.60543316602706909,
		0.5264439582824707,
		0.23696757853031158,
		0.2368772029876709,
		1.684711217880249,
		0.76341158151626587,
		0.026389980688691139,
		5.3174009323120117,
		0.026389980688691139,
		0.36846563220024109,
		3.2642238140106201,
		0.47384479641914368,
		2.9482672214508057,
		0.15797838568687439,
		0.026299605146050453,
		3.5537905693054199,
		0.026299605146050453,
		0.026299605146050453,
		4.922635555267334,
		70.996101379394531
	],
	"end" : 13.906944274902344,
	"labels" : 
	[
		"Prep",
		"Scan",
		"Break",
		"Prep",
		"Scan",
		"Break",
		"Prep",
		"Scan",
		"Break",
		"Prep",
		"Scan",
		"Break",
		"Prep",
		"Break",
		"Scan",
		"Break",
		"Prep",
		"Scan",
		"Prep",
		"Scan",
		"Break",
		"Prep",
		"Scan",
		"Prep",
		"Break",
		"Scan",
		"Dead"
	],
	"start" : 12.852777481079102
}