{
	"data" : 
	[
		0.96659839153289795,
		1.3809225559234619,
		2.6234209537506104,
		0.069212041795253754,
		0.27590006589889526,
		9.1824474334716797,
		0.069212041795253754,
		0.068737983703613281,
		0.069212041795253754,
		12.219717979431152,
		0.55227422714233398,
		7.7327871322631836,
		0.068737983703613281,
		7.1113004684448242,
		57.509517669677734
	],
	"end" : 18.361944198608398,
	"labels" : 
	[
		"Prep",
		"Scan",
		"Break",
		"Prep",
		"Break",
		"Scan",
		"Prep",
		"Break",
		"Prep",
		"Scan",
		"Prep",
		"Scan",
		"Break",
		"Scan",
		"Dead"
	],
	"start" : 17.959999084472656
}