{
	"data" : 
	[
		0.59108549356460571,
		0.27244859933853149,
		0.72746580839157104,
		0.77240580320358276,
		3.181687593460083,
		1.2726750373840332,
		6.4994440078735352,
		3.4085721969604492,
		0.091128282248973846,
		4.499302864074707,
		0.045564141124486923,
		0.090816192328929901,
		5.2723326683044434,
		0.090816192328929901,
		4.8179397583007812,
		4.954007625579834,
		0.090816192328929901,
		5.6359095573425293,
		0.13638032972812653,
		0.27276065945625305,
		0.40914100408554077,
		0.27244859933853149,
		1.590999960899353,
		0.68158960342407227,
		5.0451364517211914,
		1.4543075561523438,
		6.7266402244567871,
		0.045564141124486923,
		0.090816192328929901,
		4.4996147155761719,
		5.6359095573425293,
		0.090816192328929901,
		5.2723326683044434,
		0.045252054929733276,
		0.091128282248973846,
		4.8176279067993164,
		0.045564141124486923,
		0.090816192328929901,
		4.4996147155761719,
		0.045252054929733276,
		0.091128282248973846,
		6.7266402244567871,
		8.9081010818481445
	],
	"end" : 16.73527717590332,
	"labels" : 
	[
		"Prep",
		"Scan",
		"Break",
		"Scan",
		"Break",
		"Prep",
		"Scan",
		"Break",
		"Prep",
		"Scan",
		"Break",
		"Prep",
		"Scan",
		"Prep",
		"Scan",
		"Break",
		"Prep",
		"Break",
		"Prep",
		"Break",
		"Prep",
		"Scan",
		"Break",
		"Scan",
		"Break",
		"Prep",
		"Scan",
		"Break",
		"Prep",
		"Scan",
		"Break",
		"Prep",
		"Scan",
		"Break",
		"Prep",
		"Scan",
		"Break",
		"Prep",
		"Scan",
		"Break",
		"Prep",
		"Scan",
		"Dead"
	],
	"start" : 16.124721527099609
}