{
	"data" : 
	[
		1.3972698450088501,
		2.0959048271179199,
		3.393125057220459,
		1.4969770908355713,
		9.880253791809082,
		0.19975684583187103,
		11.776402473449707,
		8.5826911926269531,
		2.1956119537353516,
		11.177474021911621,
		0.10004972666501999,
		0.89804917573928833,
		11.277523040771484,
		1.6963911056518555,
		11.177816390991211,
		22.554704666137695
	],
	"end" : 9.981389045715332,
	"labels" : 
	[
		"Prep",
		"Scan",
		"Break",
		"Prep",
		"Scan",
		"Break",
		"Scan",
		"Scan",
		"Prep",
		"Scan",
		"Break",
		"Prep",
		"Scan",
		"Prep",
		"Scan",
		"Dead"
	],
	"start" : 9.7033329010009766
}