{
	"data" : 
	[
		0.67625069618225098,
		1.1066112518310547,
		1.9671212434768677,
		0.061630837619304657,
		1.1066112518310547,
		0.98356062173843384,
		0.86072105169296265,
		8.4223184585571289,
		0.0614197738468647,
		4.672335147857666,
		0.0614197738468647,
		2.028752326965332,
		13.033021926879883,
		0.061630837619304657,
		8.2992677688598633,
		0.92214083671569824,
		10.205180168151855,
		0.061630837619304657,
		7.008397102355957,
		0.0614197738468647,
		0.55320006608963013,
		9.0985689163208008,
		0.061630837619304657,
		10.573909759521484,
		17.951248168945312
	],
	"end" : 15.479999542236328,
	"labels" : 
	[
		"Prep",
		"Scan",
		"Break",
		"Prep",
		"Scan",
		"Break",
		"Prep",
		"Scan",
		"Break",
		"Scan",
		"Break",
		"Prep",
		"Scan",
		"Break",
		"Scan",
		"Prep",
		"Scan",
		"Prep",
		"Scan",
		"Break",
		"Prep",
		"Scan",
		"Prep",
		"Scan",
		"Dead"
	],
	"start" : 15.028611183166504
}