{
	"data" : 
	[
		1.6055190563201904,
		2.5929112434387207,
		8.8911924362182617,
		3.5811512470245361,
		12.595290184020996,
		0.74107402563095093,
		0.12337101995944977,
		0.12337101995944977,
		0.12379498034715652,
		14.94188404083252,
		0.98781603574752808,
		17.288053512573242,
		0.12337101995944977,
		10.619658470153809,
		25.561542510986328
	],
	"end" : 12.48194408416748,
	"labels" : 
	[
		"Prep",
		"Scan",
		"Break",
		"Prep",
		"Scan",
		"Break",
		"Prep",
		"Break",
		"Prep",
		"Scan",
		"Prep",
		"Scan",
		"Prep",
		"Scan",
		"Dead"
	],
	"start" : 12.257222175598145
}