{
	"data" : 
	[
		0.40401539206504822,
		0.35355681180953979,
		0.40401539206504822,
		0.050458572804927826,
		1.5153177976608276,
		1.0604970455169678,
		0.70711362361907959,
		4.2425084114074707,
		0.90912133455276489,
		6.0605778694152832,
		0.70711362361907959,
		0.050458572804927826,
		0.050631973892450333,
		0.050458572804927826,
		0.050458572804927826,
		0.050458572804927826,
		12.121328353881836,
		1.0102118253707886,
		0.050458572804927826,
		12.121328353881836,
		57.929912567138672
	],
	"end" : 14.719444274902344,
	"labels" : 
	[
		"Prep",
		"Scan",
		"Break",
		"Prep",
		"Scan",
		"Break",
		"Prep",
		"Scan",
		"Prep",
		"Scan",
		"Break",
		"Prep",
		"Break",
		"Prep",
		"Break",
		"Prep",
		"Scan",
		"Break",
		"Prep",
		"Scan",
		"Dead"
	],
	"start" : 14.170000076293945
}