{
	"data" : 
	[
		0.45129624009132385,
		1.3538887500762939,
		0.53341412544250488,
		0.57426178455352783,
		2.1745040416717529,
		0.28720131516456604,
		3.5692405700683594,
		0.041129369288682938,
		0.73835670948028564,
		7.0156564712524414,
		0.040988516062498093,
		0.12310640513896942,
		12.225987434387207,
		0.32818984985351562,
		7.1796107292175293,
		4.4719738960266113,
		6.1129231452941895,
		5.4976725578308105,
		0.040988516062498093,
		6.071934700012207,
		0.040988516062498093,
		0.12310640513896942,
		13.005473136901855,
		0.040988516062498093,
		0.57440263032913208,
		4.0206775665283203,
		6.1129231452941895,
		17.149116516113281
	],
	"end" : 9.4777774810791016,
	"labels" : 
	[
		"Prep",
		"Break",
		"Prep",
		"Scan",
		"Break",
		"Prep",
		"Scan",
		"Break",
		"Prep",
		"Scan",
		"Break",
		"Prep",
		"Scan",
		"Prep",
		"Scan",
		"Break",
		"Scan",
		"Break",
		"Prep",
		"Scan",
		"Break",
		"Prep",
		"Scan",
		"Break",
		"Scan",
		"Break",
		"Scan",
		"Dead"
	],
	"start" : 8.8013887405395508
}