{
	"data" : 
	[
		0.48047769069671631,
		0.48047769069671631,
		0.99535930156707764,
		0.034168347716331482,
		2.573936939239502,
		0.034168347716331482,
		0.58345401287078857,
		0.13738031685352325,
		4.7015647888183594,
		0.274524986743927,
		5.182042121887207,
		0.03440399095416069,
		0.274524986743927,
		10.192299842834473,
		0.03440399095416069,
		0.549049973487854,
		0.58345401287078857,
		0.03440399095416069,
		0.10297633707523346,
		5.3877592086791992,
		0.5492856502532959,
		0.58321839570999146,
		0.5492856502532959,
		3.5346565246582031,
		0.03440399095416069,
		5.3877592086791992,
		0.03440399095416069,
		0.03440399095416069,
		3.7406094074249268,
		0.03440399095416069,
		0.34309732913970947,
		0.03440399095416069,
		3.9121580123901367,
		0.03440399095416069,
		0.034168347716331482,
		6.1085934638977051,
		0.44630929827690125,
		0.034168347716331482,
		0.03440399095416069,
		4.5641841888427734,
		0.03440399095416069,
		1.098099946975708,
		7.2069292068481445,
		28.861412048339844
	],
	"end" : 17.79083251953125,
	"labels" : 
	[
		"Prep",
		"Scan",
		"Break",
		"Prep",
		"Scan",
		"Break",
		"Prep",
		"Break",
		"Scan",
		"Prep",
		"Scan",
		"Break",
		"Prep",
		"Scan",
		"Break",
		"Prep",
		"Scan",
		"Break",
		"Prep",
		"Scan",
		"Prep",
		"Scan",
		"Prep",
		"Scan",
		"Break",
		"Scan",
		"Prep",
		"Break",
		"Scan",
		"Break",
		"Prep",
		"Break",
		"Scan",
		"Break",
		"Break",
		"Scan",
		"Break",
		"Break",
		"Prep",
		"Scan",
		"Break",
		"Prep",
		"Scan",
		"Dead"
	],
	"start" : 16.982221603393555
}