{
	"data" : 
	[
		0.58866602182388306,
		0.46250265836715698,
		1.6816967725753784,
		0.67282307147979736,
		0.84084838628768921,
		4.6670331954956055,
		0.33633935451507568,
		8.409205436706543,
		1.4715206623077393,
		13.076093673706055,
		0.042150679975748062,
		0.58866602182388306,
		9.1237459182739258,
		0.042150679975748062,
		8.4510669708251953,
		3.4898455142974854,
		0.71468502283096313,
		12.992081642150879,
		1.05116868019104,
		13.328420639038086,
		0.042006328701972961,
		1.3033510446548462,
		9.1660404205322266,
		7.3578920364379883
	],
	"end" : 12.424166679382324,
	"labels" : 
	[
		"Prep",
		"Scan",
		"Break",
		"Prep",
		"Scan",
		"Break",
		"Prep",
		"Scan",
		"Prep",
		"Scan",
		"Break",
		"Prep",
		"Scan",
		"Break",
		"Scan",
		"Break",
		"Prep",
		"Scan",
		"Prep",
		"Scan",
		"Break",
		"Prep",
		"Scan",
		"Dead"
	],
	"start" : 11.764166831970215
}