{
	"data" : 
	[
		0.77402722835540771,
		1.1058074235916138,
		2.0457248687744141,
		0.38682383298873901,
		5.8600583076477051,
		0.055423233658075333,
		0.055423233658075333,
		0.055043622851371765,
		7.0767121315002441,
		0.055043622851371765,
		4.6992073059082031,
		0.055423233658075333,
		0.77402722835540771,
		6.6895089149475098,
		70.211746215820312
	],
	"end" : 18.292778015136719,
	"labels" : 
	[
		"Prep",
		"Scan",
		"Break",
		"Prep",
		"Scan",
		"Break",
		"Break",
		"Prep",
		"Scan",
		"Prep",
		"Scan",
		"Break",
		"Prep",
		"Scan",
		"Dead"
	],
	"start" : 17.79083251953125
}