{
	"data" : 
	[
		0.84460753202438354,
		0.84440040588378906,
		1.4479281902313232,
		0.9048774242401123,
		4.4038472175598145,
		0.96514731645584106,
		0.96514731645584106,
		0.12074697762727737,
		0.060269933193922043,
		22.742891311645508,
		66.600143432617188
	],
	"end" : 13.456666946411133,
	"labels" : 
	[
		"Prep",
		"Scan",
		"Break",
		"Prep",
		"Scan",
		"Break",
		"Prep",
		"Break",
		"Prep",
		"Scan",
		"Dead"
	],
	"start" : 12.99666690826416
}