{
	"data" : 
	[
		0.7634657621383667,
		0.7634657621383667,
		2.6174633502960205,
		0.43621262907981873,
		4.1443948745727539,
		0.054479781538248062,
		0.92690509557723999,
		8.0160160064697266,
		0.43621262907981873,
		8.8886280059814453,
		0.054479781538248062,
		0.98157209157943726,
		16.686351776123047,
		0.054479781538248062,
		8.6158552169799805,
		5.6166591644287109,
		8.561187744140625,
		0.054666992276906967,
		0.43621262907981873,
		12.978169441223145,
		18.813121795654297
	],
	"end" : 11.764166831970215,
	"labels" : 
	[
		"Prep",
		"Scan",
		"Break",
		"Prep",
		"Scan",
		"Break",
		"Prep",
		"Scan",
		"Prep",
		"Scan",
		"Break",
		"Prep",
		"Scan",
		"Prep",
		"Scan",
		"Break",
		"Scan",
		"Break",
		"Prep",
		"Scan",
		"Dead"
	],
	"start" : 11.255277633666992
}