{
	"data" : 
	[
		1.1892663240432739,
		1.1100544929504395,
		3.6470105648040771,
		0.079484038054943085,
		6.422147274017334,
		0.079211831092834473,
		1.3479621410369873,
		14.191983222961426,
		0.079211831092834473,
		2.3788049221038818,
		25.529891967773438,
		0.6342390775680542,
		14.905706405639648,
		0.23790769279003143,
		11.17921257019043,
		16.887908935546875
	],
	"end" : 12.99666690826416,
	"labels" : 
	[
		"Prep",
		"Scan",
		"Break",
		"Prep",
		"Scan",
		"Break",
		"Prep",
		"Scan",
		"Break",
		"Prep",
		"Scan",
		"Prep",
		"Scan",
		"Prep",
		"Scan",
		"Dead"
	],
	"start" : 12.646666526794434
}