{
	"data" : 
	[
		0.90215414762496948,
		0.84206569194793701,
		3.3680562973022461,
		5.773869514465332,
		1.443364143371582,
		17.863025665283203,
		0.060088552534580231,
		0.12038359045982361,
		10.765762329101562,
		0.060295041650533676,
		0.42082634568214417,
		11.547739028930664,
		0.060295041650533676,
		15.216444969177246,
		19.366683959960938,
		12.088949203491211
	],
	"end" : 11.255277633666992,
	"labels" : 
	[
		"Prep",
		"Scan",
		"Break",
		"Scan",
		"Prep",
		"Scan",
		"Break",
		"Prep",
		"Scan",
		"Break",
		"Prep",
		"Scan",
		"Prep",
		"Scan",
		"Scan",
		"Dead"
	],
	"start" : 10.793889045715332
}