{
	"data" : 
	[
		0.15115582942962646,
		21.454584121704102,
		0.30220791697502136,
		0.30210417509078979,
		1.1785382032394409,
		0.24172483384609222,
		1.6317983865737915,
		4.2606854438781738,
		0.24172483384609222,
		1.9641958475112915,
		6.6176586151123047,
		0.27201825380325317,
		4.7441353797912598,
		2.2059206962585449,
		0.24172483384609222,
		5.7111382484436035,
		0.6647951602935791,
		0.030293414369225502,
		5.6809487342834473,
		0.030189670622348785,
		0.24172483384609222,
		4.5628938674926758,
		0.57412242889404297,
		4.1096334457397461,
		9.2768392562866211,
		0.030293414369225502,
		4.1095294952392578,
		19.067422866821289
	],
	"end" : 15.637777328491211,
	"labels" : 
	[
		"Prep",
		"Break",
		"Prep",
		"Scan",
		"Break",
		"Prep",
		"Scan",
		"Break",
		"Prep",
		"Scan",
		"Break",
		"Prep",
		"Scan",
		"Break",
		"Prep",
		"Scan",
		"Break",
		"Break",
		"Scan",
		"Break",
		"Prep",
		"Scan",
		"Prep",
		"Scan",
		"Break",
		"Prep",
		"Scan",
		"Dead"
	],
	"start" : 14.719444274902344
}