{
	"data" : 
	[
		1.7461560964584351,
		0.74804681539535522,
		0.87307804822921753,
		1.3719186782836914,
		4.7396278381347656,
		3.4918842315673828,
		17.71034049987793,
		3.4918842315673828,
		0.24963440001010895,
		13.469552993774414,
		0.12460310757160187,
		0.12503129243850708,
		12.471871376037598,
		0.24920621514320374,
		12.471871376037598,
		26.565296173095703
	],
	"end" : 12.646666526794434,
	"labels" : 
	[
		"Prep",
		"Scan",
		"Break",
		"Scan",
		"Break",
		"Prep",
		"Scan",
		"Break",
		"Prep",
		"Scan",
		"Break",
		"Prep",
		"Scan",
		"Prep",
		"Scan",
		"Dead"
	],
	"start" : 12.424166679382324
}