{
	"data" : 
	[
		0.29520255327224731,
		0.37953579425811768,
		0.50599950551986694,
		0.37953579425811768,
		0.46386903524398804,
		1.1596726179122925,
		0.21086929738521576,
		2.0452077388763428,
		0.021137602627277374,
		3.0783443450927734,
		0.021065214648842812,
		0.31626775860786438,
		0.021137602627277374,
		0.021065214648842812,
		2.4036784172058105,
		0.042130429297685623,
		3.7531552314758301,
		0.021065214648842812,
		0.21086929738521576,
		2.5723447799682617,
		0.021065214648842812,
		2.5934100151062012,
		0.35847055912017822,
		5.018226146697998,
		73.986679077148438
	],
	"end" : 10.793889045715332,
	"labels" : 
	[
		"Prep",
		"Scan",
		"Break",
		"Prep",
		"Scan",
		"Break",
		"Prep",
		"Scan",
		"Prep",
		"Scan",
		"Break",
		"Prep",
		"Break",
		"Prep",
		"Scan",
		"Break",
		"Scan",
		"Prep",
		"Break",
		"Scan",
		"Prep",
		"Scan",
		"Prep",
		"Scan",
		"Dead"
	],
	"start" : 9.4777774810791016
}