{
	"data" : 
	[
		0.37329459190368652,
		0.31586843729019165,
		0.37329459190368652,
		0.60299921035766602,
		1.5219160318374634,
		0.71790075302124023,
		0.40198302268981934,
		5.6568942070007324,
		0.45945847034454346,
		0.028688425198197365,
		3.9626998901367188,
		0.057426143437623978,
		3.761683464050293,
		0.25849160552024841,
		2.6991767883300781,
		1.3783260583877563,
		2.871504545211792,
		0.028688425198197365,
		4.5083222389221191,
		0.94760537147521973,
		4.4221582412719727,
		64.551620483398438
	],
	"end" : 8.8013887405395508,
	"labels" : 
	[
		"Prep",
		"Scan",
		"Break",
		"Scan",
		"Break",
		"Prep",
		"Break",
		"Scan",
		"Break",
		"Prep",
		"Scan",
		"Break",
		"Scan",
		"Break",
		"Scan",
		"Prep",
		"Scan",
		"Break",
		"Scan",
		"Prep",
		"Scan",
		"Dead"
	],
	"start" : 7.8350000381469727
}