{
	"data" : 
	[
		1.0817234516143799,
		1.4679396152496338,
		4.0950579643249512,
		0.077190175652503967,
		4.867490291595459,
		0.077190175652503967,
		8.3444967269897461,
		0.077190175652503967,
		8.1898508071899414,
		0.077190175652503967,
		1.0817234516143799,
		9.8893613815307617,
		1.4682048559188843,
		16.302248001098633,
		42.803146362304688
	],
	"end" : 15.996944427490234,
	"labels" : 
	[
		"Prep",
		"Scan",
		"Break",
		"Prep",
		"Scan",
		"Prep",
		"Scan",
		"Prep",
		"Scan",
		"Break",
		"Prep",
		"Scan",
		"Prep",
		"Scan",
		"Dead"
	],
	"start" : 15.637777328491211
}