{
	"data" : 
	[
		0.54465365409851074,
		0.54452008008956909,
		1.0504416227340698,
		0.31119248270988464,
		2.8398652076721191,
		0.038865670561790466,
		0.66125065088272095,
		0.077864907681941986,
		6.4188461303710938,
		0.70024985074996948,
		0.62238496541976929,
		8.4417314529418945,
		0.038865670561790466,
		0.31119248270988464,
		5.1739420890808105,
		0.31119248270988464,
		7.1190958023071289,
		8.9085197448730469,
		0.31119248270988464,
		2.8787307739257812,
		0.35019171237945557,
		7.157961368560791,
		0.7779812216758728,
		0.81698048114776611,
		1.8672885894775391,
		0.54465365409851074,
		4.2402315139770508,
		0.038865670561790466,
		0.038999229669570923,
		0.038865670561790466,
		4.7848849296569824,
		0.038999229669570923,
		3.3066542148590088,
		0.038865670561790466,
		0.31119248270988464,
		4.7071537971496582,
		23.535634994506836
	],
	"end" : 14.170000076293945,
	"labels" : 
	[
		"Prep",
		"Scan",
		"Break",
		"Prep",
		"Scan",
		"Break",
		"Prep",
		"Break",
		"Scan",
		"Break",
		"Prep",
		"Scan",
		"Break",
		"Prep",
		"Scan",
		"Prep",
		"Scan",
		"Scan",
		"Prep",
		"Scan",
		"Break",
		"Scan",
		"Prep",
		"Scan",
		"Break",
		"Prep",
		"Scan",
		"Break",
		"Break",
		"Prep",
		"Scan",
		"Prep",
		"Scan",
		"Break",
		"Prep",
		"Scan",
		"Dead"
	],
	"start" : 13.456666946411133
}