{
	"data" : 
	[
		1.1237853765487671,
		1.1248883008956909,
		0.96387481689453125,
		0.9627719521522522,
		4.9792847633361816,
		5.7821459770202637,
		2.248673677444458,
		17.024410247802734,
		2.7306110858917236,
		23.288496017456055,
		0.32092401385307312,
		1.6068257093429565,
		0.15991057455539703,
		0.16101342439651489,
		0.16101342439651489,
		37.261371612548828
	],
	"end" : 18.465555191040039,
	"labels" : 
	[
		"Prep",
		"Scan",
		"Break",
		"Prep",
		"Scan",
		"Break",
		"Prep",
		"Scan",
		"Prep",
		"Scan",
		"Prep",
		"Break",
		"Prep",
		"Break",
		"Prep",
		"Scan"
	],
	"start" : 18.292778015136719
}