{
	"data" : 
	[
		2.323218822479248,
		2.9429740905761719,
		9.1381359100341797,
		2.6329636573791504,
		8.9831304550170898,
		0.1550053209066391,
		16.72728157043457,
		0.1550053209066391,
		16.572542190551758,
		0.15473945438861847,
		14.559067726135254,
		25.555936813354492
	],
	"end" : 7.8350000381469727,
	"labels" : 
	[
		"Prep",
		"Scan",
		"Break",
		"Prep",
		"Scan",
		"Break",
		"Scan",
		"Break",
		"Scan",
		"Prep",
		"Scan",
		"Dead"
	],
	"start" : 7.6558332443237305
}