{
	"data" : 
	[
		0.36608991026878357,
		0.28177127242088318,
		0.14078892767429352,
		0.53511399030685425,
		1.9433901309967041,
		0.47883713245391846,
		5.5483989715576172,
		0.56315571069717407,
		0.056470289826393127,
		5.8299770355224609,
		4.5909185409545898,
		0.056276895105838776,
		4.506406307220459,
		75.002403259277344
	],
	"end" : 16.982221603393555,
	"labels" : 
	[
		"Prep",
		"Scan",
		"Break",
		"Scan",
		"Break",
		"Prep",
		"Scan",
		"Break",
		"Prep",
		"Scan",
		"Scan",
		"Prep",
		"Scan",
		"Dead"
	],
	"start" : 15.996944427490234
}