{
	"data" : 
	[
		0.23013946413993835,
		0.46039184927940369,
		0.8713914155960083,
		0.24662235379219055,
		3.1075320243835449,
		0.29590165615081787,
		1.1838324069976807,
		0.04933575913310051,
		0.50967115163803101,
		5.1134200096130371,
		0.049279313534498215,
		4.1762099266052246,
		0.016426436603069305,
		0.032909322530031204,
		4.0775384902954102,
		0.016482885926961899,
		1.6112585067749023,
		13.745314598083496,
		0.065762192010879517,
		5.1133632659912109,
		0.016426436603069305,
		1.2002588510513306,
		57.710529327392578
	],
	"end" : 11.221111297607422,
	"labels" : 
	[
		"Prep",
		"Scan",
		"Break",
		"Prep",
		"Scan",
		"Prep",
		"Scan",
		"Break",
		"Prep",
		"Scan",
		"Prep",
		"Scan",
		"Break",
		"Prep",
		"Scan",
		"Prep",
		"Scan",
		"Break",
		"Prep",
		"Scan",
		"Break",
		"Scan",
		"Dead"
	],
	"start" : 9.5333337783813477
}