{
	"data" : 
	[
		0.072923362255096436,
		0.093738175928592682,
		0.13543932139873505,
		0.088534466922283173,
		0.16147571802139282,
		0.26041758060455322,
		0.072923362255096436,
		0.17708683013916016,
		0.062498074024915695,
		0.083348654210567474,
		1.0104482173919678,
		0.13542144000530243,
		0.078127063810825348,
		0.010425287298858166,
		1.1562949419021606,
		0.098959751427173615,
		0.75525212287902832,
		0.005203702487051487,
		0.08333076536655426,
		0.61981284618377686,
		0.0052215848118066788,
		0.13021773099899292,
		0.052072789520025253,
		1.1927565336227417,
		0.97400438785552979,
		0.046869087964296341,
		0.010425287298858166,
		0.8906557559967041,
		0.0052215848118066788,
		0.19791950285434723,
		1.661518931388855,
		0.088552355766296387,
		0.08333076536655426,
		0.010425287298858166,
		0.005203702487051487,
		1.0990004539489746,
		0.13021773099899292,
		0.005203702487051487,
		0.0052215848118066788,
		1.4583957195281982,
		0.005203702487051487,
		0.005203702487051487,
		0.75523430109024048,
		0.25001019239425659,
		0.078144945204257965,
		0.098959751427173615,
		0.005203702487051487,
		0.11979244649410248,
		0.046886969357728958,
		1.7969404458999634,
		0.005203702487051487,
		0.078144945204257965,
		0.11457087099552155,
		0.0052215848118066788,
		0.005203702487051487,
		1.3281780481338501,
		81.987808227539062
	],
	"end" : 16.54888916015625,
	"labels" : 
	[
		"Prep",
		"Scan",
		"Break",
		"Prep",
		"Scan",
		"Break",
		"Prep",
		"Scan",
		"Break",
		"Prep",
		"Scan",
		"Break",
		"Prep",
		"Break",
		"Scan",
		"Prep",
		"Scan",
		"Break",
		"Prep",
		"Scan",
		"Break",
		"Break",
		"Break",
		"Scan",
		"Break",
		"Prep",
		"Break",
		"Scan",
		"Break",
		"Break",
		"Scan",
		"Break",
		"Prep",
		"Break",
		"Prep",
		"Scan",
		"Break",
		"Prep",
		"Break",
		"Scan",
		"Break",
		"Prep",
		"Scan",
		"Break",
		"Prep",
		"Break",
		"Prep",
		"Break",
		"Break",
		"Scan",
		"Break",
		"Prep",
		"Break",
		"Break",
		"Prep",
		"Scan",
		"Dead"
	],
	"start" : 11.221111297607422
}