{
	"data" : 
	[
		0.7206040620803833,
		1.2976812124252319,
		1.7295815944671631,
		0.72093397378921509,
		9.0817880630493164,
		0.81694847345352173,
		3.4598233699798584,
		0.14418679475784302,
		1.4893802404403687,
		13.598760604858398,
		0.048172246664762497,
		0.096014544367790222,
		11.196087837219238,
		0.14418679475784302,
		11.917021751403809,
		1.5375524759292603,
		4.7090020179748535,
		1.2013366222381592,
		0.048172246664762497,
		4.660830020904541,
		31.281936645507812
	],
	"end" : 17.126388549804688,
	"labels" : 
	[
		"Prep",
		"Scan",
		"Break",
		"Prep",
		"Scan",
		"Prep",
		"Scan",
		"Break",
		"Prep",
		"Scan",
		"Break",
		"Prep",
		"Scan",
		"Prep",
		"Scan",
		"Break",
		"Scan",
		"Break",
		"Prep",
		"Scan",
		"Dead"
	],
	"start" : 16.54888916015625
}