{
	"data" : 
	[
		0.23722349107265472,
		0.33887824416160583,
		0.40664806962013245,
		0.91495084762573242,
		98.002304077148438
	],
	"end" : 9.5333337783813477,
	"labels" : 
	[
		"Prep",
		"Scan",
		"Prep",
		"Scan",
		"Dead"
	],
	"start" : 7.8955554962158203
}