{
	"data" : 
	[
		2.1810917854309082,
		4.7917308807373047,
		0.66099882125854492,
		5.6839547157287598,
		0.36351534724235535,
		20.389760971069336,
		5.5850205421447754,
		0.52893519401550293,
		2.4123167991638184,
		0.49580588936805725,
		2.4123167991638184,
		0.49580588936805725,
		2.4123167991638184,
		2.8749933242797852,
		0.032902445644140244,
		5.9816651344299316,
		6.1466312408447266,
		0.032902445644140244,
		0.29748350381851196,
		6.3118243217468262,
		5.9154062271118164,
		1.0245141983032227,
		6.9396939277648926,
		1.0574166774749756,
		6.9399204254150391,
		1.0574166774749756,
		6.8736615180969238
	],
	"end" : 17.966943740844727,
	"labels" : 
	[
		"Prep",
		"Break",
		"Prep",
		"Break",
		"Scan",
		"Break",
		"Prep",
		"Prep",
		"Break",
		"Scan",
		"Break",
		"Prep",
		"Break",
		"Prep",
		"Prep",
		"Break",
		"Break",
		"Prep",
		"Break",
		"Break",
		"Prep",
		"Prep",
		"Scan",
		"Prep",
		"Scan",
		"Prep",
		"Scan"
	],
	"start" : 17.126388549804688
}