{
	"data" : 
	[
		0.35266554355621338,
		0.22657766938209534,
		0.73058325052261353,
		0.40299692749977112,
		0.40299692749977112,
		0.15116709470748901,
		1.0830758810043335,
		0.2518298327922821,
		0.37791770696640015,
		0.12591491639614105,
		0.93208175897598267,
		1.0830758810043335,
		0.40299692749977112,
		4.8112301826477051,
		4.9369721412658691,
		0.025252167135477066,
		0.40299692749977112,
		3.8538961410522461,
		0.025252167135477066,
		0.40299692749977112,
		2.770820140838623,
		0.37774476408958435,
		3.5517346858978271,
		0.025252167135477066,
		4.2065615653991699,
		0.025079207494854927,
		4.785977840423584,
		0.37791770696640015,
		2.770820140838623,
		0.37774476408958435,
		1.2594951391220093,
		0.32741338014602661,
		0.37791770696640015,
		5.3148899078369141,
		0.025252167135477066,
		2.3425710201263428,
		0.025079207494854927,
		3.350236177444458,
		0.37774476408958435,
		3.2746527194976807,
		0.025252167135477066,
		0.22657766938209534,
		3.2746527194976807,
		0.025252167135477066,
		0.37774476408958435,
		3.299731969833374,
		0.22675062716007233,
		3.299731969833374,
		0.4031699001789093,
		0.050331376492977142,
		3.4005677700042725,
		2.166151762008667,
		26.19670295715332
	],
	"end" : 17.331388473510742,
	"labels" : 
	[
		"Prep",
		"Break",
		"Scan",
		"Break",
		"Prep",
		"Break",
		"Scan",
		"Break",
		"Prep",
		"Break",
		"Scan",
		"Break",
		"Prep",
		"Scan",
		"Scan",
		"Break",
		"Prep",
		"Scan",
		"Break",
		"Prep",
		"Scan",
		"Prep",
		"Scan",
		"Prep",
		"Scan",
		"Prep",
		"Scan",
		"Prep",
		"Scan",
		"Prep",
		"Scan",
		"Break",
		"Prep",
		"Scan",
		"Prep",
		"Scan",
		"Prep",
		"Scan",
		"Prep",
		"Scan",
		"Break",
		"Prep",
		"Scan",
		"Break",
		"Prep",
		"Scan",
		"Prep",
		"Scan",
		"Prep",
		"Break",
		"Scan",
		"Scan",
		"Dead"
	],
	"start" : 16.22972297668457
}