{
	"data" : 
	[
		0.20084293186664581,
		0.40163660049438477,
		1.606694221496582,
		0.21517477929592133,
		0.73156470060348511,
		0.15779812633991241,
		0.20084293186664581,
		0.73161393404006958,
		0.8606991171836853,
		0.93245691061019897,
		0.12908516824245453,
		1.1619634628295898,
		0.24388773739337921,
		0.12908516824245453,
		4.0166616439819336,
		0.014381103217601776,
		0.34425994753837585,
		1.0328782796859741,
		0.10042146593332291,
		0.27255144715309143,
		4.4613428115844727,
		0.014331852085888386,
		0.028712952509522438,
		3.6436886787414551,
		78.267425537109375
	],
	"end" : 14.287777900695801,
	"labels" : 
	[
		"Prep",
		"Scan",
		"Break",
		"Prep",
		"Scan",
		"Break",
		"Prep",
		"Scan",
		"Break",
		"Scan",
		"Prep",
		"Scan",
		"Break",
		"Prep",
		"Scan",
		"Break",
		"Prep",
		"Scan",
		"Break",
		"Prep",
		"Scan",
		"Break",
		"Prep",
		"Scan",
		"Dead"
	],
	"start" : 12.353333473205566
}