{
	"data" : 
	[
		0.27972143888473511,
		0.55958008766174316,
		1.1790564060211182,
		0.29975542426109314,
		4.1766791343688965,
		0.01996539905667305,
		0.3397548496723175,
		1.5787074565887451,
		0.13989502191543579,
		0.63951027393341064,
		6.2150025367736816,
		0.01996539905667305,
		0.17989443242549896,
		5.0559115409851074,
		0.01996539905667305,
		0.039999410510063171,
		5.3557357788085938,
		0.01996539905667305,
		1.9583930969238281,
		0.039999410510063171,
		0.69947510957717896,
		5.4955620765686035,
		65.587501525878906
	],
	"end" : 12.353333473205566,
	"labels" : 
	[
		"Prep",
		"Scan",
		"Break",
		"Prep",
		"Scan",
		"Break",
		"Prep",
		"Scan",
		"Break",
		"Prep",
		"Scan",
		"Break",
		"Prep",
		"Scan",
		"Break",
		"Prep",
		"Scan",
		"Break",
		"Scan",
		"Prep",
		"Break",
		"Scan",
		"Dead"
	],
	"start" : 10.964722633361816
}