{
	"data" : 
	[
		0.35111695528030396,
		0.19755978882312775,
		0.7242351770401001,
		0.65838193893432617,
		0.3950442373752594,
		0.17555847764015198,
		0.021925970911979675,
		0.68038320541381836,
		0.21941040456295013,
		0.37311825156211853,
		0.13170652091503143,
		0.70223391056060791,
		0.26333770155906677,
		0.35119226574897766,
		2.3921160697937012,
		0.26341304183006287,
		0.35111695528030396,
		3.0285718441009521,
		0.59260404109954834,
		0.35111695528030396,
		3.467543363571167,
		0.021925970911979675,
		4.3014841079711914,
		0.19755978882312775,
		0.24141174554824829,
		3.8845138549804688,
		0.021925970911979675,
		3.5333967208862305,
		0.021925970911979675,
		4.7184538841247559,
		0.021925970911979675,
		3.9722929000854492,
		4.4551916122436523,
		0.065777912735939026,
		0.35119226574897766,
		3.2041306495666504,
		0.065853260457515717,
		0.32919096946716309,
		0.043927289545536041,
		7.242276668548584,
		0.065853260457515717,
		0.021925970911979675,
		0.021925970911979675,
		0.022001318633556366,
		4.3673372268676758,
		0.021925970911979675,
		0.32919096946716309,
		0.35111695528030396,
		7.856806755065918,
		0.022001318633556366,
		0.32919096946716309,
		1.0534261465072632,
		0.021925970911979675,
		0.28533902764320374,
		0.021925970911979675,
		7.9006586074829102,
		24.821405410766602
	],
	"end" : 10.014444351196289,
	"labels" : 
	[
		"Prep",
		"Break",
		"Scan",
		"Break",
		"Prep",
		"Break",
		"Prep",
		"Scan",
		"Break",
		"Prep",
		"Break",
		"Scan",
		"Break",
		"Prep",
		"Scan",
		"Break",
		"Prep",
		"Scan",
		"Break",
		"Prep",
		"Scan",
		"Prep",
		"Scan",
		"Break",
		"Prep",
		"Scan",
		"Prep",
		"Scan",
		"Break",
		"Scan",
		"Prep",
		"Scan",
		"Scan",
		"Break",
		"Prep",
		"Scan",
		"Break",
		"Prep",
		"Break",
		"Scan",
		"Break",
		"Prep",
		"Break",
		"Prep",
		"Scan",
		"Break",
		"Prep",
		"Break",
		"Scan",
		"Break",
		"Prep",
		"Break",
		"Prep",
		"Break",
		"Prep",
		"Scan",
		"Dead"
	],
	"start" : 8.75
}