{
	"data" : 
	[
		0.41173684597015381,
		0.7646108865737915,
		1.3527343273162842,
		0.52936148643493652,
		0.1764875054359436,
		0.029380926862359047,
		0.88223552703857422,
		0.61760526895523071,
		0.4704987108707428,
		0.1764875054359436,
		0.029380926862359047,
		1.0881040096282959,
		0.1470056027173996,
		0.44111776351928711,
		4.1466484069824219,
		0.44111776351928711,
		3.205449104309082,
		1.058722972869873,
		0.44111776351928711,
		3.676048755645752,
		0.029380926862359047,
		0.029481891542673111,
		5.1170268058776855,
		1.4703589677810669,
		0.47059968113899231,
		5.2934136390686035,
		0.029481891542673111,
		5.0876460075378418,
		0.4704987108707428,
		5.2935142517089844,
		0.44111776351928711,
		0.029380926862359047,
		5.0876460075378418,
		1.9409586191177368,
		0.2352493554353714,
		4.0583038330078125,
		0.35297501087188721,
		0.44111776351928711,
		6.8814983367919922,
		0.2058684229850769,
		0.029380926862359047,
		5.5287637710571289,
		0.32349312305450439,
		0.029481891542673111,
		5.2640323638916016,
		0.029380926862359047,
		5.0876460075378418,
		20.556451797485352
	],
	"end" : 15.231389045715332,
	"labels" : 
	[
		"Prep",
		"Scan",
		"Break",
		"Prep",
		"Break",
		"Prep",
		"Scan",
		"Break",
		"Prep",
		"Break",
		"Prep",
		"Scan",
		"Break",
		"Prep",
		"Scan",
		"Prep",
		"Scan",
		"Break",
		"Prep",
		"Scan",
		"Break",
		"Break",
		"Scan",
		"Break",
		"Prep",
		"Scan",
		"Prep",
		"Scan",
		"Prep",
		"Scan",
		"Break",
		"Prep",
		"Scan",
		"Break",
		"Prep",
		"Scan",
		"Break",
		"Prep",
		"Scan",
		"Break",
		"Prep",
		"Scan",
		"Break",
		"Prep",
		"Scan",
		"Break",
		"Scan",
		"Dead"
	],
	"start" : 14.287777900695801
}