{
	"data" : 
	[
		0.4380229115486145,
		0.32122349739074707,
		0.029174789786338806,
		0.84687107801437378,
		1.1097449064254761,
		0.23359884321689606,
		0.905220627784729,
		0.029174789786338806,
		0.4088481068611145,
		0.14607447385787964,
		0.029174789786338806,
		0.905220627784729,
		0.029275048524141312,
		0.49637249112129211,
		4.5847535133361816,
		0.029174789786338806,
		5.7235727310180664,
		0.4088481068611145,
		3.1829597949981689,
		0.029275048524141312,
		0.46719768643379211,
		5.1687502861022949,
		0.029174789786338806,
		5.7235727310180664,
		0.029275048524141312,
		5.2563748359680176,
		0.029174789786338806,
		0.4380229115486145,
		3.1829597949981689,
		0.029275048524141312,
		5.7819223403930664,
		0.93449568748474121,
		0.26277363300323486,
		4.2635297775268555,
		0.029174789786338806,
		0.029275048524141312,
		0.058349579572677612,
		8.3809852600097656,
		1.1389197111129761,
		0.029174789786338806,
		5.5191488265991211,
		0.29204869270324707,
		6.7164177894592285,
		0.029174789786338806,
		0.029275048524141312,
		0.029174789786338806,
		6.5119938850402832,
		19.623805999755859
	],
	"end" : 10.964722633361816,
	"labels" : 
	[
		"Prep",
		"Break",
		"Prep",
		"Scan",
		"Prep",
		"Break",
		"Scan",
		"Break",
		"Prep",
		"Break",
		"Prep",
		"Scan",
		"Break",
		"Prep",
		"Scan",
		"Break",
		"Scan",
		"Prep",
		"Scan",
		"Break",
		"Prep",
		"Scan",
		"Break",
		"Scan",
		"Prep",
		"Scan",
		"Break",
		"Prep",
		"Scan",
		"Break",
		"Scan",
		"Break",
		"Prep",
		"Scan",
		"Prep",
		"Break",
		"Prep",
		"Scan",
		"Break",
		"Prep",
		"Scan",
		"Prep",
		"Scan",
		"Prep",
		"Break",
		"Prep",
		"Scan",
		"Dead"
	],
	"start" : 10.014444351196289
}