{
	"data" : 
	[
		1.4038044214248657,
		0.64813792705535889,
		2.160212516784668,
		0.10827017575502396,
		1.619603157043457,
		3.3482179641723633,
		3.1316776275634766,
		16.847877502441406,
		2.7000801563262939,
		0.21654035151004791,
		12.203384399414062,
		0.21654035151004791,
		0.2157987654209137,
		10.800320625305176,
		0.2157987654209137,
		16.308010101318359,
		0.2157987654209137,
		27.539926528930664
	],
	"end" : 17.588333129882812,
	"labels" : 
	[
		"Prep",
		"Scan",
		"Break",
		"Prep",
		"Scan",
		"Break",
		"Prep",
		"Scan",
		"Break",
		"Prep",
		"Scan",
		"Break",
		"Prep",
		"Scan",
		"Prep",
		"Scan",
		"Prep",
		"Scan"
	],
	"start" : 17.331388473510742
}