{
	"data" : 
	[
		0.38916787505149841,
		0.7504698634147644,
		1.1396377086639404,
		0.22235436737537384,
		5.2534799575805664,
		0.4725746214389801,
		2.0013802051544189,
		0.22235436737537384,
		0.83387655019760132,
		8.644622802734375,
		0.027770437300205231,
		0.083406746387481689,
		0.16681349277496338,
		1.3064512014389038,
		0.055540874600410461,
		7.032505989074707,
		0.027770437300205231,
		0.083406746387481689,
		6.865692138671875,
		0.027770437300205231,
		2.7796206474304199,
		0.52811551094055176,
		2.7518501281738281,
		58.233371734619141
	],
	"end" : 16.22972297668457,
	"labels" : 
	[
		"Prep",
		"Scan",
		"Break",
		"Prep",
		"Scan",
		"Prep",
		"Scan",
		"Break",
		"Prep",
		"Scan",
		"Break",
		"Prep",
		"Scan",
		"Break",
		"Prep",
		"Scan",
		"Break",
		"Prep",
		"Scan",
		"Prep",
		"Scan",
		"Break",
		"Scan",
		"Dead"
	],
	"start" : 15.231389045715332
}