{
	"data" : 
	[
		0.76934534311294556,
		0.32977333664894104,
		0.76915669441223145,
		0.055087994784116745,
		0.54937070608139038,
		1.758476734161377,
		0.71444600820541382,
		5.9345993995666504,
		0.054899334907531738,
		0.87933272123336792,
		5.4950275421142578,
		1.7582880258560181,
		0.10998733341693878,
		5.4401278495788574,
		0.76915669441223145,
		0.10998733341693878,
		9.4515533447265625,
		64.951385498046875
	],
	"end" : 10.103610992431641,
	"labels" : 
	[
		"Prep",
		"Scan",
		"Break",
		"Prep",
		"Scan",
		"Break",
		"Prep",
		"Scan",
		"Break",
		"Prep",
		"Scan",
		"Break",
		"Prep",
		"Scan",
		"Break",
		"Prep",
		"Scan",
		"Dead"
	],
	"start" : 9.5986108779907227
}