{
	"data" : 
	[
		0.51177549362182617,
		0.37530982494354248,
		1.7741705179214478,
		0.034087128937244415,
		0.23884415626525879,
		7.8813891410827637,
		0.98946386575698853,
		0.54597973823547363,
		10.986246109008789,
		0.068291395902633667,
		9.1096963882446289,
		0.034087128937244415,
		0.068291395902633667,
		0.034087128937244415,
		7.7791280746459961,
		0.78470677137374878,
		9.8945217132568359,
		48.789924621582031
	],
	"end" : 15.066944122314453,
	"labels" : 
	[
		"Prep",
		"Scan",
		"Break",
		"Prep",
		"Break",
		"Scan",
		"Prep",
		"Break",
		"Scan",
		"Prep",
		"Scan",
		"Break",
		"Prep",
		"Break",
		"Scan",
		"Prep",
		"Scan",
		"Dead"
	],
	"start" : 14.25361156463623
}