{
	"data" : 
	[
		0.23057200014591217,
		0.75461238622665405,
		0.71265751123428345,
		0.18868908286094666,
		0.62881970405578613,
		0.44020259380340576,
		0.020941466093063354,
		3.060260534286499,
		0.021013429388403893,
		0.020941466093063354,
		0.020941466093063354,
		3.5214765071868896,
		0.16767564415931702,
		1.0270673036575317,
		2.8507018089294434,
		0.020941466093063354,
		0.50309896469116211,
		3.2698910236358643,
		0.020941466093063354,
		0.041954893618822098,
		3.6053144931793213,
		0.31440985202789307,
		0.062824398279190063,
		4.1293549537658691,
		74.264701843261719
	],
	"end" : 16.390832901000977,
	"labels" : 
	[
		"Prep",
		"Scan",
		"Break",
		"Prep",
		"Scan",
		"Break",
		"Prep",
		"Scan",
		"Break",
		"Break",
		"Prep",
		"Scan",
		"Prep",
		"Break",
		"Scan",
		"Break",
		"Prep",
		"Scan",
		"Break",
		"Prep",
		"Scan",
		"Break",
		"Prep",
		"Scan",
		"Dead"
	],
	"start" : 15.066944122314453
}