{
	"data" : 
	[
		0.4727054238319397,
		0.44122058153152466,
		0.94541084766387939,
		0.063077881932258606,
		2.3320422172546387,
		0.53567510843276978,
		5.2944307327270508,
		0.031484846025705338,
		0.94541084766387939,
		9.3597621917724609,
		0.031484846025705338,
		0.25209513306617737,
		5.1367897987365723,
		0.56726813316345215,
		0.40973573923110962,
		4.443474292755127,
		4.6640844345092773,
		0.094562724232673645,
		4.443474292755127,
		0.031484846025705338,
		0.2522033154964447,
		5.956153392791748,
		53.195968627929688
	],
	"end" : 14.25361156463623,
	"labels" : 
	[
		"Prep",
		"Scan",
		"Break",
		"Prep",
		"Scan",
		"Prep",
		"Scan",
		"Break",
		"Prep",
		"Scan",
		"Break",
		"Prep",
		"Scan",
		"Break",
		"Prep",
		"Scan",
		"Break",
		"Prep",
		"Scan",
		"Break",
		"Prep",
		"Scan",
		"Dead"
	],
	"start" : 13.373055458068848
}