{
	"data" : 
	[
		1.2820025682449341,
		1.0072427988052368,
		1.1908351182937622,
		0.091167420148849487,
		1.9233182668685913,
		4.1201386451721191,
		1.3737987279891968,
		2.4722089767456055,
		5.9516606330871582,
		0.18296357989311218,
		0.091796159744262695,
		12.636432647705078,
		0.091167420148849487,
		12.178709983825684,
		0.64068692922592163,
		0.091796159744262695,
		11.537394523620605,
		4.3037309646606445,
		15.841124534606934,
		0.091796159744262695,
		2.9299323558807373,
		9.7058725357055664,
		0.091796159744262695,
		0.091796159744262695,
		9.9806318283081055
	],
	"end" : 18.731111526489258,
	"labels" : 
	[
		"Prep",
		"Scan",
		"Break",
		"Prep",
		"Scan",
		"Break",
		"Prep",
		"Scan",
		"Break",
		"Break",
		"Prep",
		"Scan",
		"Break",
		"Scan",
		"Break",
		"Prep",
		"Scan",
		"Prep",
		"Scan",
		"Break",
		"Prep",
		"Scan",
		"Break",
		"Prep",
		"Scan"
	],
	"start" : 18.428054809570312
}