{
	"data" : 
	[
		1.101315975189209,
		1.5731155872344971,
		1.4945274591445923,
		1.2584925889968872,
		1.651974081993103,
		1.0227277278900146,
		0.6292462944984436,
		7.7875304222106934,
		0.078588269650936127,
		0.078588269650936127,
		0.15744660794734955,
		9.4392337799072266,
		0.078858330845832825,
		1.0224577188491821,
		9.518092155456543,
		0.078588269650936127,
		6.8436603546142578,
		56.085556030273438
	],
	"end" : 13.373055458068848,
	"labels" : 
	[
		"Prep",
		"Scan",
		"Break",
		"Prep",
		"Scan",
		"Break",
		"Prep",
		"Scan",
		"Break",
		"Prep",
		"Break",
		"Scan",
		"Break",
		"Prep",
		"Scan",
		"Break",
		"Scan",
		"Dead"
	],
	"start" : 13.020277976989746
}