{
	"data" : 
	[
		0.56879174709320068,
		1.2927408218383789,
		1.0861011743545532,
		0.46511688828468323,
		0.46547192335128784,
		1.0342637300491333,
		0.46547192335128784,
		0.46511688828468323,
		7.9630846977233887,
		0.051837451756000519,
		1.6545379161834717,
		22.596513748168945,
		0.051837451756000519,
		8.1697244644165039,
		0.25847715139389038,
		0.051837451756000519,
		8.2215614318847656,
		0.46547192335128784,
		2.1714920997619629,
		0.051837451756000519,
		0.10331985354423523,
		9.3076629638671875,
		1.6545379161834717,
		0.62062919139862061,
		0.051482398062944412,
		0.25847715139389038,
		8.4803943634033203,
		0.41363447904586792,
		0.51695430278778076,
		0.36179700493812561,
		4.0333795547485352,
		16.546443939208984
	],
	"end" : 18.428054809570312,
	"labels" : 
	[
		"Prep",
		"Scan",
		"Break",
		"Prep",
		"Break",
		"Scan",
		"Break",
		"Prep",
		"Scan",
		"Break",
		"Prep",
		"Scan",
		"Prep",
		"Scan",
		"Break",
		"Prep",
		"Scan",
		"Prep",
		"Break",
		"Prep",
		"Break",
		"Scan",
		"Prep",
		"Break",
		"Prep",
		"Break",
		"Scan",
		"Break",
		"Prep",
		"Break",
		"Scan",
		"Dead"
	],
	"start" : 17.891387939453125
}