{
	"data" : 
	[
		0.58514714241027832,
		1.3830585479736328,
		0.95753014087677002,
		0.47885638475418091,
		0.37220034003257751,
		5.7983264923095703,
		0.053145390003919601,
		0.053328022360801697,
		0.053145390003919601,
		0.42552840709686279,
		6.3301453590393066,
		1.8619149923324585,
		7.9791135787963867,
		1.4895319938659668,
		0.053145390003919601,
		0.053328022360801697,
		0.37220034003257751,
		1.1702942848205566,
		0.053328022360801697,
		1.1169663667678833,
		0.2660922110080719,
		0.053145390003919601,
		34.363883972167969,
		0.42552840709686279,
		1.5426774024963379,
		0.3723829984664917,
		3.4577376842498779,
		28.7783203125
	],
	"end" : 12.764721870422363,
	"labels" : 
	[
		"Prep",
		"Scan",
		"Break",
		"Prep",
		"Break",
		"Scan",
		"Prep",
		"Break",
		"Prep",
		"Break",
		"Scan",
		"Prep",
		"Scan",
		"Prep",
		"Break",
		"Prep",
		"Break",
		"Scan",
		"Break",
		"Prep",
		"Break",
		"Prep",
		"Scan",
		"Break",
		"Prep",
		"Break",
		"Scan",
		"Dead"
	],
	"start" : 12.24305534362793
}