{
	"data" : 
	[
		1.5202902555465698,
		0.10848565399646759,
		4.6693568229675293,
		2.063091516494751,
		3.4748959541320801,
		0.21697130799293518,
		2.0634641647338867,
		2.8232364654541016,
		7.1667637825012207,
		0.10848565399646759,
		0.10848565399646759,
		11.727261543273926,
		1.4118046760559082,
		0.21697130799293518,
		12.16195011138916,
		0.21697130799293518,
		11.618776321411133,
		38.222740173339844
	],
	"end" : 13.020277976989746,
	"labels" : 
	[
		"Prep",
		"Scan",
		"Break",
		"Scan",
		"Break",
		"Prep",
		"Scan",
		"Break",
		"Scan",
		"Break",
		"Prep",
		"Scan",
		"Break",
		"Prep",
		"Scan",
		"Prep",
		"Scan",
		"Dead"
	],
	"start" : 12.764721870422363
}