{
	"data" : 
	[
		0.65865683555603027,
		0.65881836414337158,
		1.3646490573883057,
		0.65881836414337158,
		4.3761825561523438,
		0.047012299299240112,
		1.0824137926101685,
		7.9053359031677246,
		1.882269024848938,
		14.022749900817871,
		0.047012299299240112,
		0.3764214813709259,
		7.6701130867004395,
		0.04717385396361351,
		0.094024598598480225,
		7.8583235740661621,
		6.0702404975891113,
		7.858485221862793,
		0.094024598598480225,
		0.3764214813709259,
		13.693341255187988,
		23.057512283325195
	],
	"end" : 11.048333168029785,
	"labels" : 
	[
		"Prep",
		"Scan",
		"Break",
		"Prep",
		"Scan",
		"Break",
		"Prep",
		"Scan",
		"Prep",
		"Scan",
		"Break",
		"Prep",
		"Scan",
		"Break",
		"Prep",
		"Scan",
		"Break",
		"Scan",
		"Break",
		"Prep",
		"Scan",
		"Dead"
	],
	"start" : 10.458611488342285
}