{
	"data" : 
	[
		0.4034673273563385,
		0.37659415602684021,
		1.2373213768005371,
		0.02687319740653038,
		1.9635903835296631,
		0.02687319740653038,
		0.45730608701705933,
		4.518852710723877,
		0.64560317993164062,
		7.9887270927429199,
		0.026965545490384102,
		0.18820473551750183,
		4.4113602638244629,
		0.05374639481306076,
		3.7927224636077881,
		9.8447322845458984,
		0.34962859749794006,
		0.026965545490384102,
		3.8195033073425293,
		0.026965545490384102,
		0.18820473551750183,
		7.8273959159851074,
		51.698398590087891
	],
	"end" : 9.0147218704223633,
	"labels" : 
	[
		"Prep",
		"Scan",
		"Break",
		"Prep",
		"Scan",
		"Break",
		"Prep",
		"Scan",
		"Prep",
		"Scan",
		"Break",
		"Prep",
		"Scan",
		"Prep",
		"Scan",
		"Break",
		"Break",
		"Prep",
		"Scan",
		"Break",
		"Prep",
		"Scan",
		"Dead"
	],
	"start" : 7.983055591583252
}