{
	"data" : 
	[
		0.52279061079025269,
		1.2356721162796021,
		1.3782811164855957,
		0.42782679200172424,
		4.7051153182983398,
		0.047481920570135117,
		8.1269140243530273,
		0.47530871629714966,
		0.42766359448432922,
		0.095127008855342865,
		0.047481920570135117,
		9.8855400085449219,
		0.047481920570135117,
		0.047481920570135117,
		0.047481920570135117,
		7.2241048812866211,
		0.3801816999912262,
		5.3228702545166016,
		0.095127008855342865,
		0.85549038648605347,
		0.094963841140270233,
		0.90297234058380127,
		6.7011513710021973,
		6.8914051055908203,
		0.28505468368530273,
		6.6536693572998047,
		36.975360870361328
	],
	"end" : 9.5986108779907227,
	"labels" : 
	[
		"Prep",
		"Scan",
		"Break",
		"Prep",
		"Scan",
		"Prep",
		"Scan",
		"Break",
		"Prep",
		"Break",
		"Prep",
		"Scan",
		"Break",
		"Prep",
		"Break",
		"Scan",
		"Prep",
		"Scan",
		"Prep",
		"Scan",
		"Break",
		"Prep",
		"Scan",
		"Break",
		"Prep",
		"Scan",
		"Dead"
	],
	"start" : 9.0147218704223633
}