{
	"data" : 
	[
		1.1225275993347168,
		1.1225275993347168,
		4.5699372291564941,
		1.2029047012329102,
		4.8908953666687012,
		3.6076133251190186,
		23.892936706542969,
		0.64136570692062378,
		1.4429351091384888,
		13.389403343200684,
		0.56153905391693115,
		13.148821830749512,
		0.24058094620704651,
		11.305102348327637,
		18.760910034179688
	],
	"end" : 17.188055038452148,
	"labels" : 
	[
		"Prep",
		"Scan",
		"Break",
		"Prep",
		"Scan",
		"Prep",
		"Scan",
		"Break",
		"Prep",
		"Scan",
		"Prep",
		"Scan",
		"Prep",
		"Scan",
		"Dead"
	],
	"start" : 16.841943740844727
}