{
	"data" : 
	[
		0.92291939258575439,
		0.86125063896179199,
		2.8912508487701416,
		0.061246365308761597,
		4.4908366203308105,
		0.061246365308761597,
		0.9841657280921936,
		0.1845838725566864,
		1.1687495708465576,
		3.1375033855438232,
		0.061246365308761597,
		0.55375164747238159,
		0.73833549022674561,
		4.4904141426086426,
		0.6149979829788208,
		1.1075032949447632,
		10.334585189819336,
		1.8454164266586304,
		18.331247329711914,
		0.55375164747238159,
		10.026663780212402,
		0.1845838725566864,
		8.7354211807250977,
		0.4920828640460968,
		4.4904141426086426,
		0.122915118932724,
		10.334585189819336,
		12.118331909179688
	],
	"end" : 16.841943740844727,
	"labels" : 
	[
		"Prep",
		"Scan",
		"Break",
		"Prep",
		"Scan",
		"Break",
		"Prep",
		"Break",
		"Scan",
		"Break",
		"Prep",
		"Break",
		"Prep",
		"Scan",
		"Break",
		"Prep",
		"Scan",
		"Prep",
		"Scan",
		"Prep",
		"Scan",
		"Prep",
		"Scan",
		"Prep",
		"Scan",
		"Prep",
		"Scan",
		"Dead"
	],
	"start" : 16.390832901000977
}