{
	"data" : 
	[
		0.79978710412979126,
		2.0356628894805908,
		1.0179562568664551,
		0.65450745820999146,
		0.58161795139312744,
		7.9249820709228516,
		1.2361253499984741,
		0.50897812843322754,
		5.4529805183410645,
		2.5448906421661377,
		10.905961036682129,
		2.3993613719940186,
		0.072639837861061096,
		0.072889462113380432,
		0.50897812843322754,
		1.5995742082595825,
		0.14527967572212219,
		1.4542945623397827,
		0.14527967572212219,
		0.072639837861061096,
		36.499149322509766,
		0.072889462113380432,
		2.0356628894805908,
		0.50897812843322754,
		4.7987227439880371,
		15.850213050842285
	],
	"end" : 12.24305534362793,
	"labels" : 
	[
		"Prep",
		"Scan",
		"Break",
		"Prep",
		"Break",
		"Scan",
		"Prep",
		"Break",
		"Scan",
		"Prep",
		"Scan",
		"Prep",
		"Break",
		"Prep",
		"Break",
		"Scan",
		"Break",
		"Prep",
		"Break",
		"Prep",
		"Scan",
		"Break",
		"Prep",
		"Break",
		"Scan",
		"Dead"
	],
	"start" : 11.86138916015625
}