{
	"data" : 
	[
		0.80325382947921753,
		1.2974659204483032,
		1.7914659976959229,
		0.86497730016708374,
		0.18538258969783783,
		8.1551370620727539,
		0.061723493039608002,
		0.92670077085494995,
		0.12365909665822983,
		10.688133239746094,
		0.061723493039608002,
		0.49421215057373047,
		9.5143260955810547,
		0.061723493039608002,
		6.2397994995117188,
		0.4944242537021637,
		8.5256891250610352,
		49.610202789306641
	],
	"end" : 11.86138916015625,
	"labels" : 
	[
		"Prep",
		"Scan",
		"Break",
		"Prep",
		"Break",
		"Scan",
		"Break",
		"Prep",
		"Break",
		"Scan",
		"Break",
		"Prep",
		"Scan",
		"Break",
		"Scan",
		"Break",
		"Scan",
		"Dead"
	],
	"start" : 11.412221908569336
}