{
	"data" : 
	[
		0.55239772796630859,
		0.82873207330703735,
		1.4596954584121704,
		0.63123428821563721,
		1.2627394199371338,
		1.2624685764312744,
		0.59168052673339844,
		1.1047954559326172,
		3.3932228088378906,
		0.4340074360370636,
		2.8012714385986328,
		1.617639422416687,
		0.59195142984390259,
		0.98613417148590088,
		0.23678058385848999,
		0.03955373540520668,
		10.771078109741211,
		0.03955373540520668,
		0.55239772796630859,
		0.03955373540520668,
		0.039282821118831635,
		6.2340478897094727,
		0.039282821118831635,
		2.8012714385986328,
		3.3932228088378906,
		0.03955373540520668,
		2.564490795135498,
		0.03955373540520668,
		0.47329023480415344,
		5.8393230438232422,
		0.47356116771697998,
		7.6541895866394043,
		0.03955373540520668,
		0.3156171441078186,
		6.1944942474365234,
		0.039282821118831635,
		3.4327764511108398,
		4.734527587890625,
		5.5237059593200684,
		0.03955373540520668,
		0.51284396648406982,
		4.5373010635375977,
		0.39445370435714722,
		4.6556911468505859,
		10.692241668701172
	],
	"end" : 17.891387939453125,
	"labels" : 
	[
		"Prep",
		"Scan",
		"Break",
		"Prep",
		"Scan",
		"Break",
		"Prep",
		"Scan",
		"Break",
		"Prep",
		"Scan",
		"Break",
		"Prep",
		"Break",
		"Break",
		"Prep",
		"Scan",
		"Break",
		"Prep",
		"Break",
		"Prep",
		"Scan",
		"Prep",
		"Scan",
		"Scan",
		"Break",
		"Scan",
		"Prep",
		"Break",
		"Scan",
		"Break",
		"Scan",
		"Break",
		"Break",
		"Scan",
		"Prep",
		"Scan",
		"Scan",
		"Scan",
		"Break",
		"Prep",
		"Scan",
		"Prep",
		"Scan",
		"Dead"
	],
	"start" : 17.188055038452148
}