{
	"data" : 
	[
		1.0944194793701172,
		1.6416292190551758,
		2.8138766288757324,
		1.0944194793701172,
		0.31265297532081604,
		6.2535958290100098,
		0.15619228780269623,
		1.250880241394043,
		0.078096143901348114,
		10.318352699279785,
		0.078096143901348114,
		4.611966609954834,
		0.078096143901348114,
		0.7036704421043396,
		14.383109092712402,
		0.078096143901348114,
		8.3640708923339844,
		0.62530595064163208,
		12.038078308105469,
		0.078096143901348114,
		0.62530595064163208,
		9.3022975921630859,
		23.919694900512695
	],
	"end" : 10.458611488342285,
	"labels" : 
	[
		"Prep",
		"Scan",
		"Break",
		"Prep",
		"Break",
		"Scan",
		"Break",
		"Prep",
		"Break",
		"Scan",
		"Prep",
		"Break",
		"Prep",
		"Break",
		"Scan",
		"Break",
		"Scan",
		"Prep",
		"Scan",
		"Break",
		"Prep",
		"Scan",
		"Dead"
	],
	"start" : 10.103610992431641
}