{
	"data" : 
	[
		0.8388599157333374,
		1.3727037906646729,
		5.9482083320617676,
		0.61003237962722778,
		10.523975372314453,
		3.1266121864318848,
		0.076188594102859497,
		10.371335983276367,
		3.0504236221313477,
		0.61003237962722778,
		12.659088134765625,
		1.8303589820861816,
		10.371073722839355,
		2.8215961456298828,
		15.175668716430664,
		20.513843536376953
	],
	"end" : 11.412221908569336,
	"labels" : 
	[
		"Prep",
		"Scan",
		"Break",
		"Prep",
		"Scan",
		"Break",
		"Prep",
		"Scan",
		"Break",
		"Prep",
		"Scan",
		"Prep",
		"Scan",
		"Prep",
		"Scan",
		"Dead"
	],
	"start" : 11.048333168029785
}