{
	"data" : 
	[
		0.58204758167266846,
		1.0053218603134155,
		1.9577798843383789,
		0.47613814473152161,
		5.6088390350341797,
		0.052863873541355133,
		5.6088390350341797,
		0.052863873541355133,
		5.6088390350341797,
		0.052863873541355133,
		5.6088390350341797,
		0.052863873541355133,
		5.6088390350341797,
		0.52918368577957153,
		1.3757323026657104,
		1.0053218603134155,
		0.47613814473152161,
		0.79386639595031738,
		63.442825317382812
	],
	"end" : 9.073333740234375,
	"labels" : 
	[
		"Prep",
		"Scan",
		"Break",
		"Prep",
		"Scan",
		"Break",
		"Scan",
		"Break",
		"Scan",
		"Prep",
		"Scan",
		"Prep",
		"Scan",
		"Break",
		"Prep",
		"Scan",
		"Prep",
		"Scan",
		"Dead"
	],
	"start" : 8.54888916015625
}