{
	"data" : 
	[
		0.3241860568523407,
		1.1523318290710449,
		1.8366835117340088,
		0.39614495635032654,
		1.1164760589599609,
		2.6649527549743652,
		0.36004188656806946,
		0.1080620288848877,
		0.035979460924863815,
		4.2495326995849609,
		2.1968488693237305,
		2.773015022277832,
		0.035979460924863815,
		0.072082564234733582,
		0.035979460924863815,
		3.8893673419952393,
		0.46822753548622131,
		2.0526838302612305,
		5.0778021812438965,
		0.072082564234733582,
		5.4379677772521973,
		0.035979460924863815,
		0.072082564234733582,
		6.2302579879760742,
		5.5099267959594727,
		0.035979460924863815,
		6.2662372589111328,
		0.036103099584579468,
		2.1607458591461182,
		5.978154182434082,
		0.035979460924863815,
		1.2244144678115845,
		7.7068991661071777,
		30.250812530517578
	],
	"end" : 11.131388664245605,
	"labels" : 
	[
		"Prep",
		"Scan",
		"Break",
		"Prep",
		"Scan",
		"Break",
		"Prep",
		"Break",
		"Prep",
		"Scan",
		"Prep",
		"Scan",
		"Prep",
		"Break",
		"Prep",
		"Scan",
		"Break",
		"Prep",
		"Scan",
		"Prep",
		"Scan",
		"Break",
		"Prep",
		"Scan",
		"Break",
		"Prep",
		"Scan",
		"Break",
		"Prep",
		"Scan",
		"Break",
		"Prep",
		"Scan",
		"Dead"
	],
	"start" : 10.360833168029785
}