{
	"data" : 
	[
		0.16650095582008362,
		0.10590791702270508,
		0.81738251447677612,
		7.2049074172973633,
		0.10595987737178802,
		0.81738251447677612,
		5.7215213775634766,
		0.015122277662158012,
		0.090837597846984863,
		0.83250480890274048,
		0.65088152885437012,
		0.45408406853675842,
		0.09078563004732132,
		0.99900573492050171,
		0.27246081829071045,
		0.43896180391311646,
		0.81738251447677612,
		0.98383146524429321,
		0.16650095582008362,
		0.10590791702270508,
		2.1796865463256836,
		5.3582229614257812,
		0.37842071056365967,
		0.10595987737178802,
		0.43896180391311646,
		0.77196365594863892,
		0.015122277662158012,
		0.090837597846984863,
		1.5589977502822876,
		0.12108215689659119,
		0.16650095582008362,
		0.090837597846984863,
		0.37842071056365967,
		0.24216431379318237,
		2.8607606887817383,
		0.22709399461746216,
		0.06048911064863205,
		1.4985086917877197,
		1.3623560667037964,
		0.31782767176628113,
		0.13625639677047729,
		0.015070310793817043,
		1.3926007747650146,
		0.015070310793817043,
		0.33300191164016724,
		0.045418798923492432,
		3.0878546237945557,
		0.16650095582008362,
		0.2724088728427887,
		0.45408406853675842,
		3.0878546237945557,
		0.51467710733413696,
		0.015070310793817043,
		3.0878546237945557,
		0.12108215689659119,
		0.13625639677047729,
		2.8153419494628906,
		0.2724088728427887,
		2.2855944633483887,
		0.015174243599176407,
		0.89309781789779663,
		4.0565118789672852,
		37.598762512207031
	],
	"end" : 17.259445190429688,
	"labels" : 
	[
		"Prep",
		"Break",
		"Scan",
		"Break",
		"Break",
		"Scan",
		"Break",
		"Prep",
		"Break",
		"Scan",
		"Break",
		"Prep",
		"Break",
		"Scan",
		"Break",
		"Prep",
		"Break",
		"Scan",
		"Prep",
		"Break",
		"Scan",
		"Break",
		"Prep",
		"Break",
		"Scan",
		"Break",
		"Prep",
		"Break",
		"Scan",
		"Break",
		"Prep",
		"Break",
		"Scan",
		"Prep",
		"Scan",
		"Break",
		"Prep",
		"Break",
		"Scan",
		"Prep",
		"Break",
		"Break",
		"Scan",
		"Break",
		"Prep",
		"Break",
		"Scan",
		"Prep",
		"Scan",
		"Break",
		"Scan",
		"Break",
		"Prep",
		"Scan",
		"Break",
		"Prep",
		"Scan",
		"Break",
		"Scan",
		"Break",
		"Prep",
		"Scan",
		"Dead"
	],
	"start" : 15.424722671508789
}