{
	"data" : 
	[
		0.51016998291015625,
		0.046335659921169281,
		0.046335659921169281,
		0.32466807961463928,
		2.7826874256134033,
		1.5768455266952515,
		1.4841742515563965,
		0.32466807961463928,
		4.1276955604553223,
		0.092830553650856018,
		1.2985131740570068,
		0.092830553650856018,
		4.8697028160095215,
		6.4467072486877441,
		1.3450078964233398,
		0.32466807961463928,
		7.1423792839050293,
		12.568587303161621,
		0.83483803272247314,
		0.6030004620552063,
		0.32466807961463928,
		1.3913437128067017,
		1.6695168018341064,
		0.046494890004396439,
		0.27817320823669434,
		4.777031421661377,
		0.37100371718406677,
		1.15950608253479,
		0.69567185640335083,
		0.32466807961463928,
		1.2523367404937744,
		0.092671319842338562,
		10.435235977172852,
		0.64933615922927856,
		0.46383428573608398,
		3.7566914558410645,
		3.4783589839935303,
		0.18550185859203339,
		0.9275093674659729,
		0.046494890004396439,
		7.2350506782531738,
		1.0666755437850952,
		0.1391662061214447,
		6.9568772315979004,
		5.3335371017456055
	],
	"end" : 9.6719446182250977,
	"labels" : 
	[
		"Prep",
		"Break",
		"Prep",
		"Break",
		"Scan",
		"Break",
		"Prep",
		"Break",
		"Scan",
		"Break",
		"Prep",
		"Break",
		"Break",
		"Scan",
		"Prep",
		"Break",
		"Scan",
		"Break",
		"Prep",
		"Break",
		"Break",
		"Scan",
		"Break",
		"Prep",
		"Break",
		"Scan",
		"Break",
		"Prep",
		"Break",
		"Break",
		"Scan",
		"Prep",
		"Scan",
		"Break",
		"Prep",
		"Break",
		"Scan",
		"Prep",
		"Break",
		"Prep",
		"Scan",
		"Prep",
		"Break",
		"Scan",
		"Dead"
	],
	"start" : 9.073333740234375
}