{
	"data" : 
	[
		0.64092940092086792,
		0.83832079172134399,
		1.4792500734329224,
		1.1833323240280151,
		3.0573651790618896,
		0.73945575952529907,
		2.3175709247589111,
		0.73979431390762329,
		0.78888821601867676,
		3.3035120964050293,
		0.73979431390762329,
		0.73945575952529907,
		3.4518091678619385,
		3.9938738346099854,
		0.49330908060073853,
		3.3529443740844727,
		0.049432486295700073,
		4.1912651062011719,
		0.14795885980129242,
		0.73945575952529907,
		4.1418323516845703,
		0.049432486295700073,
		4.2406978607177734,
		0.73945575952529907,
		0.73979431390762329,
		0.049093902111053467,
		0.049432486295700073,
		5.6705150604248047,
		0.049432486295700073,
		6.409970760345459,
		0.049432486295700073,
		5.4240298271179199,
		4.2406978607177734,
		0.049093902111053467,
		0.69036185741424561,
		7.1006717681884766,
		1.2327648401260376,
		0.049093902111053467,
		9.2702836990356445,
		0.049093902111053467,
		0.73979431390762329,
		5.6210827827453613,
		0.78888821601867676,
		5.4240298271179199,
		0.78922683000564575,
		3.2540795803070068
	],
	"end" : 19.206943511962891,
	"labels" : 
	[
		"Prep",
		"Scan",
		"Break",
		"Prep",
		"Scan",
		"Prep",
		"Scan",
		"Break",
		"Prep",
		"Scan",
		"Break",
		"Prep",
		"Scan",
		"Break",
		"Prep",
		"Scan",
		"Prep",
		"Scan",
		"Break",
		"Prep",
		"Scan",
		"Break",
		"Scan",
		"Break",
		"Prep",
		"Break",
		"Prep",
		"Scan",
		"Break",
		"Scan",
		"Prep",
		"Scan",
		"Scan",
		"Break",
		"Prep",
		"Scan",
		"Break",
		"Prep",
		"Scan",
		"Break",
		"Prep",
		"Scan",
		"Prep",
		"Scan",
		"Prep",
		"Scan"
	],
	"start" : 18.644166946411133
}