{
	"data" : 
	[
		0.44310754537582397,
		0.88621509075164795,
		1.6918022632598877,
		0.040244784206151962,
		0.92659813165664673,
		18.570133209228516,
		0.44310754537582397,
		0.72509759664535522,
		2.0946650505065918,
		0.36247965693473816,
		8.4592876434326172,
		2.0946650505065918,
		0.040244784206151962,
		9.1843852996826172,
		0.3222348690032959,
		0.36261793971061707,
		9.1037569046020508,
		0.040244784206151962,
		7.0494756698608398,
		2.6182620525360107,
		10.755453109741211,
		23.685922622680664
	],
	"end" : 10.360833168029785,
	"labels" : 
	[
		"Prep",
		"Scan",
		"Break",
		"Prep",
		"Scan",
		"Break",
		"Prep",
		"Scan",
		"Break",
		"Prep",
		"Scan",
		"Break",
		"Prep",
		"Scan",
		"Break",
		"Prep",
		"Scan",
		"Prep",
		"Scan",
		"Prep",
		"Scan",
		"Dead"
	],
	"start" : 9.6719446182250977
}