{
	"data" : 
	[
		0.4362654983997345,
		0.1454218327999115,
		0.0291642677038908,
		0.81460195779800415,
		1.5708754062652588,
		0.49459400773048401,
		0.26187914609909058,
		1.6581684350967407,
		0.20355060696601868,
		0.43646523356437683,
		0.17458610236644745,
		1.4254534244537354,
		4.1017742156982422,
		0.52375829219818115,
		2.8217427730560303,
		1.0764811038970947,
		0.46542975306510925,
		3.40382981300354,
		2.6763207912445068,
		0.46542975306510925,
		3.8982241153717041,
		5.352841854095459,
		0.55272281169891357,
		4.8874120712280273,
		0.0291642677038908,
		0.028964513912796974,
		5.6147208213806152,
		0.0291642677038908,
		0.46542975306510925,
		4.6836614608764648,
		0.0291642677038908,
		0.058128781616687775,
		5.9928574562072754,
		0.0291642677038908,
		0.058128781616687775,
		4.3055248260498047,
		0.0291642677038908,
		0.058128781616687775,
		0.0291642677038908,
		5.6726498603820801,
		0.087293051183223724,
		0.43646523356437683,
		1.5419108867645264,
		1.5417110919952393,
		0.058328535407781601,
		0.028964513912796974,
		9.7456598281860352,
		0.0291642677038908,
		0.4362654983997345,
		0.49459400773048401,
		9.0475149154663086,
		11.461956977844238
	],
	"end" : 18.213333129882812,
	"labels" : 
	[
		"Prep",
		"Break",
		"Prep",
		"Scan",
		"Break",
		"Prep",
		"Break",
		"Scan",
		"Break",
		"Prep",
		"Break",
		"Scan",
		"Break",
		"Prep",
		"Scan",
		"Break",
		"Prep",
		"Scan",
		"Break",
		"Prep",
		"Scan",
		"Scan",
		"Prep",
		"Scan",
		"Prep",
		"Break",
		"Scan",
		"Break",
		"Prep",
		"Scan",
		"Break",
		"Break",
		"Scan",
		"Break",
		"Break",
		"Scan",
		"Break",
		"Break",
		"Prep",
		"Scan",
		"Break",
		"Prep",
		"Break",
		"Break",
		"Break",
		"Prep",
		"Scan",
		"Break",
		"Prep",
		"Break",
		"Scan",
		"Dead"
	],
	"start" : 17.259445190429688
}