{
	"data" : 
	[
		0.064571171998977661,
		99.835433959960938
	],
	"end" : 18.644166946411133,
	"labels" : 
	[
		"Prep",
		"Dead"
	],
	"start" : 18.213333129882812
}