{
	"data" : 
	[
		0.5827789306640625,
		0.29131802916526794,
		1.2071441411972046,
		0.041657689958810806,
		0.45787730813026428,
		0.91575461626052856,
		0.70760911703109741,
		6.6600146293640137,
		0.041586235165596008,
		5.1614804267883301,
		0.041657689958810806,
		0.083243928849697113,
		5.7442598342895508,
		0.083172470331192017,
		0.24980324506759644,
		0.79085302352905273,
		0.083315379917621613,
		9.8234977722167969,
		0.70753765106201172,
		0.041729144752025604,
		5.7441883087158203,
		60.439521789550781
	],
	"end" : 8.54888916015625,
	"labels" : 
	[
		"Prep",
		"Scan",
		"Break",
		"Prep",
		"Scan",
		"Break",
		"Prep",
		"Scan",
		"Prep",
		"Scan",
		"Break",
		"Prep",
		"Scan",
		"Prep",
		"Scan",
		"Break",
		"Prep",
		"Scan",
		"Break",
		"Prep",
		"Scan",
		"Dead"
	],
	"start" : 7.8822221755981445
}