{
	"data" : 
	[
		0.090493649244308472,
		0.051704321056604385,
		0.20038197934627533,
		0.16157045960426331,
		0.11634580790996552,
		0.045246824622154236,
		0.20038197934627533,
		0.14219798147678375,
		0.10340864211320877,
		0.051704321056604385,
		0.2003597766160965,
		0.24562880396842957,
		0.09695114940404892,
		0.86610281467437744,
		0.0064574927091598511,
		1.1117316484451294,
		0.0064574927091598511,
		1.2086827754974365,
		0.071098990738391876,
		1.1634359359741211,
		0.0064574927091598511,
		1.1117316484451294,
		0.17450763285160065,
		1.2086827754974365,
		0.09695114940404892,
		1.1634359359741211,
		0.0064574927091598511,
		1.1117094755172729,
		0.0064796828664839268,
		1.2022031545639038,
		0.0064574927091598511,
		0.090493649244308472,
		0.91134971380233765,
		0.0064796828664839268,
		0.051704321056604385,
		0.077556483447551727,
		0.090493649244308472,
		0.09695114940404892,
		1.3185489177703857,
		0.0064796828664839268,
		0.012914985418319702,
		2.4496750831604004,
		0.077556483447551727,
		1.2022252082824707,
		0.0064574927091598511,
		0.78208887577056885,
		0.051704321056604385,
		0.058161810040473938,
		0.012937175109982491,
		0.0064574927091598511,
		0.67868024110794067,
		0.0064574927091598511,
		1.0276955366134644,
		5.0997099876403809,
		0.12280330806970596,
		0.97599112987518311,
		0.0064574927091598511,
		0.051704321056604385,
		0.64634841680526733,
		71.738502502441406
	],
	"end" : 15.424722671508789,
	"labels" : 
	[
		"Prep",
		"Break",
		"Scan",
		"Break",
		"Prep",
		"Break",
		"Scan",
		"Break",
		"Prep",
		"Break",
		"Scan",
		"Break",
		"Prep",
		"Scan",
		"Break",
		"Scan",
		"Break",
		"Scan",
		"Prep",
		"Scan",
		"Break",
		"Scan",
		"Break",
		"Scan",
		"Prep",
		"Scan",
		"Prep",
		"Scan",
		"Prep",
		"Scan",
		"Break",
		"Prep",
		"Scan",
		"Break",
		"Prep",
		"Scan",
		"Break",
		"Prep",
		"Scan",
		"Prep",
		"Scan",
		"Break",
		"Prep",
		"Scan",
		"Break",
		"Scan",
		"Break",
		"Prep",
		"Break",
		"Prep",
		"Scan",
		"Break",
		"Scan",
		"Break",
		"Prep",
		"Scan",
		"Break",
		"Prep",
		"Scan",
		"Dead"
	],
	"start" : 11.131388664245605
}