{
	"data" : 
	[
		0.27013421058654785,
		0.51573377847671509,
		1.1296061277389526,
		0.22106489539146423,
		1.7926323413848877,
		0.024618972092866898,
		2.9960112571716309,
		0.24551525712013245,
		0.22106489539146423,
		0.24559955298900604,
		0.024534661322832108,
		6.4095330238342285,
		0.24551525712013245,
		0.22106489539146423,
		0.88409101963043213,
		0.024534661322832108,
		4.0028595924377441,
		0.19644592702388763,
		0.24559955298900604,
		5.672818660736084,
		0.22098058462142944,
		0.22098058462142944,
		3.1925411224365234,
		0.22098058462142944,
		0.22106489539146423,
		3.4379720687866211,
		0.46666443347930908,
		0.36835718154907227,
		0.24551525712013245,
		0.39297616481781006,
		0.31920355558395386,
		3.4380567073822021,
		0.14737659692764282,
		0.36835718154907227,
		3.1679222583770752,
		0.024534661322832108,
		3.9783251285552979,
		0.024534661322832108,
		3.364368200302124,
		0.49119910597801208,
		4.5676627159118652,
		0.46658015251159668,
		4.616816520690918,
		0.024618972092866898,
		3.6835720539093018,
		0.024618972092866898,
		3.6835720539093018,
		4.3713011741638184,
		0.14729228615760803,
		4.616816520690918,
		0.098222963511943817,
		4.5922818183898926,
		0.024534661322832108,
		0.024618972092866898,
		0.049069322645664215,
		5.746422290802002,
		13.261111259460449
	],
	"end" : 12.409722328186035,
	"labels" : 
	[
		"Prep",
		"Scan",
		"Break",
		"Prep",
		"Scan",
		"Prep",
		"Scan",
		"Break",
		"Prep",
		"Break",
		"Prep",
		"Scan",
		"Break",
		"Prep",
		"Scan",
		"Prep",
		"Scan",
		"Break",
		"Prep",
		"Scan",
		"Break",
		"Prep",
		"Scan",
		"Break",
		"Prep",
		"Scan",
		"Break",
		"Prep",
		"Scan",
		"Break",
		"Prep",
		"Scan",
		"Break",
		"Prep",
		"Scan",
		"Break",
		"Scan",
		"Prep",
		"Scan",
		"Prep",
		"Scan",
		"Prep",
		"Scan",
		"Prep",
		"Scan",
		"Prep",
		"Scan",
		"Break",
		"Prep",
		"Scan",
		"Prep",
		"Scan",
		"Break",
		"Break",
		"Prep",
		"Scan",
		"Dead"
	],
	"start" : 11.279722213745117
}