{
	"data" : 
	[
		0.41831362247467041,
		0.27874812483787537,
		0.69706177711486816,
		0.027951393276453018,
		0.52973634004592896,
		1.2547495365142822,
		0.50178492069244385,
		1.0037614107131958,
		0.2509881854057312,
		0.027759945020079613,
		6.2733650207519531,
		0.027951393276453018,
		0.22303679585456848,
		0.027951393276453018,
		10.622869491577148,
		0.05571134015917778,
		2.8717184066772461,
		1.0037614107131958,
		0.027951393276453018,
		0.30669951438903809,
		0.1673254668712616,
		7.4444513320922852,
		0.027759945020079613,
		0.05571134015917778,
		1.0317127704620361,
		0.027951393276453018,
		0.13937406241893768,
		0.027759945020079613,
		5.7158684730529785,
		0.027759945020079613,
		5.8552427291870117,
		52.947212219238281
	],
	"end" : 18.76472282409668,
	"labels" : 
	[
		"Prep",
		"Scan",
		"Break",
		"Prep",
		"Scan",
		"Break",
		"Prep",
		"Break",
		"Break",
		"Prep",
		"Scan",
		"Break",
		"Break",
		"Prep",
		"Scan",
		"Prep",
		"Break",
		"Break",
		"Prep",
		"Break",
		"Break",
		"Scan",
		"Break",
		"Prep",
		"Break",
		"Prep",
		"Break",
		"Prep",
		"Scan",
		"Break",
		"Scan",
		"Dead"
	],
	"start" : 17.769443511962891
}