{
	"data" : 
	[
		0.20336848497390747,
		0.67758470773696899,
		0.067944616079330444,
		0.54216086864471436,
		0.067479252815246582,
		0.40673696994781494,
		0.067944616079330444,
		1.4231140613555908,
		0.067944616079330444,
		0.60964006185531616,
		0.067944616079330444,
		0.61010545492172241,
		0.27084773778915405,
		0.067944616079330444,
		0.20336848497390747,
		3.9984946250915527,
		0.067944616079330444,
		0.40673696994781494,
		0.13542386889457703,
		0.67758470773696899,
		0.13588923215866089,
		5.6929216384887695,
		0.88095325231552124,
		0.74552935361862183,
		1.2876901626586914,
		0.067944616079330444,
		1.4231140613555908,
		1.7623718976974487,
		2.304532527923584,
		12.267261505126953,
		0.20336848497390747,
		0.94843250513076782,
		9.7598257064819336,
		0.067944616079330444,
		10.776203155517578,
		0.067479252815246582,
		11.793045997619629,
		0.067479252815246582,
		3.2534306049346924,
		12.335206031799316,
		13.419062614440918
	],
	"end" : 17.769443511962891,
	"labels" : 
	[
		"Prep",
		"Break",
		"Prep",
		"Break",
		"Prep",
		"Break",
		"Prep",
		"Break",
		"Prep",
		"Break",
		"Prep",
		"Break",
		"Break",
		"Prep",
		"Break",
		"Break",
		"Prep",
		"Break",
		"Prep",
		"Break",
		"Prep",
		"Break",
		"Prep",
		"Scan",
		"Break",
		"Prep",
		"Scan",
		"Break",
		"Prep",
		"Scan",
		"Break",
		"Prep",
		"Scan",
		"Prep",
		"Scan",
		"Prep",
		"Scan",
		"Break",
		"Prep",
		"Scan",
		"Dead"
	],
	"start" : 17.360000610351562
}