{
	"data" : 
	[
		0.55217909812927246,
		0.55217909812927246,
		0.986014723777771,
		0.55204367637634277,
		2.879103422164917,
		0.03940267488360405,
		0.67052251100540161,
		2.7607600688934326,
		8.2033395767211914,
		0.039538081735372543,
		0.82813328504562378,
		0.51277637481689453,
		0.55217909812927246,
		1.5380584001541138,
		0.55217909812927246,
		2.879103422164917,
		1.4198503494262695,
		0.67038708925247192,
		0.70992517471313477,
		8.4400262832641602,
		0.03940267488360405,
		1.3804476261138916,
		0.47323831915855408,
		0.55217909812927246,
		7.9272499084472656,
		0.039538081735372543,
		0.59158176183700562,
		0.47323831915855408,
		0.55217909812927246,
		3.0762522220611572,
		1.1437609195709229,
		6.6257429122924805,
		0.039538081735372543,
		0.11820802092552185,
		11.713562965393066,
		0.03940267488360405,
		0.078940756618976593,
		10.451457977294922,
		0.31549221277236938,
		5.6003255844116211,
		13.330561637878418
	],
	"end" : 15.147500038146973,
	"labels" : 
	[
		"Prep",
		"Scan",
		"Break",
		"Prep",
		"Scan",
		"Break",
		"Prep",
		"Scan",
		"Break",
		"Prep",
		"Break",
		"Prep",
		"Scan",
		"Break",
		"Prep",
		"Scan",
		"Break",
		"Prep",
		"Scan",
		"Break",
		"Prep",
		"Break",
		"Prep",
		"Scan",
		"Break",
		"Prep",
		"Break",
		"Prep",
		"Scan",
		"Break",
		"Prep",
		"Scan",
		"Break",
		"Prep",
		"Scan",
		"Break",
		"Prep",
		"Scan",
		"Prep",
		"Scan",
		"Dead"
	],
	"start" : 14.443888664245605
}