{
	"data" : 
	[
		1.2445838451385498,
		1.1616876125335693,
		3.6508553028106689,
		0.58084380626678467,
		6.2229194641113281,
		0.082896292209625244,
		1.4935575723648071,
		0.16607744991779327,
		0.082896292209625244,
		13.939395904541016,
		0.33215489983558655,
		24.725885391235352,
		0.6640249490737915,
		13.607525825500488,
		11.782383918762207,
		20.162315368652344
	],
	"end" : 8.5280551910400391,
	"labels" : 
	[
		"Prep",
		"Scan",
		"Break",
		"Prep",
		"Scan",
		"Break",
		"Prep",
		"Break",
		"Prep",
		"Scan",
		"Prep",
		"Scan",
		"Prep",
		"Scan",
		"Scan",
		"Dead"
	],
	"start" : 8.1936111450195312
}