{
	"data" : 
	[
		1.0251685380935669,
		1.464957594871521,
		3.1491813659667969,
		1.025420069694519,
		0.65930634737014771,
		0.073172450065612793,
		17.943843841552734,
		0.65930634737014771,
		12.670651435852051,
		0.073172450065612793,
		2.7098948955535889,
		0.073172450065612793,
		1.3915337324142456,
		0.073423899710178375,
		22.191869735717773,
		1.025420069694519,
		0.29294121265411377,
		0.073172450065612793,
		13.842416763305664,
		19.481975555419922
	],
	"end" : 13.438888549804688,
	"labels" : 
	[
		"Prep",
		"Scan",
		"Break",
		"Prep",
		"Break",
		"Prep",
		"Scan",
		"Break",
		"Scan",
		"Break",
		"Break",
		"Prep",
		"Break",
		"Prep",
		"Scan",
		"Prep",
		"Break",
		"Prep",
		"Scan",
		"Dead"
	],
	"start" : 13.060000419616699
}