{
	"data" : 
	[
		0.92154586315155029,
		0.92199802398681641,
		3.6219737529754639,
		0.98801654577255249,
		5.5315361022949219,
		0.32918810844421387,
		1.1196013689041138,
		12.446294784545898,
		1.9755809307098389,
		19.624675750732422,
		0.52679145336151123,
		12.380276679992676,
		0.19760331511497498,
		9.3515653610229492,
		29.963354110717773
	],
	"end" : 17.360000610351562,
	"labels" : 
	[
		"Prep",
		"Scan",
		"Break",
		"Prep",
		"Scan",
		"Break",
		"Prep",
		"Scan",
		"Prep",
		"Scan",
		"Prep",
		"Scan",
		"Prep",
		"Scan",
		"Dead"
	],
	"start" : 16.93861198425293
}