{
	"data" : 
	[
		0.38553348183631897,
		0.59301096200942993,
		1.3937029838562012,
		0.77096515893936157,
		1.7198843955993652,
		0.029625097289681435,
		3.1728377342224121,
		3.2321896553039551,
		0.029625097289681435,
		4.2403593063354492,
		0.50403386354446411,
		9.5482397079467773,
		74.279991149902344
	],
	"end" : 9.7650003433227539,
	"labels" : 
	[
		"Prep",
		"Scan",
		"Break",
		"Prep",
		"Scan",
		"Break",
		"Scan",
		"Scan",
		"Prep",
		"Scan",
		"Prep",
		"Scan",
		"Dead"
	],
	"start" : 8.8291664123535156
}