{
	"data" : 
	[
		0.97821301221847534,
		2.054516077041626,
		4.8924083709716797,
		0.88079482316970825,
		9.0014410018920898,
		3.4250891208648682,
		0.88012295961380005,
		9.8822355270385742,
		0.098090037703514099,
		8.8059320449829102,
		59.001155853271484
	],
	"end" : 16.93861198425293,
	"labels" : 
	[
		"Prep",
		"Scan",
		"Break",
		"Prep",
		"Scan",
		"Break",
		"Prep",
		"Scan",
		"Break",
		"Scan",
		"Dead"
	],
	"start" : 16.655000686645508
}