{
	"data" : 
	[
		1.4892027378082275,
		1.3903316259384155,
		1.9862854480743408,
		1.3903316259384155,
		8.6392850875854492,
		0.099552936851978302,
		1.6876267194747925,
		16.683298110961914,
		0.099552936851978302,
		2.4826862812042236,
		29.49357795715332,
		0.098871059715747833,
		0.79437780380249023,
		17.378124237060547,
		0.89393073320388794,
		15.292965888977051
	],
	"end" : 19.044166564941406,
	"labels" : 
	[
		"Prep",
		"Scan",
		"Break",
		"Prep",
		"Scan",
		"Break",
		"Prep",
		"Scan",
		"Break",
		"Prep",
		"Scan",
		"Break",
		"Prep",
		"Scan",
		"Prep",
		"Scan"
	],
	"start" : 18.76472282409668
}