{
	"data" : 
	[
		1.2023327350616455,
		1.9425960779190063,
		4.8099656105041504,
		0.092413842678070068,
		0.36997294425964355,
		0.09273141622543335,
		10.359877586364746,
		0.092413842678070068,
		7.9552121162414551,
		0.092413842678070068,
		0.092413842678070068,
		12.210060119628906,
		0.092413842678070068,
		0.64753204584121704,
		11.284968376159668,
		2.0350100994110107,
		18.037530899047852,
		28.490140914916992
	],
	"end" : 13.060000419616699,
	"labels" : 
	[
		"Prep",
		"Scan",
		"Break",
		"Prep",
		"Break",
		"Prep",
		"Scan",
		"Break",
		"Scan",
		"Break",
		"Prep",
		"Scan",
		"Break",
		"Prep",
		"Scan",
		"Prep",
		"Scan",
		"Dead"
	],
	"start" : 12.760000228881836
}