{
	"data" : 
	[
		0.71595275402069092,
		2.1483500003814697,
		1.6472815275192261,
		0.78774482011795044,
		0.50156033039093018,
		0.071300245821475983,
		10.455565452575684,
		0.64465254545211792,
		0.78774482011795044,
		0.50106865167617798,
		11.673079490661621,
		0.64416080713272095,
		0.78774482011795044,
		10.957126617431641,
		0.071300245821475983,
		5.1562371253967285,
		12.747008323669434,
		0.071791969239711761,
		0.57286059856414795,
		10.240681648254395,
		28.716787338256836
	],
	"end" : 16.655000686645508,
	"labels" : 
	[
		"Prep",
		"Scan",
		"Break",
		"Prep",
		"Break",
		"Prep",
		"Scan",
		"Break",
		"Prep",
		"Break",
		"Scan",
		"Break",
		"Prep",
		"Scan",
		"Break",
		"Prep",
		"Scan",
		"Break",
		"Prep",
		"Scan",
		"Dead"
	],
	"start" : 16.267499923706055
}