{
	"data" : 
	[
		1.2902857065200806,
		1.9354283809661865,
		3.5019328594207764,
		0.092072859406471252,
		10.414041519165039,
		0.36860781908035278,
		0.092072859406471252,
		0.092389263212680817,
		0.092072859406471252,
		12.349153518676758,
		0.092389263212680817,
		7.833470344543457,
		0.092072859406471252,
		0.64514285326004028,
		11.243330001831055,
		49.765537261962891
	],
	"end" : 8.8291664123535156,
	"labels" : 
	[
		"Prep",
		"Scan",
		"Break",
		"Prep",
		"Scan",
		"Break",
		"Prep",
		"Break",
		"Prep",
		"Scan",
		"Prep",
		"Scan",
		"Break",
		"Prep",
		"Scan",
		"Dead"
	],
	"start" : 8.5280551910400391
}