{
	"data" : 
	[
		0.76452964544296265,
		0.71360766887664795,
		5.3007855415344238,
		0.71360766887664795,
		4.8930597305297852,
		0.050921984016895294,
		0.91747063398361206,
		9.0725116729736328,
		0.051096972078084946,
		0.10184396803379059,
		15.188924789428711,
		0.25478491187095642,
		0.40772584080696106,
		9.7351970672607422,
		0.050921984016895294,
		0.45882278680801392,
		0.050921984016895294,
		13.710787773132324,
		0.050921984016895294,
		16.361181259155273,
		21.050376892089844
	],
	"end" : 15.691944122314453,
	"labels" : 
	[
		"Prep",
		"Scan",
		"Break",
		"Prep",
		"Scan",
		"Break",
		"Prep",
		"Scan",
		"Break",
		"Prep",
		"Scan",
		"Break",
		"Prep",
		"Scan",
		"Break",
		"Break",
		"Prep",
		"Scan",
		"Break",
		"Scan",
		"Dead"
	],
	"start" : 15.147500038146973
}