{
	"data" : 
	[
		1.8283302783966064,
		2.7420470714569092,
		4.1789765357971191,
		2.0892641544342041,
		11.622316360473633,
		0.13091526925563812,
		1.6974149942398071,
		0.13091526925563812,
		0.13046692311763763,
		13.842494964599609,
		0.13046692311763763,
		11.230466842651367,
		1.1755473613739014,
		15.800844192504883,
		33.169532775878906
	],
	"end" : 14.443888664245605,
	"labels" : 
	[
		"Prep",
		"Scan",
		"Break",
		"Prep",
		"Scan",
		"Break",
		"Prep",
		"Break",
		"Prep",
		"Scan",
		"Break",
		"Scan",
		"Prep",
		"Scan",
		"Dead"
	],
	"start" : 14.231389045715332
}