{
	"data" : 
	[
		1.1091749668121338,
		1.1089030504226685,
		3.2483758926391602,
		1.1089030504226685,
		0.079421065747737885,
		0.079149074852466583,
		5.7833223342895508,
		0.079149074852466583,
		1.5051922798156738,
		26.777410507202148,
		9.9820308685302734,
		0.23771920800209045,
		26.697990417480469,
		22.103261947631836
	],
	"end" : 12.760000228881836,
	"labels" : 
	[
		"Prep",
		"Scan",
		"Break",
		"Prep",
		"Break",
		"Prep",
		"Scan",
		"Break",
		"Prep",
		"Scan",
		"Break",
		"Prep",
		"Scan",
		"Dead"
	],
	"start" : 12.409722328186035
}