{
	"data" : 
	[
		0.35019224882125854,
		0.5602114200592041,
		1.4707353115081787,
		0.069966316223144531,
		0.42027875781059265,
		2.5210714340209961,
		1.0855598449707031,
		8.7538442611694336,
		2.3460354804992676,
		0.070086538791656494,
		4.6570878028869629,
		0.034983158111572266,
		0.070086538791656494,
		5.0772466659545898,
		0.070086538791656494,
		0.034983158111572266,
		5.0772466659545898,
		0.03510337695479393,
		0.034983158111572266,
		5.8126144409179688,
		61.347599029541016
	],
	"end" : 14.231389045715332,
	"labels" : 
	[
		"Prep",
		"Scan",
		"Break",
		"Prep",
		"Scan",
		"Break",
		"Prep",
		"Scan",
		"Break",
		"Prep",
		"Scan",
		"Break",
		"Prep",
		"Scan",
		"Break",
		"Prep",
		"Scan",
		"Prep",
		"Break",
		"Scan",
		"Dead"
	],
	"start" : 13.438888549804688
}