{
	"data" : 
	[
		0.72706407308578491,
		0.67863750457763672,
		0.9209367036819458,
		3.5383007526397705,
		0.048592973500490189,
		0.8239172101020813,
		8.1433172225952148,
		0.048426561057567596,
		0.38774532079696655,
		14.39616870880127,
		0.048426561057567596,
		0.33931875228881836,
		8.5310630798339844,
		0.096853122115135193,
		6.8344688415527344,
		6.2528510093688965,
		6.8830623626708984,
		0.048426561057567596,
		0.38774532079696655,
		14.056849479675293,
		26.707830429077148
	],
	"end" : 10.337499618530273,
	"labels" : 
	[
		"Prep",
		"Scan",
		"Break",
		"Scan",
		"Break",
		"Prep",
		"Scan",
		"Break",
		"Prep",
		"Scan",
		"Break",
		"Prep",
		"Scan",
		"Prep",
		"Scan",
		"Break",
		"Scan",
		"Break",
		"Prep",
		"Scan",
		"Dead"
	],
	"start" : 9.7650003433227539
}