{
	"data" : 
	[
		0.83502542972564697,
		0.83502542972564697,
		2.6838347911834717,
		0.47709888219833374,
		4.4134716987609863,
		0.059790931642055511,
		1.0137839317321777,
		10.019895553588867,
		0.47709888219833374,
		11.451192855834961,
		11.80911922454834,
		0.059586171060800552,
		1.0735749006271362,
		17.773263931274414,
		0.059586171060800552,
		19.204561233520508,
		17.654092788696289
	],
	"end" : 10.802778244018555,
	"labels" : 
	[
		"Prep",
		"Scan",
		"Break",
		"Prep",
		"Scan",
		"Break",
		"Prep",
		"Scan",
		"Prep",
		"Scan",
		"Scan",
		"Break",
		"Prep",
		"Scan",
		"Prep",
		"Scan",
		"Dead"
	],
	"start" : 10.337499618530273
}