{
	"data" : 
	[
		0.6750335693359375,
		0.48219048976898193,
		1.108889102935791,
		1.108889102935791,
		3.6643497943878174,
		1.4945752620697021,
		2.458956241607666,
		0.048169389367103577,
		3.1821591854095459,
		0.91604602336883545,
		2.3142826557159424,
		0.28934741020202637,
		0.048169389367103577,
		11.234061241149902,
		0.048169389367103577,
		0.096338778734207153,
		1.350067138671875,
		1.4945752620697021,
		1.5429102182388306,
		0.048169389367103577,
		0.33751678466796875,
		15.862461090087891,
		0.14467370510101318,
		0.81970727443695068,
		0.048169389367103577,
		0.48219048976898193,
		0.53035986423492432,
		1.5910795927047729,
		0.048169389367103577,
		2.7964730262756348,
		0.048003856092691422,
		0.38601723313331604,
		0.048003856092691422,
		13.452004432678223,
		0.096338778734207153,
		3.0374855995178223,
		0.86771106719970703,
		0.24101248383522034,
		0.048334918916225433,
		9.2571306228637695,
		16.15180778503418
	],
	"end" : 16.267499923706055,
	"labels" : 
	[
		"Prep",
		"Scan",
		"Break",
		"Scan",
		"Break",
		"Prep",
		"Break",
		"Prep",
		"Break",
		"Break",
		"Break",
		"Break",
		"Prep",
		"Scan",
		"Break",
		"Prep",
		"Break",
		"Break",
		"Break",
		"Prep",
		"Break",
		"Scan",
		"Prep",
		"Break",
		"Prep",
		"Break",
		"Break",
		"Break",
		"Prep",
		"Break",
		"Prep",
		"Break",
		"Prep",
		"Scan",
		"Prep",
		"Break",
		"Break",
		"Break",
		"Prep",
		"Scan",
		"Dead"
	],
	"start" : 15.691944122314453
}