{
	"data" : 
	[
		0.81440216302871704,
		0.81460195779800415,
		2.3273484706878662,
		0.98918801546096802,
		5.7599430084228516,
		0.98918801546096802,
		11.811128616333008,
		0.11645732074975967,
		14.371192932128906,
		0.11625756323337555,
		1.7454614639282227,
		17.338558197021484,
		0.058128781616687775,
		16.233110427856445,
		26.415035247802734
	],
	"end" : 11.279722213745117,
	"labels" : 
	[
		"Prep",
		"Scan",
		"Break",
		"Prep",
		"Scan",
		"Prep",
		"Scan",
		"Prep",
		"Scan",
		"Break",
		"Prep",
		"Scan",
		"Prep",
		"Scan",
		"Dead"
	],
	"start" : 10.802778244018555
}