{
	"data" : 
	[
		1.2544138431549072,
		1.2541061639785767,
		1.7022868394851685,
		1.4337476491928101,
		0.89605379104614258,
		1.970826268196106,
		0.089820705354213715,
		6.719635009765625,
		0.089513100683689117,
		0.80654072761535645,
		16.216943740844727,
		14.604169845581055,
		0.089513100683689117,
		20.249031066894531,
		32.523399353027344
	],
	"end" : 15.901666641235352,
	"labels" : 
	[
		"Prep",
		"Scan",
		"Break",
		"Prep",
		"Scan",
		"Break",
		"Prep",
		"Scan",
		"Break",
		"Prep",
		"Scan",
		"Break",
		"Prep",
		"Scan",
		"Dead"
	],
	"start" : 15.591944694519043
}