{
	"data" : 
	[
		1.0284332036972046,
		1.0281809568405151,
		3.3791015148162842,
		0.58760404586791992,
		4.848111629486084,
		0.073387458920478821,
		1.2488477230072021,
		11.312260627746582,
		0.22016237676143646,
		21.889890670776367,
		0.58760404586791992,
		11.973504066467285,
		0.073387458920478821,
		9.8429985046386719,
		31.806528091430664
	],
	"end" : 14.569167137145996,
	"labels" : 
	[
		"Prep",
		"Scan",
		"Break",
		"Prep",
		"Scan",
		"Break",
		"Prep",
		"Scan",
		"Prep",
		"Scan",
		"Prep",
		"Scan",
		"Prep",
		"Scan",
		"Dead"
	],
	"start" : 14.191389083862305
}