{
	"data" : 
	[
		1.8928864002227783,
		2.0388777256011963,
		4.6602201461791992,
		2.4753513336181641,
		2.0388777256011963,
		0.14549125730991364,
		2.0388777256011963,
		10.193887710571289,
		7.8640279769897461,
		1.310421347618103,
		29.708215713500977,
		35.532867431640625
	],
	"end" : 15.591944694519043,
	"labels" : 
	[
		"Prep",
		"Scan",
		"Break",
		"Prep",
		"Scan",
		"Break",
		"Prep",
		"Scan",
		"Break",
		"Prep",
		"Scan",
		"Dead"
	],
	"start" : 15.401389122009277
}