{
	"data" : 
	[
		0.70144009590148926,
		0.50088119506835938,
		0.90199899673461914,
		0.049881711602210999,
		1.0523321628570557,
		3.1563084125518799,
		1.1022138595581055,
		9.4689254760742188,
		0.80154752731323242,
		5.8616175651550293,
		6.3628425598144531,
		1.8036539554595947,
		7.9157123565673828,
		2.4049866199493408,
		7.7154974937438965,
		3.0562009811401367,
		0.049881711602210999,
		11.473138809204102,
		35.520942687988281
	],
	"end" : 17.223054885864258,
	"labels" : 
	[
		"Prep",
		"Scan",
		"Break",
		"Prep",
		"Scan",
		"Break",
		"Prep",
		"Scan",
		"Break",
		"Scan",
		"Scan",
		"Break",
		"Scan",
		"Prep",
		"Scan",
		"Break",
		"Prep",
		"Scan",
		"Dead"
	],
	"start" : 16.669166564941406
}