{
	"data" : 
	[
		0.58215135335922241,
		0.45749646425247192,
		2.2043788433074951,
		9.4409332275390625,
		0.041694432497024536,
		1.1644455194473267,
		0.12479771673679352,
		13.433745384216309,
		0.083103284239768982,
		11.104569435119629,
		0.041694432497024536,
		0.91499292850494385,
		11.146121025085449,
		5.2820563316345215,
		0.12479771673679352,
		12.809758186340332,
		0.041551642119884491,
		11.14626407623291,
		19.755451202392578
	],
	"end" : 14.191389083862305,
	"labels" : 
	[
		"Prep",
		"Scan",
		"Break",
		"Scan",
		"Break",
		"Prep",
		"Break",
		"Scan",
		"Prep",
		"Scan",
		"Break",
		"Prep",
		"Scan",
		"Break",
		"Prep",
		"Scan",
		"Prep",
		"Scan",
		"Dead"
	],
	"start" : 13.524167060852051
}