{
	"data" : 
	[
		1.0660586357116699,
		1.5993494987487793,
		1.9036389589309692,
		1.2182034254074097,
		1.3703482151031494,
		0.60910171270370483,
		1.1423923969268799,
		1.2945371866226196,
		0.3806232213973999,
		1.2182034254074097,
		4.7970027923583984,
		6.472163200378418,
		4.6448583602905273,
		1.1418696641921997,
		8.2236576080322266,
		8.832758903503418,
		0.075810946524143219,
		1.0660586357116699,
		14.391007423400879,
		1.1423923969268799,
		5.8630614280700684,
		0.075810946524143219,
		7.690889835357666,
		0.075810946524143219,
		8.4521360397338867,
		0.7612464427947998,
		8.0709905624389648,
		0.76176929473876953,
		3.0455086231231689,
		0.68543547391891479,
		1.8273051977157593
	],
	"end" : 18.512777328491211,
	"labels" : 
	[
		"Prep",
		"Scan",
		"Break",
		"Prep",
		"Scan",
		"Break",
		"Prep",
		"Scan",
		"Break",
		"Prep",
		"Scan",
		"Scan",
		"Scan",
		"Prep",
		"Scan",
		"Scan",
		"Break",
		"Break",
		"Scan",
		"Prep",
		"Scan",
		"Break",
		"Scan",
		"Break",
		"Scan",
		"Prep",
		"Scan",
		"Prep",
		"Scan",
		"Prep",
		"Scan"
	],
	"start" : 18.148332595825195
}