{
	"data" : 
	[
		0.99275398254394531,
		1.6042442321777344,
		0.076042965054512024,
		1.2219318151473999,
		1.3750665187835693,
		1.1453644037246704,
		1.2984992265701294,
		3.5897524356842041,
		1.1458888053894043,
		6.7971920967102051,
		0.076567396521568298,
		9.2415800094604492,
		1.2219318151473999,
		1.2219318151473999,
		5.3466067314147949,
		8.0191240310668945,
		0.61096590757369995,
		9.3947153091430664,
		3.8184058666229248,
		1.2224560976028442,
		5.7278709411621094,
		0.076567396521568298,
		0.61096590757369995,
		1.7568546533584595,
		32.306720733642578
	],
	"end" : 18.148332595825195,
	"labels" : 
	[
		"Prep",
		"Scan",
		"Break",
		"Prep",
		"Scan",
		"Prep",
		"Scan",
		"Break",
		"Prep",
		"Scan",
		"Break",
		"Scan",
		"Break",
		"Prep",
		"Scan",
		"Scan",
		"Break",
		"Scan",
		"Break",
		"Prep",
		"Scan",
		"Break",
		"Prep",
		"Scan",
		"Dead"
	],
	"start" : 17.784999847412109
}