{
	"data" : 
	[
		0.50621438026428223,
		0.39772212505340576,
		0.90393650531768799,
		0.036122702062129974,
		0.75932151079177856,
		3.2901451587677002,
		0.79544425010681152,
		0.036122702062129974,
		4.8811578750610352,
		2.2055950164794922,
		4.7726655006408691,
		0.035998567938804626,
		3.6879913806915283,
		0.10849224030971527,
		4.6641731262207031,
		0.39772212505340576,
		3.1455299854278564,
		69.275650024414062
	],
	"end" : 16.669166564941406,
	"labels" : 
	[
		"Prep",
		"Scan",
		"Break",
		"Prep",
		"Scan",
		"Break",
		"Prep",
		"Break",
		"Scan",
		"Break",
		"Scan",
		"Prep",
		"Scan",
		"Prep",
		"Scan",
		"Break",
		"Scan",
		"Dead"
	],
	"start" : 15.901666641235352
}