{
	"data" : 
	[
		0.54080015420913696,
		0.049117617309093475,
		1.6224005222320557,
		2.8515224456787109,
		0.44239610433578491,
		0.39327853918075562,
		6.4896020889282227,
		0.049117617309093475,
		0.098404020071029663,
		0.34416088461875916,
		4.6703934669494629,
		1.1308867931365967,
		1.8190398216247559,
		8.0627155303955078,
		0.049117617309093475,
		1.0324827432632446,
		0.049117617309093475,
		0.39344730973243713,
		1.0816003084182739,
		2.1630318164825439,
		0.98336505889892578,
		1.8681573867797852,
		0.098404020071029663,
		20.894397735595703,
		0.14752164483070374,
		0.34416088461875916,
		3.195514440536499,
		0.049286406487226486,
		1.1798355579376221,
		0.24575687944889069,
		0.049286406487226486,
		22.12352180480957,
		15.388160705566406
	],
	"end" : 10.098889350891113,
	"labels" : 
	[
		"Prep",
		"Break",
		"Scan",
		"Break",
		"Prep",
		"Break",
		"Scan",
		"Break",
		"Break",
		"Break",
		"Scan",
		"Break",
		"Prep",
		"Scan",
		"Break",
		"Prep",
		"Break",
		"Break",
		"Scan",
		"Break",
		"Prep",
		"Break",
		"Prep",
		"Scan",
		"Prep",
		"Break",
		"Scan",
		"Break",
		"Prep",
		"Break",
		"Prep",
		"Scan",
		"Dead"
	],
	"start" : 9.5344448089599609
}