{
	"data" : 
	[
		0.69138354063034058,
		0.69138354063034058,
		2.1728227138519287,
		3.1110563278198242,
		0.049505636096000671,
		0.8395613431930542,
		8.2467575073242188,
		0.14817783236503601,
		14.715720176696777,
		0.39502784609794617,
		8.0494136810302734,
		0.04916655644774437,
		6.6666464805603027,
		54.073383331298828
	],
	"end" : 17.784999847412109,
	"labels" : 
	[
		"Prep",
		"Scan",
		"Break",
		"Scan",
		"Break",
		"Prep",
		"Scan",
		"Prep",
		"Scan",
		"Prep",
		"Scan",
		"Prep",
		"Scan",
		"Dead"
	],
	"start" : 17.223054885864258
}