{
	"data" : 
	[
		0.4667314887046814,
		0.46684595942497253,
		2.3341152667999268,
		0.033313430845737457,
		2.2341752052307129,
		0.033313430845737457,
		0.56678628921508789,
		0.03342791274189949,
		0.033313430845737457,
		4.6682305335998535,
		0.033313430845737457,
		1.0003187656402588,
		9.9366750717163086,
		0.30016434192657471,
		5.435126781463623,
		0.30004987120628357,
		4.7015442848205566,
		0.46684595942497253,
		0.56690073013305664,
		0.70015448331832886,
		0.03342791274189949,
		0.53347283601760864,
		0.56690073013305664,
		0.033313430845737457,
		0.50015938282012939,
		0.60021418333053589,
		1.1003735065460205,
		0.33347776532173157,
		2.234060525894165,
		0.033313430845737457,
		2.8675882816314697,
		0.03342791274189949,
		2.1673192977905273,
		1.067060112953186,
		0.46684595942497253,
		4.4013800621032715,
		0.03342791274189949,
		4.4681210517883301,
		0.033313430845737457,
		0.43353256583213806,
		4.8682255744934082,
		0.46684595942497253,
		2.234060525894165,
		0.03342791274189949,
		3.3677477836608887,
		0.033313430845737457,
		3.7679667472839355,
		0.33347776532173157,
		4.6682305335998535,
		0.033313430845737457,
		2.9676430225372314,
		0.33347776532173157,
		2.5341103076934814,
		0.03342791274189949,
		0.4667314887046814,
		3.4344890117645264,
		0.03342791274189949,
		0.50015938282012939,
		3.1010112762451172,
		10.436835289001465
	],
	"end" : 15.401389122009277,
	"labels" : 
	[
		"Prep",
		"Scan",
		"Break",
		"Prep",
		"Scan",
		"Break",
		"Prep",
		"Break",
		"Prep",
		"Scan",
		"Break",
		"Prep",
		"Scan",
		"Prep",
		"Scan",
		"Prep",
		"Scan",
		"Break",
		"Prep",
		"Scan",
		"Break",
		"Prep",
		"Scan",
		"Break",
		"Prep",
		"Scan",
		"Break",
		"Prep",
		"Scan",
		"Break",
		"Scan",
		"Prep",
		"Scan",
		"Break",
		"Prep",
		"Scan",
		"Break",
		"Scan",
		"Break",
		"Break",
		"Scan",
		"Prep",
		"Scan",
		"Prep",
		"Scan",
		"Prep",
		"Scan",
		"Prep",
		"Scan",
		"Break",
		"Scan",
		"Prep",
		"Scan",
		"Break",
		"Prep",
		"Scan",
		"Break",
		"Prep",
		"Scan",
		"Dead"
	],
	"start" : 14.569167137145996
}