{
	"data" : 
	[
		0.84819304943084717,
		0.84819304943084717,
		2.059748649597168,
		0.4846222996711731,
		3.8771862983703613,
		0.06073378399014473,
		1.0297704935073853,
		8.9056110382080078,
		0.060525789856910706,
		1.1510300636291504,
		17.993007659912109,
		0.060525789856910706,
		0.4846222996711731,
		9.8750638961791992,
		0.060525789856910706,
		8.663299560546875,
		0.24231114983558655,
		0.60567384958267212,
		1.4540749788284302,
		1.2115558385848999,
		1.9386972188949585,
		0.4846222996711731,
		4.2407574653625488,
		0.060525789856910706,
		6.543025016784668,
		0.060525789856910706,
		4.6043281555175781,
		0.78745925426483154,
		3.7561349868774414,
		17.447650909423828
	],
	"end" : 11.098333358764648,
	"labels" : 
	[
		"Prep",
		"Scan",
		"Break",
		"Prep",
		"Scan",
		"Break",
		"Prep",
		"Scan",
		"Break",
		"Prep",
		"Scan",
		"Break",
		"Prep",
		"Scan",
		"Prep",
		"Scan",
		"Prep",
		"Break",
		"Prep",
		"Scan",
		"Break",
		"Prep",
		"Scan",
		"Break",
		"Scan",
		"Break",
		"Scan",
		"Prep",
		"Scan",
		"Dead"
	],
	"start" : 10.640277862548828
}