{
	"data" : 
	[
		0.60512375831604004,
		1.9804394245147705,
		5.7760610580444336,
		0.05514860525727272,
		0.054959740489721298,
		1.9804394245147705,
		0.054959740489721298,
		1.3201669454574585,
		0.38509592413902283,
		0.38509592413902283,
		0.11010835319757462,
		5.7760610580444336,
		0.11010835319757462,
		10.451982498168945,
		0.44024452567100525,
		0.49501541256904602,
		8.9667482376098633,
		0.054959740489721298,
		0.55016404390335083,
		0.22002783417701721,
		0.054959740489721298,
		0.05514860525727272,
		0.054959740489721298,
		9.1318159103393555,
		0.054959740489721298,
		0.38509592413902283,
		18.978864669799805,
		0.44005566835403442,
		1.3753156661987305,
		0.1099194809794426,
		6.7664699554443359,
		22.719526290893555
	],
	"end" : 12.500555992126465,
	"labels" : 
	[
		"Prep",
		"Scan",
		"Break",
		"Prep",
		"Scan",
		"Break",
		"Prep",
		"Scan",
		"Break",
		"Prep",
		"Break",
		"Scan",
		"Break",
		"Scan",
		"Break",
		"Prep",
		"Scan",
		"Break",
		"Break",
		"Break",
		"Prep",
		"Break",
		"Prep",
		"Scan",
		"Prep",
		"Break",
		"Scan",
		"Prep",
		"Break",
		"Break",
		"Scan",
		"Dead"
	],
	"start" : 11.996110916137695
}