{
	"data" : 
	[
		1.3625622987747192,
		0.6290963888168335,
		2.7254843711853027,
		1.2578328847885132,
		1.362922191619873,
		1.4676516056060791,
		0.62873649597167969,
		4.5076842308044434,
		1.7821998596191406,
		4.9266018867492676,
		4.5076842308044434,
		0.10472943633794785,
		5.7655172348022461,
		0.31454819440841675,
		9.6441049575805664,
		0.31454819440841675,
		6.2895245552062988,
		52.308574676513672
	],
	"end" : 11.996110916137695,
	"labels" : 
	[
		"Prep",
		"Scan",
		"Break",
		"Scan",
		"Break",
		"Prep",
		"Scan",
		"Break",
		"Prep",
		"Scan",
		"Break",
		"Prep",
		"Scan",
		"Prep",
		"Scan",
		"Prep",
		"Scan",
		"Dead"
	],
	"start" : 11.731389045715332
}