{
	"data" : 
	[
		0.69588547945022583,
		0.74955654144287109,
		2.0878403186798096,
		0.37477827072143555,
		3.6941113471984863,
		2.4091310501098633,
		0.37477827072143555,
		11.242795944213867,
		1.7132457494735718,
		7.8699755668640137,
		9.2619304656982422,
		10.225436210632324,
		11.189309120178223,
		0.96368920803070068,
		0.32110720872879028,
		11.831707000732422,
		24.894723892211914
	],
	"end" : 13.018888473510742,
	"labels" : 
	[
		"Prep",
		"Scan",
		"Break",
		"Prep",
		"Scan",
		"Break",
		"Prep",
		"Scan",
		"Break",
		"Scan",
		"Scan",
		"Break",
		"Scan",
		"Prep",
		"Break",
		"Scan",
		"Dead"
	],
	"start" : 12.500555992126465
}