{
	"data" : 
	[
		1.3484117984771729,
		0.72620487213134766,
		0.72620487213134766,
		1.1411281824111938,
		4.3568730354309082,
		1.7636911869049072,
		4.8757944107055664,
		4.3568730354309082,
		0.10364179313182831,
		5.6019988059997559,
		0.10364179313182831,
		0.20763973891735077,
		9.0250272750854492,
		5.290717601776123,
		0.20763973891735077,
		4.979435920715332,
		55.085075378417969
	],
	"end" : 13.524167060852051,
	"labels" : 
	[
		"Prep",
		"Scan",
		"Break",
		"Scan",
		"Break",
		"Prep",
		"Scan",
		"Break",
		"Prep",
		"Scan",
		"Break",
		"Prep",
		"Scan",
		"Break",
		"Prep",
		"Scan",
		"Dead"
	],
	"start" : 13.256667137145996
}