{
	"data" : 
	[
		0.70303052663803101,
		0.75338250398635864,
		2.1096088886260986,
		3.1642410755157471,
		0.050179515033960342,
		0.85391396284103394,
		8.2872076034545898,
		2.5113899707794189,
		0.40178099274635315,
		14.615861892700195,
		0.4521329402923584,
		14.917112350463867,
		0.050179515033960342,
		0.40178099274635315,
		8.1870212554931641,
		1.3058744668960571,
		0.10035903006792068,
		8.2873802185058594,
		0.30142197012901306,
		0.050179515033960342,
		15.519954681396484,
		16.876008987426758
	],
	"end" : 9.0263891220092773,
	"labels" : 
	[
		"Prep",
		"Scan",
		"Break",
		"Scan",
		"Break",
		"Prep",
		"Scan",
		"Break",
		"Prep",
		"Scan",
		"Prep",
		"Scan",
		"Break",
		"Prep",
		"Scan",
		"Break",
		"Prep",
		"Scan",
		"Break",
		"Prep",
		"Scan",
		"Dead"
	],
	"start" : 8.4738893508911133
}