{
	"data" : 
	[
		1.4007612466812134,
		1.166766881942749,
		3.8512921333312988,
		2.6845252513885498,
		3.8512921333312988,
		3.3841047286987305,
		9.3365392684936523,
		4.0848855972290039,
		0.11659654974937439,
		15.988552093505859,
		0.35019031167030334,
		17.155719757080078,
		2.1007411479949951,
		12.95423698425293,
		21.473798751831055
	],
	"end" : 13.256667137145996,
	"labels" : 
	[
		"Prep",
		"Scan",
		"Break",
		"Scan",
		"Break",
		"Prep",
		"Scan",
		"Break",
		"Prep",
		"Scan",
		"Prep",
		"Scan",
		"Prep",
		"Scan",
		"Dead"
	],
	"start" : 13.018888473510742
}