{
	"data" : 
	[
		0.76471829414367676,
		1.0377516746520996,
		2.457862377166748,
		0.81928747892379761,
		3.1680116653442383,
		0.05456915870308876,
		5.8989071846008301,
		0.054756682366132736,
		5.8443379402160645,
		0.05456915870308876,
		5.0796194076538086,
		74.665611267089844
	],
	"end" : 9.5344448089599609,
	"labels" : 
	[
		"Prep",
		"Scan",
		"Break",
		"Prep",
		"Scan",
		"Break",
		"Scan",
		"Break",
		"Scan",
		"Prep",
		"Scan",
		"Dead"
	],
	"start" : 9.0263891220092773
}