{
	"data" : 
	[
		0.48218774795532227,
		1.2712359428405762,
		3.5944356918334961,
		0.39444887638092041,
		0.043944701552391052,
		0.30686044692993164,
		5.5231866836547852,
		0.35065463185310364,
		0.35065463185310364,
		0.30686044692993164,
		4.38348388671875,
		0.043794207274913788,
		1.4465632438659668,
		6.5315065383911133,
		0.043794207274913788,
		0.92058134078979492,
		0.043794207274913788,
		0.35065463185310364,
		1.797217845916748,
		0.13153311610221863,
		0.83284235000610352,
		2.1480228900909424,
		0.087588414549827576,
		0.17532731592655182,
		0.08773890882730484,
		37.917205810546875,
		0.43839353322982788,
		0.043794207274913788,
		0.35065463185310364,
		2.849332332611084,
		1.1397027969360352,
		2.0164897441864014,
		0.043794207274913788,
		7.1012825965881348,
		16.350439071655273
	],
	"end" : 11.731389045715332,
	"labels" : 
	[
		"Prep",
		"Scan",
		"Break",
		"Prep",
		"Break",
		"Break",
		"Scan",
		"Prep",
		"Break",
		"Break",
		"Scan",
		"Break",
		"Prep",
		"Scan",
		"Break",
		"Prep",
		"Break",
		"Break",
		"Scan",
		"Break",
		"Prep",
		"Break",
		"Prep",
		"Break",
		"Prep",
		"Scan",
		"Prep",
		"Break",
		"Break",
		"Scan",
		"Prep",
		"Break",
		"Prep",
		"Scan",
		"Dead"
	],
	"start" : 11.098333358764648
}