{
	"data" : 
	[
		0.71745926141738892,
		0.71763527393341064,
		2.5115475654602051,
		0.66642588376998901,
		0.051209378987550735,
		3.1779732704162598,
		0.10259474813938141,
		1.1788716316223145,
		8.3036632537841797,
		2.6653516292572021,
		0.10241875797510147,
		15.274650573730469,
		0.051209378987550735,
		0.35881763696670532,
		8.3548727035522461,
		0.051385357975959778,
		0.051209378987550735,
		6.2533516883850098,
		7.2272100448608398,
		7.2785954475402832,
		0.10241875797510147,
		0.41020300984382629,
		16.248332977294922,
		18.042596817016602
	],
	"end" : 10.640277862548828,
	"labels" : 
	[
		"Prep",
		"Scan",
		"Break",
		"Prep",
		"Break",
		"Scan",
		"Break",
		"Prep",
		"Scan",
		"Break",
		"Prep",
		"Scan",
		"Break",
		"Prep",
		"Scan",
		"Break",
		"Prep",
		"Scan",
		"Break",
		"Scan",
		"Break",
		"Prep",
		"Scan",
		"Dead"
	],
	"start" : 10.098889350891113
}