{
	"data" : 
	[
		0.19697195291519165,
		0.34021309018135071,
		1.862257719039917,
		0.161192387342453,
		1.8980374336242676,
		0.017951251938939095,
		1.8980374336242676,
		0.017951251938939095,
		1.8980374336242676,
		0.017951251938939095,
		1.8980374336242676,
		0.017951251938939095,
		1.8980374336242676,
		0.017951251938939095,
		0.42972344160079956,
		0.34021309018135071,
		0.34021309018135071,
		0.26859250664710999,
		86.380683898925781
	],
	"end" : 11.441944122314453,
	"labels" : 
	[
		"Prep",
		"Scan",
		"Break",
		"Prep",
		"Scan",
		"Break",
		"Scan",
		"Break",
		"Scan",
		"Break",
		"Scan",
		"Break",
		"Scan",
		"Break",
		"Prep",
		"Scan",
		"Prep",
		"Scan",
		"Dead"
	],
	"start" : 9.8922224044799805
}