{
	"data" : 
	[
		0.28303840756416321,
		0.60950040817260742,
		2.3729038238525391,
		0.30478760600090027,
		4.1144084930419922,
		0.043573115020990372,
		0.41360828280448914,
		6.7702755928039551,
		0.41360828280448914,
		3.4178361892700195,
		0.45710667967796326,
		0.021823927760124207,
		4.767481803894043,
		0.065322302281856537,
		5.3770570755004883,
		1.1973264217376709,
		0.065322302281856537,
		5.5293760299682617,
		0.17421773076057434,
		0.174142986536026,
		2.7865118980407715,
		0.065247565507888794,
		3.0042281150817871,
		0.021749189123511314,
		2.1769366264343262,
		0.021749189123511314,
		0.15239380300045013,
		2.2858321666717529,
		0.82721656560897827,
		2.1551876068115234,
		3.5484061241149902,
		46.281822204589844
	],
	"end" : 12.716666221618652,
	"labels" : 
	[
		"Prep",
		"Scan",
		"Break",
		"Prep",
		"Scan",
		"Break",
		"Prep",
		"Scan",
		"Prep",
		"Scan",
		"Break",
		"Prep",
		"Scan",
		"Prep",
		"Scan",
		"Break",
		"Prep",
		"Scan",
		"Break",
		"Prep",
		"Scan",
		"Prep",
		"Scan",
		"Prep",
		"Scan",
		"Break",
		"Prep",
		"Scan",
		"Break",
		"Scan",
		"Scan",
		"Dead"
	],
	"start" : 11.441944122314453
}