{
	"data" : 
	[
		0.34863793849945068,
		0.25353509187698364,
		0.031664680689573288,
		0.98247557878494263,
		1.6481956243515015,
		0.28519976139068604,
		0.22187040746212006,
		0.031664680689573288,
		0.98258447647094727,
		0.85570812225341797,
		0.28519976139068604,
		0.19020570814609528,
		0.98247557878494263,
		1.1726813316345215,
		0.31697326898574829,
		2.9475357532501221,
		3.708249568939209,
		0.31686446070671082,
		0.85581684112548828,
		0.69727587699890137,
		0.25353509187698364,
		5.5147686004638672,
		0.28530856966972351,
		0.25353509187698364,
		5.1977958679199219,
		0.50707018375396729,
		5.071136474609375,
		0.063329361379146576,
		0.03177349641919136,
		0.22176156938076019,
		0.03177349641919136,
		5.0076985359191895,
		0.094994038343429565,
		6.2754831314086914,
		0.34863793849945068,
		4.5956225395202637,
		0.03177349641919136,
		0.85570812225341797,
		0.69727587699890137,
		1.5846484899520874,
		0.19020570814609528,
		0.12676754593849182,
		1.6797515153884888,
		8.018671989440918,
		2.1234922409057617,
		8.018671989440918,
		25.703994750976562
	],
	"end" : 14.952500343322754,
	"labels" : 
	[
		"Prep",
		"Break",
		"Prep",
		"Scan",
		"Break",
		"Prep",
		"Break",
		"Prep",
		"Scan",
		"Break",
		"Prep",
		"Break",
		"Scan",
		"Break",
		"Prep",
		"Break",
		"Scan",
		"Prep",
		"Break",
		"Break",
		"Break",
		"Break",
		"Scan",
		"Break",
		"Prep",
		"Prep",
		"Scan",
		"Break",
		"Prep",
		"Break",
		"Prep",
		"Scan",
		"Break",
		"Scan",
		"Prep",
		"Scan",
		"Break",
		"Prep",
		"Break",
		"Scan",
		"Prep",
		"Break",
		"Prep",
		"Scan",
		"Prep",
		"Scan",
		"Dead"
	],
	"start" : 14.021111488342285
}