{
	"data" : 
	[
		0.84185916185379028,
		1.684131383895874,
		2.646373987197876,
		0.060088552534580231,
		11.42756175994873,
		1.443364143371582,
		1.0826263427734375,
		4.33050537109375,
		0.24056068062782288,
		1.804308295249939,
		18.704883575439453,
		0.18047213554382324,
		0.18047213554382324,
		0.42103284597396851,
		1.443364143371582,
		0.12038359045982361,
		15.216444969177246,
		0.12038359045982361,
		0.18047213554382324,
		14.915794372558594,
		0.48112136125564575,
		5.8339581489562988,
		1.0826263427734375,
		0.12038359045982361,
		15.336828231811523
	],
	"end" : 15.413888931274414,
	"labels" : 
	[
		"Prep",
		"Scan",
		"Break",
		"Prep",
		"Scan",
		"Break",
		"Prep",
		"Scan",
		"Break",
		"Prep",
		"Scan",
		"Break",
		"Prep",
		"Scan",
		"Break",
		"Prep",
		"Scan",
		"Break",
		"Prep",
		"Scan",
		"Prep",
		"Scan",
		"Break",
		"Prep",
		"Scan"
	],
	"start" : 14.952500343322754
}