{
	"data" : 
	[
		0.23687593638896942,
		0.42636585235595703,
		0.28426197171211243,
		0.12632660567760468,
		2.605689525604248,
		0.4105885922908783,
		0.3632025420665741,
		3.6005792617797852,
		2.037165641784668,
		0.47375187277793884,
		3.2215452194213867,
		3.3794806003570557,
		0.015831489115953445,
		0.063163302838802338,
		0.20526717603206635,
		0.6790732741355896,
		0.12632660567760468,
		0.015777271240949631,
		0.82123136520385742,
		0.22104445099830627,
		0.031608760356903076,
		1.9740023612976074,
		0.28426197171211243,
		1.0580531358718872,
		0.015777271240949631,
		0.031608760356903076,
		1.7212948799133301,
		1.7529036998748779,
		0.37903404235839844,
		2.8109567165374756,
		1.0422757863998413,
		1.6581315994262695,
		0.094772063195705414,
		0.015777271240949631,
		4.200657844543457,
		0.12638083100318909,
		0.047331813722848892,
		0.078994788229465485,
		4.200657844543457,
		0.015777271240949631,
		0.063163302838802338,
		3.2373766899108887,
		0.6316872239112854,
		0.031554542481899261,
		2.4951403141021729,
		52.587272644042969
	],
	"end" : 9.8922224044799805,
	"labels" : 
	[
		"Prep",
		"Scan",
		"Break",
		"Prep",
		"Scan",
		"Break",
		"Prep",
		"Scan",
		"Break",
		"Prep",
		"Scan",
		"Break",
		"Prep",
		"Break",
		"Prep",
		"Scan",
		"Break",
		"Prep",
		"Scan",
		"Prep",
		"Break",
		"Scan",
		"Prep",
		"Scan",
		"Break",
		"Prep",
		"Scan",
		"Break",
		"Prep",
		"Scan",
		"Break",
		"Prep",
		"Break",
		"Prep",
		"Scan",
		"Break",
		"Prep",
		"Break",
		"Scan",
		"Break",
		"Prep",
		"Scan",
		"Break",
		"Prep",
		"Scan",
		"Dead"
	],
	"start" : 8.1350002288818359
}