{
	"data" : 
	[
		0.23400881886482239,
		0.6595192551612854,
		1.2338780164718628,
		0.19142855703830719,
		0.65944623947143555,
		0.55310511589050293,
		0.19150160253047943,
		0.68077290058135986,
		0.42543736100196838,
		0.23400881886482239,
		0.042580258101224899,
		0.021253610029816628,
		2.9144468307495117,
		0.021253610029816628,
		0.36167654395103455,
		2.4038491249084473,
		0.23400881886482239,
		0.19150160253047943,
		2.9570271968841553,
		0.38285711407661438,
		2.4039220809936523,
		0.23400881886482239,
		0.21275520324707031,
		1.5742278099060059,
		0.021253610029816628,
		0.23400881886482239,
		0.19150160253047943,
		0.021253610029816628,
		3.3398842811584473,
		0.021326646208763123,
		0.021253610029816628,
		3.127202033996582,
		0.042507220059633255,
		3.8079750537872314,
		0.021253610029816628,
		1.999738335609436,
		0.21268215775489807,
		0.53185153007507324,
		2.8506131172180176,
		0.021326646208763123,
		0.042507220059633255,
		3.3824646472930908,
		0.063833862543106079,
		3.8079750537872314,
		7.0840253829956055,
		0.19142855703830719,
		3.7867214679718018,
		0.021253610029816628,
		0.085087478160858154,
		3.8079750537872314,
		0.085087478160858154,
		3.9143161773681641,
		0.10634107887744904,
		2.9357006549835205,
		1.2551316022872925,
		0.021326646208763123,
		2.9357006549835205,
		30.889017105102539
	],
	"end" : 14.021111488342285,
	"labels" : 
	[
		"Prep",
		"Scan",
		"Break",
		"Prep",
		"Scan",
		"Break",
		"Prep",
		"Scan",
		"Break",
		"Prep",
		"Break",
		"Prep",
		"Scan",
		"Break",
		"Prep",
		"Scan",
		"Break",
		"Prep",
		"Scan",
		"Prep",
		"Scan",
		"Break",
		"Prep",
		"Scan",
		"Break",
		"Prep",
		"Break",
		"Prep",
		"Scan",
		"Break",
		"Prep",
		"Scan",
		"Prep",
		"Scan",
		"Break",
		"Scan",
		"Break",
		"Prep",
		"Scan",
		"Break",
		"Prep",
		"Scan",
		"Prep",
		"Scan",
		"Break",
		"Prep",
		"Scan",
		"Break",
		"Prep",
		"Scan",
		"Prep",
		"Scan",
		"Prep",
		"Scan",
		"Break",
		"Prep",
		"Scan",
		"Dead"
	],
	"start" : 12.716666221618652
}