{
	"data" : 
	[
		0.55294287204742432,
		0.42518341541290283,
		0.68055629730224609,
		0.85051292181015015,
		3.4023432731628418,
		0.55279684066772461,
		6.5494604110717773,
		0.68041032552719116,
		8.293121337890625,
		0.042635150253772736,
		0.084978282451629639,
		9.441349983215332,
		0.085124291479587555,
		9.2287588119506836,
		0.084978282451629639,
		0.12761342525482178,
		8.3780994415283203,
		0.085124291479587555,
		8.633326530456543,
		5.2736177444458008,
		0.12746742367744446,
		8.6334724426269531,
		27.686128616333008
	],
	"end" : 11.839166641235352,
	"labels" : 
	[
		"Prep",
		"Scan",
		"Break",
		"Scan",
		"Break",
		"Prep",
		"Scan",
		"Prep",
		"Scan",
		"Break",
		"Prep",
		"Scan",
		"Prep",
		"Scan",
		"Break",
		"Prep",
		"Scan",
		"Prep",
		"Scan",
		"Break",
		"Prep",
		"Scan",
		"Dead"
	],
	"start" : 11.186666488647461
}