{
	"data" : 
	[
		2.3586311340332031,
		1.6842408180236816,
		2.6952481269836426,
		0.16888678073883057,
		3.8751418590545654,
		4.0428719520568848,
		0.50550359487533569,
		22.068643569946289,
		0.16888678073883057,
		2.6952481269836426,
		23.921772003173828,
		0.50550359487533569,
		18.531274795532227,
		0.16773001849651337,
		2.1909012794494629,
		14.319516181945801
	],
	"end" : 19.121389389038086,
	"labels" : 
	[
		"Prep",
		"Scan",
		"Break",
		"Prep",
		"Scan",
		"Break",
		"Prep",
		"Scan",
		"Break",
		"Prep",
		"Scan",
		"Prep",
		"Scan",
		"Break",
		"Prep",
		"Scan"
	],
	"start" : 18.956666946411133
}