{
	"data" : 
	[
		0.81813722848892212,
		0.88077181577682495,
		1.698477029800415,
		1.0064729452133179,
		0.56630301475524902,
		0.31446880102157593,
		0.88077181577682495,
		5.5360336303710938,
		0.062634587287902832,
		0.56630301475524902,
		11.38653564453125,
		76.183090209960938
	],
	"end" : 17.832500457763672,
	"labels" : 
	[
		"Prep",
		"Scan",
		"Break",
		"Prep",
		"Scan",
		"Break",
		"Prep",
		"Scan",
		"Break",
		"Prep",
		"Scan",
		"Dead"
	],
	"start" : 17.391387939453125
}