{
	"data" : 
	[
		0.4220728874206543,
		0.33169522881507874,
		1.0253150463104248,
		0.4220728874206543,
		6.6037788391113281,
		0.54278343915939331,
		1.175944447517395,
		1.2966550588607788,
		0.42217639088630676,
		5.337249755859375,
		0.96485632658004761,
		0.21108819544315338,
		5.518211841583252,
		0.99508571624755859,
		0.060251753777265549,
		0.03022940456867218,
		5.367375373840332,
		0.27133995294570923,
		0.15083643794059753,
		6.6338014602661133,
		0.03022940456867218,
		0.15073291957378387,
		6.6640310287475586,
		1.2362998723983765,
		6.4830684661865234,
		1.1156927347183228,
		6.4831719398498535,
		2.5932066440582275,
		0.81412345170974731,
		6.5132980346679688,
		0.030125876888632774,
		0.15073291957378387,
		6.5132980346679688,
		0.030125876888632774,
		0.15083643794059753,
		6.6338014602661133,
		0.03022940456867218,
		0.15073291957378387,
		6.6339049339294434,
		9.7095394134521484
	],
	"end" : 14.130000114440918,
	"labels" : 
	[
		"Prep",
		"Scan",
		"Break",
		"Prep",
		"Scan",
		"Prep",
		"Scan",
		"Break",
		"Prep",
		"Scan",
		"Prep",
		"Break",
		"Scan",
		"Prep",
		"Break",
		"Prep",
		"Scan",
		"Break",
		"Prep",
		"Scan",
		"Break",
		"Prep",
		"Scan",
		"Prep",
		"Scan",
		"Prep",
		"Scan",
		"Break",
		"Prep",
		"Scan",
		"Break",
		"Prep",
		"Scan",
		"Break",
		"Prep",
		"Scan",
		"Break",
		"Prep",
		"Scan",
		"Dead"
	],
	"start" : 13.209722518920898
}