{
	"data" : 
	[
		0.29864764213562012,
		0.32168123126029968,
		0.66631710529327393,
		0.34463590383529663,
		1.6772700548171997,
		0.39054527878761292,
		3.8600170612335205,
		0.022954691201448441,
		0.78124833106994629,
		6.846808910369873,
		0.20682886242866516,
		3.745006799697876,
		0.068942956626415253,
		3.2627213001251221,
		0.32168123126029968,
		0.068785190582275391,
		7.8579192161560059,
		69.157989501953125
	],
	"end" : 17.034444808959961,
	"labels" : 
	[
		"Prep",
		"Scan",
		"Break",
		"Prep",
		"Scan",
		"Prep",
		"Scan",
		"Break",
		"Prep",
		"Scan",
		"Prep",
		"Scan",
		"Prep",
		"Scan",
		"Prep",
		"Break",
		"Scan",
		"Dead"
	],
	"start" : 15.826666831970215
}