{
	"data" : 
	[
		0.99074083566665649,
		1.0668710470199585,
		7.9248800277709961,
		0.60956591367721558,
		5.6388769149780273,
		1.3716540336608887,
		12.80193042755127,
		2.362133264541626,
		22.708030700683594,
		0.68569624423980713,
		12.420755386352539,
		0.22865261137485504,
		10.820710182189941,
		20.269504547119141
	],
	"end" : 15.826666831970215,
	"labels" : 
	[
		"Prep",
		"Scan",
		"Break",
		"Prep",
		"Scan",
		"Prep",
		"Scan",
		"Prep",
		"Scan",
		"Prep",
		"Scan",
		"Prep",
		"Scan",
		"Dead"
	],
	"start" : 15.462499618530273
}