{
	"data" : 
	[
		0.98706471920013428,
		1.4099196195602417,
		3.3840489387512207,
		0.49353235960006714,
		7.2616300582885742,
		0.070677511394023895,
		0.070435471832752228,
		0.070435471832752228,
		8.7422275543212891,
		6.0630168914794922,
		0.91662931442260742,
		11.209647178649902,
		10.645679473876953,
		7.190953254699707,
		0.070677511394023895,
		0.070435471832752228,
		8.1780176162719727,
		0.070677511394023895,
		10.645437240600586,
		22.348857879638672
	],
	"end" : 15.462499618530273,
	"labels" : 
	[
		"Prep",
		"Scan",
		"Break",
		"Prep",
		"Scan",
		"Break",
		"Break",
		"Prep",
		"Scan",
		"Scan",
		"Prep",
		"Scan",
		"Scan",
		"Break",
		"Break",
		"Prep",
		"Scan",
		"Break",
		"Scan",
		"Dead"
	],
	"start" : 15.068888664245605
}