{
	"data" : 
	[
		0.64764159917831421,
		0.69759178161621094,
		3.1887710094451904,
		0.39857500791549683,
		3.1391632556915283,
		0.049779105931520462,
		0.84692913293838501,
		8.2710304260253906,
		0.049950171262025833,
		1.5943000316619873,
		14.848031044006348,
		0.39857500791549683,
		0.049950171262025833,
		8.7193841934204102,
		0.39857500791549683,
		8.9686222076416016,
		3.3880584239959717,
		0.099729277193546295,
		8.9188423156738281,
		0.4483540952205658,
		14.499235153198242,
		20.278913497924805
	],
	"end" : 15.068888664245605,
	"labels" : 
	[
		"Prep",
		"Scan",
		"Break",
		"Prep",
		"Scan",
		"Break",
		"Prep",
		"Scan",
		"Break",
		"Prep",
		"Scan",
		"Prep",
		"Break",
		"Scan",
		"Prep",
		"Scan",
		"Break",
		"Prep",
		"Scan",
		"Prep",
		"Scan",
		"Dead"
	],
	"start" : 14.511944770812988
}