{
	"data" : 
	[
		0.53371196985244751,
		0.28743758797645569,
		0.24641536176204681,
		0.04102223739027977,
		0.45166751742362976,
		1.437047004699707,
		1.0675649642944336,
		5.8716778755187988,
		1.683462381362915,
		0.082185447216033936,
		4.7219271659851074,
		0.04102223739027977,
		0.041163206100463867,
		4.3523039817810059,
		0.041163206100463867,
		0.08204447478055954,
		4.0650076866149902,
		74.853179931640625
	],
	"end" : 11.186666488647461,
	"labels" : 
	[
		"Prep",
		"Scan",
		"Break",
		"Prep",
		"Scan",
		"Break",
		"Prep",
		"Scan",
		"Break",
		"Prep",
		"Scan",
		"Break",
		"Prep",
		"Scan",
		"Break",
		"Prep",
		"Scan",
		"Dead"
	],
	"start" : 10.510833740234375
}