{
	"data" : 
	[
		0.45126441121101379,
		0.45110949873924255,
		0.27078965306282043,
		0.36094960570335388,
		0.81221401691436768,
		2.6171169281005859,
		1.1280837059020996,
		1.0828486680984497,
		1.0830037593841553,
		10.017047882080078,
		0.045079968869686127,
		0.090314850211143494,
		0.72189921140670776,
		0.58665931224822998,
		0.13523991405963898,
		0.13539482653141022,
		0.45126441121101379,
		0.045079968869686127,
		9.5207033157348633,
		0.36094960570335388,
		0.722054123878479,
		7.3999309539794922,
		0.045234885066747665,
		8.2121458053588867,
		0.045079968869686127,
		0.090314850211143494,
		9.4756231307983398,
		0.045079968869686127,
		0.63173925876617432,
		0.40602955222129822,
		8.7537250518798828,
		5.0986838340759277,
		0.13539482653141022,
		8.7537250518798828,
		19.718227386474609
	],
	"end" : 12.454166412353516,
	"labels" : 
	[
		"Prep",
		"Scan",
		"Break",
		"Prep",
		"Scan",
		"Break",
		"Prep",
		"Break",
		"Prep",
		"Scan",
		"Break",
		"Prep",
		"Break",
		"Scan",
		"Break",
		"Prep",
		"Break",
		"Prep",
		"Scan",
		"Prep",
		"Break",
		"Scan",
		"Prep",
		"Scan",
		"Break",
		"Prep",
		"Scan",
		"Break",
		"Prep",
		"Break",
		"Scan",
		"Break",
		"Prep",
		"Scan",
		"Dead"
	],
	"start" : 11.839166641235352
}