{
	"data" : 
	[
		0.78931629657745361,
		0.78931629657745361,
		3.1570718288421631,
		0.056324440985918045,
		4.284721851348877,
		1.2966234683990479,
		9.414891242980957,
		1.8041238784790039,
		16.800359725952148,
		0.50730705261230469,
		8.7949352264404297,
		0.056324440985918045,
		0.11264888197183609,
		9.2459173202514648,
		3.8900637626647949,
		0.056324440985918045,
		9.2457237243652344,
		0.056517988443374634,
		0.50730705261230469,
		16.405702590942383,
		12.628480911254883
	],
	"end" : 12.946389198303223,
	"labels" : 
	[
		"Prep",
		"Scan",
		"Break",
		"Prep",
		"Scan",
		"Prep",
		"Scan",
		"Prep",
		"Scan",
		"Prep",
		"Scan",
		"Break",
		"Prep",
		"Scan",
		"Break",
		"Prep",
		"Scan",
		"Break",
		"Prep",
		"Scan",
		"Dead"
	],
	"start" : 12.454166412353516
}