{
	"data" : 
	[
		1.0105252265930176,
		1.088463306427002,
		3.0321094989776611,
		0.077404201030731201,
		5.6755967140197754,
		0.077404201030731201,
		1.3217434883117676,
		12.983087539672852,
		2.3322687149047852,
		23.167879104614258,
		0.69984078407287598,
		12.671869277954102,
		0.23328025639057159,
		11.039441108703613,
		24.489089965820312
	],
	"end" : 17.391387939453125,
	"labels" : 
	[
		"Prep",
		"Scan",
		"Break",
		"Prep",
		"Scan",
		"Break",
		"Prep",
		"Scan",
		"Prep",
		"Scan",
		"Prep",
		"Scan",
		"Prep",
		"Scan",
		"Dead"
	],
	"start" : 17.034444808959961
}