{
	"data" : 
	[
		1.8594766855239868,
		2.7898988723754883,
		3.5866873264312744,
		0.13317811489105225,
		2.7894430160522461,
		2.9226210117340088,
		1.727210521697998,
		13.815860748291016,
		0.13272202014923096,
		16.871660232543945,
		0.13272202014923096,
		11.42458438873291,
		1.0631444454193115,
		17.402547836303711,
		23.248247146606445
	],
	"end" : 10.329444885253906,
	"labels" : 
	[
		"Prep",
		"Scan",
		"Break",
		"Prep",
		"Scan",
		"Break",
		"Prep",
		"Scan",
		"Break",
		"Scan",
		"Break",
		"Scan",
		"Prep",
		"Scan",
		"Dead"
	],
	"start" : 10.120555877685547
}