{
	"data" : 
	[
		1.0172140598297119,
		1.0169646739959717,
		4.5046272277832031,
		1.0172140598297119,
		5.1584076881408691,
		0.072836317121982574,
		1.23497474193573,
		12.133234024047852,
		3.5602493286132812,
		21.651094436645508,
		0.65378081798553467,
		11.842637062072754,
		0.2180100679397583,
		10.970846176147461,
		24.847909927368164
	],
	"end" : 14.511944770812988,
	"labels" : 
	[
		"Prep",
		"Scan",
		"Break",
		"Prep",
		"Scan",
		"Break",
		"Prep",
		"Scan",
		"Prep",
		"Scan",
		"Prep",
		"Scan",
		"Prep",
		"Scan",
		"Dead"
	],
	"start" : 14.130000114440918
}