{
	"data" : 
	[
		0.34560671448707581,
		0.34560671448707581,
		0.74053740501403809,
		0.024577230215072632,
		1.7526108026504517,
		0.024746730923652649,
		0.41967740654945374,
		4.0976176261901855,
		0.024746730923652649,
		0.74053740501403809,
		7.3560500144958496,
		0.2222120612859726,
		3.8508284091949463,
		0.074070684611797333,
		0.074070684611797333,
		3.8262512683868408,
		0.024577230215072632,
		0.19746533036231995,
		4.4927177429199219,
		71.265495300292969
	],
	"end" : 18.956666946411133,
	"labels" : 
	[
		"Prep",
		"Scan",
		"Break",
		"Prep",
		"Scan",
		"Break",
		"Prep",
		"Scan",
		"Break",
		"Prep",
		"Scan",
		"Prep",
		"Scan",
		"Break",
		"Prep",
		"Scan",
		"Break",
		"Prep",
		"Scan",
		"Dead"
	],
	"start" : 17.832500457763672
}