{
	"data" : 
	[
		1.4750287532806396,
		2.2130858898162842,
		3.7937579154968262,
		1.6859538555145264,
		10.432653427124023,
		12.645739555358887,
		0.10528166592121124,
		8.9572629928588867,
		0.10528166592121124,
		1.3701088428497314,
		10.959423065185547,
		1.5806722640991211,
		10.959423065185547,
		33.616329193115234
	],
	"end" : 13.209722518920898,
	"labels" : 
	[
		"Prep",
		"Scan",
		"Break",
		"Prep",
		"Scan",
		"Scan",
		"Prep",
		"Scan",
		"Break",
		"Prep",
		"Scan",
		"Prep",
		"Scan",
		"Dead"
	],
	"start" : 12.946389198303223
}