{
	"data" : 
	[
		1.9885457754135132,
		0.91811352968215942,
		0.91758835315704346,
		0.15336909890174866,
		1.5294890403747559,
		3.3657159805297852,
		17.746694564819336,
		0.15284384787082672,
		2.6009716987609863,
		16.216154098510742,
		0.30621293187141418,
		15.145723342895508,
		0.15284384787082672,
		0.30621293187141418,
		21.723785400390625,
		16.675735473632812
	],
	"end" : 10.510833740234375,
	"labels" : 
	[
		"Prep",
		"Scan",
		"Break",
		"Prep",
		"Scan",
		"Break",
		"Scan",
		"Break",
		"Prep",
		"Scan",
		"Prep",
		"Scan",
		"Break",
		"Prep",
		"Scan",
		"Dead"
	],
	"start" : 10.329444885253906
}