{
	"data" : 
	[
		0.75644576549530029,
		0.75644576549530029,
		3.0255978107452393,
		0.053978841751813889,
		4.7006111145019531,
		0.053978841751813889,
		0.91856783628463745,
		8.860692024230957,
		0.053978841751813889,
		1.6210348606109619,
		16.04655647277832,
		0.053978841751813889,
		0.43238723278045654,
		9.5089950561523438,
		0.16212202608585358,
		8.6987552642822266,
		44.195873260498047
	],
	"end" : 11.862222671508789,
	"labels" : 
	[
		"Prep",
		"Scan",
		"Break",
		"Break",
		"Scan",
		"Break",
		"Prep",
		"Scan",
		"Break",
		"Prep",
		"Scan",
		"Break",
		"Prep",
		"Scan",
		"Prep",
		"Scan",
		"Dead"
	],
	"start" : 11.348610877990723
}