{
	"data" : 
	[
		0.77681547403335571,
		0.72507524490356445,
		2.3304464817047119,
		0.72507524490356445,
		3.9877357482910156,
		0.880473792552948,
		8.7003688812255859,
		0.051918089389801025,
		1.5536309480667114,
		15.381088256835938,
		0.051740285009145737,
		0.41445568203926086,
		8.2860918045043945,
		0.051740285009145737,
		0.10365837067365646,
		6.6807198524475098,
		6.1627836227416992,
		0.36253762245178223,
		6.6807198524475098,
		0.051740285009145737,
		0.46619600057601929,
		15.018551826477051,
		20.456438064575195
	],
	"end" : 13.333333015441895,
	"labels" : 
	[
		"Prep",
		"Scan",
		"Break",
		"Prep",
		"Scan",
		"Prep",
		"Scan",
		"Break",
		"Prep",
		"Scan",
		"Break",
		"Prep",
		"Scan",
		"Break",
		"Prep",
		"Scan",
		"Break",
		"Break",
		"Scan",
		"Break",
		"Prep",
		"Scan",
		"Dead"
	],
	"start" : 12.797499656677246
}