{
	"data" : 
	[
		0.62593042850494385,
		0.49190115928649902,
		1.0286322832107544,
		2.1016340255737305,
		3.8905329704284668,
		1.6545628309249878,
		8.2281370162963867,
		0.044676419347524643,
		5.2767300605773926,
		0.044676419347524643,
		5.9028143882751465,
		0.13418278098106384,
		10.598136901855469,
		0.044829942286014557,
		2.1016340255737305,
		8.1834611892700195,
		1.4757035970687866,
		0.35771837830543518,
		0.40239483118057251,
		0.49190115928649902,
		0.044829942286014557,
		0.22353561222553253,
		0.26836556196212769,
		5.9026603698730469,
		0.044829942286014557,
		0.31304198503494263,
		0.58125406503677368,
		7.7809128761291504,
		0.044829942286014557,
		0.089352838695049286,
		8.1387844085693359,
		3.4431548118591309,
		0.089506357908248901,
		8.1386308670043945,
		11.716121673583984
	],
	"end" : 8.994166374206543,
	"labels" : 
	[
		"Prep",
		"Scan",
		"Break",
		"Scan",
		"Break",
		"Prep",
		"Scan",
		"Prep",
		"Scan",
		"Break",
		"Scan",
		"Break",
		"Scan",
		"Break",
		"Prep",
		"Scan",
		"Prep",
		"Break",
		"Prep",
		"Break",
		"Prep",
		"Break",
		"Break",
		"Scan",
		"Break",
		"Prep",
		"Break",
		"Scan",
		"Break",
		"Prep",
		"Scan",
		"Break",
		"Prep",
		"Scan",
		"Dead"
	],
	"start" : 8.3736114501953125
}