{
	"data" : 
	[
		0.64143449068069458,
		0.64159178733825684,
		1.6497625112533569,
		0.68737488985061646,
		3.3453080654144287,
		0.045783035457134247,
		0.7790982723236084,
		7.6986298561096191,
		0.7790982723236084,
		1.1456772089004517,
		13.65593147277832,
		0.41251930594444275,
		7.4695577621459961,
		0.045783035457134247,
		6.5073270797729492,
		18.009408950805664,
		6.5988931655883789,
		0.045940365642309189,
		0.41236197948455811,
		13.335291862487793,
		15.993226051330566
	],
	"end" : 12.467778205871582,
	"labels" : 
	[
		"Prep",
		"Scan",
		"Break",
		"Prep",
		"Scan",
		"Break",
		"Prep",
		"Scan",
		"Break",
		"Prep",
		"Scan",
		"Prep",
		"Scan",
		"Prep",
		"Scan",
		"Break",
		"Scan",
		"Break",
		"Prep",
		"Scan",
		"Dead"
	],
	"start" : 11.862222671508789
}