{
	"data" : 
	[
		0.84141403436660767,
		0.84170299768447876,
		1.0939538478851318,
		0.67353570461273193,
		1.5149497985839844,
		4.4604768753051758,
		2.5248198509216309,
		14.81258487701416,
		0.33662340044975281,
		0.58916318416595459,
		0.16816723346710205,
		12.624388694763184,
		0.084083616733551025,
		0.16845618188381195,
		0.50479060411453247,
		10.772815704345703,
		0.084083616733551025,
		0.16845618188381195,
		13.045096397399902,
		34.590438842773438
	],
	"end" : 12.797499656677246,
	"labels" : 
	[
		"Prep",
		"Scan",
		"Break",
		"Prep",
		"Scan",
		"Break",
		"Prep",
		"Scan",
		"Break",
		"Prep",
		"Break",
		"Scan",
		"Break",
		"Prep",
		"Break",
		"Scan",
		"Break",
		"Prep",
		"Scan",
		"Dead"
	],
	"start" : 12.467778205871582
}