{
	"data" : 
	[
		0.64753204584121704,
		0.50875252485275269,
		1.3412710428237915,
		0.64753204584121704,
		0.50875252485275269,
		1.1562845706939697,
		0.6473732590675354,
		0.36997294425964355,
		10.637596130371094,
		1.3874779939651489,
		0.13877955079078674,
		14.846237182617188,
		0.092413842678070068,
		11.099982261657715,
		1.0175050497055054,
		13.412551879882812,
		3.7000470161437988,
		0.92493236064910889,
		14.245070457458496,
		0.36997294425964355,
		11.053775787353516,
		11.14618968963623
	],
	"end" : 9.5941667556762695,
	"labels" : 
	[
		"Prep",
		"Scan",
		"Break",
		"Prep",
		"Scan",
		"Break",
		"Prep",
		"Break",
		"Scan",
		"Prep",
		"Break",
		"Scan",
		"Prep",
		"Scan",
		"Prep",
		"Scan",
		"Break",
		"Prep",
		"Scan",
		"Prep",
		"Scan",
		"Dead"
	],
	"start" : 8.994166374206543
}