{
	"data" : 
	[
		0.58681416511535645,
		0.54785436391830444,
		1.8391678333282471,
		0.039228416979312897,
		0.58681416511535645,
		0.66527098417282104,
		0.7042306661605835,
		1.1349372863769531,
		0.58681416511535645,
		0.70449936389923096,
		0.66527098417282104,
		3.4042744636535645,
		0.038959730416536331,
		0.66527098417282104,
		5.7523369789123535,
		0.11741656064987183,
		0.74345910549163818,
		11.660780906677246,
		0.039228416979312897,
		0.31302127242088318,
		11.386988639831543,
		0.58681416511535645,
		2.3870222568511963,
		0.039228416979312897,
		4.6563591957092285,
		0.27406153082847595,
		5.2826709747314453,
		0.58681416511535645,
		4.030585765838623,
		0.038959730416536331,
		0.078188143670558929,
		7.5130476951599121,
		0.039228416979312897,
		0.078188143670558929,
		6.1827750205993652,
		1.2520850896835327,
		7.5912365913391113,
		0.39147812128067017,
		0.66527098417282104,
		5.1260256767272949,
		0.039228416979312897,
		0.39120942354202271,
		5.2826709747314453,
		0.39120942354202271,
		4.8130044937133789
	],
	"end" : 18.185832977294922,
	"labels" : 
	[
		"Prep",
		"Scan",
		"Break",
		"Prep",
		"Break",
		"Prep",
		"Scan",
		"Break",
		"Prep",
		"Scan",
		"Prep",
		"Scan",
		"Break",
		"Prep",
		"Scan",
		"Break",
		"Prep",
		"Scan",
		"Break",
		"Prep",
		"Scan",
		"Prep",
		"Scan",
		"Break",
		"Scan",
		"Prep",
		"Scan",
		"Prep",
		"Scan",
		"Break",
		"Break",
		"Scan",
		"Prep",
		"Break",
		"Scan",
		"Prep",
		"Scan",
		"Break",
		"Prep",
		"Scan",
		"Break",
		"Prep",
		"Scan",
		"Prep",
		"Scan"
	],
	"start" : 17.476667404174805
}