{
	"data" : 
	[
		1.4736539125442505,
		2.2105710506439209,
		3.1581912040710449,
		1.7895271778106689,
		3.7895762920379639,
		2.210752010345459,
		0.10517063736915588,
		0.31587332487106323,
		0.10535134375095367,
		13.895355224609375,
		1.1579612493515015,
		0.21070268750190735,
		18.527019500732422,
		10.421650886535645,
		1.5790053606033325,
		14.000706672668457,
		0.10553205013275146,
		0.10517063736915588,
		0.10517063736915588,
		12.421700477600098,
		12.211359024047852
	],
	"end" : 8.2044448852539062,
	"labels" : 
	[
		"Prep",
		"Scan",
		"Break",
		"Prep",
		"Scan",
		"Break",
		"Prep",
		"Break",
		"Prep",
		"Scan",
		"Break",
		"Break",
		"Scan",
		"Scan",
		"Prep",
		"Scan",
		"Prep",
		"Break",
		"Prep",
		"Scan",
		"Dead"
	],
	"start" : 7.940833568572998
}