{
	"data" : 
	[
		1.1934037208557129,
		1.1934037208557129,
		3.2389874458312988,
		0.085452154278755188,
		6.3076562881469727,
		1.4491748809814453,
		14.234806060791016,
		0.084866859018802643,
		0.25577116012573242,
		25.316078186035156,
		0.085452154278755188,
		0.68186134099960327,
		14.916668891906738,
		0.085452154278755188,
		12.188636779785156,
		18.582330703735352
	],
	"end" : 17.015277862548828,
	"labels" : 
	[
		"Prep",
		"Scan",
		"Break",
		"Prep",
		"Scan",
		"Prep",
		"Scan",
		"Break",
		"Prep",
		"Scan",
		"Break",
		"Prep",
		"Scan",
		"Prep",
		"Scan",
		"Dead"
	],
	"start" : 16.689722061157227
}