{
	"data" : 
	[
		0.5360945463180542,
		0.53596311807632446,
		0.99567931890487671,
		0.53596311807632446,
		2.7952375411987305,
		0.038254909217357635,
		0.65099078416824341,
		6.4328718185424805,
		0.7275005578994751,
		11.410611152648926,
		0.34455710649490356,
		7.1986279487609863,
		0.30630218982696533,
		0.076641276478767395,
		5.9732871055603027,
		0.038254909217357635,
		0.95729297399520874,
		0.038254909217357635,
		0.038386370986700058,
		6.2413344383239746,
		0.038254909217357635,
		0.2680472731590271,
		5.8583908081054688,
		0.038386370986700058,
		5.4371929168701172,
		2.5654451847076416,
		5.437324047088623,
		0.34455710649490356,
		11.142563819885254,
		0.15315109491348267,
		6.2030797004699707,
		0.11489619314670563,
		0.2680472731590271,
		7.121985912322998,
		9.0365715026855469
	],
	"end" : 10.318888664245605,
	"labels" : 
	[
		"Prep",
		"Scan",
		"Break",
		"Prep",
		"Scan",
		"Break",
		"Prep",
		"Scan",
		"Prep",
		"Scan",
		"Prep",
		"Scan",
		"Prep",
		"Break",
		"Scan",
		"Prep",
		"Break",
		"Break",
		"Prep",
		"Scan",
		"Break",
		"Prep",
		"Scan",
		"Prep",
		"Scan",
		"Break",
		"Scan",
		"Prep",
		"Scan",
		"Prep",
		"Scan",
		"Prep",
		"Break",
		"Scan",
		"Dead"
	],
	"start" : 9.5941667556762695
}