{
	"data" : 
	[
		0.29319688677787781,
		0.47358998656272888,
		1.2853590250015259,
		0.315726637840271,
		2.5031285285949707,
		0.022529782727360725,
		0.022607205435633659,
		0.022529782727360725,
		2.8865220546722412,
		0.20292289555072784,
		2.7286586761474609,
		0.022529782727360725,
		0.45106020569801331,
		2.728581428527832,
		0.022607205435633659,
		1.9844015836715698,
		83.934051513671875
	],
	"end" : 15.115278244018555,
	"labels" : 
	[
		"Prep",
		"Scan",
		"Break",
		"Prep",
		"Scan",
		"Prep",
		"Break",
		"Prep",
		"Scan",
		"Prep",
		"Scan",
		"Break",
		"Prep",
		"Scan",
		"Break",
		"Scan",
		"Dead"
	],
	"start" : 13.884721755981445
}