{
	"data" : 
	[
		2.1322181224822998,
		0.98444730043411255,
		1.9683314561843872,
		1.8044445514678955,
		9.5144472122192383,
		4.7572236061096191,
		7.2172155380249023,
		0.32833683490753174,
		6.2333312034606934,
		0.32833683490753174,
		13.123335838317871,
		0.81999725103378296,
		0.32777366042137146,
		9.0222225189208984,
		41.338340759277344
	],
	"end" : 8.3736114501953125,
	"labels" : 
	[
		"Prep",
		"Scan",
		"Break",
		"Scan",
		"Break",
		"Prep",
		"Scan",
		"Prep",
		"Scan",
		"Prep",
		"Scan",
		"Break",
		"Prep",
		"Scan",
		"Dead"
	],
	"start" : 8.2044448852539062
}