{
	"data" : 
	[
		0.68960118293762207,
		1.114363431930542,
		1.9096087217330933,
		0.90198224782943726,
		1.114363431930542,
		1.5915834903717041,
		0.79560959339141846,
		1.1671854257583618,
		0.053186353296041489,
		4.2971663475036621,
		0.053186353296041489,
		8.594696044921875,
		5.8359270095825195,
		0.052822064608335495,
		0.74278748035430908,
		6.8439178466796875,
		0.053186353296041489,
		6.1543169021606445,
		0.052822064608335495,
		0.10637270659208298,
		0.052822064608335495,
		6.2075033187866211,
		2.9707856178283691,
		0.79597383737564087,
		1.6975919008255005,
		1.9631592035293579,
		0.052822064608335495,
		8.011103630065918,
		0.053186353296041489,
		7.6395273208618164,
		0.10637270659208298,
		8.965907096862793,
		0.053186353296041489,
		0.052822064608335495,
		6.2603254318237305,
		0.84879595041275024,
		5.7299189567565918,
		0.053186353296041489,
		0.47721999883651733,
		5.7831053733825684
	],
	"end" : 18.877500534057617,
	"labels" : 
	[
		"Prep",
		"Scan",
		"Break",
		"Prep",
		"Scan",
		"Break",
		"Prep",
		"Scan",
		"Prep",
		"Scan",
		"Prep",
		"Scan",
		"Scan",
		"Break",
		"Prep",
		"Scan",
		"Break",
		"Scan",
		"Break",
		"Break",
		"Break",
		"Scan",
		"Break",
		"Prep",
		"Scan",
		"Break",
		"Prep",
		"Scan",
		"Break",
		"Scan",
		"Break",
		"Scan",
		"Break",
		"Break",
		"Scan",
		"Prep",
		"Scan",
		"Break",
		"Prep",
		"Scan"
	],
	"start" : 18.35444450378418
}