{
	"data" : 
	[
		0.31134316325187683,
		1.1206430196762085,
		1.0273361206054688,
		0.31134316325187683,
		1.0896475315093994,
		1.1206430196762085,
		0.31134316325187683,
		6.3507375717163086,
		0.031209131702780724,
		0.90271341800689697,
		0.031209131702780724,
		0.84050893783569336,
		0.031102249398827553,
		0.21792952716350555,
		14.351498603820801,
		0.24903175234794617,
		0.24913863837718964,
		10.117636680603027,
		0.031102249398827553,
		0.5914771556854248,
		0.46696129441261292,
		0.031102249398827553,
		0.18682727217674255,
		0.031102249398827553,
		15.596763610839844,
		0.84050893783569336,
		0.90282034873962402,
		0.28024089336395264,
		3.5489699840545654,
		0.28013402223587036,
		0.87171810865402222,
		0.031102249398827553,
		0.031102249398827553,
		0.093413636088371277,
		0.28013402223587036,
		4.4517898559570312,
		0.24903175234794617,
		0.77830445766448975,
		0.28024089336395264,
		0.52916580438613892,
		6.537564754486084,
		0.24903175234794617,
		0.24913863837718964,
		7.627105712890625,
		0.031102249398827553,
		0.87171810865402222,
		0.031102249398827553,
		0.18682727217674255,
		0.031102249398827553,
		7.7828307151794434,
		1.0273361206054688,
		0.031102249398827553,
		0.031102249398827553,
		0.093413636088371277,
		2.926283597946167,
		0.093413636088371277,
		0.031209131702780724,
		0.12440899759531021,
		2.89518141746521
	],
	"end" : 16.031665802001953,
	"labels" : 
	[
		"Prep",
		"Scan",
		"Break",
		"Prep",
		"Scan",
		"Break",
		"Prep",
		"Scan",
		"Break",
		"Break",
		"Prep",
		"Break",
		"Prep",
		"Break",
		"Scan",
		"Prep",
		"Break",
		"Scan",
		"Prep",
		"Break",
		"Break",
		"Prep",
		"Break",
		"Prep",
		"Scan",
		"Break",
		"Prep",
		"Break",
		"Scan",
		"Break",
		"Prep",
		"Break",
		"Prep",
		"Break",
		"Break",
		"Scan",
		"Break",
		"Prep",
		"Break",
		"Scan",
		"Break",
		"Prep",
		"Break",
		"Scan",
		"Prep",
		"Break",
		"Prep",
		"Break",
		"Prep",
		"Scan",
		"Prep",
		"Break",
		"Prep",
		"Break",
		"Scan",
		"Prep",
		"Break",
		"Break",
		"Scan"
	],
	"start" : 15.140277862548828
}