{
	"data" : 
	[
		0.19363978505134583,
		0.035234704613685608,
		0.70415019989013672,
		0.36963200569152832,
		0.58091938495635986,
		0.51051038503646851,
		0.12323081493377686,
		0.7217373251914978,
		2.499730110168457,
		0.56327182054519653,
		0.10564368218183517,
		0.01758713461458683,
		0.33445775508880615,
		1.1618387699127197,
		0.24646162986755371,
		0.42251431941986084,
		0.12323081493377686,
		2.4996697902679443,
		0.035234704613685608,
		0.98578613996505737,
		2.200446605682373,
		0.01758713461458683,
		0.91537708044052124,
		3.960792064666748,
		0.01758713461458683,
		0.035234704613685608,
		1.1441911458969116,
		0.31687059998512268,
		0.052821841090917587,
		0.35210531949996948,
		0.087996110320091248,
		0.10564368218183517,
		0.73932445049285889,
		2.130037784576416,
		0.01758713461458683,
		1.1618387699127197,
		0.82738101482391357,
		0.15840509533882141,
		1.21466064453125,
		4.964165210723877,
		0.45768854022026062,
		2.587726354598999,
		0.15846551954746246,
		0.51044994592666626,
		0.26404875516891479,
		10.17485237121582,
		0.052821841090917587,
		0.40486672520637512,
		0.017647571861743927,
		0.070408977568149567,
		0.26404875516891479,
		0.15840509533882141,
		0.28163591027259827,
		0.28169631958007812,
		0.01758713461458683,
		0.01758713461458683,
		0.26404875516891479,
		0.28169631958007812,
		0.01758713461458683,
		0.35204488039016724,
		0.26404875516891479,
		0.017647571861743927,
		0.54568463563919067,
		0.12323081493377686,
		0.22887450456619263,
		0.21122691035270691,
		0.14081795513629913,
		2.5349044799804688,
		0.035234704613685608,
		0.36963200569152832,
		0.22887450456619263,
		0.15840509533882141,
		0.15846551954746246,
		0.01758713461458683,
		0.10564368218183517,
		0.6689155101776123,
		1.0386079549789429,
		0.12323081493377686,
		0.01758713461458683,
		0.01758713461458683,
		0.017647571861743927,
		0.58091938495635986,
		3.4502816200256348,
		0.1759922206401825,
		0.63374119997024536,
		0.58091938495635986,
		0.45768854022026062,
		2.5173172950744629,
		0.01758713461458683,
		0.01758713461458683,
		0.017647571861743927,
		0.58091938495635986,
		34.555698394775391
	],
	"end" : 11.758055686950684,
	"labels" : 
	[
		"Prep",
		"Break",
		"Break",
		"Break",
		"Scan",
		"Break",
		"Prep",
		"Scan",
		"Break",
		"Prep",
		"Break",
		"Prep",
		"Break",
		"Scan",
		"Break",
		"Prep",
		"Break",
		"Scan",
		"Prep",
		"Break",
		"Scan",
		"Break",
		"Prep",
		"Scan",
		"Break",
		"Prep",
		"Scan",
		"Break",
		"Prep",
		"Break",
		"Scan",
		"Break",
		"Scan",
		"Break",
		"Prep",
		"Scan",
		"Break",
		"Prep",
		"Scan",
		"Break",
		"Prep",
		"Scan",
		"Prep",
		"Break",
		"Scan",
		"Break",
		"Prep",
		"Scan",
		"Prep",
		"Break",
		"Scan",
		"Break",
		"Break",
		"Scan",
		"Break",
		"Prep",
		"Break",
		"Scan",
		"Prep",
		"Break",
		"Scan",
		"Break",
		"Prep",
		"Break",
		"Scan",
		"Break",
		"Prep",
		"Scan",
		"Prep",
		"Break",
		"Scan",
		"Break",
		"Prep",
		"Break",
		"Break",
		"Scan",
		"Break",
		"Prep",
		"Break",
		"Prep",
		"Break",
		"Scan",
		"Break",
		"Prep",
		"Scan",
		"Break",
		"Prep",
		"Scan",
		"Prep",
		"Break",
		"Prep",
		"Scan",
		"Dead"
	],
	"start" : 10.181666374206543
}