{
	"data" : 
	[
		0.1148710697889328,
		0.22971397638320923,
		0.41024580597877502,
		0.0081970281898975372,
		0.2297421395778656,
		0.59891825914382935,
		0.1148710697889328,
		1.5589001178741455,
		0.13946215808391571,
		0.59074944257736206,
		0.032816279679536819,
		0.15588438510894775,
		2.5516419410705566,
		0.008225196972489357,
		0.024619255214929581,
		2.075763463973999,
		0.0081970281898975372,
		0.016422225162386894,
		2.03475022315979,
		0.065632559359073639,
		0.79587233066558838,
		0.0081970281898975372,
		0.13949033617973328,
		0.065632559359073639,
		0.25433322787284851,
		0.36100727319717407,
		0.0574355348944664,
		0.25433322787284851,
		0.34461319446563721,
		0.13126511871814728,
		0.073829591274261475,
		0.008225196972489357,
		0.24613618850708008,
		0.56613016128540039,
		0.0081970281898975372,
		0.27895247936248779,
		0.52508866786956787,
		0.10667404532432556,
		1.2553002834320068,
		0.13949033617973328,
		0.0081970281898975372,
		1.3209609985351562,
		0.0081970281898975372,
		0.073857761919498444,
		0.0081970281898975372,
		0.0081970281898975372,
		1.4112128019332886,
		0.0081970281898975372,
		0.0081970281898975372,
		0.008225196972489357,
		1.5424779653549194,
		0.073829591274261475,
		0.0081970281898975372,
		0.008225196972489357,
		1.5588719844818115,
		0.0081970281898975372,
		0.20512290298938751,
		0.0081970281898975372,
		0.32819098234176636,
		0.008225196972489357,
		0.0081970281898975372,
		1.599913477897644,
		0.041013311594724655,
		0.46768131852149963,
		0.19689768552780151,
		0.0081970281898975372,
		0.27075543999671936,
		0.2871776819229126,
		0.0081970281898975372,
		0.27895247936248779,
		0.0081970281898975372,
		0.008225196972489357,
		3.9792487621307373,
		0.21331992745399475,
		0.12306809425354004,
		0.13129329681396484,
		0.0081970281898975372,
		2.1824376583099365,
		0.0081970281898975372,
		0.12306809425354004,
		0.37742948532104492,
		0.0081970281898975372,
		0.12306809425354004,
		0.008225196972489357,
		2.2644641399383545,
		0.13129329681396484,
		0.18050363659858704,
		0.0081970281898975372,
		0.33638802170753479,
		0.0081970281898975372,
		0.1148710697889328,
		0.0081970281898975372,
		2.4203767776489258,
		0.008225196972489357,
		0.11484290659427643,
		0.008225196972489357,
		0.0081970281898975372,
		0.1148710697889328,
		1.3865935802459717,
		59.114601135253906
	],
	"end" : 15.140277862548828,
	"labels" : 
	[
		"Prep",
		"Scan",
		"Break",
		"Prep",
		"Scan",
		"Break",
		"Prep",
		"Scan",
		"Prep",
		"Scan",
		"Break",
		"Prep",
		"Scan",
		"Break",
		"Prep",
		"Scan",
		"Break",
		"Prep",
		"Scan",
		"Prep",
		"Scan",
		"Break",
		"Prep",
		"Break",
		"Scan",
		"Break",
		"Break",
		"Scan",
		"Break",
		"Prep",
		"Break",
		"Prep",
		"Scan",
		"Break",
		"Prep",
		"Scan",
		"Break",
		"Prep",
		"Scan",
		"Prep",
		"Break",
		"Scan",
		"Break",
		"Prep",
		"Break",
		"Prep",
		"Scan",
		"Break",
		"Break",
		"Prep",
		"Scan",
		"Prep",
		"Break",
		"Prep",
		"Scan",
		"Prep",
		"Break",
		"Prep",
		"Break",
		"Break",
		"Prep",
		"Scan",
		"Break",
		"Break",
		"Break",
		"Prep",
		"Break",
		"Break",
		"Prep",
		"Break",
		"Prep",
		"Break",
		"Scan",
		"Break",
		"Prep",
		"Break",
		"Prep",
		"Scan",
		"Break",
		"Prep",
		"Break",
		"Prep",
		"Break",
		"Prep",
		"Scan",
		"Prep",
		"Break",
		"Prep",
		"Break",
		"Prep",
		"Break",
		"Prep",
		"Scan",
		"Prep",
		"Break",
		"Break",
		"Prep",
		"Break",
		"Scan",
		"Dead"
	],
	"start" : 11.758055686950684
}