{
	"data" : 
	[
		14.532893180847168,
		24.519775390625,
		60.847332000732422
	],
	"end" : 9.57611083984375,
	"labels" : 
	[
		"Prep",
		"Scan",
		"Dead"
	],
	"start" : 9.5455551147460938
}