{
	"data" : 
	[
		0.64159178733825684,
		8.6610174179077148,
		0.045940365642309189,
		0.77894091606140137,
		3.2995250225067139,
		0.045783035457134247,
		0.82488125562667847,
		0.50408536195755005,
		0.045783035457134247,
		0.64159178733825684,
		1.2831835746765137,
		0.36657893657684326,
		1.3747497797012329,
		0.36657893657684326,
		0.96238768100738525,
		14.251739501953125,
		0.045783035457134247,
		0.091723404824733734,
		11.63974666595459,
		0.13734909892082214,
		11.318950653076172,
		0.045940365642309189,
		0.36657893657684326,
		4.445044994354248,
		0.045783035457134247,
		0.32079589366912842,
		11.914760589599609,
		0.41236197948455811,
		8.3861618041992188,
		16.634660720825195
	],
	"end" : 10.181666374206543,
	"labels" : 
	[
		"Prep",
		"Scan",
		"Break",
		"Prep",
		"Scan",
		"Break",
		"Prep",
		"Scan",
		"Break",
		"Prep",
		"Scan",
		"Prep",
		"Scan",
		"Break",
		"Prep",
		"Scan",
		"Break",
		"Prep",
		"Scan",
		"Prep",
		"Scan",
		"Break",
		"Prep",
		"Scan",
		"Break",
		"Prep",
		"Scan",
		"Prep",
		"Scan",
		"Dead"
	],
	"start" : 9.57611083984375
}