{
	"data" : 
	[
		0.78356707096099854,
		1.0633301734924316,
		0.72784501314163208,
		0.055722035467624664,
		3.8617291450500488,
		5.7086262702941895,
		0.95150172710418701,
		0.72746080160140991,
		5.2609286308288574,
		0.055722035467624664,
		5.092994213104248,
		3.5258598327636719,
		0.0561063252389431,
		0.33586937189102173,
		0.67135441303253174,
		1.0637145042419434,
		0.89539545774459839,
		0.3915913999080658,
		4.7571249008178711,
		1.7350687980651855,
		16.677797317504883,
		1.0633301734924316,
		9.4024209976196289,
		1.903003454208374,
		0.44769772887229919,
		8.4509191513061523,
		0.16793468594551086,
		8.4509191513061523,
		15.614466667175293
	],
	"end" : 17.077777862548828,
	"labels" : 
	[
		"Prep",
		"Scan",
		"Break",
		"Prep",
		"Scan",
		"Scan",
		"Break",
		"Prep",
		"Scan",
		"Prep",
		"Scan",
		"Break",
		"Prep",
		"Break",
		"Prep",
		"Scan",
		"Break",
		"Prep",
		"Scan",
		"Prep",
		"Scan",
		"Prep",
		"Scan",
		"Break",
		"Prep",
		"Scan",
		"Prep",
		"Scan",
		"Dead"
	],
	"start" : 16.581943511962891
}