{
	"data" : 
	[
		1.9895695447921753,
		2.6999208927154541,
		2.9838664531707764,
		2.1320300102233887,
		8.6686296463012695,
		0.1414848268032074,
		15.347689628601074,
		0.1414848268032074,
		15.063743591308594,
		0.14246058464050293,
		13.357143402099609,
		37.231979370117188
	],
	"end" : 18.770000457763672,
	"labels" : 
	[
		"Prep",
		"Scan",
		"Break",
		"Prep",
		"Scan",
		"Prep",
		"Scan",
		"Prep",
		"Scan",
		"Break",
		"Scan",
		"Dead"
	],
	"start" : 18.574722290039062
}