{
	"data" : 
	[
		1.2566697597503662,
		1.884696364402771,
		2.5133395195007324,
		1.3460355997085571,
		9.0654020309448242,
		0.089982233941555023,
		0.17934815585613251,
		10.950715065002441,
		0.089365921914577484,
		7.630000114440918,
		2.5127232074737549,
		0.089982233941555023,
		0.89735704660415649,
		1.3466519117355347,
		19.208126068115234,
		40.839607238769531
	],
	"end" : 17.928333282470703,
	"labels" : 
	[
		"Prep",
		"Scan",
		"Break",
		"Prep",
		"Scan",
		"Prep",
		"Break",
		"Scan",
		"Prep",
		"Scan",
		"Break",
		"Prep",
		"Break",
		"Prep",
		"Scan",
		"Dead"
	],
	"start" : 17.619167327880859
}