{
	"data" : 
	[
		0.70984876155853271,
		1.1364405155181885,
		1.8458017110824585,
		0.99408084154129028,
		0.92290085554122925,
		1.4913649559020996,
		0.99359327554702759,
		0.71033626794815063,
		3.9051432609558105,
		2.0588538646697998,
		10.792529106140137,
		0.28374448418617249,
		0.14235977828502655,
		7.4548745155334473,
		0.071179889142513275,
		0.14187224209308624,
		1.8462892770767212,
		0.85172098875045776,
		0.14235977828502655,
		8.5913152694702148,
		0.070692352950572968,
		0.14235977828502655,
		12.141047477722168,
		0.14187224209308624,
		0.071179889142513275,
		8.9462394714355469,
		12.141534805297852,
		21.158466339111328
	],
	"end" : 18.31916618347168,
	"labels" : 
	[
		"Prep",
		"Scan",
		"Break",
		"Prep",
		"Scan",
		"Break",
		"Prep",
		"Scan",
		"Break",
		"Prep",
		"Scan",
		"Break",
		"Prep",
		"Scan",
		"Break",
		"Prep",
		"Scan",
		"Break",
		"Prep",
		"Scan",
		"Break",
		"Prep",
		"Scan",
		"Break",
		"Prep",
		"Scan",
		"Scan",
		"Dead"
	],
	"start" : 17.928333282470703
}