{
	"data" : 
	[
		1.3307991027832031,
		1.9961985349655151,
		0.57043570280075073,
		1.5207267999649048,
		1.9961985349655151,
		2.7562358379364014,
		0.76068973541259766,
		0.3801816999912262,
		12.641939163208008,
		1.8059446811676025,
		0.18992768228054047,
		17.014516830444336,
		0.95061743259429932,
		0.094963841140270233,
		10.455812454223633,
		0.094963841140270233,
		0.66539955139160156,
		9.7904129028320312,
		0.57043570280075073,
		1.3304727077484131,
		10.741029739379883,
		22.242097854614258
	],
	"end" : 11.495277404785156,
	"labels" : 
	[
		"Prep",
		"Scan",
		"Break",
		"Prep",
		"Scan",
		"Break",
		"Prep",
		"Break",
		"Scan",
		"Break",
		"Break",
		"Scan",
		"Break",
		"Prep",
		"Scan",
		"Break",
		"Prep",
		"Scan",
		"Break",
		"Prep",
		"Scan",
		"Dead"
	],
	"start" : 11.203332901000977
}