{
	"data" : 
	[
		0.82289314270019531,
		1.329322338104248,
		1.7092528343200684,
		0.25343191623687744,
		8.3567333221435547,
		0.063031956553459167,
		1.4562555551528931,
		1.329322338104248,
		0.063466660678386688,
		0.63292777538299561,
		0.94982641935348511,
		7.5968723297119141,
		0.063466660678386688,
		1.329322338104248,
		0.37993055582046509,
		0.063466660678386688,
		10.69891357421875,
		0.3164638876914978,
		0.88635975122451782,
		8.9896612167358398,
		0.063466660678386688,
		0.88635975122451782,
		6.4575152397155762,
		45.201740264892578
	],
	"end" : 16.581943511962891,
	"labels" : 
	[
		"Prep",
		"Scan",
		"Break",
		"Break",
		"Scan",
		"Break",
		"Break",
		"Break",
		"Prep",
		"Break",
		"Break",
		"Scan",
		"Prep",
		"Break",
		"Break",
		"Prep",
		"Scan",
		"Break",
		"Prep",
		"Scan",
		"Break",
		"Prep",
		"Scan",
		"Dead"
	],
	"start" : 16.143611907958984
}