{
	"data" : 
	[
		0.47712445259094238,
		0.47712445259094238,
		0.90642178058624268,
		0.38163405656814575,
		0.85875850915908813,
		2.0038244724273682,
		0.42929735779762268,
		0.85875850915908813,
		3.5303606986999512,
		0.047663308680057526,
		0.62027817964553833,
		3.0532362461090088,
		0.38163405656814575,
		0.14315372705459595,
		0.047663308680057526,
		8.4442672729492188,
		0.52478772401809692,
		0.23864412307739258,
		0.90642178058624268,
		0.28614366054534912,
		9.0645456314086914,
		0.095326617360115051,
		8.0149698257446289,
		0.14315372705459595,
		0.28614366054534912,
		7.6809992790222168,
		0.33397072553634644,
		0.095490410923957825,
		9.4936790466308594,
		0.14315372705459595,
		9.0168828964233398,
		0.6677776575088501,
		0.095490410923957825,
		9.4938430786132812,
		20.657375335693359
	],
	"end" : 10.683610916137695,
	"labels" : 
	[
		"Prep",
		"Scan",
		"Break",
		"Prep",
		"Scan",
		"Break",
		"Prep",
		"Scan",
		"Break",
		"Prep",
		"Scan",
		"Break",
		"Prep",
		"Break",
		"Prep",
		"Scan",
		"Prep",
		"Break",
		"Prep",
		"Break",
		"Scan",
		"Break",
		"Scan",
		"Prep",
		"Break",
		"Scan",
		"Break",
		"Prep",
		"Scan",
		"Prep",
		"Scan",
		"Break",
		"Prep",
		"Scan",
		"Dead"
	],
	"start" : 10.101943969726562
}