{
	"data" : 
	[
		0.17582497000694275,
		0.57543718814849854,
		0.47951269149780273,
		0.3516499400138855,
		0.94305622577667236,
		0.20779065787792206,
		0.33568081259727478,
		0.6553376317024231,
		0.27172201871871948,
		3.0529558658599854,
		0.01596912182867527,
		3.2127842903137207,
		0.031993120908737183,
		2.2537317276000977,
		0.01596912182867527,
		3.1009180545806885,
		0.12786273658275604,
		0.12786273658275604,
		2.6053814888000488,
		0.01596912182867527,
		0.39961215853691101,
		2.3336868286132812,
		0.03193824365735054,
		3.7243175506591797,
		0.14383184909820557,
		0.28771859407424927,
		3.948049783706665,
		70.473434448242188
	],
	"end" : 9.5841665267944336,
	"labels" : 
	[
		"Prep",
		"Scan",
		"Break",
		"Scan",
		"Break",
		"Prep",
		"Scan",
		"Break",
		"Prep",
		"Scan",
		"Prep",
		"Scan",
		"Break",
		"Scan",
		"Break",
		"Scan",
		"Prep",
		"Break",
		"Scan",
		"Break",
		"Prep",
		"Scan",
		"Prep",
		"Scan",
		"Break",
		"Prep",
		"Scan",
		"Dead"
	],
	"start" : 7.848055362701416
}