{
	"data" : 
	[
		0.29512161016464233,
		0.22118295729160309,
		0.62695938348770142,
		1.1062946319580078,
		1.5857564210891724,
		0.036842726171016693,
		3.9090006351470947,
		0.66380208730697632,
		5.3471331596374512,
		0.4793352484703064,
		0.03696933388710022,
		0.44249254465103149,
		0.073685452342033386,
		9.0717935562133789,
		76.003631591796875
	],
	"end" : 14.784722328186035,
	"labels" : 
	[
		"Prep",
		"Scan",
		"Break",
		"Scan",
		"Break",
		"Prep",
		"Scan",
		"Prep",
		"Scan",
		"Break",
		"Prep",
		"Break",
		"Break",
		"Scan",
		"Dead"
	],
	"start" : 14.032221794128418
}