{
	"data" : 
	[
		0.22463317215442657,
		0.38799002766609192,
		1.0414875745773315,
		0.59222114086151123,
		0.14295476675033569,
		0.83725643157958984,
		1.4090054035186768,
		0.46973854303359985,
		0.020402077585458755,
		0.020402077585458755,
		0.32678377628326416,
		0.14288465678691864,
		0.347185879945755,
		1.7357890605926514,
		0.347185879945755,
		0.14295476675033569,
		1.1639701128005981,
		0.040874265134334564,
		0.69430166482925415,
		3.0631160736083984,
		0.4901406466960907,
		0.14295476675033569,
		1.9195480346679688,
		0.06127634271979332,
		0.347185879945755,
		0.8576585054397583,
		0.93940705060958862,
		0.38799002766609192,
		0.14295476675033569,
		0.38799002766609192,
		2.7364025115966797,
		0.18382903933525085,
		0.040804155170917511,
		0.46966844797134399,
		0.1634269654750824,
		0.3675178587436676,
		0.020472187548875809,
		0.34711575508117676,
		0.38799002766609192,
		0.36758795380592346,
		0.36758795380592346,
		0.020472187548875809,
		0.34711575508117676,
		0.38799002766609192,
		0.18382903933525085,
		0.34711575508117676,
		0.36758795380592346,
		16.581911087036133,
		0.22463317215442657,
		0.51054269075393677,
		1.4703518152236938,
		0.1837589293718338,
		0.53094482421875,
		0.18382903933525085,
		0.1837589293718338,
		0.53094482421875,
		2.1442513465881348,
		0.020402077585458755,
		0.10208049416542053,
		0.347185879945755,
		1.9604223966598511,
		0.020402077585458755,
		0.020402077585458755,
		1.0823616981506348,
		1.1843721866607666,
		0.020472187548875809,
		0.16335684061050415,
		4.737699031829834,
		0.020402077585458755,
		0.020402077585458755,
		0.020472187548875809,
		2.634321928024292,
		0.020402077585458755,
		0.3267136812210083,
		0.36758795380592346,
		4.2884325981140137,
		0.020402077585458755,
		0.020402077585458755,
		3.0631861686706543,
		0.081678420305252075,
		0.30631160736083984,
		0.53094482421875,
		0.020472187548875809,
		4.2679605484008789,
		0.020472187548875809,
		0.020402077585458755,
		3.0631861686706543,
		22.647008895874023
	],
	"end" : 16.143611907958984,
	"labels" : 
	[
		"Prep",
		"Scan",
		"Break",
		"Prep",
		"Break",
		"Scan",
		"Break",
		"Prep",
		"Break",
		"Prep",
		"Break",
		"Break",
		"Scan",
		"Break",
		"Prep",
		"Break",
		"Scan",
		"Break",
		"Prep",
		"Scan",
		"Prep",
		"Break",
		"Scan",
		"Prep",
		"Break",
		"Scan",
		"Break",
		"Prep",
		"Break",
		"Scan",
		"Break",
		"Prep",
		"Break",
		"Scan",
		"Break",
		"Scan",
		"Break",
		"Break",
		"Scan",
		"Break",
		"Scan",
		"Break",
		"Break",
		"Scan",
		"Prep",
		"Break",
		"Scan",
		"Break",
		"Prep",
		"Scan",
		"Break",
		"Prep",
		"Scan",
		"Break",
		"Prep",
		"Scan",
		"Break",
		"Prep",
		"Break",
		"Prep",
		"Scan",
		"Break",
		"Prep",
		"Scan",
		"Break",
		"Prep",
		"Break",
		"Scan",
		"Break",
		"Break",
		"Prep",
		"Scan",
		"Break",
		"Prep",
		"Break",
		"Scan",
		"Prep",
		"Break",
		"Scan",
		"Break",
		"Prep",
		"Break",
		"Break",
		"Scan",
		"Prep",
		"Break",
		"Scan",
		"Dead"
	],
	"start" : 14.784722328186035
}