{
	"data" : 
	[
		1.4185360670089722,
		1.4185360670089722,
		2.4314780235290527,
		1.3169636726379395,
		7.3960061073303223,
		0.10157246887683868,
		2.3306009769439697,
		17.021039962768555,
		1.216086745262146,
		0.81049269437789917,
		16.515266418457031,
		0.10087676346302032,
		3.1410939693450928,
		30.091886520385742,
		0.10157246887683868,
		0.10087676346302032,
		14.387113571166992
	],
	"end" : 19.043888092041016,
	"labels" : 
	[
		"Prep",
		"Scan",
		"Break",
		"Prep",
		"Scan",
		"Break",
		"Prep",
		"Scan",
		"Break",
		"Prep",
		"Scan",
		"Break",
		"Prep",
		"Scan",
		"Break",
		"Prep",
		"Scan"
	],
	"start" : 18.770000457763672
}