{
	"data" : 
	[
		0.71763402223587036,
		0.46141153573989868,
		0.35864102840423584,
		0.30760771036148071,
		0.92247110605239868,
		0.92282307147979736,
		0.82005256414413452,
		0.92247110605239868,
		3.4857513904571533,
		0.82005256414413452,
		3.3829808235168457,
		3.741621732711792,
		0.76901924610137939,
		0.41002628207206726,
		5.894524097442627,
		0.051033314317464828,
		6.2021312713623047,
		1.1276602745056152,
		14.454746246337891,
		0.46105962991714478,
		5.5872683525085449,
		0.051033314317464828,
		0.76901924610137939,
		0.051033314317464828,
		0.30760771036148071,
		9.226470947265625,
		0.76866728067398071,
		5.125856876373291,
		0.76866728067398071,
		1.1276602745056152,
		1.5376865863800049,
		0.051385272294282913,
		1.0252417325973511,
		0.71728205680847168,
		0.87143784761428833,
		0.76901924610137939,
		1.0762749910354614,
		0.35899299383163452,
		0.87108588218688965,
		0.61521542072296143,
		13.326733589172363,
		8.6626415252685547
	],
	"end" : 17.619167327880859,
	"labels" : 
	[
		"Prep",
		"Scan",
		"Break",
		"Prep",
		"Scan",
		"Break",
		"Prep",
		"Scan",
		"Break",
		"Prep",
		"Scan",
		"Break",
		"Prep",
		"Break",
		"Scan",
		"Prep",
		"Scan",
		"Break",
		"Scan",
		"Break",
		"Scan",
		"Prep",
		"Break",
		"Prep",
		"Break",
		"Scan",
		"Prep",
		"Scan",
		"Prep",
		"Break",
		"Break",
		"Prep",
		"Break",
		"Break",
		"Break",
		"Break",
		"Break",
		"Prep",
		"Break",
		"Break",
		"Scan",
		"Dead"
	],
	"start" : 17.077777862548828
}