{
	"data" : 
	[
		1.5202902555465698,
		0.97748923301696777,
		0.86863088607788086,
		0.10885845124721527,
		2.063091516494751,
		1.4114319086074829,
		1.8461201190948486,
		19.654170989990234,
		1.954232931137085,
		0.10885845124721527,
		15.310270309448242,
		0.21771690249443054,
		20.305830001831055,
		0.21697130799293518,
		16.504732131958008,
		16.831306457519531
	],
	"end" : 18.574722290039062,
	"labels" : 
	[
		"Prep",
		"Scan",
		"Break",
		"Prep",
		"Scan",
		"Break",
		"Prep",
		"Scan",
		"Break",
		"Prep",
		"Scan",
		"Prep",
		"Scan",
		"Prep",
		"Scan",
		"Dead"
	],
	"start" : 18.31916618347168
}