{
	"data" : 
	[
		0.58733654022216797,
		1.014457106590271,
		0.053527548909187317,
		1.3882333040237427,
		1.9220422506332397,
		1.3348890542984009,
		0.37377625703811646,
		6.7811336517333984,
		0.10668846964836121,
		0.90776854753494263,
		6.9411664009094238,
		0.90776854753494263,
		5.3393731117248535,
		1.28136146068573,
		1.9222255945205688,
		8.7565202713012695,
		4.4317879676818848,
		1.3348890542984009,
		0.37377625703811646,
		6.6207342147827148,
		2.9366824626922607,
		0.48064804077148438,
		6.9411664009094238,
		1.0678012371063232,
		0.10687177628278732,
		0.37377625703811646,
		1.014457106590271,
		7.4216313362121582,
		0.053527548909187317,
		0.16021601855754852,
		1.1746730804443359,
		0.10668846964836121,
		0.37377625703811646,
		1.0678012371063232,
		0.053527548909187317,
		0.9075852632522583,
		1.0679845809936523,
		0.9075852632522583,
		1.0679845809936523,
		0.053344234824180603,
		0.90776854753494263,
		1.0678012371063232,
		1.2815448045730591,
		0.37359297275543213,
		0.96111279726028442,
		0.90776854753494263,
		0.10668846964836121,
		0.37377625703811646,
		0.96111279726028442,
		13.24165153503418
	],
	"end" : 11.203332901000977,
	"labels" : 
	[
		"Prep",
		"Scan",
		"Break",
		"Scan",
		"Break",
		"Prep",
		"Break",
		"Scan",
		"Prep",
		"Break",
		"Scan",
		"Break",
		"Scan",
		"Break",
		"Prep",
		"Scan",
		"Break",
		"Prep",
		"Break",
		"Scan",
		"Break",
		"Break",
		"Scan",
		"Break",
		"Prep",
		"Break",
		"Scan",
		"Break",
		"Prep",
		"Break",
		"Scan",
		"Prep",
		"Break",
		"Scan",
		"Prep",
		"Break",
		"Scan",
		"Break",
		"Scan",
		"Prep",
		"Break",
		"Scan",
		"Prep",
		"Break",
		"Scan",
		"Break",
		"Prep",
		"Break",
		"Scan",
		"Dead"
	],
	"start" : 10.683610916137695
}