{
	"data" : 
	[
		1.0719953775405884,
		0.64308685064315796,
		1.8757160902023315,
		0.37518000602722168,
		4.0732512474060059,
		0.85744917392730713,
		0.64308685064315796,
		2.4118976593017578,
		0.75017601251602173,
		10.772579193115234,
		0.48226913809776306,
		1.5542645454406738,
		14.470466613769531,
		59.918586730957031
	],
	"end" : 10.101943969726562,
	"labels" : 
	[
		"Prep",
		"Scan",
		"Break",
		"Prep",
		"Scan",
		"Prep",
		"Scan",
		"Break",
		"Prep",
		"Scan",
		"Break",
		"Prep",
		"Scan",
		"Dead"
	],
	"start" : 9.5841665267944336
}