{
	"data" : 
	[
		0.47594830393791199,
		0.51252102851867676,
		0.95177090167999268,
		0.51252102851867676,
		2.6721978187561035,
		0.036698415875434875,
		0.62223923206329346,
		5.6009073257446289,
		0.036572735756635666,
		1.1714587211608887,
		10.908729553222656,
		0.32953166961669922,
		5.966886043548584,
		0.10984388738870621,
		5.1615314483642578,
		2.8920111656188965,
		0.29283326864242554,
		13.764167785644531,
		0.43924987316131592,
		0.51252102851867676,
		0.036572735756635666,
		6.5159797668457031,
		4.2830319404602051,
		0.10984388738870621,
		5.2348027229309082,
		0.036572735756635666,
		0.29283326864242554,
		10.652595520019531,
		19.767627716064453
	],
	"end" : 12.25333309173584,
	"labels" : 
	[
		"Prep",
		"Scan",
		"Break",
		"Prep",
		"Scan",
		"Break",
		"Prep",
		"Scan",
		"Break",
		"Prep",
		"Scan",
		"Prep",
		"Scan",
		"Prep",
		"Scan",
		"Break",
		"Prep",
		"Scan",
		"Break",
		"Prep",
		"Break",
		"Scan",
		"Break",
		"Prep",
		"Scan",
		"Break",
		"Prep",
		"Scan",
		"Dead"
	],
	"start" : 11.495277404785156
}