{
	"data" : 
	[
		0.28513413667678833,
		0.7516363263130188,
		1.6071277856826782,
		0.23334009945392609,
		0.18145708739757538,
		3.1363866329193115,
		0.02598600834608078,
		0.44060519337654114,
		2.6180903911590576,
		0.155471071600914,
		0.518474280834198,
		0.18145708739757538,
		3.1104893684387207,
		0.025897013023495674,
		0.85540241003036499,
		3.8623039722442627,
		0.025897013023495674,
		0.54437130689620972,
		0.025897013023495674,
		0.025897013023495674,
		0.18145708739757538,
		0.57026827335357666,
		0.518474280834198,
		0.67394530773162842,
		0.12957407534122467,
		0.051794026046991348,
		11.042451858520508,
		0.025897013023495674,
		0.69993132352828979,
		0.18136808276176453,
		1.6849079132080078,
		0.025897013023495674,
		0.59625428915023804,
		0.025897013023495674,
		0.025897013023495674,
		0.051883019506931305,
		0.18145708739757538,
		0.46650221943855286,
		0.46659120917320251,
		0.18145708739757538,
		1.4775537252426147,
		0.077691040933132172,
		0.20744308829307556,
		0.18145708739757538,
		2.2809841632843018,
		0.93318241834640503,
		0.077780038118362427,
		0.18145708739757538,
		0.49248823523521423,
		1.088653564453125,
		0.10376603901386261,
		0.18136808276176453,
		0.46659120917320251,
		4.173335075378418,
		0.18145708739757538,
		0.051794026046991348,
		0.62215131521224976,
		0.18145708739757538,
		0.46659120917320251,
		0.025897013023495674,
		0.4406941831111908,
		0.46650221943855286,
		0.4406941831111908,
		0.46659120917320251,
		0.025897013023495674,
		0.4406941831111908,
		0.46659120917320251,
		0.23325110971927643,
		0.46659120917320251,
		0.4406941831111908,
		2.9031352996826172,
		0.051883019506931305,
		0.18136808276176453,
		1.4775537252426147,
		41.551536560058594
	],
	"end" : 14.032221794128418,
	"labels" : 
	[
		"Prep",
		"Scan",
		"Break",
		"Prep",
		"Break",
		"Scan",
		"Break",
		"Break",
		"Scan",
		"Break",
		"Prep",
		"Break",
		"Scan",
		"Break",
		"Prep",
		"Scan",
		"Break",
		"Prep",
		"Break",
		"Prep",
		"Break",
		"Scan",
		"Break",
		"Prep",
		"Break",
		"Prep",
		"Scan",
		"Break",
		"Prep",
		"Break",
		"Scan",
		"Break",
		"Prep",
		"Break",
		"Prep",
		"Break",
		"Break",
		"Scan",
		"Prep",
		"Break",
		"Scan",
		"Break",
		"Prep",
		"Break",
		"Scan",
		"Break",
		"Prep",
		"Break",
		"Scan",
		"Break",
		"Prep",
		"Break",
		"Scan",
		"Break",
		"Prep",
		"Break",
		"Scan",
		"Break",
		"Scan",
		"Prep",
		"Break",
		"Scan",
		"Break",
		"Scan",
		"Prep",
		"Break",
		"Scan",
		"Prep",
		"Break",
		"Scan",
		"Break",
		"Prep",
		"Break",
		"Scan",
		"Dead"
	],
	"start" : 12.961667060852051
}