{
	"data" : 
	[
		0.54849761724472046,
		0.54849761724472046,
		0.94016635417938232,
		3.2908511161804199,
		0.039139971137046814,
		0.66605204343795776,
		6.1114845275878906,
		0.19596885144710541,
		0.31338876485824585,
		6.4248733520507812,
		0.31338876485824585,
		11.674606323242188,
		0.078414447605609894,
		5.7589559555053711,
		1.0968606472015381,
		0.8227463960647583,
		0.8227463960647583,
		0.58763760328292847,
		0.705191969871521,
		0.31338876485824585,
		0.35252875089645386,
		2.1547160148620605,
		0.039139971137046814,
		0.58763760328292847,
		0.705191969871521,
		0.039274472743272781,
		4.7402405738830566,
		1.0185806751251221,
		8.2270603179931641,
		0.74446648359298706,
		40.038307189941406
	],
	"end" : 12.961667060852051,
	"labels" : 
	[
		"Prep",
		"Scan",
		"Break",
		"Scan",
		"Break",
		"Prep",
		"Scan",
		"Break",
		"Prep",
		"Scan",
		"Prep",
		"Scan",
		"Prep",
		"Scan",
		"Prep",
		"Scan",
		"Break",
		"Prep",
		"Scan",
		"Break",
		"Prep",
		"Scan",
		"Break",
		"Prep",
		"Scan",
		"Prep",
		"Scan",
		"Prep",
		"Scan",
		"Prep",
		"Dead"
	],
	"start" : 12.25333309173584
}