{
	"data" : 
	[
		0.22857822477817535,
		0.44078937172889709,
		0.62037849426269531,
		0.13065615296363831,
		3.3142158985137939,
		0.39180031418800354,
		0.29387825727462769,
		3.8529834747314453,
		0.016311001032590866,
		4.1142396926879883,
		0.016311001032590866,
		0.13060010969638824,
		0.016311001032590866,
		4.4407401084899902,
		0.048989053815603256,
		4.1468620300292969,
		0.048989053815603256,
		1.2570681571960449,
		0.11428911238908768,
		0.016367051750421524,
		4.0488834381103516,
		72.210762023925781
	],
	"end" : 13.486666679382324,
	"labels" : 
	[
		"Prep",
		"Scan",
		"Break",
		"Prep",
		"Scan",
		"Break",
		"Prep",
		"Scan",
		"Break",
		"Scan",
		"Break",
		"Break",
		"Prep",
		"Scan",
		"Prep",
		"Scan",
		"Prep",
		"Scan",
		"Break",
		"Prep",
		"Scan",
		"Dead"
	],
	"start" : 11.786944389343262
}