{
	"data" : 
	[
		0.54107075929641724,
		0.19318269193172455,
		0.038742683827877045,
		0.88882613182067871,
		2.5120384693145752,
		0.69551080465316772,
		0.15470537543296814,
		0.038610003888607025,
		1.1981042623519897,
		3.9031927585601807,
		0.57954812049865723,
		0.23192538321018219,
		1.1981042623519897,
		0.88869345188140869,
		0.54107075929641724,
		1.3912869691848755,
		0.11596269160509109,
		0.57981348037719727,
		4.2510809898376465,
		1.0818761587142944,
		0.038742683827877045,
		5.7968077659606934,
		0.038742683827877045,
		7.2653145790100098,
		0.038742683827877045,
		4.7534089088439941,
		3.8259727954864502,
		0.61829078197479248,
		5.2172598838806152,
		0.038742683827877045,
		7.574460506439209,
		1.2753242254257202,
		0.038742683827877045,
		5.4876623153686523,
		0.038742683827877045,
		8.0770530700683594,
		5.2172598838806152,
		0.038477323949337006,
		0.54107075929641724,
		4.792151927947998,
		1.5072497129440308,
		0.65676814317703247,
		6.9564352035522461,
		0.038477323949337006,
		0.38663077354431152,
		8.6181240081787109
	],
	"end" : 16.679445266723633,
	"labels" : 
	[
		"Prep",
		"Break",
		"Prep",
		"Scan",
		"Break",
		"Prep",
		"Break",
		"Prep",
		"Scan",
		"Break",
		"Prep",
		"Break",
		"Scan",
		"Break",
		"Prep",
		"Scan",
		"Break",
		"Prep",
		"Scan",
		"Break",
		"Prep",
		"Scan",
		"Break",
		"Scan",
		"Prep",
		"Scan",
		"Break",
		"Prep",
		"Scan",
		"Break",
		"Scan",
		"Break",
		"Prep",
		"Scan",
		"Prep",
		"Scan",
		"Scan",
		"Break",
		"Prep",
		"Scan",
		"Break",
		"Prep",
		"Scan",
		"Break",
		"Prep",
		"Scan"
	],
	"start" : 15.96138858795166
}