{
	"data" : 
	[
		0.37057375907897949,
		0.62536311149597168,
		1.2739466428756714,
		0.30115079879760742,
		0.62536311149597168,
		0.83387041091918945,
		0.32429179549217224,
		4.7019925117492676,
		0.39371475577354431,
		0.23164835572242737,
		0.046281956136226654,
		0.046361479908227921,
		0.023140978068113327,
		3.8682014942169189,
		0.046281956136226654,
		0.1157844141125679,
		0.4401557445526123,
		0.16206637024879456,
		0.023220499977469444,
		5.3042144775390625,
		0.092643439769744873,
		0.55586063861846924,
		6.1149439811706543,
		0.20842786133289337,
		6.5550203323364258,
		0.023140978068113327,
		0.069502457976341248,
		5.2347121238708496,
		3.4049046039581299,
		0.023220499977469444,
		0.2315688282251358,
		0.20850738883018494,
		0.1157844141125679,
		7.736323356628418,
		49.567817687988281
	],
	"end" : 10.290833473205566,
	"labels" : 
	[
		"Prep",
		"Scan",
		"Break",
		"Prep",
		"Scan",
		"Break",
		"Prep",
		"Scan",
		"Prep",
		"Break",
		"Prep",
		"Break",
		"Prep",
		"Scan",
		"Break",
		"Prep",
		"Break",
		"Prep",
		"Break",
		"Scan",
		"Break",
		"Prep",
		"Scan",
		"Prep",
		"Scan",
		"Break",
		"Prep",
		"Scan",
		"Break",
		"Prep",
		"Break",
		"Prep",
		"Break",
		"Scan",
		"Dead"
	],
	"start" : 9.092778205871582
}