{
	"data" : 
	[
		0.25968626141548157,
		0.51930892467498779,
		1.0943377017974854,
		0.22256094217300415,
		0.51937252283096313,
		1.2241806983947754,
		0.35240408778190613,
		3.7467291355133057,
		0.31527876853942871,
		1.4282108545303345,
		0.12984313070774078,
		0.55643421411514282,
		5.7684993743896484,
		0.018530827015638351,
		0.14837397634983063,
		0.018530827015638351,
		4.692692756652832,
		0.29674795269966125,
		0.055656157433986664,
		4.284632682800293,
		1.6507718563079834,
		3.4128561019897461,
		0.055656157433986664,
		5.7684359550476074,
		0.018530827015638351,
		1.1499937772750854,
		62.191745758056641
	],
	"end" : 11.786944389343262,
	"labels" : 
	[
		"Prep",
		"Scan",
		"Break",
		"Prep",
		"Scan",
		"Break",
		"Prep",
		"Scan",
		"Prep",
		"Scan",
		"Break",
		"Prep",
		"Scan",
		"Break",
		"Prep",
		"Break",
		"Scan",
		"Break",
		"Prep",
		"Scan",
		"Scan",
		"Break",
		"Prep",
		"Scan",
		"Prep",
		"Scan",
		"Dead"
	],
	"start" : 10.290833473205566
}