{
	"data" : 
	[
		0.15699520707130432,
		0.31395193934440613,
		0.38128510117530823,
		0.15695671737194061,
		2.2763149738311768,
		0.011241442523896694,
		0.34759923815727234,
		2.1193199157714844,
		0.13458931446075439,
		0.089700549840927124,
		1.065280556678772,
		0.21304842829704285,
		0.86343520879745483,
		0.044850274920463562,
		0.26910164952278137,
		3.4873495101928711,
		0.14579226076602936,
		0.033647328615188599,
		2.8482041358947754,
		0.033608831465244293,
		2.7585036754608154,
		0.01120294351130724,
		0.98678302764892578,
		0.078497603535652161,
		0.20184548199176788,
		0.25789868831634521,
		0.80738192796707153,
		0.16819815337657928,
		0.26910164952278137,
		0.24669575691223145,
		0.16819815337657928,
		0.022444386035203934,
		0.01120294351130724,
		1.5586720705032349,
		0.01120294351130724,
		0.37004363536834717,
		2.511807918548584,
		0.15699520707130432,
		0.15695671737194061,
		1.9847691059112549,
		0.16823665797710419,
		2.0183777809143066,
		0.15699520707130432,
		0.15699520707130432,
		1.5250247716903687,
		0.26910164952278137,
		0.1009419858455658,
		1.5586336851119995,
		0.12334787845611572,
		1.5474691390991211,
		0.01120294351130724,
		0.01120294351130724,
		0.011241442523896694,
		1.5362277030944824,
		0.044850274920463562,
		0.01120294351130724,
		0.01120294351130724,
		1.6483727693557739,
		0.011241442523896694,
		1.4464887380599976,
		59.800971984863281
	],
	"end" : 15.96138858795166,
	"labels" : 
	[
		"Prep",
		"Scan",
		"Break",
		"Prep",
		"Scan",
		"Break",
		"Prep",
		"Scan",
		"Break",
		"Prep",
		"Scan",
		"Prep",
		"Scan",
		"Break",
		"Prep",
		"Scan",
		"Break",
		"Prep",
		"Scan",
		"Prep",
		"Scan",
		"Break",
		"Scan",
		"Break",
		"Prep",
		"Scan",
		"Break",
		"Prep",
		"Scan",
		"Break",
		"Prep",
		"Break",
		"Prep",
		"Scan",
		"Break",
		"Prep",
		"Scan",
		"Break",
		"Prep",
		"Scan",
		"Prep",
		"Scan",
		"Break",
		"Prep",
		"Scan",
		"Break",
		"Prep",
		"Scan",
		"Prep",
		"Scan",
		"Prep",
		"Break",
		"Prep",
		"Scan",
		"Prep",
		"Break",
		"Prep",
		"Scan",
		"Prep",
		"Scan",
		"Dead"
	],
	"start" : 13.486666679382324
}