{
	"data" : 
	[
		0.4227016270160675,
		0.25367903709411621,
		0.78899794816970825,
		0.90180861949920654,
		0.47910699248313904,
		0.19727365672588348,
		1.1271399259567261,
		0.1409650444984436,
		0.45085594058036804,
		0.4509526789188385,
		0.90171188116073608,
		3.4098641872406006,
		0.45085594058036804,
		4.4525408744812012,
		0.028154307976365089,
		4.8470883369445801,
		0.45085594058036804,
		5.8052058219909668,
		0.028251061215996742,
		0.028154307976365089,
		0.028154307976365089,
		5.6643376350402832,
		0.4227016270160675,
		6.0023822784423828,
		0.028251061215996742,
		0.53541558980941772,
		6.8478822708129883,
		0.4227016270160675,
		5.8052058219909668,
		0.028154307976365089,
		6.1997528076171875,
		0.028154307976365089,
		0.45085594058036804,
		3.5507326126098633,
		0.45085594058036804,
		3.5789833068847656,
		0.14086829125881195,
		0.45085594058036804,
		4.0863418579101562,
		2.3953413963317871,
		0.25348553061485291,
		5.6360864639282227,
		0.16911934316158295,
		0.25367903709411621,
		0.056308615952730179,
		0.028251061215996742,
		5.3260984420776367,
		0.028251061215996742,
		0.42260488867759705,
		0.056308615952730179,
		5.2417325973510742,
		0.028057558462023735,
		3.8326623439788818,
		0.39454731345176697,
		5.438715934753418
	],
	"end" : 16.390832901000977,
	"labels" : 
	[
		"Prep",
		"Break",
		"Scan",
		"Break",
		"Prep",
		"Break",
		"Scan",
		"Break",
		"Prep",
		"Break",
		"Scan",
		"Break",
		"Prep",
		"Scan",
		"Prep",
		"Scan",
		"Prep",
		"Scan",
		"Prep",
		"Break",
		"Prep",
		"Scan",
		"Prep",
		"Scan",
		"Prep",
		"Break",
		"Scan",
		"Prep",
		"Scan",
		"Prep",
		"Scan",
		"Break",
		"Prep",
		"Scan",
		"Prep",
		"Scan",
		"Break",
		"Prep",
		"Scan",
		"Break",
		"Prep",
		"Scan",
		"Break",
		"Prep",
		"Break",
		"Prep",
		"Scan",
		"Break",
		"Prep",
		"Break",
		"Scan",
		"Break",
		"Scan",
		"Prep",
		"Scan"
	],
	"start" : 15.406110763549805
}