{
	"data" : 
	[
		0.21189859509468079,
		0.50084519386291504,
		0.57795935869216919,
		0.17334151268005371,
		0.82834893465042114,
		0.57789325714111328,
		0.50084519386291504,
		0.15409603714942932,
		0.73198926448822021,
		0.42379719018936157,
		2.5813403129577637,
		0.34668302536010742,
		0.3660607635974884,
		1.9263328313827515,
		0.019245471805334091,
		2.369375467300415,
		2.5235376358032227,
		0.21189859509468079,
		0.30819207429885864,
		0.73198926448822021,
		0.17340764403343201,
		2.0226263999938965,
		0.32750371098518372,
		1.9263328313827515,
		0.1926531195640564,
		0.17334151268005371,
		3.4674253463745117,
		0.21189859509468079,
		0.17334151268005371,
		3.7178812026977539,
		0.019245471805334091,
		2.3886871337890625,
		0.15409603714942932,
		0.019245471805334091,
		0.038557078689336777,
		0.038490943610668182,
		3.6985695362091064,
		0.42379719018936157,
		7.0311446189880371,
		0.019245471805334091,
		0.40455171465873718,
		7.7438883781433105,
		2.2730817794799805,
		0.21189859509468079,
		0.038557078689336777,
		3.0628738403320312,
		0.52009069919586182,
		3.5830304622650146,
		39.77886962890625
	],
	"end" : 15.406110763549805,
	"labels" : 
	[
		"Prep",
		"Scan",
		"Break",
		"Prep",
		"Break",
		"Scan",
		"Break",
		"Prep",
		"Break",
		"Break",
		"Scan",
		"Break",
		"Prep",
		"Scan",
		"Break",
		"Scan",
		"Break",
		"Prep",
		"Scan",
		"Break",
		"Prep",
		"Scan",
		"Prep",
		"Scan",
		"Break",
		"Prep",
		"Scan",
		"Break",
		"Prep",
		"Scan",
		"Prep",
		"Scan",
		"Break",
		"Prep",
		"Break",
		"Prep",
		"Scan",
		"Prep",
		"Scan",
		"Break",
		"Prep",
		"Scan",
		"Break",
		"Prep",
		"Break",
		"Scan",
		"Break",
		"Scan",
		"Dead"
	],
	"start" : 13.965555191040039
}