{
	"data" : 
	[
		0.19998288154602051,
		0.10904185473918915,
		0.92719900608062744,
		0.54539650678634644,
		0.18181964755058289,
		0.10904185473918915,
		0.94542473554611206,
		1.0726298093795776,
		0.59988623857498169,
		0.1272675096988678,
		1.2544494867324829,
		0.59994864463806152,
		0.5272333025932312,
		0.9817512035369873,
		1.1816716194152832,
		0.09094102680683136,
		0.1272675096988678,
		2.3997945785522461,
		0.01816323958337307,
		0.03632647916674614,
		0.21820855140686035,
		2.3997321128845215,
		7.1084432601928711,
		0.29092389345169067,
		3.6905703544616699,
		2.1998116970062256,
		0.07271537184715271,
		0.21814611554145813,
		3.7632861137390137,
		0.81809478998184204,
		0.27269825339317322,
		3.8178379535675049,
		3.9996576309204102,
		0.39996576309204102,
		0.1272675096988678,
		0.38174012303352356,
		1.2544494867324829,
		0.1272675096988678,
		1.7089674472808838,
		0.01816323958337307,
		0.14543074369430542,
		0.1272675096988678,
		0.32725039124488831,
		0.23630934953689575,
		0.5272333025932312,
		3.4542610645294189,
		0.07271537184715271,
		1.6543526649475098,
		1.6362519264221191,
		0.090878613293170929,
		1.4362690448760986,
		0.18175722658634186,
		3.1815629005432129,
		1.1453450918197632,
		4.8540787696838379,
		35.905853271484375
	],
	"end" : 11.89305591583252,
	"labels" : 
	[
		"Prep",
		"Break",
		"Scan",
		"Break",
		"Prep",
		"Break",
		"Scan",
		"Break",
		"Prep",
		"Break",
		"Scan",
		"Break",
		"Prep",
		"Break",
		"Scan",
		"Prep",
		"Break",
		"Scan",
		"Break",
		"Prep",
		"Break",
		"Scan",
		"Break",
		"Prep",
		"Scan",
		"Break",
		"Prep",
		"Break",
		"Scan",
		"Break",
		"Prep",
		"Scan",
		"Break",
		"Prep",
		"Break",
		"Scan",
		"Break",
		"Break",
		"Scan",
		"Break",
		"Prep",
		"Break",
		"Scan",
		"Break",
		"Prep",
		"Scan",
		"Prep",
		"Break",
		"Scan",
		"Prep",
		"Scan",
		"Prep",
		"Scan",
		"Prep",
		"Scan",
		"Dead"
	],
	"start" : 10.332500457763672
}