{
	"data" : 
	[
		0.14728675782680511,
		0.33470502495765686,
		0.77661126852035522,
		0.12053242325782776,
		0.3079507052898407,
		0.12048644572496414,
		0.13390958309173584,
		0.026754336431622505,
		0.013423137366771698,
		1.6335314512252808,
		0.2410188764333725,
		1.3255808353424072,
		0.013377168215811253,
		0.10710928589105606,
		0.013377168215811253,
		2.0486373901367188,
		0.026754336431622505,
		1.15153968334198,
		0.013377168215811253,
		2.2628560066223145,
		0.13386362791061401,
		0.026800306513905525,
		1.9950368404388428,
		0.013423137366771698,
		0.026754336431622505,
		1.1381165981292725,
		0.013377168215811253,
		2.2628560066223145,
		0.026800306513905525,
		1.9950368404388428,
		0.10710928589105606,
		0.13390958309173584,
		0.013377168215811253,
		0.013423137366771698,
		2.3833422660827637,
		7.8463296890258789,
		0.040177471935749054,
		1.3389580249786377,
		0.36150532960891724,
		0.25439605116844177,
		1.9147279262542725,
		67.041862487792969
	],
	"end" : 13.965555191040039,
	"labels" : 
	[
		"Prep",
		"Scan",
		"Break",
		"Prep",
		"Scan",
		"Break",
		"Prep",
		"Break",
		"Prep",
		"Scan",
		"Prep",
		"Scan",
		"Break",
		"Prep",
		"Break",
		"Scan",
		"Prep",
		"Scan",
		"Prep",
		"Scan",
		"Break",
		"Prep",
		"Scan",
		"Break",
		"Prep",
		"Scan",
		"Break",
		"Scan",
		"Prep",
		"Scan",
		"Break",
		"Prep",
		"Break",
		"Prep",
		"Scan",
		"Break",
		"Prep",
		"Scan",
		"Break",
		"Prep",
		"Scan",
		"Dead"
	],
	"start" : 11.89305591583252
}