{
	"data" : 
	[
		0.27864092588424683,
		0.11945171654224396,
		0.45778432488441467,
		0.21894925832748413,
		0.71657359600067139,
		0.31844678521156311,
		3.5031881332397461,
		0.41797846555709839,
		0.019920008257031441,
		0.019885839894413948,
		2.7468085289001465,
		2.7070026397705078,
		0.039805848151445389,
		3.1050612926483154,
		0.039805848151445389,
		5.0955243110656738,
		80.095169067382812
	],
	"end" : 9.0963888168334961,
	"labels" : 
	[
		"Prep",
		"Scan",
		"Break",
		"Scan",
		"Break",
		"Prep",
		"Scan",
		"Break",
		"Prep",
		"Break",
		"Scan",
		"Scan",
		"Prep",
		"Scan",
		"Prep",
		"Scan",
		"Dead"
	],
	"start" : 7.7022223472595215
}