{
	"data" : 
	[
		0.2469450831413269,
		0.15715387463569641,
		0.2469450831413269,
		99.24896240234375
	],
	"end" : 10.332500457763672,
	"labels" : 
	[
		"Prep",
		"Break",
		"Scan",
		"Dead"
	],
	"start" : 9.0963888168334961
}