{
	"data" : 
	[
		0.64064878225326538,
		0.46981889009475708,
		0.29898896813392639,
		0.042670812457799911,
		0.89696687459945679,
		0.76866120100021362,
		0.042817451059818268,
		0.89682024717330933,
		0.98245519399642944,
		0.042670812457799911,
		6.0221567153930664,
		0.55530714988708496,
		0.38433060050010681,
		0.042670812457799911,
		0.042817451059818268,
		4.4418706893920898,
		1.1104676723480225,
		4.0575399398803711,
		4.911689281463623,
		0.042670812457799911,
		6.0221567153930664,
		0.042817451059818268,
		0.042670812457799911,
		4.3991994857788086,
		0.12815907597541809,
		4.0147223472595215,
		58.556236267089844
	],
	"end" : 9.1350002288818359,
	"labels" : 
	[
		"Prep",
		"Scan",
		"Break",
		"Prep",
		"Scan",
		"Break",
		"Prep",
		"Scan",
		"Break",
		"Prep",
		"Scan",
		"Scan",
		"Break",
		"Break",
		"Prep",
		"Scan",
		"Prep",
		"Scan",
		"Scan",
		"Prep",
		"Scan",
		"Prep",
		"Break",
		"Scan",
		"Prep",
		"Scan",
		"Dead"
	],
	"start" : 8.4852781295776367
}