{
	"data" : 
	[
		0.90236824750900269,
		0.90236824750900269,
		4.2538323402404785,
		1.933519721031189,
		10.634580612182617,
		1.1599348783493042,
		1.2245478630065918,
		0.064612932503223419,
		0.70897203683853149,
		10.505354881286621,
		1.9981328248977661,
		19.206415176391602,
		1.0957645177841187,
		6.8321542739868164,
		0.064170375466346741,
		7.0897207260131836,
		0.064612932503223419,
		11.472335815429688,
		0.064170375466346741,
		0.5160183310508728,
		6.8963241577148438,
		12.310091018676758
	],
	"end" : 16.771389007568359,
	"labels" : 
	[
		"Prep",
		"Scan",
		"Break",
		"Prep",
		"Scan",
		"Prep",
		"Scan",
		"Break",
		"Prep",
		"Scan",
		"Prep",
		"Scan",
		"Prep",
		"Scan",
		"Prep",
		"Scan",
		"Break",
		"Scan",
		"Break",
		"Prep",
		"Scan",
		"Dead"
	],
	"start" : 16.34083366394043
}