{
	"data" : 
	[
		0.043233945965766907,
		0.51836240291595459,
		0.25925534963607788,
		0.30234098434448242,
		0.32399502396583557,
		0.28083524107933044,
		1.5983952283859253,
		0.06481383740901947,
		0.12955351173877716,
		0.34564906358718872,
		0.021579893305897713,
		0.36722895503044128,
		0.34557491540908813,
		0.41038873791694641,
		0.62641018629074097,
		6.0695862770080566,
		0.36722895503044128,
		2.1384117603302002,
		0.021579893305897713,
		2.7215878963470459,
		0.34557491540908813,
		2.7000081539154053,
		0.021654050797224045,
		4.8383455276489258,
		4.0176424980163574,
		0.043159786611795425,
		1.1664266586303711,
		1.8792304992675781,
		0.021579893305897713,
		0.69114983081817627,
		5.6808514595031738,
		0.021579893305897713,
		0.34557491540908813,
		4.7304458618164062,
		0.32399502396583557,
		0.30241513252258301,
		4.1255416870117188,
		0.021654050797224045,
		0.32399502396583557,
		0.30241513252258301,
		0.021579893305897713,
		4.7303719520568848,
		0.021579893305897713,
		1.0800329446792603,
		0.021579893305897713,
		0.043233945965766907,
		2.872795581817627,
		0.021579893305897713,
		0.1512075662612915,
		3.1536307334899902,
		0.97198504209518433,
		0.17278745770454407,
		6.9120173454284668,
		0.021579893305897713,
		0.043233945965766907,
		6.263953685760498,
		0.021579893305897713,
		1.9440443515777588,
		0.021579893305897713,
		2.3975930213928223,
		0.021579893305897713,
		0.086467891931533813,
		3.2831845283508301,
		0.3671548068523407,
		0.021654050797224045,
		3.2616045475006104,
		0.021579893305897713,
		1.0799586772918701,
		12.009618759155273
	],
	"end" : 10.863888740539551,
	"labels" : 
	[
		"Prep",
		"Break",
		"Prep",
		"Scan",
		"Break",
		"Prep",
		"Break",
		"Break",
		"Prep",
		"Scan",
		"Break",
		"Prep",
		"Scan",
		"Break",
		"Prep",
		"Scan",
		"Prep",
		"Scan",
		"Prep",
		"Scan",
		"Prep",
		"Scan",
		"Prep",
		"Scan",
		"Break",
		"Prep",
		"Scan",
		"Scan",
		"Break",
		"Prep",
		"Scan",
		"Break",
		"Prep",
		"Scan",
		"Prep",
		"Break",
		"Scan",
		"Break",
		"Prep",
		"Break",
		"Prep",
		"Scan",
		"Prep",
		"Scan",
		"Break",
		"Prep",
		"Scan",
		"Break",
		"Prep",
		"Scan",
		"Break",
		"Prep",
		"Scan",
		"Break",
		"Prep",
		"Scan",
		"Prep",
		"Scan",
		"Prep",
		"Scan",
		"Break",
		"Prep",
		"Scan",
		"Prep",
		"Break",
		"Scan",
		"Prep",
		"Scan",
		"Dead"
	],
	"start" : 9.5791664123535156
}