{
	"data" : 
	[
		0.30937176942825317,
		0.46398180723190308,
		0.50828611850738525,
		0.37560069561004639,
		0.39775288105010986,
		0.17676219344139099,
		0.044228479266166687,
		0.48613399267196655,
		0.30937176942825317,
		0.39767700433731079,
		1.2595634460449219,
		0.37567657232284546,
		2.12129807472229,
		0.66289621591567993,
		3.7564620971679688,
		2.8725755214691162,
		0.022076308727264404,
		0.33144810795783997,
		0.044228479266166687,
		3.6901571750640869,
		0.022076308727264404,
		0.53036248683929443,
		0.39775288105010986,
		4.3089008331298828,
		0.022076308727264404,
		0.61874353885650635,
		0.46398180723190308,
		4.7287302017211914,
		0.33144810795783997,
		0.044228479266166687,
		4.0216054916381836,
		0.022152172401547432,
		0.044152617454528809,
		3.8448433876037598,
		0.022152172401547432,
		0.48605811595916748,
		0.022152172401547432,
		0.022076308727264404,
		4.4415106773376465,
		2.4748225212097168,
		2.7841944694519043,
		0.022076308727264404,
		3.4250140190124512,
		0.022152172401547432,
		0.33144810795783997,
		3.579700231552124,
		0.50821030139923096,
		0.022076308727264404,
		3.5576238632202148,
		4.4856629371643066,
		0.022076308727264404,
		35.664390563964844
	],
	"end" : 13.20555591583252,
	"labels" : 
	[
		"Prep",
		"Scan",
		"Break",
		"Prep",
		"Scan",
		"Break",
		"Prep",
		"Break",
		"Prep",
		"Scan",
		"Break",
		"Prep",
		"Scan",
		"Break",
		"Scan",
		"Scan",
		"Break",
		"Prep",
		"Break",
		"Scan",
		"Prep",
		"Break",
		"Break",
		"Scan",
		"Break",
		"Break",
		"Break",
		"Scan",
		"Prep",
		"Break",
		"Scan",
		"Break",
		"Break",
		"Scan",
		"Break",
		"Break",
		"Break",
		"Prep",
		"Scan",
		"Break",
		"Scan",
		"Break",
		"Scan",
		"Break",
		"Prep",
		"Scan",
		"Break",
		"Prep",
		"Scan",
		"Break",
		"Prep",
		"Dead"
	],
	"start" : 11.949722290039062
}