{
	"data" : 
	[
		0.47091466188430786,
		0.35328704118728638,
		1.0596591234207153,
		0.058813806623220444,
		2.531419038772583,
		2.2369458675384521,
		0.70637202262878418,
		0.23545733094215393,
		0.52993059158325195,
		1.4127440452575684,
		13.422079086303711,
		0.058813806623220444,
		6.5343961715698242,
		0.17664352059364319,
		0.47091466188430786,
		0.059015914797782898,
		7.9471402168273926,
		0.059015914797782898,
		0.35308495163917542,
		13.422079086303711,
		0.058813806623220444,
		1.000845193862915,
		0.058813806623220444,
		13.775365829467773,
		0.058813806623220444,
		0.41210085153579712,
		12.950961112976074,
		19.485559463500977
	],
	"end" : 15.225555419921875,
	"labels" : 
	[
		"Prep",
		"Scan",
		"Break",
		"Prep",
		"Scan",
		"Break",
		"Prep",
		"Scan",
		"Break",
		"Prep",
		"Scan",
		"Break",
		"Scan",
		"Prep",
		"Break",
		"Prep",
		"Scan",
		"Prep",
		"Break",
		"Scan",
		"Prep",
		"Break",
		"Prep",
		"Scan",
		"Break",
		"Prep",
		"Scan",
		"Dead"
	],
	"start" : 14.754166603088379
}