{
	"data" : 
	[
		0.75512832403182983,
		0.75522089004516602,
		2.1576945781707764,
		0.37761044502258301,
		5.3941440582275391,
		0.91698777675628662,
		8.199091911315918,
		0.10787547379732132,
		16.074647903442383,
		0.21575094759464264,
		1.6722087860107422,
		1.5103491544723511,
		8.8465290069580078,
		0.43150189518928528,
		16.074647903442383,
		0.91689521074295044,
		0.10796806961297989,
		1.2945057153701782,
		10.410861968994141,
		0.10778287053108215,
		8.5767021179199219,
		0.053891435265541077,
		0.37761044502258301,
		5.8258309364318848,
		8.7385616302490234
	],
	"end" : 8.2833337783813477,
	"labels" : 
	[
		"Prep",
		"Scan",
		"Break",
		"Prep",
		"Scan",
		"Prep",
		"Scan",
		"Prep",
		"Scan",
		"Prep",
		"Break",
		"Prep",
		"Scan",
		"Prep",
		"Scan",
		"Break",
		"Prep",
		"Break",
		"Scan",
		"Prep",
		"Scan",
		"Break",
		"Prep",
		"Scan",
		"Dead"
	],
	"start" : 7.7688889503479004
}