{
	"data" : 
	[
		0.75927960872650146,
		1.0626440048217773,
		0.050734475255012512,
		0.86022728681564331,
		0.86040109395980835,
		0.05056072399020195,
		0.7591058611869812,
		0.86040109395980835,
		0.70837140083312988,
		0.80984038114547729,
		4.5040745735168457,
		0.1011214479804039,
		0.75927960872650146,
		0.91078799962997437,
		0.050734475255012512,
		0.05056072399020195,
		0.10129519551992416,
		7.4899368286132812,
		0.05056072399020195,
		5.7693090438842773,
		0.05056072399020195,
		0.7591058611869812,
		5.7187480926513672,
		0.05056072399020195,
		0.10129519551992416,
		6.8825135231018066,
		0.35444632172584534,
		6.3258247375488281,
		0.75927960872650146,
		4.7568778991699219,
		0.75927960872650146,
		4.3523921966552734,
		0.80966657400131226,
		5.415036678314209,
		0.80966657400131226,
		4.807612419128418,
		0.050734475255012512,
		0.75893211364746094,
		4.3523921966552734,
		0.050734475255012512,
		2.7327117919921875,
		22.672403335571289
	],
	"end" : 16.34083366394043,
	"labels" : 
	[
		"Prep",
		"Scan",
		"Break",
		"Prep",
		"Scan",
		"Break",
		"Prep",
		"Scan",
		"Break",
		"Prep",
		"Scan",
		"Break",
		"Prep",
		"Scan",
		"Prep",
		"Break",
		"Prep",
		"Scan",
		"Break",
		"Scan",
		"Break",
		"Prep",
		"Scan",
		"Break",
		"Break",
		"Scan",
		"Break",
		"Scan",
		"Prep",
		"Scan",
		"Prep",
		"Scan",
		"Prep",
		"Scan",
		"Prep",
		"Scan",
		"Break",
		"Prep",
		"Scan",
		"Prep",
		"Scan",
		"Dead"
	],
	"start" : 15.792499542236328
}