{
	"data" : 
	[
		1.92342209815979,
		1.9238938093185425,
		6.0462536811828613,
		1.9238938093185425,
		1.2365193367004395,
		2.8858406543731689,
		1.2365193367004395,
		8.7948083877563477,
		0.41233032941818237,
		1.2365193367004395,
		24.871917724609375,
		47.4080810546875
	],
	"end" : 8.4852781295776367,
	"labels" : 
	[
		"Prep",
		"Scan",
		"Break",
		"Prep",
		"Scan",
		"Break",
		"Prep",
		"Scan",
		"Break",
		"Prep",
		"Scan",
		"Dead"
	],
	"start" : 8.2833337783813477
}