{
	"data" : 
	[
		0.83632063865661621,
		0.83652567863464355,
		2.1510074138641357,
		2.7483501434326172,
		0.059898357838392258,
		1.0755037069320679,
		8.7829046249389648,
		0.059898357838392258,
		0.47795608639717102,
		16.251737594604492,
		0.059693228453397751,
		0.41826283931732178,
		9.0817813873291016,
		1.1351970434188843,
		0.059693228453397751,
		7.6479129791259766,
		15.833474159240723,
		0.11959158629179001,
		0.059693228453397751,
		16.251737594604492,
		15.952860832214355
	],
	"end" : 11.949722290039062,
	"labels" : 
	[
		"Prep",
		"Scan",
		"Break",
		"Scan",
		"Break",
		"Prep",
		"Scan",
		"Break",
		"Prep",
		"Scan",
		"Break",
		"Prep",
		"Scan",
		"Break",
		"Prep",
		"Scan",
		"Scan",
		"Prep",
		"Break",
		"Scan",
		"Dead"
	],
	"start" : 11.485278129577637
}