{
	"data" : 
	[
		0.84792220592498779,
		1.3872684240341187,
		2.7750661373138428,
		2.2354552745819092,
		0.077011659741401672,
		0.61688721179962158,
		1.6185680627822876,
		2.312467098236084,
		1.773120641708374,
		0.077011659741401672,
		0.15402331948280334,
		0.53961092233657837,
		1.2335097789764404,
		0.077011659741401672,
		1.3105213642120361,
		0.53934627771377563,
		4.3938989639282227,
		0.077011659741401672,
		2.6207783222198486,
		11.100000381469727,
		0.61688721179962158,
		1.9268794059753418,
		0.53961092233657837,
		7.1687002182006836,
		1.8501323461532593,
		0.61662256717681885,
		1.3105213642120361,
		4.7019453048706055,
		0.53961092233657837,
		0.15428796410560608,
		1.156233549118042,
		0.077011659741401672,
		0.53961092233657837,
		1.3105213642120361,
		0.077011659741401672,
		1.3102568387985229,
		1.3875330686569214,
		0.077276304364204407,
		1.3102568387985229,
		1.3105213642120361,
		0.077011659741401672,
		1.3105213642120361,
		1.3875330686569214,
		0.7706458568572998,
		0.53961092233657837,
		1.3105213642120361,
		2.6977899074554443,
		0.53961092233657837,
		1.3105213642120361,
		26.20831298828125
	],
	"end" : 13.565555572509766,
	"labels" : 
	[
		"Prep",
		"Scan",
		"Break",
		"Prep",
		"Break",
		"Break",
		"Scan",
		"Break",
		"Prep",
		"Break",
		"Break",
		"Break",
		"Scan",
		"Break",
		"Prep",
		"Break",
		"Scan",
		"Break",
		"Prep",
		"Scan",
		"Break",
		"Prep",
		"Break",
		"Scan",
		"Prep",
		"Break",
		"Scan",
		"Break",
		"Prep",
		"Break",
		"Scan",
		"Prep",
		"Break",
		"Scan",
		"Break",
		"Break",
		"Scan",
		"Prep",
		"Break",
		"Scan",
		"Break",
		"Break",
		"Scan",
		"Prep",
		"Break",
		"Scan",
		"Break",
		"Break",
		"Scan",
		"Dead"
	],
	"start" : 13.20555591583252
}