{
	"data" : 
	[
		0.72298640012741089,
		1.167313814163208,
		0.055731792002916336,
		0.055350068956613541,
		0.72260463237762451,
		0.88980007171630859,
		1.0005002021789551,
		0.11108185350894928,
		0.83406823873519897,
		0.88941830396652222,
		0.38897737860679626,
		0.94515013694763184,
		5.6147875785827637,
		0.055731792002916336,
		0.33362731337547302,
		9.0613794326782227,
		0.4450908899307251,
		6.1148467063903809,
		0.88980007171630859,
		0.83368659019470215,
		0.055731792002916336,
		0.33362731337547302,
		7.8940649032592773,
		0.27789551019668579,
		0.055731792002916336,
		0.055350068956613541,
		7.5608196258544922,
		0.055350068956613541,
		0.33362731337547302,
		0.83406823873519897,
		3.9470324516296387,
		0.055731792002916336,
		0.55579102039337158,
		0.055350068956613541,
		4.7257504463195801,
		0.055350068956613541,
		6.8935642242431641,
		0.055731792002916336,
		0.83368659019470215,
		6.2263102531433105,
		0.94515013694763184,
		0.11108185350894928,
		8.1723413467407227,
		0.88941830396652222,
		6.0041465759277344,
		0.055350068956613541,
		0.55617272853851318,
		0.055350068956613541,
		0.83406823873519897,
		0.11108185350894928,
		0.27789551019668579,
		0.055731792002916336,
		9.8397150039672852
	],
	"end" : 18.874721527099609,
	"labels" : 
	[
		"Prep",
		"Scan",
		"Break",
		"Prep",
		"Break",
		"Prep",
		"Scan",
		"Break",
		"Prep",
		"Scan",
		"Break",
		"Prep",
		"Scan",
		"Prep",
		"Break",
		"Scan",
		"Break",
		"Scan",
		"Prep",
		"Break",
		"Prep",
		"Break",
		"Scan",
		"Break",
		"Break",
		"Prep",
		"Scan",
		"Prep",
		"Break",
		"Prep",
		"Scan",
		"Prep",
		"Break",
		"Prep",
		"Scan",
		"Prep",
		"Scan",
		"Break",
		"Prep",
		"Scan",
		"Prep",
		"Break",
		"Scan",
		"Prep",
		"Scan",
		"Break",
		"Break",
		"Prep",
		"Scan",
		"Break",
		"Break",
		"Prep",
		"Scan"
	],
	"start" : 18.375555038452148
}