{
	"data" : 
	[
		1.0040720701217651,
		1.0040720701217651,
		2.797022819519043,
		0.071402870118618011,
		3.2274096012115479,
		0.071402870118618011,
		1.2192655801773071,
		9.8250350952148438,
		2.2233376502990723,
		20.654140472412109,
		0.071895301342010498,
		0.57368510961532593,
		9.9683332443237305,
		0.071895301342010498,
		0.2151934802532196,
		7.1713099479675293,
		39.730525970458984
	],
	"end" : 17.158332824707031,
	"labels" : 
	[
		"Prep",
		"Scan",
		"Break",
		"Prep",
		"Scan",
		"Break",
		"Prep",
		"Scan",
		"Prep",
		"Scan",
		"Break",
		"Prep",
		"Scan",
		"Break",
		"Prep",
		"Scan",
		"Dead"
	],
	"start" : 16.771389007568359
}