{
	"data" : 
	[
		0.68528705835342407,
		0.68528705835342407,
		1.9578909873962402,
		3.3771982192993164,
		0.097970180213451385,
		0.88105940818786621,
		0.097802124917507172,
		8.1742076873779297,
		0.048901062458753586,
		1.1746338605880737,
		14.586129188537598,
		0.34264352917671204,
		6.7056632041931152,
		0.92996048927307129,
		0.049069110304117203,
		0.63621795177459717,
		0.097970180213451385,
		8.2718420028686523,
		0.049069110304117203,
		0.34264352917671204,
		6.0203766822814941,
		4.0135841369628906,
		0.24484141170978546,
		9.3977432250976562,
		0.048901062458753586,
		0.097802124917507172,
		1.2237029075622559,
		0.097970180213451385,
		10.425505638122559,
		19.138128280639648
	],
	"end" : 15.792499542236328,
	"labels" : 
	[
		"Prep",
		"Scan",
		"Break",
		"Scan",
		"Break",
		"Prep",
		"Break",
		"Scan",
		"Break",
		"Prep",
		"Scan",
		"Prep",
		"Scan",
		"Break",
		"Prep",
		"Break",
		"Break",
		"Scan",
		"Break",
		"Prep",
		"Scan",
		"Break",
		"Prep",
		"Scan",
		"Break",
		"Prep",
		"Break",
		"Break",
		"Scan",
		"Dead"
	],
	"start" : 15.225555419921875
}