{
	"data" : 
	[
		0.68724656105041504,
		1.1870232820510864,
		2.3116281032562256,
		1.6867998838424683,
		0.062632963061332703,
		0.499776691198349,
		2.6863534450531006,
		0.18746988475322723,
		0.062418468296527863,
		0.12505142390727997,
		1.1246048212051392,
		2.9988746643066406,
		4.8731446266174316,
		1.1870232820510864,
		0.43735823035240173,
		4.1234793663024902,
		2.1241581439971924,
		10.246280670166016,
		0.12483693659305573,
		0.43735823035240173,
		8.8717880249023438,
		0.18725539743900299,
		0.43735823035240173,
		1.1246048212051392,
		9.1216754913330078,
		0.2498883455991745,
		1.1246048212051392,
		1.1246048212051392,
		0.12483693659305573,
		1.7494329214096069,
		0.43735823035240173,
		1.1243903636932373,
		0.062632963061332703,
		1.06197190284729,
		1.1246048212051392,
		1.0621863603591919,
		1.1246048212051392,
		0.062418468296527863,
		1.0621863603591919,
		1.1246048212051392,
		0.499776691198349,
		1.06197190284729,
		1.1246048212051392,
		27.677118301391602
	],
	"end" : 9.5791664123535156,
	"labels" : 
	[
		"Prep",
		"Scan",
		"Break",
		"Prep",
		"Break",
		"Break",
		"Scan",
		"Prep",
		"Break",
		"Break",
		"Break",
		"Scan",
		"Break",
		"Prep",
		"Break",
		"Scan",
		"Prep",
		"Scan",
		"Prep",
		"Break",
		"Scan",
		"Prep",
		"Break",
		"Scan",
		"Break",
		"Break",
		"Scan",
		"Break",
		"Break",
		"Scan",
		"Break",
		"Scan",
		"Prep",
		"Break",
		"Scan",
		"Break",
		"Scan",
		"Prep",
		"Break",
		"Scan",
		"Prep",
		"Break",
		"Scan",
		"Dead"
	],
	"start" : 9.1350002288818359
}