{
	"data" : 
	[
		1.3422960042953491,
		2.0131149291992188,
		3.4515242576599121,
		1.3422960042953491,
		0.38379529118537903,
		12.750824928283691,
		3.739206075668335,
		0.096113398671150208,
		0.095455087721347809,
		0.47925034165382385,
		0.28768187761306763,
		0.096113398671150208,
		12.271574020385742,
		0.096113398671150208,
		1.4377511739730835,
		0.096113398671150208,
		1.4384093284606934,
		14.380802154541016,
		0.096113398671150208,
		0.76693224906921387,
		12.94239330291748,
		30.296127319335938
	],
	"end" : 18.375555038452148,
	"labels" : 
	[
		"Prep",
		"Scan",
		"Break",
		"Prep",
		"Break",
		"Scan",
		"Break",
		"Prep",
		"Break",
		"Scan",
		"Break",
		"Prep",
		"Scan",
		"Break",
		"Break",
		"Prep",
		"Break",
		"Scan",
		"Break",
		"Prep",
		"Scan",
		"Dead"
	],
	"start" : 18.086111068725586
}