{
	"data" : 
	[
		0.97604221105575562,
		1.464302659034729,
		0.41789352893829346,
		1.115339994430542,
		1.2551164627075195,
		1.115339994430542,
		1.2551164627075195,
		1.4638239145278931,
		1.1852283477783203,
		5.7164764404296875,
		0.069409571588039398,
		0.06988825649023056,
		0.06988825649023056,
		9.6201667785644531,
		0.06988825649023056,
		7.3894867897033691,
		1.1158187389373779,
		6.4134445190429688,
		0.06988825649023056,
		7.5986728668212891,
		0.06988825649023056,
		8.9930877685546875,
		0.069409571588039398,
		1.0459303855895996,
		6.274146556854248,
		0.06988825649023056,
		1.0454517602920532,
		7.8777470588684082,
		0.62755823135375977,
		8.0864543914794922,
		17.289205551147461
	],
	"end" : 18.086111068725586,
	"labels" : 
	[
		"Prep",
		"Scan",
		"Break",
		"Prep",
		"Scan",
		"Prep",
		"Scan",
		"Break",
		"Prep",
		"Scan",
		"Break",
		"Break",
		"Prep",
		"Scan",
		"Break",
		"Scan",
		"Prep",
		"Scan",
		"Prep",
		"Scan",
		"Break",
		"Scan",
		"Break",
		"Prep",
		"Scan",
		"Break",
		"Prep",
		"Scan",
		"Prep",
		"Scan",
		"Dead"
	],
	"start" : 17.688055038452148
}