{
	"data" : 
	[
		1.9839305877685547,
		1.9839305877685547,
		9.6355390548706055,
		1.9839305877685547,
		0.70833814144134521,
		58.948234558105469,
		24.656103134155273
	],
	"end" : 11.059721946716309,
	"labels" : 
	[
		"Prep",
		"Scan",
		"Break",
		"Prep",
		"Break",
		"Scan",
		"Dead"
	],
	"start" : 10.863888740539551
}