{
	"data" : 
	[
		0.41905719041824341,
		0.31438285112380981,
		1.4668800830841064,
		0.052517041563987732,
		1.7287458181381226,
		5.2383947372436523,
		0.73344004154205322,
		6.4434089660644531,
		1.5193971395492554,
		13.358392715454102,
		0.15719142556190491,
		6.9146242141723633,
		0.052517041563987732,
		0.10467437654733658,
		10.791532516479492,
		0.052517041563987732,
		11.734320640563965,
		1.2575314044952393,
		0.15683171153068542,
		12.991852760314941,
		0.052517041563987732,
		11.786838531494141,
		12.57243537902832
	],
	"end" : 17.688055038452148,
	"labels" : 
	[
		"Prep",
		"Scan",
		"Break",
		"Prep",
		"Scan",
		"Break",
		"Prep",
		"Scan",
		"Prep",
		"Scan",
		"Prep",
		"Scan",
		"Break",
		"Prep",
		"Scan",
		"Prep",
		"Scan",
		"Break",
		"Prep",
		"Scan",
		"Break",
		"Scan",
		"Dead"
	],
	"start" : 17.158332824707031
}