{
	"data" : 
	[
		0.71730059385299683,
		0.065371967852115631,
		1.6300455331802368,
		3.7170228958129883,
		2.0865299701690674,
		1.1086368560791016,
		0.065148085355758667,
		0.45648437738418579,
		1.6302694082260132,
		0.065148085355758667,
		1.8910855054855347,
		0.1305200606584549,
		0.065148085355758667,
		0.45648437738418579,
		1.6954174041748047,
		0.13029617071151733,
		1.1086368560791016,
		5.8035526275634766,
		0.19566814601421356,
		0.1305200606584549,
		0.45626047253608704,
		1.2391568422317505,
		0.26081624627113342,
		1.6300455331802368,
		0.1305200606584549,
		17.801994323730469,
		0.065148085355758667,
		0.1305200606584549,
		0.065148085355758667,
		5.5427365303039551,
		0.065148085355758667,
		0.45648437738418579,
		1.4999731779098511,
		0.065148085355758667,
		1.1084129810333252,
		5.6081085205078125,
		0.19566814601421356,
		1.1084129810333252,
		1.1086368560791016,
		4.173283576965332,
		0.065148085355758667,
		0.19566814601421356,
		1.6302694082260132,
		0.065148085355758667,
		0.45648437738418579,
		1.4346011877059937,
		0.065148085355758667,
		0.58700442314147949,
		1.1084129810333252,
		0.065371967852115631,
		1.1084129810333252,
		1.1737849712371826,
		0.065148085355758667,
		1.1086368560791016,
		1.1737849712371826,
		1.1086368560791016,
		1.1735609769821167,
		0.065371967852115631,
		0.45648437738418579,
		1.1735609769821167,
		1.1086368560791016,
		0.065148085355758667,
		0.1305200606584549,
		0.84759676456451416,
		1.1086368560791016,
		16.497913360595703
	],
	"end" : 11.485278129577637,
	"labels" : 
	[
		"Prep",
		"Break",
		"Scan",
		"Break",
		"Prep",
		"Break",
		"Prep",
		"Break",
		"Scan",
		"Break",
		"Prep",
		"Break",
		"Prep",
		"Break",
		"Scan",
		"Prep",
		"Break",
		"Scan",
		"Prep",
		"Break",
		"Break",
		"Scan",
		"Break",
		"Prep",
		"Break",
		"Scan",
		"Break",
		"Break",
		"Prep",
		"Scan",
		"Prep",
		"Break",
		"Scan",
		"Prep",
		"Break",
		"Scan",
		"Prep",
		"Break",
		"Scan",
		"Break",
		"Prep",
		"Break",
		"Scan",
		"Prep",
		"Break",
		"Scan",
		"Break",
		"Break",
		"Scan",
		"Break",
		"Break",
		"Scan",
		"Prep",
		"Break",
		"Scan",
		"Break",
		"Scan",
		"Break",
		"Prep",
		"Break",
		"Scan",
		"Break",
		"Prep",
		"Break",
		"Scan",
		"Dead"
	],
	"start" : 11.059721946716309
}