{
	"data" : 
	[
		0.30354362726211548,
		0.32678833603858948,
		1.7976964712142944,
		0.30354362726211548,
		1.0505799055099487,
		0.023324847221374512,
		0.39692318439483643,
		3.1984696388244629,
		0.70038670301437378,
		6.7705378532409668,
		0.18675908446311951,
		3.24519944190979,
		0.023324847221374512,
		2.3812987804412842,
		1.6109374761581421,
		0.28013861179351807,
		6.7472128868103027,
		0.023324847221374512,
		2.3813786506652832,
		68.148635864257812
	],
	"end" : 14.754166603088379,
	"labels" : 
	[
		"Prep",
		"Scan",
		"Break",
		"Prep",
		"Scan",
		"Break",
		"Prep",
		"Scan",
		"Prep",
		"Scan",
		"Prep",
		"Scan",
		"Break",
		"Scan",
		"Break",
		"Prep",
		"Scan",
		"Break",
		"Scan",
		"Dead"
	],
	"start" : 13.565555572509766
}