{
	"data" : 
	[
		0.28142264485359192,
		0.2813536524772644,
		1.1055396795272827,
		0.38197016716003418,
		0.36175024509429932,
		0.16086223721504211,
		0.30150455236434937,
		0.36181926727294922,
		1.2461819648742676,
		0.52261251211166382,
		5.6080946922302246,
		0.020081900060176849,
		0.32165545225143433,
		2.8743343353271484,
		0.020150909200310707,
		2.9346489906311035,
		0.30150455236434937,
		4.1809687614440918,
		0.60300910472869873,
		0.16079321503639221,
		4.7236628532409668,
		3.0150454044342041,
		0.040232811123132706,
		0.020081900060176849,
		0.040232811123132706,
		2.23116135597229,
		0.020081900060176849,
		0.16079321503639221,
		3.1959896087646484,
		0.020150909200310707,
		0.60300910472869873,
		5.5075473785400391,
		0.14071132242679596,
		0.32158643007278442,
		0.28142264485359192,
		0.020081900060176849,
		6.8342642784118652,
		0.1205604150891304,
		0.34173735976219177,
		0.60300910472869873,
		0.020081900060176849,
		0.48244866728782654,
		0.020081900060176849,
		0.28142264485359192,
		6.0502419471740723,
		0.080396607518196106,
		0.080465622246265411,
		1.5879194736480713,
		0.020081900060176849,
		0.040232811123132706,
		3.6582872867584229,
		0.020081900060176849,
		0.040232811123132706,
		4.3216114044189453,
		0.020150909200310707,
		0.040163800120353699,
		5.9899964332580566,
		0.020081900060176849,
		0.020081900060176849,
		5.6281766891479492,
		0.020150909200310707,
		2.9346489906311035,
		0.020081900060176849,
		4.221132755279541,
		0.12062942236661911,
		0.080396607518196106,
		3.2763862609863281,
		10.532715797424316
	],
	"end" : 12.852777481079102,
	"labels" : 
	[
		"Prep",
		"Scan",
		"Break",
		"Prep",
		"Scan",
		"Break",
		"Prep",
		"Scan",
		"Break",
		"Prep",
		"Scan",
		"Break",
		"Prep",
		"Scan",
		"Prep",
		"Scan",
		"Prep",
		"Scan",
		"Break",
		"Break",
		"Scan",
		"Break",
		"Prep",
		"Break",
		"Prep",
		"Scan",
		"Break",
		"Break",
		"Scan",
		"Break",
		"Prep",
		"Scan",
		"Break",
		"Prep",
		"Break",
		"Prep",
		"Scan",
		"Break",
		"Prep",
		"Break",
		"Prep",
		"Break",
		"Prep",
		"Break",
		"Scan",
		"Break",
		"Prep",
		"Scan",
		"Break",
		"Prep",
		"Scan",
		"Break",
		"Prep",
		"Scan",
		"Break",
		"Prep",
		"Scan",
		"Break",
		"Prep",
		"Scan",
		"Prep",
		"Scan",
		"Prep",
		"Scan",
		"Break",
		"Prep",
		"Scan",
		"Dead"
	],
	"start" : 11.472222328186035
}