{
	"data" : 
	[
		0.45396646857261658,
		0.45385512709617615,
		1.3618992567062378,
		0.25937759876251221,
		2.0427377223968506,
		0.032394368201494217,
		0.55126088857650757,
		5.3500804901123047,
		0.032394368201494217,
		0.4863608181476593,
		9.6624269485473633,
		0.25937759876251221,
		5.2852916717529297,
		0.19458885490894318,
		0.097294427454471588,
		4.5717248916625977,
		68.804969787597656
	],
	"end" : 16.764444351196289,
	"labels" : 
	[
		"Prep",
		"Scan",
		"Break",
		"Prep",
		"Scan",
		"Break",
		"Prep",
		"Scan",
		"Break",
		"Prep",
		"Scan",
		"Prep",
		"Scan",
		"Break",
		"Prep",
		"Scan",
		"Dead"
	],
	"start" : 15.908611297607422
}