{
	"data" : 
	[
		0.6647951602935791,
		1.0878655910491943,
		2.0547647476196289,
		0.60441583395004272,
		1.0878655910491943,
		5.5598788261413574,
		0.54403650760650635,
		7.7358169555664062,
		7.796196460723877,
		9.427891731262207,
		3.2030096054077148,
		0.54403650760650635,
		6.8896770477294922,
		10.092686653137207,
		2.1151442527770996,
		10.455377578735352,
		1.0878655910491943,
		7.6148514747619629,
		21.333826065063477
	],
	"end" : 14.434444427490234,
	"labels" : 
	[
		"Prep",
		"Scan",
		"Break",
		"Prep",
		"Scan",
		"Break",
		"Prep",
		"Scan",
		"Scan",
		"Scan",
		"Break",
		"Prep",
		"Scan",
		"Scan",
		"Prep",
		"Scan",
		"Prep",
		"Scan",
		"Dead"
	],
	"start" : 13.975277900695801
}