{
	"data" : 
	[
		0.51664572954177856,
		1.5499372482299805,
		1.8785653114318848,
		0.46988317370414734,
		0.65757846832275391,
		6.387444019317627,
		3.9922332763671875,
		0.51664572954177856,
		0.79851120710372925,
		0.047085065394639969,
		6.4812917709350586,
		1.5499372482299805,
		0.89235883951187134,
		5.6363406181335449,
		0.046762567013502121,
		3.3346548080444336,
		8.3601799011230469,
		1.7850401401519775,
		0.65757846832275391,
		7.7964487075805664,
		0.047085065394639969,
		0.093847639858722687,
		5.3541526794433594,
		3.8513007164001465,
		7.4681434631347656,
		0.046762567013502121,
		0.047085065394639969,
		6.5283770561218262,
		0.047085065394639969,
		7.8906183242797852,
		15.170422554016113
	],
	"end" : 18.644166946411133,
	"labels" : 
	[
		"Prep",
		"Scan",
		"Break",
		"Prep",
		"Break",
		"Scan",
		"Break",
		"Prep",
		"Break",
		"Prep",
		"Scan",
		"Break",
		"Prep",
		"Scan",
		"Break",
		"Prep",
		"Scan",
		"Break",
		"Prep",
		"Scan",
		"Break",
		"Prep",
		"Scan",
		"Scan",
		"Scan",
		"Prep",
		"Break",
		"Scan",
		"Prep",
		"Scan",
		"Dead"
	],
	"start" : 18.053333282470703
}