{
	"data" : 
	[
		0.25946143269538879,
		0.19465175271034241,
		0.68105840682983398,
		0.19465175271034241,
		1.0055522918701172,
		1.0055522918701172,
		0.19442903995513916,
		3.6003894805908203,
		0.58373254537582397,
		5.189673900604248,
		3.4705474376678467,
		6.2923293113708496,
		0.065032392740249634,
		0.03229348361492157,
		0.29197761416435242,
		6.7464427947998047,
		0.032516196370124817,
		0.064809679985046387,
		6.1627101898193359,
		0.03229348361492157,
		0.38930350542068481,
		6.1301941871643066,
		57.280399322509766
	],
	"end" : 17.620000839233398,
	"labels" : 
	[
		"Prep",
		"Scan",
		"Break",
		"Prep",
		"Scan",
		"Break",
		"Prep",
		"Scan",
		"Prep",
		"Scan",
		"Scan",
		"Scan",
		"Break",
		"Prep",
		"Break",
		"Scan",
		"Break",
		"Prep",
		"Scan",
		"Break",
		"Prep",
		"Scan",
		"Dead"
	],
	"start" : 16.764444351196289
}