{
	"data" : 
	[
		1.0763030052185059,
		2.5436224937438965,
		5.9687113761901855,
		1.0763030052185059,
		1.1743930578231812,
		0.09741818904876709,
		16.731742858886719,
		4.2071223258972168,
		0.97888481616973877,
		14.578464508056641,
		0.78337663412094116,
		1.1737211942672729,
		12.328439712524414,
		0.098090037703514099,
		6.2623105049133301,
		14.872061729431152,
		0.098090037703514099,
		1.0763030052185059,
		14.77464485168457
	],
	"end" : 18.927778244018555,
	"labels" : 
	[
		"Prep",
		"Scan",
		"Break",
		"Prep",
		"Break",
		"Prep",
		"Scan",
		"Break",
		"Prep",
		"Scan",
		"Break",
		"Prep",
		"Scan",
		"Break",
		"Prep",
		"Scan",
		"Break",
		"Prep",
		"Scan"
	],
	"start" : 18.644166946411133
}