{
	"data" : 
	[
		0.46610921621322632,
		0.46622356772422791,
		1.5318610668182373,
		0.26638078689575195,
		2.0646226406097412,
		0.033269017934799194,
		0.56603062152862549,
		5.494532585144043,
		0.033269017934799194,
		0.99909943342208862,
		9.8900442123413086,
		0.033269017934799194,
		0.26649513840675354,
		5.4278802871704102,
		0.033269017934799194,
		0.26638078689575195,
		4.4288949966430664,
		67.632369995117188
	],
	"end" : 13.975277900695801,
	"labels" : 
	[
		"Prep",
		"Scan",
		"Break",
		"Prep",
		"Scan",
		"Break",
		"Prep",
		"Scan",
		"Break",
		"Prep",
		"Scan",
		"Break",
		"Prep",
		"Scan",
		"Break",
		"Prep",
		"Scan",
		"Dead"
	],
	"start" : 13.141944885253906
}