{
	"data" : 
	[
		0.69924330711364746,
		0.97892457246780396,
		0.046653561294078827,
		0.88569748401641846,
		0.79247033596038818,
		0.046653561294078827,
		0.65258967876434326,
		0.83912396430969238,
		0.13988065719604492,
		0.79247033596038818,
		4.0090055465698242,
		1.0255781412124634,
		0.79255038499832153,
		1.3052594661712646,
		0.046573542058467865,
		7.6918363571166992,
		0.046573542058467865,
		5.5474529266357422,
		0.60601615905761719,
		0.74589681625366211,
		6.5729508399963379,
		0.046653561294078827,
		5.8737072944641113,
		0.65266972780227661,
		0.046573542058467865,
		5.4542255401611328,
		0.65266972780227661,
		6.6195240020751953,
		46.290576934814453
	],
	"end" : 8.3322219848632812,
	"labels" : 
	[
		"Prep",
		"Scan",
		"Break",
		"Prep",
		"Scan",
		"Break",
		"Prep",
		"Scan",
		"Break",
		"Prep",
		"Scan",
		"Break",
		"Prep",
		"Scan",
		"Prep",
		"Scan",
		"Prep",
		"Scan",
		"Break",
		"Prep",
		"Scan",
		"Break",
		"Scan",
		"Break",
		"Prep",
		"Scan",
		"Prep",
		"Scan",
		"Dead"
	],
	"start" : 7.7369446754455566
}