{
	"data" : 
	[
		0.020167740061879158,
		0.013967199251055717,
		0.15050162374973297,
		0.013961871154606342,
		0.054308008402585983,
		0.15515735745429993,
		0.013967199251055717,
		0.018617603927850723,
		0.20325417816638947,
		0.089993081986904144,
		0.012411735951900482,
		0.14274562895298004,
		0.010861601680517197,
		0.012411735951900482,
		0.0015501354355365038,
		0.24515044689178467,
		0.017067469656467438,
		0.25601205229759216,
		0.0015501354355365038,
		0.0263789352029562,
		0.013961871154606342,
		0.22342725098133087,
		0.015517334453761578,
		0.013967199251055717,
		0.020167740061879158,
		0.10240481793880463,
		0.012411735951900482,
		0.034134939312934875,
		0.14585122466087341,
		0.013961871154606342,
		0.054308008402585983,
		0.1163666844367981,
		0.0015501354355365038,
		0.015517334453761578,
		0.27928537130355835,
		0.044991213828325272,
		0.015517334453761578,
		0.2420448511838913,
		0.0015554622514173388,
		0.013961871154606342,
		0.2513563334941864,
		0.027929073199629784,
		0.18153628706932068,
		0.099299214780330658,
		0.0015501354355365038,
		0.13343948125839233,
		0.076025880873203278,
		0.013961871154606342,
		0.024828799068927765,
		0.086887486279010773,
		0.015517334453761578,
		0.034134939312934875,
		0.2529064416885376,
		0.010861601680517197,
		0.0015501354355365038,
		0.0015501354355365038,
		0.29324725270271301,
		0.085337348282337189,
		0.015517334453761578,
		0.2420448511838913,
		0.0015554622514173388,
		0.0015501354355365038,
		0.0015501354355365038,
		38.929130554199219,
		0.29480269551277161,
		55.980991363525391
	],
	"end" : 10.022222518920898,
	"labels" : 
	[
		"Prep",
		"Scan",
		"Break",
		"Prep",
		"Scan",
		"Break",
		"Prep",
		"Break",
		"Scan",
		"Break",
		"Prep",
		"Break",
		"Prep",
		"Break",
		"Prep",
		"Scan",
		"Break",
		"Scan",
		"Break",
		"Prep",
		"Break",
		"Scan",
		"Break",
		"Prep",
		"Scan",
		"Break",
		"Prep",
		"Scan",
		"Break",
		"Prep",
		"Scan",
		"Break",
		"Prep",
		"Break",
		"Scan",
		"Break",
		"Prep",
		"Scan",
		"Prep",
		"Break",
		"Scan",
		"Prep",
		"Scan",
		"Break",
		"Prep",
		"Scan",
		"Break",
		"Prep",
		"Scan",
		"Break",
		"Prep",
		"Scan",
		"Break",
		"Prep",
		"Break",
		"Prep",
		"Scan",
		"Break",
		"Prep",
		"Scan",
		"Prep",
		"Break",
		"Prep",
		"Scan",
		"Dead",
		"Break"
	],
	"start" : 9.1288890838623047
}