{
	"data" : 
	[
		1.3435797691345215,
		0.095875851809978485,
		2.3992025852203369,
		10.940060615539551,
		3.0709924697875977,
		0.095875851809978485,
		0.095875851809978485,
		0.67178988456726074,
		1.9194939136505127,
		3.2627441883087158,
		2.7830355167388916,
		0.19175170361995697,
		0.76766574382781982,
		3.0709924697875977,
		0.095875851809978485,
		1.6315369606018066,
		6.141655445098877,
		0.096205323934555054,
		0.19175170361995697,
		0.67178988456726074,
		1.8232885599136353,
		15.450509071350098,
		0.095875851809978485,
		0.57591402530670166,
		2.3988730907440186,
		0.096205323934555054,
		1.8232885599136353,
		0.095875851809978485,
		1.8232885599136353,
		0.76766574382781982,
		1.6315369606018066,
		33.779930114746094
	],
	"end" : 13.141944885253906,
	"labels" : 
	[
		"Prep",
		"Break",
		"Scan",
		"Break",
		"Prep",
		"Break",
		"Prep",
		"Break",
		"Scan",
		"Break",
		"Prep",
		"Break",
		"Break",
		"Scan",
		"Prep",
		"Break",
		"Scan",
		"Prep",
		"Break",
		"Break",
		"Scan",
		"Break",
		"Prep",
		"Break",
		"Scan",
		"Break",
		"Scan",
		"Break",
		"Prep",
		"Break",
		"Scan",
		"Dead"
	],
	"start" : 12.852777481079102
}