{
	"data" : 
	[
		0.39955094456672668,
		2.750211238861084,
		3.0557456016540527,
		0.3056148886680603,
		3.3848445415496826,
		0.023484006524085999,
		0.11750074476003647,
		2.750211238861084,
		0.023484006524085999,
		0.094097435474395752,
		2.7501306533813477,
		84.245124816894531
	],
	"end" : 11.202777862548828,
	"labels" : 
	[
		"Prep",
		"Scan",
		"Break",
		"Prep",
		"Scan",
		"Break",
		"Prep",
		"Scan",
		"Break",
		"Prep",
		"Scan",
		"Dead"
	],
	"start" : 10.022222518920898
}