{
	"data" : 
	[
		1.3386805057525635,
		1.0299988985061646,
		2.3686792850494385,
		2.0599977970123291,
		11.740857124328613,
		1.750609278678894,
		10.298929214477539,
		0.10324741154909134,
		0.10289382189512253,
		14.109537124633789,
		0.10289382189512253,
		0.10324741154909134,
		15.139534950256348,
		0.30868145823478699,
		7.5183205604553223,
		31.823892593383789
	],
	"end" : 11.472222328186035,
	"labels" : 
	[
		"Prep",
		"Scan",
		"Break",
		"Scan",
		"Break",
		"Prep",
		"Scan",
		"Break",
		"Prep",
		"Scan",
		"Break",
		"Prep",
		"Scan",
		"Prep",
		"Scan",
		"Dead"
	],
	"start" : 11.202777862548828
}