{
	"data" : 
	[
		0.70442843437194824,
		1.4726160764694214,
		3.842257022857666,
		1.024543285369873,
		0.064198844134807587,
		8.5810995101928711,
		1.4088568687438965,
		1.0887421369552612,
		9.9899568557739258,
		1.0887421369552612,
		8.3889427185058594,
		4.5466856956481934,
		12.039482116699219,
		0.57647049427032471,
		11.270415306091309,
		33.812564849853516
	],
	"end" : 18.053333282470703,
	"labels" : 
	[
		"Prep",
		"Scan",
		"Break",
		"Prep",
		"Break",
		"Scan",
		"Break",
		"Prep",
		"Scan",
		"Prep",
		"Scan",
		"Prep",
		"Scan",
		"Prep",
		"Scan",
		"Dead"
	],
	"start" : 17.620000839233398
}