{
	"data" : 
	[
		0.34836071729660034,
		0.90564221143722534,
		1.7067642211914062,
		0.48768109083175659,
		2.5080058574676514,
		0.034800194203853607,
		5.259732723236084,
		0.034800194203853607,
		0.52248132228851318,
		0.10452017933130264,
		6.7575759887695312,
		0.2786407470703125,
		3.8316092491149902,
		77.119384765625
	],
	"end" : 9.1288890838623047,
	"labels" : 
	[
		"Prep",
		"Scan",
		"Break",
		"Prep",
		"Scan",
		"Break",
		"Scan",
		"Break",
		"Prep",
		"Break",
		"Scan",
		"Break",
		"Scan",
		"Dead"
	],
	"start" : 8.3322219848632812
}