{
	"data" : 
	[
		0.55846792459487915,
		1.0609548091888428,
		0.055789276957511902,
		1.5078443288803101,
		3.6295623779296875,
		1.3960739374160767,
		0.39090839028358459,
		6.9801778793334961,
		2.8479371070861816,
		0.1115785539150238,
		0.39090839028358459,
		7.0359668731689453,
		0.94937628507614136,
		6.868408203125,
		0.055789276957511902,
		1.7869824171066284,
		8.3762521743774414,
		0.1115785539150238,
		0.44688940048217773,
		0.9491845965385437,
		7.5944356918334961,
		0.055789276957511902,
		0.11177027225494385,
		1.0051655769348145,
		0.055789276957511902,
		0.39090839028358459,
		1.0051655769348145,
		0.9491845965385437,
		1.0051655769348145,
		0.055980995297431946,
		0.9491845965385437,
		1.0051655769348145,
		0.94937628507614136,
		1.0049738883972168,
		0.44688940048217773,
		1.395882248878479,
		0.44688940048217773,
		0.9491845965385437,
		35.012470245361328
	],
	"end" : 15.496110916137695,
	"labels" : 
	[
		"Prep",
		"Scan",
		"Break",
		"Scan",
		"Break",
		"Prep",
		"Break",
		"Scan",
		"Break",
		"Prep",
		"Break",
		"Scan",
		"Break",
		"Scan",
		"Break",
		"Prep",
		"Scan",
		"Prep",
		"Break",
		"Scan",
		"Break",
		"Prep",
		"Break",
		"Scan",
		"Prep",
		"Break",
		"Scan",
		"Break",
		"Scan",
		"Prep",
		"Break",
		"Scan",
		"Break",
		"Scan",
		"Break",
		"Prep",
		"Break",
		"Scan",
		"Dead"
	],
	"start" : 14.999166488647461
}