{
	"data" : 
	[
		0.87465453147888184,
		0.94186455011367798,
		2.7581524848937988,
		0.94163358211517334,
		4.2383904457092285,
		1.5472168922424316,
		10.898190498352051,
		0.53814232349395752,
		10.965399742126465,
		0.20186111330986023,
		9.8216743469238281,
		0.47093227505683899,
		0.1346510648727417,
		20.04730224609375,
		0.06721004843711853,
		15.338212013244629,
		20.114513397216797
	],
	"end" : 15.908611297607422,
	"labels" : 
	[
		"Prep",
		"Scan",
		"Break",
		"Prep",
		"Scan",
		"Prep",
		"Scan",
		"Prep",
		"Scan",
		"Prep",
		"Scan",
		"Break",
		"Prep",
		"Scan",
		"Prep",
		"Scan",
		"Dead"
	],
	"start" : 15.496110916137695
}