{
	"data" : 
	[
		0.68798357248306274,
		1.031975269317627,
		3.1939442157745361,
		0.049093477427959442,
		0.19654262065887451,
		6.486412525177002,
		0.049262188374996185,
		1.4741541147232056,
		0.049093477427959442,
		1.3267048597335815,
		1.3759671449661255,
		0.098186954855918884,
		0.049262188374996185,
		7.9605669975280762,
		0.049093477427959442,
		6.0440654754638672,
		0.68798357248306274,
		0.24563610553741455,
		0.049262188374996185,
		8.5011014938354492,
		60.293712615966797
	],
	"end" : 14.999166488647461,
	"labels" : 
	[
		"Prep",
		"Scan",
		"Break",
		"Prep",
		"Break",
		"Scan",
		"Break",
		"Break",
		"Prep",
		"Break",
		"Break",
		"Break",
		"Prep",
		"Scan",
		"Prep",
		"Scan",
		"Prep",
		"Break",
		"Prep",
		"Scan",
		"Dead"
	],
	"start" : 14.434444427490234
}