{
	"data" : 
	[
		0.85129117965698242,
		0.85108238458633423,
		7.4789628982543945,
		4.4384875297546387,
		0.06095561757683754,
		1.0335317850112915,
		9.6069822311401367,
		0.18244937062263489,
		16.599342346191406,
		0.060746867209672928,
		0.42564558982849121,
		9.9718809127807617,
		11.12690544128418,
		0.06095561757683754,
		19.517908096313477,
		17.632875442504883
	],
	"end" : 12.903888702392578,
	"labels" : 
	[
		"Prep",
		"Scan",
		"Break",
		"Scan",
		"Break",
		"Prep",
		"Scan",
		"Prep",
		"Scan",
		"Break",
		"Prep",
		"Scan",
		"Scan",
		"Prep",
		"Scan",
		"Dead"
	],
	"start" : 12.447500228881836
}