{
	"data" : 
	[
		0.58823299407958984,
		0.8232569694519043,
		1.6074779033660889,
		0.58823299407958984,
		0.8232569694519043,
		0.039305273443460464,
		0.62726902961730957,
		0.70561039447784424,
		0.58823299407958984,
		0.70561039447784424,
		0.66657435894012451,
		3.1756505966186523,
		0.078610546886920929,
		0.039036057889461517,
		0.78422093391418457,
		0.039305273443460464,
		0.078341327607631683,
		0.039305273443460464,
		3.6852731704711914,
		0.039305273443460464,
		3.0189681053161621,
		0.5879637598991394,
		0.27459847927093506,
		0.039305273443460464,
		6.1162772178649902,
		0.039036057889461517,
		0.66657435894012451,
		0.58823299407958984,
		0.039036057889461517,
		0.54892772436141968,
		0.039305273443460464,
		0.7449156641960144,
		0.039305273443460464,
		0.23502400517463684,
		0.039305273443460464,
		6.4692168235778809,
		1.019244909286499,
		1.4901005029678345,
		0.31363451480865479,
		0.039036057889461517,
		7.6454133987426758,
		0.19598792493343353,
		0.58823299407958984,
		3.4109439849853516,
		5.1753735542297363,
		0.039305273443460464,
		0.9802088737487793,
		0.039036057889461517,
		1.2548073530197144,
		0.039036057889461517,
		0.039305273443460464,
		0.039305273443460464,
		9.331233024597168,
		0.62726902961730957,
		5.2537145614624023,
		0.039305273443460464,
		0.5879637598991394,
		7.2534384727478027,
		0.5879637598991394,
		3.3326022624969482,
		15.369438171386719
	],
	"end" : 18.807500839233398,
	"labels" : 
	[
		"Prep",
		"Scan",
		"Break",
		"Prep",
		"Scan",
		"Break",
		"Prep",
		"Scan",
		"Prep",
		"Scan",
		"Prep",
		"Scan",
		"Break",
		"Prep",
		"Scan",
		"Break",
		"Break",
		"Prep",
		"Scan",
		"Prep",
		"Scan",
		"Prep",
		"Break",
		"Prep",
		"Scan",
		"Prep",
		"Break",
		"Break",
		"Prep",
		"Break",
		"Prep",
		"Break",
		"Prep",
		"Break",
		"Prep",
		"Scan",
		"Break",
		"Break",
		"Break",
		"Prep",
		"Scan",
		"Break",
		"Prep",
		"Scan",
		"Scan",
		"Prep",
		"Break",
		"Prep",
		"Break",
		"Prep",
		"Break",
		"Prep",
		"Scan",
		"Prep",
		"Scan",
		"Break",
		"Prep",
		"Scan",
		"Prep",
		"Scan",
		"Dead"
	],
	"start" : 18.099721908569336
}