{
	"data" : 
	[
		1.352348804473877,
		0.9662477970123291,
		2.7053611278533936,
		0.096525266766548157,
		1.0627729892730713,
		6.0867304801940918,
		2.608504056930542,
		4.6375250816345215,
		1.8359702825546265,
		0.19305053353309631,
		5.3138651847839355,
		0.57981497049331665,
		0.28957578539848328,
		0.096856966614723206,
		1.0627729892730713,
		0.19305053353309631,
		8.8886175155639648,
		2.3189282417297363,
		0.19305053353309631,
		5.2173399925231934,
		54.201095581054688
	],
	"end" : 15.805277824401855,
	"labels" : 
	[
		"Prep",
		"Scan",
		"Break",
		"Prep",
		"Scan",
		"Break",
		"Prep",
		"Scan",
		"Break",
		"Prep",
		"Scan",
		"Break",
		"Prep",
		"Scan",
		"Break",
		"Prep",
		"Scan",
		"Break",
		"Prep",
		"Scan",
		"Dead"
	],
	"start" : 15.51805591583252
}