{
	"data" : 
	[
		0.40386098623275757,
		0.69768112897872925,
		1.9091379642486572,
		0.77091562747955322,
		0.036806304007768631,
		0.036680258810520172,
		0.036680258810520172,
		0.036680258810520172,
		0.25701388716697693,
		0.66087484359741211,
		0.47734752297401428,
		1.0647358894348145,
		0.25688785314559937,
		1.5787636041641235,
		0.036680258810520172,
		0.66087484359741211,
		4.369110107421875,
		0.036680258810520172,
		0.62406855821609497,
		2.9738738536834717,
		2.9738738536834717,
		0.84452825784683228,
		0.80772197246551514,
		0.25688785314559937,
		22.285713195800781,
		0.80772197246551514,
		0.2936941385269165,
		2.3864855766296387,
		0.69755512475967407,
		0.2936941385269165,
		2.0559852123260498,
		0.036806304007768631,
		0.25688785314559937,
		0.66087484359741211,
		1.0280555486679077,
		5.5072064399719238,
		0.51390177011489868,
		0.88120847940444946,
		0.25701388716697693,
		3.3409285545349121,
		5.3236789703369141,
		0.33037438988685608,
		0.69755512475967407,
		0.14684706926345825,
		0.25701388716697693,
		0.62419462203979492,
		2.5700128078460693,
		0.25701388716697693,
		0.073360517621040344,
		0.73436141014099121,
		0.25701388716697693,
		0.62406855821609497,
		0.036806304007768631,
		0.62406855821609497,
		0.62419462203979492,
		0.66087484359741211,
		0.58738827705383301,
		0.036680258810520172,
		0.62419462203979492,
		0.62406855821609497,
		0.40386098623275757,
		0.25701388716697693,
		0.51402777433395386,
		19.899227142333984
	],
	"end" : 14.379166603088379,
	"labels" : 
	[
		"Prep",
		"Scan",
		"Break",
		"Prep",
		"Break",
		"Prep",
		"Break",
		"Prep",
		"Break",
		"Scan",
		"Break",
		"Prep",
		"Break",
		"Scan",
		"Prep",
		"Break",
		"Scan",
		"Prep",
		"Break",
		"Scan",
		"Break",
		"Prep",
		"Break",
		"Prep",
		"Scan",
		"Prep",
		"Break",
		"Scan",
		"Prep",
		"Break",
		"Scan",
		"Break",
		"Prep",
		"Break",
		"Prep",
		"Scan",
		"Break",
		"Prep",
		"Break",
		"Scan",
		"Break",
		"Prep",
		"Scan",
		"Prep",
		"Break",
		"Scan",
		"Break",
		"Prep",
		"Break",
		"Scan",
		"Break",
		"Scan",
		"Break",
		"Break",
		"Scan",
		"Break",
		"Scan",
		"Break",
		"Break",
		"Scan",
		"Prep",
		"Break",
		"Scan",
		"Dead"
	],
	"start" : 13.623332977294922
}