{
	"data" : 
	[
		0.44871622323989868,
		0.040894236415624619,
		1.0196950435638428,
		3.2634162902832031,
		1.5500596761703491,
		0.040894236415624619,
		0.04075419157743454,
		0.28555944561958313,
		0.77502983808517456,
		1.386902928352356,
		0.1224026158452034,
		0.28555944561958313,
		0.89743244647979736,
		2.3250894546508789,
		0.08164842426776886,
		0.28555944561958313,
		2.8962082862854004,
		1.0198351144790649,
		0.1224026158452034,
		0.08150838315486908,
		0.28555944561958313,
		0.97894084453582764,
		1.9581617116928101,
		1.0196950435638428,
		9.6678457260131836,
		0.73413562774658203,
		0.3672078549861908,
		0.20391099154949188,
		0.04075419157743454,
		3.345064640045166,
		0.04075419157743454,
		0.32631361484527588,
		0.28555944561958313,
		3.4673271179199219,
		1.0198351144790649,
		0.28555944561958313,
		0.69338136911392212,
		17.051216125488281,
		0.08150838315486908,
		0.73427563905715942,
		0.04075419157743454,
		0.040894236415624619,
		0.97894084453582764,
		0.04075419157743454,
		0.32645365595817566,
		0.73413562774658203,
		0.69352144002914429,
		0.73427563905715942,
		0.04075419157743454,
		0.69352144002914429,
		0.73427563905715942,
		0.69338136911392212,
		0.73427563905715942,
		0.040894236415624619,
		0.12226256728172302,
		0.53036463260650635,
		0.69338136911392212,
		0.040894236415624619,
		0.69338136911392212,
		0.73427563905715942,
		1.2237460613250732,
		0.28555944561958313,
		0.73427563905715942,
		28.758453369140625
	],
	"end" : 10.424444198608398,
	"labels" : 
	[
		"Prep",
		"Break",
		"Scan",
		"Break",
		"Prep",
		"Break",
		"Prep",
		"Break",
		"Scan",
		"Prep",
		"Break",
		"Break",
		"Scan",
		"Break",
		"Prep",
		"Break",
		"Scan",
		"Break",
		"Prep",
		"Break",
		"Break",
		"Scan",
		"Break",
		"Prep",
		"Scan",
		"Break",
		"Prep",
		"Break",
		"Prep",
		"Scan",
		"Break",
		"Prep",
		"Break",
		"Scan",
		"Prep",
		"Break",
		"Scan",
		"Break",
		"Prep",
		"Scan",
		"Break",
		"Break",
		"Scan",
		"Prep",
		"Break",
		"Scan",
		"Break",
		"Scan",
		"Prep",
		"Break",
		"Scan",
		"Break",
		"Scan",
		"Break",
		"Prep",
		"Break",
		"Scan",
		"Prep",
		"Break",
		"Scan",
		"Prep",
		"Break",
		"Scan",
		"Dead"
	],
	"start" : 9.744166374206543
}