{
	"data" : 
	[
		0.54074251651763916,
		0.45749646425247192,
		1.0813422203063965,
		0.041551642119884491,
		0.87344127893447876,
		12.144359588623047,
		0.91499292850494385,
		0.041551642119884491,
		4.9909090995788574,
		4.7828655242919922,
		0.041551642119884491,
		0.87344127893447876,
		5.7809615135192871,
		6.1970491409301758,
		0.041551642119884491,
		6.0305566787719727,
		2.2043788433074951,
		0.12479771673679352,
		6.2800092697143555,
		0.041694432497024536,
		3.5351738929748535,
		7.070347785949707,
		4.3669204711914062,
		1.9963351488113403,
		7.070347785949707,
		22.375631332397461
	],
	"end" : 15.046388626098633,
	"labels" : 
	[
		"Prep",
		"Scan",
		"Break",
		"Prep",
		"Scan",
		"Break",
		"Prep",
		"Break",
		"Scan",
		"Break",
		"Prep",
		"Scan",
		"Break",
		"Scan",
		"Prep",
		"Scan",
		"Break",
		"Prep",
		"Scan",
		"Prep",
		"Scan",
		"Break",
		"Scan",
		"Prep",
		"Scan",
		"Dead"
	],
	"start" : 14.379166603088379
}