{
	"data" : 
	[
		1.4143038988113403,
		0.77071619033813477,
		2.8286077976226807,
		1.4143038988113403,
		1.4143038988113403,
		3.986006498336792,
		0.12889412045478821,
		1.5423151254653931,
		2.9575018882751465,
		3.0855133533477783,
		5.5283217430114746,
		1.0293872356414795,
		2.8286077976226807,
		8.4858236312866211,
		0.38491666316986084,
		18.64373779296875,
		4.1140174865722656,
		1.0285043716430664,
		15.042649269104004,
		0.12889412045478821,
		11.443325996398926,
		0.12801127135753632,
		0.38579949736595154,
		11.185537338256836
	],
	"end" : 19.023332595825195,
	"labels" : 
	[
		"Prep",
		"Scan",
		"Break",
		"Prep",
		"Scan",
		"Break",
		"Prep",
		"Scan",
		"Break",
		"Prep",
		"Scan",
		"Prep",
		"Scan",
		"Break",
		"Prep",
		"Scan",
		"Break",
		"Prep",
		"Scan",
		"Prep",
		"Scan",
		"Break",
		"Prep",
		"Scan"
	],
	"start" : 18.807500839233398
}