{
	"data" : 
	[
		0.5400272011756897,
		0.42428818345069885,
		2.1599764823913574,
		0.5400272011756897,
		0.038535535335540771,
		0.038535535335540771,
		8.871516227722168,
		1.4656746387481689,
		0.88711190223693848,
		0.11573903262615204,
		12.304356575012207,
		0.038535535335540771,
		0.077071070671081543,
		10.298654556274414,
		0.038535535335540771,
		1.3114000558853149,
		11.18576717376709,
		6.1328444480895996,
		0.11573903262615204,
		11.879937171936035,
		1.8128917217254639,
		0.038535535335540771,
		11.494316101074219,
		18.089984893798828
	],
	"end" : 13.623332977294922,
	"labels" : 
	[
		"Prep",
		"Scan",
		"Break",
		"Prep",
		"Break",
		"Prep",
		"Scan",
		"Break",
		"Prep",
		"Break",
		"Scan",
		"Break",
		"Prep",
		"Scan",
		"Break",
		"Prep",
		"Scan",
		"Break",
		"Prep",
		"Scan",
		"Break",
		"Prep",
		"Scan",
		"Dead"
	],
	"start" : 12.903888702392578
}