{
	"data" : 
	[
		0.64527624845504761,
		1.0559248924255371,
		11.43895149230957,
		1.4663721323013306,
		19.182266235351562,
		0.52806311845779419,
		0.52786177396774292,
		0.058606550097465515,
		0.058807950466871262,
		0.99711698293685913,
		0.058606550097465515,
		5.2208166122436523,
		1.114531397819519,
		0.52806311845779419,
		0.41085004806518555,
		5.0445942878723145,
		0.058807950466871262,
		1.7009997367858887,
		0.058807950466871262,
		0.41044726967811584,
		1.1733393669128418,
		0.52806311845779419,
		1.7009997367858887,
		0.11721310019493103,
		0.41085004806518555,
		1.2905524969100952,
		0.11721310019493103,
		0.9973183274269104,
		3.695636510848999,
		0.058807950466871262,
		0.058405153453350067,
		0.058807950466871262,
		0.41044726967811584,
		1.0561262369155884,
		0.52806311845779419,
		0.23442620038986206,
		9.0926752090454102,
		0.058405153453350067,
		0.17602105438709259,
		0.41085004806518555,
		0.99691551923751831,
		2.1706576347351074,
		0.058807950466871262,
		0.058405153453350067,
		0.058807950466871262,
		0.41044726967811584,
		1.2321473360061646,
		22.173818588256836
	],
	"end" : 16.27833366394043,
	"labels" : 
	[
		"Prep",
		"Scan",
		"Break",
		"Prep",
		"Scan",
		"Break",
		"Prep",
		"Break",
		"Prep",
		"Break",
		"Break",
		"Scan",
		"Break",
		"Prep",
		"Break",
		"Scan",
		"Break",
		"Prep",
		"Break",
		"Break",
		"Scan",
		"Break",
		"Prep",
		"Break",
		"Break",
		"Scan",
		"Prep",
		"Break",
		"Scan",
		"Prep",
		"Break",
		"Prep",
		"Break",
		"Scan",
		"Break",
		"Prep",
		"Scan",
		"Break",
		"Prep",
		"Break",
		"Scan",
		"Break",
		"Prep",
		"Break",
		"Prep",
		"Break",
		"Scan",
		"Dead"
	],
	"start" : 15.805277824401855
}