{
	"data" : 
	[
		0.43585905432701111,
		0.43585905432701111,
		2.3659086227416992,
		0.21782264113426208,
		1.8368496894836426,
		0.031209131702780724,
		0.52905887365341187,
		1.338786244392395,
		3.5176537036895752,
		1.8990541696548462,
		0.37365454435348511,
		0.43585905432701111,
		2.3971178531646729,
		0.24903175234794617,
		2.0856678485870361,
		0.80951350927352905,
		0.56026804447174072,
		4.7320308685302734,
		0.24903175234794617,
		0.90271341800689697,
		7.7828307151794434,
		0.28024089336395264,
		5.0744762420654297,
		0.5914771556854248,
		0.093413636088371277,
		4.763026237487793,
		55.911582946777344
	],
	"end" : 17.169721603393555,
	"labels" : 
	[
		"Prep",
		"Scan",
		"Break",
		"Prep",
		"Scan",
		"Break",
		"Prep",
		"Scan",
		"Break",
		"Break",
		"Prep",
		"Scan",
		"Break",
		"Prep",
		"Scan",
		"Break",
		"Prep",
		"Scan",
		"Break",
		"Prep",
		"Scan",
		"Prep",
		"Scan",
		"Break",
		"Prep",
		"Scan",
		"Dead"
	],
	"start" : 16.27833366394043
}