{
	"data" : 
	[
		0.75197374820709229,
		1.4212878942489624,
		2.8425757884979248,
		0.16704151034355164,
		2.0062201023101807,
		7.691370964050293,
		2.4241108894348145,
		15.131319046020508,
		2.9263834953308105,
		0.083233736455440521,
		8.1924953460693359,
		0.083807758986949921,
		0.16704151034355164,
		9.446742057800293,
		0.16704151034355164,
		1.0033969879150391,
		0.41789078712463379,
		11.954660415649414,
		0.083807758986949921,
		0.083233736455440521,
		0.083807758986949921,
		14.88046932220459,
		17.890087127685547
	],
	"end" : 18.099721908569336,
	"labels" : 
	[
		"Prep",
		"Scan",
		"Break",
		"Prep",
		"Scan",
		"Break",
		"Prep",
		"Scan",
		"Break",
		"Prep",
		"Scan",
		"Break",
		"Prep",
		"Scan",
		"Break",
		"Prep",
		"Break",
		"Scan",
		"Break",
		"Break",
		"Prep",
		"Scan",
		"Dead"
	],
	"start" : 17.767778396606445
}