{
	"data" : 
	[
		1.0545235872268677,
		0.70309621095657349,
		0.84357059001922607,
		1.4764295816421509,
		3.9369041919708252,
		0.6328589916229248,
		0.21071164309978485,
		0.2811901867389679,
		0.6328589916229248,
		1.4764295816421509,
		0.070237204432487488,
		10.685951232910156,
		0.070237204432487488,
		0.14071577787399292,
		7.3114285469055176,
		0.070237204432487488,
		0.070478573441505432,
		11.599759101867676,
		0.070478573441505432,
		8.2252359390258789,
		3.3745238780975342,
		11.318811416625977,
		35.643333435058594
	],
	"end" : 9.2555551528930664,
	"labels" : 
	[
		"Prep",
		"Scan",
		"Break",
		"Scan",
		"Break",
		"Prep",
		"Break",
		"Prep",
		"Break",
		"Prep",
		"Break",
		"Scan",
		"Break",
		"Break",
		"Scan",
		"Break",
		"Break",
		"Scan",
		"Break",
		"Scan",
		"Prep",
		"Scan",
		"Dead"
	],
	"start" : 8.8608331680297852
}