{
	"data" : 
	[
		0.37466973066329956,
		1.2262130975723267,
		0.23843683302402496,
		0.034028992056846619,
		3.2016487121582031,
		0.47687366604804993,
		0.64713555574417114,
		0.37466973066329956,
		0.51090264320373535,
		4.3938331604003906,
		5.6200461387634277,
		0.71531051397323608,
		1.3624459505081177,
		5.6881041526794434,
		1.8393197059631348,
		0.5789605975151062,
		4.9387645721435547,
		1.1921840906143188,
		0.068174928426742554,
		7.5954813957214355,
		1.4986789226531982,
		0.64713555574417114,
		8.3789663314819336,
		2.5545132160186768,
		0.068174928426742554,
		4.9387645721435547,
		1.1240092515945435,
		0.068057984113693237,
		7.5955986976623535,
		1.2262130975723267,
		0.64713555574417114,
		8.4129962921142578,
		0.17026190459728241,
		0.10220391303300858,
		9.2985687255859375,
		12.091518402099609
	],
	"end" : 8.8608331680297852,
	"labels" : 
	[
		"Prep",
		"Scan",
		"Prep",
		"Scan",
		"Break",
		"Prep",
		"Scan",
		"Break",
		"Prep",
		"Scan",
		"Scan",
		"Break",
		"Prep",
		"Scan",
		"Break",
		"Prep",
		"Scan",
		"Break",
		"Prep",
		"Scan",
		"Break",
		"Prep",
		"Scan",
		"Break",
		"Prep",
		"Scan",
		"Break",
		"Prep",
		"Scan",
		"Break",
		"Prep",
		"Scan",
		"Break",
		"Prep",
		"Scan",
		"Dead"
	],
	"start" : 8.0461111068725586
}