{
	"data" : 
	[
		0.65220510959625244,
		0.65236508846282959,
		2.3298296928405762,
		0.65220510959625244,
		2.6094603538513184,
		0.046551797538995743,
		0.79218041896820068,
		6.8960652351379395,
		0.046551797538995743,
		1.3978338241577148,
		13.885394096374512,
		0.37273433804512024,
		7.8280611038208008,
		0.046551797538995743,
		2.6093003749847412,
		0.046551797538995743,
		6.570042610168457,
		5.7311501502990723,
		0.65236508846282959,
		1.6773045063018799,
		0.18636716902256012,
		0.18652714788913727,
		6.6629858016967773,
		0.046711768954992294,
		0.32618254423141479,
		14.77051830291748,
		22.226005554199219
	],
	"end" : 11.69444465637207,
	"labels" : 
	[
		"Prep",
		"Scan",
		"Break",
		"Prep",
		"Scan",
		"Break",
		"Prep",
		"Scan",
		"Break",
		"Prep",
		"Scan",
		"Prep",
		"Scan",
		"Prep",
		"Scan",
		"Prep",
		"Scan",
		"Break",
		"Scan",
		"Break",
		"Prep",
		"Break",
		"Scan",
		"Break",
		"Prep",
		"Scan",
		"Dead"
	],
	"start" : 11.098889350891113
}