{
	"data" : 
	[
		0.47898197174072266,
		0.51592403650283813,
		3.6849732398986816,
		0.51592403650283813,
		2.6900670528411865,
		0.036815572530031204,
		0.62649726867675781,
		6.190709114074707,
		1.2160524129867554,
		0.11057322472333908,
		10.981287956237793,
		0.29477760195732117,
		6.006505012512207,
		0.036815572530031204,
		5.2695608139038086,
		2.8006401062011719,
		0.036815572530031204,
		0.11057322472333908,
		0.44216638803482056,
		0.51592403650283813,
		0.62649726867675781,
		1.1054792404174805,
		6.006505012512207,
		1.1054792404174805,
		10.981287956237793,
		3.7955460548400879,
		0.073631145060062408,
		5.2327451705932617,
		0.29477760195732117,
		10.723325729370117,
		17.393144607543945
	],
	"end" : 12.447500228881836,
	"labels" : 
	[
		"Prep",
		"Scan",
		"Break",
		"Prep",
		"Scan",
		"Break",
		"Prep",
		"Scan",
		"Break",
		"Prep",
		"Scan",
		"Prep",
		"Scan",
		"Break",
		"Scan",
		"Break",
		"Prep",
		"Break",
		"Prep",
		"Scan",
		"Break",
		"Prep",
		"Scan",
		"Prep",
		"Scan",
		"Break",
		"Prep",
		"Scan",
		"Prep",
		"Scan",
		"Dead"
	],
	"start" : 11.69444465637207
}