{
	"data" : 
	[
		0.61716455221176147,
		0.57605791091918945,
		8.8461198806762695,
		0.16456779837608337,
		0.57605791091918945,
		0.57605791091918945,
		2.8390419483184814,
		0.69937783479690552,
		5.6369767189025879,
		0.45259678363800049,
		3.4560651779174805,
		0.12346116453409195,
		12.261219024658203,
		0.32913559675216675,
		6.2128934860229492,
		0.32913559675216675,
		0.12346116453409195,
		7.7352514266967773,
		4.279045581817627,
		0.16456779837608337,
		0.53495132923126221,
		0.57605791091918945,
		0.6582711935043335,
		0.98740684986114502,
		12.220112800598145,
		0.82283896207809448,
		0.32927685976028442,
		7.7763581275939941,
		19.996471405029297
	],
	"end" : 11.098889350891113,
	"labels" : 
	[
		"Prep",
		"Scan",
		"Break",
		"Break",
		"Prep",
		"Scan",
		"Break",
		"Prep",
		"Scan",
		"Break",
		"Scan",
		"Prep",
		"Scan",
		"Prep",
		"Scan",
		"Break",
		"Prep",
		"Scan",
		"Break",
		"Break",
		"Prep",
		"Scan",
		"Break",
		"Prep",
		"Scan",
		"Break",
		"Prep",
		"Scan",
		"Dead"
	],
	"start" : 10.424444198608398
}