{
	"data" : 
	[
		0.7951505184173584,
		0.7951505184173584,
		2.4989333152770996,
		0.7951505184173584,
		0.56779754161834717,
		2.8965084552764893,
		0.45431604981422424,
		3.2373428344726562,
		0.68147408962249756,
		0.51125174760818481,
		11.415421485900879,
		75.251502990722656
	],
	"end" : 9.744166374206543,
	"labels" : 
	[
		"Prep",
		"Scan",
		"Break",
		"Prep",
		"Scan",
		"Break",
		"Prep",
		"Scan",
		"Break",
		"Prep",
		"Scan",
		"Dead"
	],
	"start" : 9.2555551528930664
}