{
	"data" : 
	[
		0.82371509075164795,
		0.82371509075164795,
		2.2356250286102295,
		0.05877908319234848,
		5.2951674461364746,
		1.6472283601760864,
		12.178783416748047,
		1.1178125143051147,
		8.6486043930053711,
		0.05877908319234848,
		11.825503349304199,
		6.8248376846313477,
		0.05877908319234848,
		12.178582191467285,
		1.0002543926239014,
		1.1765916347503662,
		12.237563133239746,
		21.709680557250977
	],
	"end" : 15.51805591583252,
	"labels" : 
	[
		"Prep",
		"Scan",
		"Break",
		"Prep",
		"Scan",
		"Break",
		"Scan",
		"Break",
		"Scan",
		"Prep",
		"Scan",
		"Break",
		"Prep",
		"Scan",
		"Prep",
		"Break",
		"Scan",
		"Dead"
	],
	"start" : 15.046388626098633
}