{
	"data" : 
	[
		0.69615286588668823,
		0.51040583848953247,
		0.88158118724822998,
		0.046516392379999161,
		0.97429531812667847,
		3.2016658782958984,
		0.046197783201932907,
		0.046516392379999161,
		6.4960455894470215,
		0.046516392379999161,
		0.88158118724822998,
		0.51040583848953247,
		0.97429531812667847,
		5.4287176132202148,
		0.046516392379999161,
		0.046516392379999161,
		3.6190388202667236,
		0.093032784759998322,
		4.5471367835998535,
		0.046197783201932907,
		1.577734112739563,
		0.83538341522216797,
		5.4287176132202148,
		0.13923056423664093,
		0.046197783201932907,
		6.2179031372070312,
		0.046197783201932907,
		0.51040583848953247,
		0.97461396455764771,
		2.2735683917999268,
		0.97429531812667847,
		2.6447436809539795,
		0.13923056423664093,
		5.5679483413696289,
		0.97461396455764771,
		5.707179069519043,
		0.092714175581932068,
		7.6560878753662109,
		0.046516392379999161,
		5.336003303527832,
		2.2735683917999268,
		6.4960455894470215,
		14.801770210266113
	],
	"end" : 17.767778396606445,
	"labels" : 
	[
		"Prep",
		"Scan",
		"Break",
		"Prep",
		"Scan",
		"Break",
		"Prep",
		"Break",
		"Scan",
		"Break",
		"Prep",
		"Break",
		"Prep",
		"Scan",
		"Prep",
		"Break",
		"Scan",
		"Prep",
		"Scan",
		"Prep",
		"Scan",
		"Break",
		"Scan",
		"Prep",
		"Break",
		"Scan",
		"Break",
		"Scan",
		"Scan",
		"Break",
		"Scan",
		"Break",
		"Prep",
		"Scan",
		"Break",
		"Scan",
		"Break",
		"Scan",
		"Break",
		"Scan",
		"Prep",
		"Scan",
		"Dead"
	],
	"start" : 17.169721603393555
}