{
	"data" : 
	[
		0.88782680034637451,
		1.3320667743682861,
		0.063369534909725189,
		1.0150012969970703,
		1.1417404413223267,
		0.95141410827636719,
		1.1417404413223267,
		1.8392407894134521,
		1.0150012969970703,
		6.9135947227478027,
		0.31728318333625793,
		0.25369590520858765,
		0.76108771562576294,
		8.5629444122314453,
		73.703994750976562
	],
	"end" : 8.5744447708129883,
	"labels" : 
	[
		"Prep",
		"Scan",
		"Break",
		"Prep",
		"Scan",
		"Prep",
		"Scan",
		"Break",
		"Prep",
		"Scan",
		"Prep",
		"Break",
		"Prep",
		"Scan",
		"Dead"
	],
	"start" : 8.1369447708129883
}