{
	"data" : 
	[
		0.92688566446304321,
		0.92688566446304321,
		1.6551204919815063,
		1.0591679811477661,
		0.59595251083374023,
		0.39684709906578064,
		0.99325418472290039,
		4.2371268272399902,
		0.065913885831832886,
		1.1255364418029785,
		9.7316179275512695,
		0.066368468105792999,
		0.59595251083374023,
		11.982690811157227,
		0.065913885831832886,
		1.2582734823226929,
		19.661886215209961,
		0.066368468105792999,
		0.52958399057388306,
		10.791240692138672,
		0.065913885831832886,
		9.4670524597167969,
		23.63444709777832
	],
	"end" : 16.776666641235352,
	"labels" : 
	[
		"Prep",
		"Scan",
		"Break",
		"Prep",
		"Scan",
		"Break",
		"Prep",
		"Scan",
		"Break",
		"Prep",
		"Scan",
		"Break",
		"Prep",
		"Scan",
		"Break",
		"Prep",
		"Scan",
		"Break",
		"Prep",
		"Scan",
		"Prep",
		"Scan",
		"Dead"
	],
	"start" : 16.357500076293945
}