{
	"data" : 
	[
		0.58792352676391602,
		0.83978778123855591,
		1.1337496042251587,
		0.67197442054748535,
		0.88188529014587402,
		0.41982179880142212,
		0.58792352676391602,
		0.12600421905517578,
		5.5849852561950684,
		0.041953343898057938,
		0.7139277458190918,
		1.0917961597442627,
		0.041953343898057938,
		0.084050863981246948,
		0.041953343898057938,
		7.1387009620666504,
		0.041953343898057938,
		4.0733671188354492,
		0.33591511845588684,
		5.9209003448486328,
		5.5430316925048828,
		0.46191930770874023,
		0.12600421905517578,
		5.3749303817749023,
		0.042097516357898712,
		0.33591511845588684,
		0.041953343898057938,
		7.264704704284668,
		50.348915100097656
	],
	"end" : 16.357500076293945,
	"labels" : 
	[
		"Prep",
		"Scan",
		"Break",
		"Prep",
		"Scan",
		"Break",
		"Prep",
		"Break",
		"Scan",
		"Break",
		"Prep",
		"Scan",
		"Prep",
		"Break",
		"Prep",
		"Scan",
		"Prep",
		"Scan",
		"Prep",
		"Scan",
		"Break",
		"Prep",
		"Break",
		"Scan",
		"Break",
		"Break",
		"Prep",
		"Scan",
		"Dead"
	],
	"start" : 15.696666717529297
}