{
	"data" : 
	[
		0.48080769181251526,
		0.48080769181251526,
		1.0988541841506958,
		0.48080769181251526,
		2.6787519454956055,
		0.034191817045211792,
		0.78994888067245483,
		5.7694563865661621,
		0.30890539288520813,
		10.233964920043945,
		1.8888031244277954,
		0.27471354603767395,
		5.5975542068481445,
		0.034427624195814133,
		0.068619437515735626,
		4.8766965866088867,
		0.48057189583778381,
		0.13747468590736389,
		0.034427624195814133,
		12.946672439575195,
		51.203544616699219
	],
	"end" : 17.584722518920898,
	"labels" : 
	[
		"Prep",
		"Scan",
		"Break",
		"Prep",
		"Scan",
		"Break",
		"Prep",
		"Scan",
		"Prep",
		"Scan",
		"Break",
		"Prep",
		"Scan",
		"Break",
		"Prep",
		"Scan",
		"Prep",
		"Break",
		"Prep",
		"Scan",
		"Dead"
	],
	"start" : 16.776666641235352
}