{
	"data" : 
	[
		0.98706352710723877,
		0.98694247007369995,
		2.1855542659759521,
		0.49353176355361938,
		5.5695991516113281,
		0.28198355436325073,
		1.0574989318847656,
		0.49353176355361938,
		2.0444414615631104,
		26.578947067260742,
		59.220909118652344
	],
	"end" : 8.1369447708129883,
	"labels" : 
	[
		"Prep",
		"Scan",
		"Break",
		"Prep",
		"Scan",
		"Prep",
		"Break",
		"Prep",
		"Break",
		"Scan",
		"Dead"
	],
	"start" : 7.7433333396911621
}