{
	"data" : 
	[
		1.6150974035263062,
		2.4222502708435059,
		4.8452925682067871,
		1.6150974035263062,
		0.46100381016731262,
		12.57383918762207,
		0.11564700305461884,
		0.11564700305461884,
		0.11485490947961807,
		15.112528800964355,
		0.11485490947961807,
		9.3444356918334961,
		1.0376546382904053,
		6.3447427749633789,
		1.0384466648101807,
		6.3447427749633789,
		36.683864593505859
	],
	"end" : 17.825277328491211,
	"labels" : 
	[
		"Prep",
		"Scan",
		"Break",
		"Prep",
		"Break",
		"Scan",
		"Prep",
		"Break",
		"Prep",
		"Scan",
		"Break",
		"Scan",
		"Prep",
		"Scan",
		"Prep",
		"Scan",
		"Dead"
	],
	"start" : 17.584722518920898
}