{
	"data" : 
	[
		0.51847511529922485,
		0.51860231161117554,
		1.4446597099304199,
		0.29630786180496216,
		0.33331453800201416,
		1.5188002586364746,
		0.48146846890449524,
		0.037006687372922897,
		0.70389014482498169,
		0.81478297710418701,
		0.03713386133313179,
		2.7410383224487305,
		1.1853585243225098,
		0.33331453800201416,
		7.5193524360656738,
		0.037006687372922897,
		0.96306407451629639,
		0.14815393090248108,
		13.371877670288086,
		0.03713386133313179,
		7.8526668548583984,
		4.148564338684082,
		7.8157877922058105,
		6.5932950973510742,
		12.519833564758301,
		27.929113388061523
	],
	"end" : 12.488611221313477,
	"labels" : 
	[
		"Prep",
		"Scan",
		"Break",
		"Prep",
		"Scan",
		"Break",
		"Prep",
		"Break",
		"Scan",
		"Break",
		"Prep",
		"Scan",
		"Break",
		"Prep",
		"Scan",
		"Break",
		"Prep",
		"Break",
		"Scan",
		"Prep",
		"Scan",
		"Break",
		"Scan",
		"Break",
		"Scan",
		"Dead"
	],
	"start" : 11.739444732666016
}