{
	"data" : 
	[
		0.30373299121856689,
		0.52461248636245728,
		1.4910787343978882,
		0.80075931549072266,
		0.082853510975837708,
		0.19319845736026764,
		0.60746598243713379,
		0.055267270654439926,
		0.63505226373672485,
		0.027586238458752632,
		0.1932932585477829,
		0.55229353904724121,
		1.0768111944198608,
		0.71790575981140137,
		0.027681035920977592,
		0.027586238458752632,
		8.0074977874755859,
		0.027586238458752632,
		0.33131924271583557,
		2.2365708351135254,
		0.22087949514389038,
		0.24856051802635193,
		0.1932932585477829,
		2.3745965957641602,
		0.63505226373672485,
		0.1932932585477829,
		0.49702626466751099,
		0.27614676952362061,
		0.055172476917505264,
		0.1932932585477829,
		0.52461248636245728,
		0.11043974757194519,
		0.27614676952362061,
		0.80075931549072266,
		1.6015186309814453,
		0.027586238458752632,
		0.27614676952362061,
		2.3470103740692139,
		1.6842772960662842,
		0.24856051802635193,
		0.055172476917505264,
		0.69031953811645508,
		0.027586238458752632,
		0.52461248636245728,
		0.027681035920977592,
		0.027586238458752632,
		0.46934521198272705,
		0.4694400429725647,
		0.027586238458752632,
		0.4694400429725647,
		0.49702626466751099,
		0.027586238458752632,
		0.4694400429725647,
		0.46934521198272705,
		0.027681035920977592,
		0.69022470712661743,
		0.22097429633140564,
		0.46934521198272705,
		0.027586238458752632,
		0.52470725774765015,
		0.19319845736026764,
		0.4694400429725647,
		62.320156097412109
	],
	"end" : 15.696666717529297,
	"labels" : 
	[
		"Prep",
		"Scan",
		"Break",
		"Prep",
		"Break",
		"Break",
		"Scan",
		"Break",
		"Prep",
		"Break",
		"Break",
		"Scan",
		"Break",
		"Prep",
		"Break",
		"Prep",
		"Scan",
		"Prep",
		"Break",
		"Scan",
		"Break",
		"Prep",
		"Break",
		"Scan",
		"Prep",
		"Break",
		"Scan",
		"Prep",
		"Break",
		"Break",
		"Scan",
		"Prep",
		"Break",
		"Scan",
		"Break",
		"Prep",
		"Break",
		"Scan",
		"Break",
		"Prep",
		"Break",
		"Scan",
		"Prep",
		"Scan",
		"Break",
		"Prep",
		"Break",
		"Scan",
		"Break",
		"Break",
		"Scan",
		"Prep",
		"Break",
		"Scan",
		"Break",
		"Prep",
		"Break",
		"Scan",
		"Break",
		"Prep",
		"Break",
		"Scan",
		"Dead"
	],
	"start" : 14.691666603088379
}