{
	"data" : 
	[
		0.65115034580230713,
		0.97656583786010742,
		1.6280354261398315,
		0.046305444091558456,
		0.97688513994216919,
		2.1393115520477295,
		0.65115034580230713,
		5.3484382629394531,
		0.046624790877103806,
		0.092930234968662262,
		0.046305444091558456,
		5.9532828330993652,
		0.046305444091558456,
		3.9532074928283691,
		0.046624790877103806,
		0.837330162525177,
		1.2090511322021484,
		0.74408054351806641,
		5.6741733551025391,
		0.046305444091558456,
		0.93026036024093628,
		1.7209657430648804,
		13.347783088684082,
		0.32573485374450684,
		0.6974557638168335,
		0.32541549205780029,
		8.6508140563964844,
		0.092930234968662262,
		1.8138960599899292,
		3.2554323673248291,
		0.4652898907661438,
		7.301569938659668,
		0.046624790877103806,
		0.046624790877103806,
		8.8363561630249023,
		0.4186650812625885,
		0.3720402717590332,
		1.4884805679321289,
		10.27821159362793,
		0.46497052907943726,
		0.4652898907661438,
		7.4411249160766602
	],
	"end" : 18.421943664550781,
	"labels" : 
	[
		"Prep",
		"Scan",
		"Break",
		"Prep",
		"Scan",
		"Break",
		"Prep",
		"Scan",
		"Break",
		"Break",
		"Prep",
		"Scan",
		"Prep",
		"Scan",
		"Break",
		"Prep",
		"Scan",
		"Prep",
		"Scan",
		"Prep",
		"Break",
		"Break",
		"Scan",
		"Break",
		"Prep",
		"Break",
		"Scan",
		"Break",
		"Scan",
		"Break",
		"Prep",
		"Scan",
		"Break",
		"Prep",
		"Scan",
		"Break",
		"Prep",
		"Break",
		"Scan",
		"Break",
		"Prep",
		"Scan"
	],
	"start" : 17.825277328491211
}