{
	"data" : 
	[
		0.15974794328212738,
		0.47924384474754333,
		0.50826174020767212,
		0.13073006272315979,
		0.10161246359348297,
		1.5539027452468872,
		0.13073006272315979,
		0.10166231542825699,
		1.3941547870635986,
		0.56634736061096191,
		2.1202998161315918,
		0.014508943073451519,
		0.39214032888412476,
		0.014508943073451519,
		0.10166231542825699,
		0.30493709444999695,
		0.029067743569612503,
		0.30498692393302917,
		0.65350073575973511,
		0.029017886146903038,
		0.029067743569612503,
		0.014508943073451519,
		5.7944526672363281,
		0.31949588656425476,
		0.11617125570774078,
		0.94397872686386108,
		0.043576687574386597,
		3.6742026805877686,
		79.873519897460938
	],
	"end" : 10.485278129577637,
	"labels" : 
	[
		"Prep",
		"Scan",
		"Break",
		"Prep",
		"Break",
		"Scan",
		"Prep",
		"Break",
		"Scan",
		"Prep",
		"Scan",
		"Break",
		"Prep",
		"Break",
		"Break",
		"Scan",
		"Break",
		"Prep",
		"Break",
		"Prep",
		"Break",
		"Prep",
		"Scan",
		"Prep",
		"Break",
		"Scan",
		"Prep",
		"Scan",
		"Dead"
	],
	"start" : 8.5744447708129883
}