{
	"data" : 
	[
		21.82020378112793,
		0.36358055472373962,
		1.3092396259307861,
		1.4546967744827271,
		0.40003851056098938,
		0.72728598117828369,
		2.2547738552093506,
		0.32737234234809875,
		0.036333084106445312,
		6.6187396049499512,
		4.7276706695556641,
		0.29103925824165344,
		0.36358055472373962,
		0.036457940936088562,
		0.036333084106445312,
		5.0550432205200195,
		0.036333084106445312,
		0.036333084106445312,
		0.036333084106445312,
		5.4550819396972656,
		0.32724747061729431,
		5.0913763046264648,
		0.72741085290908813,
		6.0369105339050293,
		6.7641968727111816,
		0.072791025042533875,
		6.000577449798584,
		23.493022918701172
	],
	"end" : 11.739444732666016,
	"labels" : 
	[
		"Break",
		"Prep",
		"Scan",
		"Break",
		"Prep",
		"Scan",
		"Break",
		"Prep",
		"Break",
		"Scan",
		"Scan",
		"Break",
		"Prep",
		"Break",
		"Prep",
		"Scan",
		"Break",
		"Break",
		"Prep",
		"Scan",
		"Prep",
		"Scan",
		"Prep",
		"Scan",
		"Break",
		"Prep",
		"Scan",
		"Dead"
	],
	"start" : 10.976388931274414
}