{
	"data" : 
	[
		0.60157883167266846,
		0.472648024559021,
		0.90222078561782837,
		0.043075285851955414,
		0.90222078561782837,
		0.30078941583633423,
		0.68758189678192139,
		0.90222078561782837,
		1.6758056879043579,
		0.042927771806716919,
		6.6170721054077148,
		0.042927771806716919,
		5.4569902420043945,
		0.042927771806716919,
		3.437467098236084,
		2.5350987911224365,
		0.81636518239974976,
		4.0388984680175781,
		1.4608718156814575,
		4.984342098236084,
		0.042927771806716919,
		3.4803946018218994,
		3.6522536277770996,
		0.12893083691596985,
		0.2578616738319397,
		4.0388984680175781,
		0.17185859382152557,
		4.984342098236084,
		47.178504943847656
	],
	"end" : 13.134444236755371,
	"labels" : 
	[
		"Prep",
		"Scan",
		"Break",
		"Prep",
		"Scan",
		"Break",
		"Prep",
		"Scan",
		"Break",
		"Prep",
		"Scan",
		"Break",
		"Scan",
		"Prep",
		"Scan",
		"Prep",
		"Break",
		"Scan",
		"Prep",
		"Scan",
		"Prep",
		"Scan",
		"Break",
		"Prep",
		"Break",
		"Scan",
		"Prep",
		"Scan",
		"Dead"
	],
	"start" : 12.488611221313477
}