{
	"data" : 
	[
		0.56490767002105713,
		2.0342109203338623,
		1.6386591196060181,
		0.50845569372177124,
		0.056645959615707397,
		0.056451965123414993,
		1.6386591196060181,
		0.84755545854568481,
		0.50845569372177124,
		1.9777587652206421,
		0.33890578150749207,
		0.73465156555175781,
		0.16954989731311798,
		8.8711061477661133,
		0.056645959615707397,
		0.45200371742248535,
		0.056451965123414993,
		9.8882122039794922,
		0.056645959615707397,
		0.45200371742248535,
		0.6780056357383728,
		13.900180816650391,
		0.16954989731311798,
		1.0171054601669312,
		8.0235509872436523,
		0.11309792846441269,
		12.600428581237793,
		1.6951109170913696,
		12.826623916625977,
		17.968410491943359
	],
	"end" : 10.976388931274414,
	"labels" : 
	[
		"Prep",
		"Scan",
		"Break",
		"Prep",
		"Break",
		"Prep",
		"Scan",
		"Break",
		"Prep",
		"Scan",
		"Break",
		"Prep",
		"Break",
		"Scan",
		"Break",
		"Break",
		"Prep",
		"Scan",
		"Break",
		"Prep",
		"Break",
		"Scan",
		"Break",
		"Prep",
		"Scan",
		"Prep",
		"Scan",
		"Prep",
		"Scan",
		"Dead"
	],
	"start" : 10.485278129577637
}