{
	"data" : 
	[
		0.35586345195770264,
		0.87344264984130859,
		0.84112173318862915,
		0.22646865248680115,
		0.22646865248680115,
		3.2027711868286133,
		0.25878959894180298,
		0.29111051559448242,
		0.22646865248680115,
		2.3616492748260498,
		0.064752928912639618,
		0.38818436861038208,
		1.0352693796157837,
		4.8525824546813965,
		0.90587460994720459,
		0.032320931553840637,
		0.22646865248680115,
		0.71172690391540527,
		0.032320931553840637,
		0.032432001084089279,
		0.74404788017272949,
		0.80880075693130493,
		26.560142517089844,
		0.064752928912639618,
		0.032320931553840637,
		1.3911329507827759,
		0.096962794661521912,
		3.946929931640625,
		0.61465305089950562,
		0.064641863107681274,
		2.393970251083374,
		0.64708501100540161,
		0.064641863107681274,
		2.6204390525817871,
		0.51769024133682251,
		0.93808448314666748,
		0.22646865248680115,
		2.1028597354888916,
		0.064641863107681274,
		0.032432001084089279,
		0.032320931553840637,
		1.196985125541687,
		0.032320931553840637,
		21.448770523071289,
		16.110818862915039
	],
	"end" : 14.691666603088379,
	"labels" : 
	[
		"Prep",
		"Scan",
		"Break",
		"Prep",
		"Break",
		"Scan",
		"Break",
		"Prep",
		"Break",
		"Scan",
		"Prep",
		"Break",
		"Prep",
		"Scan",
		"Prep",
		"Break",
		"Break",
		"Scan",
		"Break",
		"Prep",
		"Break",
		"Prep",
		"Scan",
		"Break",
		"Prep",
		"Break",
		"Prep",
		"Scan",
		"Break",
		"Prep",
		"Scan",
		"Break",
		"Prep",
		"Scan",
		"Break",
		"Prep",
		"Break",
		"Scan",
		"Break",
		"Prep",
		"Scan",
		"Break",
		"Prep",
		"Scan",
		"Dead"
	],
	"start" : 13.833889007568359
}