{
	"data" : 
	[
		0.4364200234413147,
		0.75379163026809692,
		0.039773609489202499,
		0.9917522668838501,
		0.31750780344009399,
		0.9917522668838501,
		0.27773422002792358,
		4.0468287467956543,
		0.079274795949459076,
		0.67451685667037964,
		4.0864658355712891,
		0.039637397974729538,
		0.67451685667037964,
		3.9674177169799805,
		1.3092601299285889,
		5.7923722267150879,
		0.31750780344009399,
		0.27773422002792358,
		0.71401804685592651,
		2.8169794082641602,
		0.31737160682678223,
		0.039637397974729538,
		1.1505742073059082,
		0.039637397974729538,
		0.27773422002792358,
		0.67451685667037964,
		0.039637397974729538,
		0.67451685667037964,
		0.71415424346923828,
		0.039637397974729538,
		0.6743806004524231,
		0.67451685667037964,
		0.039637397974729538,
		0.67451685667037964,
		0.71415424346923828,
		0.9521147608757019,
		0.27773422002792358,
		0.67451685667037964,
		62.645748138427734
	],
	"end" : 13.833889007568359,
	"labels" : 
	[
		"Prep",
		"Scan",
		"Prep",
		"Scan",
		"Break",
		"Prep",
		"Break",
		"Scan",
		"Prep",
		"Break",
		"Scan",
		"Prep",
		"Break",
		"Scan",
		"Prep",
		"Scan",
		"Prep",
		"Break",
		"Scan",
		"Break",
		"Prep",
		"Break",
		"Scan",
		"Prep",
		"Break",
		"Scan",
		"Break",
		"Break",
		"Scan",
		"Prep",
		"Break",
		"Scan",
		"Break",
		"Break",
		"Scan",
		"Prep",
		"Break",
		"Scan",
		"Dead"
	],
	"start" : 13.134444236755371
}