{
	"data" : 
	[
		0.61604654788970947,
		0.30808201432228088,
		0.034192170947790146,
		0.37646636366844177,
		1.6769437789916992,
		0.034309670329093933,
		0.92401111125946045,
		2.1902961730957031,
		0.034192170947790146,
		0.30808201432228088,
		4.5175962448120117,
		1.0267051458358765,
		3.21700119972229,
		0.034309670329093933,
		0.13688617944717407,
		0.034192170947790146,
		5.6469950675964355,
		4.1753220558166504,
		0.85562670230865479,
		5.6126856803894043,
		9.582737922668457,
		1.6085593700408936,
		4.4149022102355957,
		4.0726280212402344,
		1.1293990612030029,
		3.0801150798797607,
		3.5250835418701172,
		1.1293990612030029,
		4.4149022102355957,
		0.034192170947790146,
		0.034309670329093933,
		0.034192170947790146,
		6.5025043487548828,
		1.0952068567276001,
		4.5175962448120117,
		22.964330673217773
	],
	"end" : 13.710833549499512,
	"labels" : 
	[
		"Prep",
		"Scan",
		"Prep",
		"Scan",
		"Break",
		"Prep",
		"Scan",
		"Break",
		"Prep",
		"Scan",
		"Break",
		"Scan",
		"Break",
		"Prep",
		"Break",
		"Prep",
		"Scan",
		"Break",
		"Prep",
		"Scan",
		"Break",
		"Prep",
		"Scan",
		"Break",
		"Prep",
		"Scan",
		"Break",
		"Prep",
		"Scan",
		"Break",
		"Break",
		"Prep",
		"Scan",
		"Prep",
		"Scan",
		"Dead"
	],
	"start" : 12.899999618530273
}