{
	"data" : 
	[
		0.31940430402755737,
		0.61593806743621826,
		2.2356734275817871,
		0.022870538756251335,
		4.7908296585083008,
		0.38778093457221985,
		1.802308201789856,
		0.18249435722827911,
		0.068454965949058533,
		7.0949583053588867,
		0.5475614070892334,
		5.794548511505127,
		0.18257269263267517,
		5.657717227935791,
		0.045584429055452347,
		2.2129595279693604,
		2.3497910499572754,
		0.18249435722827911,
		5.9086661338806152,
		0.022792214527726173,
		0.31940430402755737,
		0.95813459157943726,
		0.27381986379623413,
		0.77564018964767456,
		2.3041284084320068,
		0.20536491274833679,
		0.41065150499343872,
		0.34219652414321899,
		0.75284802913665771,
		0.1368316113948822,
		0.77564018964767456,
		0.52476918697357178,
		0.52469092607498169,
		0.022792214527726173,
		6.9581260681152344,
		44.189563751220703
	],
	"end" : 16.361665725708008,
	"labels" : 
	[
		"Prep",
		"Scan",
		"Break",
		"Prep",
		"Scan",
		"Prep",
		"Scan",
		"Break",
		"Prep",
		"Scan",
		"Prep",
		"Scan",
		"Prep",
		"Scan",
		"Prep",
		"Scan",
		"Break",
		"Prep",
		"Scan",
		"Prep",
		"Break",
		"Break",
		"Break",
		"Break",
		"Break",
		"Break",
		"Break",
		"Break",
		"Break",
		"Break",
		"Break",
		"Break",
		"Break",
		"Prep",
		"Scan",
		"Dead"
	],
	"start" : 15.145277976989746
}