{
	"data" : 
	[
		0.22438357770442963,
		0.56100708246231079,
		0.39267125725746155,
		0.014060087502002716,
		0.54694700241088867,
		0.25245559215545654,
		0.19635970890522003,
		0.64512687921524048,
		1.2061821222305298,
		0.11219178885221481,
		0.72929477691650391,
		2.4543519020080566,
		0.056144047528505325,
		0.36464738845825195,
		0.56095892190933228,
		0.37870749831199646,
		0.74330675601959229,
		0.19635970890522003,
		0.6591869592666626,
		0.28047946095466614,
		0.11219178885221481,
		2.3422083854675293,
		0.014011936262249947,
		1.9074050188064575,
		0.0841197669506073,
		0.14026381075382233,
		0.42074331641197205,
		3.506258487701416,
		0.014011936262249947,
		0.014011936262249947,
		1.0238343477249146,
		0.51892316341400146,
		0.042083960026502609,
		3.506258487701416,
		0.15427574515342712,
		0.18229961395263672,
		0.014060087502002716,
		4.0251336097717285,
		0.98175042867660522,
		0.25245559215545654,
		0.11223994940519333,
		0.42074331641197205,
		0.46282726526260376,
		0.18229961395263672,
		0.42074331641197205,
		0.44881531596183777,
		0.22438357770442963,
		0.36464738845825195,
		0.40673136711120605,
		0.22443172335624695,
		0.8695104718208313,
		0.014060087502002716,
		0.098131701350212097,
		0.014060087502002716,
		1.5847933292388916,
		0.014060087502002716,
		0.11219178885221481,
		1.6970332860946655,
		0.042035810649394989,
		0.014060087502002716,
		0.15427574515342712,
		1.2482179403305054,
		1.8653210401535034,
		0.028023872524499893,
		2.2440283298492432,
		0.18229961395263672,
		0.81346273422241211,
		0.28047946095466614,
		0.21041980385780334,
		1.2482179403305054,
		0.84148663282394409,
		0.014011936262249947,
		0.39271941781044006,
		0.042083960026502609,
		0.014011936262249947,
		1.1500381231307983,
		0.014011936262249947,
		2.2019445896148682,
		0.042083960026502609,
		0.014011936262249947,
		1.5848414897918701,
		0.16828767955303192,
		0.19635970890522003,
		0.098179854452610016,
		1.6268773078918457,
		0.014011936262249947,
		0.19635970890522003,
		0.014011936262249947,
		2.9312393665313721,
		0.22438357770442963,
		1.1220141649246216,
		0.014011936262249947,
		1.1080023050308228,
		0.6171029806137085,
		0.16828767955303192,
		2.5245077610015869,
		36.731449127197266
	],
	"end" : 10.500833511352539,
	"labels" : 
	[
		"Prep",
		"Scan",
		"Break",
		"Prep",
		"Scan",
		"Break",
		"Prep",
		"Scan",
		"Break",
		"Prep",
		"Scan",
		"Break",
		"Prep",
		"Break",
		"Scan",
		"Break",
		"Scan",
		"Break",
		"Scan",
		"Break",
		"Prep",
		"Scan",
		"Prep",
		"Scan",
		"Prep",
		"Break",
		"Prep",
		"Scan",
		"Break",
		"Prep",
		"Scan",
		"Break",
		"Prep",
		"Scan",
		"Prep",
		"Break",
		"Prep",
		"Scan",
		"Break",
		"Prep",
		"Break",
		"Scan",
		"Break",
		"Prep",
		"Scan",
		"Break",
		"Prep",
		"Scan",
		"Break",
		"Prep",
		"Scan",
		"Prep",
		"Break",
		"Prep",
		"Scan",
		"Break",
		"Break",
		"Scan",
		"Break",
		"Prep",
		"Break",
		"Scan",
		"Scan",
		"Break",
		"Scan",
		"Break",
		"Scan",
		"Break",
		"Prep",
		"Scan",
		"Break",
		"Prep",
		"Scan",
		"Break",
		"Prep",
		"Scan",
		"Prep",
		"Scan",
		"Break",
		"Prep",
		"Scan",
		"Break",
		"Prep",
		"Break",
		"Scan",
		"Break",
		"Prep",
		"Break",
		"Scan",
		"Prep",
		"Scan",
		"Break",
		"Scan",
		"Break",
		"Prep",
		"Scan",
		"Dead"
	],
	"start" : 8.5222225189208984
}