{
	"data" : 
	[
		0.87676322460174561,
		0.5844530463218689,
		1.8508517742156982,
		3.750532865524292,
		1.5098788738250732,
		1.8510187864303589,
		0.6819455623626709,
		0.5844530463218689,
		1.8508517742156982,
		0.19481769204139709,
		1.9970066547393799,
		4.9196066856384277,
		0.048662614077329636,
		0.048662614077329636,
		0.19481769204139709,
		9.9365386962890625,
		0.048662614077329636,
		2.3866419792175293,
		6.965275764465332,
		1.1202434301376343,
		1.558708667755127,
		7.7932085990905762,
		0.097492456436157227,
		6.965275764465332,
		42.083629608154297
	],
	"end" : 14.280555725097656,
	"labels" : 
	[
		"Prep",
		"Break",
		"Scan",
		"Break",
		"Scan",
		"Break",
		"Prep",
		"Scan",
		"Break",
		"Break",
		"Scan",
		"Break",
		"Prep",
		"Break",
		"Break",
		"Scan",
		"Break",
		"Prep",
		"Scan",
		"Break",
		"Prep",
		"Scan",
		"Prep",
		"Scan",
		"Dead"
	],
	"start" : 13.710833549499512
}