{
	"data" : 
	[
		0.44386184215545654,
		0.82849472761154175,
		1.7458837032318115,
		0.41429814696311951,
		6.4213161468505859,
		1.1541017293930054,
		0.23671276867389679,
		4.0835494995117188,
		0.59188354015350342,
		0.20714907348155975,
		6.1253743171691895,
		0.029563697054982185,
		2.929548978805542,
		0.56221824884414673,
		4.9121456146240234,
		9.5283489227294922,
		0.02966528944671154,
		0.35506916046142578,
		0.47342553734779358,
		5.533592700958252,
		0.059127394109964371,
		4.5570764541625977,
		0.029563697054982185,
		2.36733078956604,
		0.059228986501693726,
		0.088691093027591705,
		9.2029447555541992,
		36.929836273193359
	],
	"end" : 11.438611030578613,
	"labels" : 
	[
		"Prep",
		"Scan",
		"Break",
		"Prep",
		"Scan",
		"Break",
		"Prep",
		"Scan",
		"Break",
		"Prep",
		"Scan",
		"Prep",
		"Scan",
		"Prep",
		"Scan",
		"Break",
		"Prep",
		"Break",
		"Prep",
		"Scan",
		"Prep",
		"Scan",
		"Break",
		"Scan",
		"Break",
		"Prep",
		"Scan",
		"Dead"
	],
	"start" : 10.500833511352539
}