{
	"data" : 
	[
		0.48136109113693237,
		1.8291501998901367,
		2.1822657585144043,
		0.44929975271224976,
		0.89848923683166504,
		1.0590164661407471,
		1.8613215684890747,
		4.3644213676452637,
		0.80219507217407227,
		3.8830604553222656,
		0.99489372968673706,
		0.032061357051134109,
		3.8188273906707764,
		2.5673327445983887,
		0.25671124458312988,
		4.7174267768859863,
		0.064122714102268219,
		3.9152319431304932,
		3.8188273906707764,
		7.8944764137268066,
		0.577545166015625,
		5.2950820922851562,
		0.25671124458312988,
		6.1936817169189453,
		0.032061357051134109,
		0.25671124458312988,
		3.273343563079834,
		38.124374389648438
	],
	"end" : 15.145277976989746,
	"labels" : 
	[
		"Prep",
		"Scan",
		"Break",
		"Prep",
		"Scan",
		"Break",
		"Scan",
		"Break",
		"Prep",
		"Scan",
		"Break",
		"Prep",
		"Scan",
		"Break",
		"Prep",
		"Scan",
		"Scan",
		"Break",
		"Scan",
		"Break",
		"Prep",
		"Scan",
		"Prep",
		"Scan",
		"Break",
		"Prep",
		"Scan",
		"Dead"
	],
	"start" : 14.280555725097656
}