{
	"data" : 
	[
		0.85545259714126587,
		3.4830641746520996,
		3.7880735397338867,
		0.85545259714126587,
		2.5663578510284424,
		3.9714145660400391,
		0.79419898986816406,
		2.5663578510284424,
		1.4050568342208862,
		6.9044551849365234,
		1.6496516466140747,
		0.061253592371940613,
		6.9044551849365234,
		0.48877012729644775,
		7.881995677947998,
		5.8656611442565918,
		0.061253592371940613,
		6.9040355682373047,
		14.664362907409668,
		0.18334123492240906,
		10.081670761108398,
		0.18334123492240906,
		10.997957229614258,
		0.55002373456954956,
		6.2323436737060547
	],
	"end" : 16.815834045410156,
	"labels" : 
	[
		"Prep",
		"Scan",
		"Break",
		"Prep",
		"Scan",
		"Break",
		"Prep",
		"Break",
		"Prep",
		"Scan",
		"Break",
		"Prep",
		"Scan",
		"Prep",
		"Scan",
		"Break",
		"Prep",
		"Scan",
		"Break",
		"Prep",
		"Scan",
		"Prep",
		"Scan",
		"Prep",
		"Scan"
	],
	"start" : 16.361665725708008
}