{
	"data" : 
	[
		0.34180602431297302,
		0.17087042331695557,
		0.28482750058174133,
		0.076014846563339233,
		0.1518993079662323,
		0.24682007730007172,
		0.17093561589717865,
		0.36077713966369629,
		0.22784896194934845,
		0.20887784659862518,
		0.81654024124145508,
		0.26585638523101807,
		0.18984153866767883,
		1.7469724416732788,
		0.1518993079662323,
		3.6648805141448975,
		0.3037986159324646,
		0.13292819261550903,
		0.018971115350723267,
		2.5635125637054443,
		1.3292167186737061,
		0.98741066455841064,
		2.5255053043365479,
		0.018971115350723267,
		3.6648805141448975,
		0.018971115350723267,
		3.4179952144622803,
		1.7659435272216797,
		3.3040382862091064,
		0.64560461044311523,
		7.1777968406677246,
		10.481769561767578,
		0.13292819261550903,
		0.28482750058174133,
		0.17093561589717865,
		0.34180602431297302,
		0.3037986159324646,
		0.20887784659862518,
		0.75956171751022339,
		0.018971115350723267,
		0.20887784659862518,
		0.37974825501441956,
		0.2468852698802948,
		0.17087042331695557,
		0.41775569319725037,
		0.22791415452957153,
		1.841893196105957,
		0.94940322637557983,
		4.1205782890319824,
		1.1583462953567505,
		0.62663352489471436,
		0.91146105527877808,
		0.56965500116348267,
		1.1203387975692749,
		3.9686791896820068,
		0.018971115350723267,
		0.62663352489471436,
		3.2660305500030518,
		0.01903630793094635,
		0.62663352489471436,
		4.3104195594787598,
		24.457548141479492
	],
	"end" : 12.899999618530273,
	"labels" : 
	[
		"Prep",
		"Scan",
		"Break",
		"Prep",
		"Break",
		"Prep",
		"Scan",
		"Break",
		"Prep",
		"Scan",
		"Break",
		"Prep",
		"Scan",
		"Break",
		"Break",
		"Scan",
		"Prep",
		"Break",
		"Prep",
		"Scan",
		"Break",
		"Prep",
		"Scan",
		"Break",
		"Scan",
		"Break",
		"Scan",
		"Break",
		"Scan",
		"Prep",
		"Scan",
		"Break",
		"Break",
		"Prep",
		"Scan",
		"Break",
		"Prep",
		"Scan",
		"Break",
		"Prep",
		"Scan",
		"Break",
		"Prep",
		"Scan",
		"Break",
		"Scan",
		"Break",
		"Prep",
		"Scan",
		"Break",
		"Prep",
		"Scan",
		"Break",
		"Prep",
		"Scan",
		"Break",
		"Prep",
		"Scan",
		"Break",
		"Prep",
		"Scan",
		"Dead"
	],
	"start" : 11.438611030578613
}