{
	"data" : 
	[
		0.048901185393333435,
		0.4885924756526947,
		0.21992951631546021,
		0.14653579890727997,
		0.17102833092212677,
		0.75742316246032715,
		0.12212714552879333,
		1.1482970714569092,
		0.31756412982940674,
		0.63521212339401245,
		0.68411332368850708,
		0.39087393879890442,
		0.21992951631546021,
		0.024408651515841484,
		0.73293060064315796,
		1.2216068506240845,
		0.39087393879890442,
		2.8584964275360107,
		0.024408651515841484,
		0.24433816969394684,
		1.3681427240371704,
		0.39087393879890442,
		3.4692997932434082,
		0.41528260707855225,
		2.6630594730377197,
		0.024408651515841484,
		5.0572881698608398,
		0.024492530152201653,
		0.39087393879890442,
		0.024408651515841484,
		5.0572881698608398,
		0.024492530152201653,
		0.048817303031682968,
		6.2544870376586914,
		5.6191906929016113,
		0.39087393879890442,
		4.1533293724060059,
		1.1238884925842285,
		0.39087393879890442,
		5.0572881698608398,
		0.024492530152201653,
		2.3454115390777588,
		0.31756412982940674,
		4.0312023162841797,
		40.385082244873047
	],
	"end" : 12.151666641235352,
	"labels" : 
	[
		"Prep",
		"Break",
		"Prep",
		"Break",
		"Prep",
		"Break",
		"Prep",
		"Break",
		"Prep",
		"Scan",
		"Break",
		"Prep",
		"Break",
		"Prep",
		"Scan",
		"Break",
		"Prep",
		"Scan",
		"Break",
		"Scan",
		"Break",
		"Prep",
		"Scan",
		"Prep",
		"Scan",
		"Break",
		"Scan",
		"Prep",
		"Break",
		"Prep",
		"Scan",
		"Prep",
		"Break",
		"Scan",
		"Scan",
		"Prep",
		"Scan",
		"Break",
		"Prep",
		"Scan",
		"Prep",
		"Scan",
		"Prep",
		"Scan",
		"Dead"
	],
	"start" : 11.015832901000977
}