{
	"data" : 
	[
		0.40507733821868896,
		0.20258834958076477,
		0.95501679182052612,
		0.029012160375714302,
		0.28932678699493408,
		1.7074452638626099,
		0.49201449751853943,
		4.6303210258483887,
		0.75242847204208374,
		0.057924967259168625,
		3.8489799499511719,
		0.54984009265899658,
		0.028912805020809174,
		4.5146698951721191,
		0.92600464820861816,
		0.057924967259168625,
		6.8297810554504395,
		5.2091732025146484,
		0.23150116205215454,
		0.34725171327590942,
		0.23150116205215454,
		1.2733557224273682,
		0.34725171327590942,
		0.173675537109375,
		0.37626391649246216,
		0.31833893060684204,
		1.215430736541748,
		0.46300232410430908,
		4.6304202079772949,
		0.37616452574729919,
		0.057924967259168625,
		3.5884666442871094,
		1.0707674026489258,
		0.029012160375714302,
		1.9389463663101196,
		0.26041394472122192,
		0.057924967259168625,
		4.5145707130432129,
		0.54984009265899658,
		0.057924967259168625,
		6.8297810554504395,
		39.473827362060547
	],
	"end" : 10.204444885253906,
	"labels" : 
	[
		"Prep",
		"Scan",
		"Break",
		"Prep",
		"Scan",
		"Break",
		"Prep",
		"Scan",
		"Break",
		"Prep",
		"Scan",
		"Break",
		"Prep",
		"Scan",
		"Break",
		"Prep",
		"Scan",
		"Break",
		"Prep",
		"Break",
		"Prep",
		"Break",
		"Prep",
		"Scan",
		"Break",
		"Scan",
		"Break",
		"Prep",
		"Scan",
		"Break",
		"Prep",
		"Scan",
		"Break",
		"Prep",
		"Scan",
		"Break",
		"Prep",
		"Scan",
		"Break",
		"Prep",
		"Scan",
		"Dead"
	],
	"start" : 9.2455558776855469
}