{
	"data" : 
	[
		0.4445469081401825,
		0.23941658437252045,
		0.64979463815689087,
		0.034168820828199387,
		0.34204044938087463,
		1.2995892763137817,
		0.23941658437252045,
		1.8127086162567139,
		0.61562585830688477,
		5.095850944519043,
		0.58145701885223389,
		0.47871574759483337,
		4.2409257888793945,
		0.034168820828199387,
		2.7019200325012207,
		0.068337641656398773,
		5.3352675437927246,
		0.27370280027389526,
		0.068337641656398773,
		8.0713567733764648,
		67.272651672363281
	],
	"end" : 11.015832901000977,
	"labels" : 
	[
		"Prep",
		"Scan",
		"Break",
		"Prep",
		"Scan",
		"Break",
		"Scan",
		"Break",
		"Prep",
		"Scan",
		"Break",
		"Prep",
		"Scan",
		"Break",
		"Scan",
		"Prep",
		"Scan",
		"Break",
		"Prep",
		"Scan",
		"Dead"
	],
	"start" : 10.204444885253906
}