{
	"data" : 
	[
		0.79517418146133423,
		1.7130059003829956,
		1.5294395685195923,
		0.48937025666236877,
		11.562159538269043,
		1.1009780168533325,
		4.404752254486084,
		0.48937025666236877,
		1.8352434635162354,
		14.865934371948242,
		0.060908745974302292,
		0.18356634676456451,
		14.253907203674316,
		0.18356634676456451,
		11.378593444824219,
		0.061328805983066559,
		5.9951009750366211,
		0.061328805983066559,
		18.84222412109375,
		0.060908745974302292,
		0.48937025666236877,
		9.5437698364257812
	],
	"end" : 16.921112060546875,
	"labels" : 
	[
		"Prep",
		"Scan",
		"Break",
		"Prep",
		"Scan",
		"Prep",
		"Scan",
		"Break",
		"Prep",
		"Scan",
		"Break",
		"Prep",
		"Scan",
		"Prep",
		"Scan",
		"Break",
		"Scan",
		"Break",
		"Scan",
		"Break",
		"Prep",
		"Scan"
	],
	"start" : 16.467500686645508
}