{
	"data" : 
	[
		0.46050319075584412,
		0.27636516094207764,
		0.95167851448059082,
		0.4911753237247467,
		0.42983108758926392,
		0.85966217517852783,
		0.39905360341072083,
		0.52195286750793457,
		0.27625977993011475,
		0.95178395509719849,
		0.24558766186237335,
		0.4911753237247467,
		0.12279383093118668,
		0.95178395509719849,
		1.0744724273681641,
		0.30703729391098022,
		4.2366504669189453,
		0.030777508392930031,
		5.986541748046875,
		0.030777508392930031,
		3.4077661037445068,
		0.030672106891870499,
		0.4911753237247467,
		5.0349688529968262,
		6.0173192024230957,
		0.30703729391098022,
		3.837597131729126,
		2.8551409244537354,
		0.21491554379463196,
		6.6006159782409668,
		7.5524005889892578,
		0.030672106891870499,
		0.42983108758926392,
		7.6444168090820312,
		0.030672106891870499,
		0.061449617147445679,
		4.7279314994812012,
		0.42983108758926392,
		5.7409539222717285,
		25.358770370483398
	],
	"end" : 13.05555534362793,
	"labels" : 
	[
		"Prep",
		"Break",
		"Scan",
		"Break",
		"Prep",
		"Scan",
		"Break",
		"Prep",
		"Break",
		"Scan",
		"Break",
		"Prep",
		"Break",
		"Scan",
		"Break",
		"Prep",
		"Scan",
		"Prep",
		"Scan",
		"Break",
		"Scan",
		"Break",
		"Prep",
		"Scan",
		"Scan",
		"Prep",
		"Scan",
		"Break",
		"Prep",
		"Scan",
		"Scan",
		"Break",
		"Prep",
		"Scan",
		"Break",
		"Break",
		"Scan",
		"Prep",
		"Scan",
		"Dead"
	],
	"start" : 12.151666641235352
}