{
	"data" : 
	[
		0.26390001177787781,
		0.50890380144119263,
		0.52780002355575562,
		0.32045924663543701,
		0.094222269952297211,
		0.58429455757141113,
		0.47124075889587402,
		0.28273150324821472,
		4.542600154876709,
		0.037727735936641693,
		0.30156302452087402,
		0.43357771635055542,
		0.018831511959433556,
		0.018831511959433556,
		0.075390756130218506,
		5.485081672668457,
		0.1885092556476593,
		0.32039454579353333,
		0.037727735936641693,
		5.1835188865661621,
		0.28273150324821472,
		0.018831511959433556,
		0.018831511959433556,
		0.018831511959433556,
		0.018896223977208138,
		4.8065004348754883,
		3.3739466667175293,
		0.26390001177787781,
		0.037727735936641693,
		0.018831511959433556,
		4.2598690986633301,
		67.083793640136719
	],
	"end" : 14.527777671813965,
	"labels" : 
	[
		"Prep",
		"Scan",
		"Break",
		"Prep",
		"Break",
		"Scan",
		"Break",
		"Prep",
		"Scan",
		"Break",
		"Prep",
		"Break",
		"Break",
		"Prep",
		"Break",
		"Scan",
		"Prep",
		"Break",
		"Break",
		"Scan",
		"Prep",
		"Break",
		"Prep",
		"Break",
		"Prep",
		"Scan",
		"Break",
		"Prep",
		"Break",
		"Prep",
		"Scan",
		"Dead"
	],
	"start" : 13.05555534362793
}