{
	"data" : 
	[
		0.25061282515525818,
		0.50122565031051636,
		1.2887693643569946,
		0.14318977296352386,
		2.7924463748931885,
		0.017883356660604477,
		0.30432435870170593,
		1.1813462972640991,
		0.10742305964231491,
		0.14318977296352386,
		0.017944812774658203,
		3.8663697242736816,
		0.017883356660604477,
		0.03582816943526268,
		3.2936108112335205,
		0.035766713321208954,
		3.8485479354858398,
		0.017883356660604477,
		1.5214989185333252,
		0.16107313334941864,
		0.053711529821157455,
		0.17901794612407684,
		0.017883356660604477,
		5.0478391647338867,
		0.42956933379173279,
		0.12530641257762909,
		9.1827049255371094,
		65.317153930664062
	],
	"end" : 15.755555152893066,
	"labels" : 
	[
		"Prep",
		"Scan",
		"Break",
		"Prep",
		"Scan",
		"Break",
		"Prep",
		"Scan",
		"Break",
		"Prep",
		"Break",
		"Scan",
		"Break",
		"Prep",
		"Scan",
		"Prep",
		"Scan",
		"Break",
		"Scan",
		"Break",
		"Prep",
		"Scan",
		"Prep",
		"Scan",
		"Break",
		"Prep",
		"Scan",
		"Dead"
	],
	"start" : 14.205277442932129
}