{
	"data" : 
	[
		0.36973059177398682,
		0.76777434349060059,
		0.42655214667320251,
		0.54029291868209839,
		0.76787203550338745,
		0.39814141392707825,
		0.42655214667320251,
		1.3649864196777344,
		0.19907070696353912,
		0.028410777449607849,
		2.9290435314178467,
		0.028410777449607849,
		3.5546667575836182,
		16.806390762329102,
		0.056821554899215698,
		0.057016812264919281,
		0.36963298916816711,
		0.73926597833633423,
		0.25598987936973572,
		0.48347136378288269,
		0.73926597833633423,
		0.11383837461471558,
		0.42664980888366699,
		1.3933972120285034,
		0.02831314317882061,
		2.9291412830352783,
		0.02831314317882061,
		3.5547640323638916,
		0.54029291868209839,
		0.39814141392707825,
		2.2465014457702637,
		0.028508406132459641,
		2.2179932594299316,
		0.65413123369216919,
		0.19897305965423584,
		0.85310429334640503,
		0.028508406132459641,
		2.0758416652679443,
		5.3463029861450195,
		0.028508406132459641,
		0.31281143426895142,
		0.02831314317882061,
		4.0380401611328125,
		0.028508406132459641,
		1.1090942621231079,
		0.62562286853790283,
		1.2512457370758057,
		0.71095281839370728,
		1.2512457370758057,
		0.45496296882629395,
		2.2750101089477539,
		0.02831314317882061,
		2.2750101089477539,
		1.0805858373641968,
		0.28449830412864685,
		2.8721244335174561,
		0.02831314317882061,
		3.6400940418243408,
		1.3648887872695923,
		3.8105587959289551,
		18.029224395751953
	],
	"end" : 16.731388092041016,
	"labels" : 
	[
		"Prep",
		"Scan",
		"Break",
		"Prep",
		"Scan",
		"Break",
		"Prep",
		"Scan",
		"Break",
		"Prep",
		"Scan",
		"Break",
		"Scan",
		"Break",
		"Prep",
		"Break",
		"Prep",
		"Scan",
		"Break",
		"Prep",
		"Scan",
		"Break",
		"Prep",
		"Scan",
		"Prep",
		"Scan",
		"Break",
		"Scan",
		"Break",
		"Prep",
		"Scan",
		"Prep",
		"Scan",
		"Break",
		"Prep",
		"Break",
		"Prep",
		"Break",
		"Scan",
		"Prep",
		"Break",
		"Prep",
		"Scan",
		"Break",
		"Break",
		"Break",
		"Break",
		"Break",
		"Break",
		"Prep",
		"Scan",
		"Prep",
		"Scan",
		"Break",
		"Prep",
		"Scan",
		"Prep",
		"Scan",
		"Break",
		"Scan",
		"Dead"
	],
	"start" : 15.755555152893066
}