{
	"data" : 
	[
		34.478000640869141,
		0.44212943315505981,
		2.2106471061706543,
		9.4304075241088867,
		0.58883136510848999,
		1.4730902910232544,
		0.88425886631011963,
		20.628322601318359,
		0.14771372079849243,
		19.744062423706055,
		2.2106471061706543,
		7.6618905067443848
	],
	"end" : 19.190834045410156,
	"labels" : 
	[
		"Scan",
		"Break",
		"Prep",
		"Scan",
		"Prep",
		"Break",
		"Prep",
		"Scan",
		"Prep",
		"Scan",
		"Prep",
		"Scan"
	],
	"start" : 19.002500534057617
}