{
	"data" : 
	[
		0.14346030354499817,
		0.09129699319601059,
		0.66513824462890625,
		1.6693156957626343,
		0.1304306834936142,
		1.4215735197067261,
		1.2650387287139893,
		0.35215833783149719,
		0.026059269905090332,
		1.3563357591629028,
		0.013074410147964954,
		0.41730654239654541,
		0.28692060708999634,
		0.45648497343063354,
		0.026059269905090332,
		0.59994524717330933,
		0.92595475912094116,
		0.1304306834936142,
		0.078222580254077911,
		0.16956435143947601,
		0.29995027184486389,
		0.26081657409667969,
		0.078267365694046021,
		0.24778693914413452,
		0.013074410147964954,
		0.11735626310110092,
		0.09129699319601059,
		0.18259398639202118,
		0.69119751453399658,
		0.14346030354499817,
		0.09129699319601059,
		0.15648995339870453,
		0.09129699319601059,
		0.1304306834936142,
		0.09129699319601059,
		0.18254920840263367,
		0.05220809206366539,
		2.4648845195770264,
		1.53892982006073,
		0.35211357474327087,
		9.9508800506591797,
		0.23475730419158936,
		2.6866121292114258,
		0.013029634952545166,
		0.15648995339870453,
		0.14346030354499817,
		0.013029634952545166,
		3.3517506122589111,
		65.847923278808594
	],
	"end" : 13.128055572509766,
	"labels" : 
	[
		"Prep",
		"Break",
		"Scan",
		"Break",
		"Prep",
		"Break",
		"Scan",
		"Prep",
		"Break",
		"Scan",
		"Break",
		"Prep",
		"Scan",
		"Break",
		"Prep",
		"Scan",
		"Break",
		"Prep",
		"Break",
		"Scan",
		"Break",
		"Prep",
		"Break",
		"Scan",
		"Break",
		"Prep",
		"Break",
		"Scan",
		"Break",
		"Prep",
		"Break",
		"Scan",
		"Break",
		"Prep",
		"Break",
		"Scan",
		"Prep",
		"Scan",
		"Break",
		"Prep",
		"Scan",
		"Prep",
		"Scan",
		"Break",
		"Prep",
		"Break",
		"Prep",
		"Scan",
		"Dead"
	],
	"start" : 11.0
}