{
	"data" : 
	[
		0.0077873589470982552,
		0.007781418040394783,
		0.00086724205175414681,
		45.13800048828125,
		0.13235539197921753,
		54.613212585449219
	],
	"end" : 17.536388397216797,
	"labels" : 
	[
		"Break",
		"Prep",
		"Break",
		"Scan",
		"Dead",
		"Break"
	],
	"start" : 17.488611221313477
}