{
	"data" : 
	[
		0.011757171712815762,
		0.0047050220891833305,
		0.023519726470112801,
		0.017248159274458885,
		0.0039190575480461121,
		0.00078596483217552304,
		0.024305691942572594,
		0.0070521500892937183,
		0.010976590216159821,
		0.0039244405925273895,
		0.0007805814384482801,
		0.024305691942572594,
		0.010976590216159821,
		0.0039190575480461121,
		0.0039190575480461121,
		0.0094100441783666611,
		0.15052841603755951,
		0.16934311389923096,
		0.011762554757297039,
		0.011757171712815762,
		0.0039190575480461121,
		0.024305691942572594,
		0.025872239843010902,
		0.00078596483217552304,
		0.12073710560798645,
		0.0015665462706238031,
		0.16542404890060425,
		0.010976590216159821,
		0.0023525110445916653,
		0.0078381150960922241,
		0.085454829037189484,
		0.0062715685926377773,
		0.011762554757297039,
		0.094078905880451202,
		0.023519726470112801,
		0.011762554757297039,
		45.004119873046875,
		0.16150499880313873,
		53.632854461669922
	],
	"end" : 19.002500534057617,
	"labels" : 
	[
		"Prep",
		"Break",
		"Scan",
		"Prep",
		"Break",
		"Prep",
		"Scan",
		"Break",
		"Prep",
		"Break",
		"Prep",
		"Scan",
		"Break",
		"Prep",
		"Break",
		"Prep",
		"Scan",
		"Scan",
		"Break",
		"Prep",
		"Break",
		"Scan",
		"Break",
		"Prep",
		"Scan",
		"Break",
		"Scan",
		"Prep",
		"Break",
		"Prep",
		"Scan",
		"Break",
		"Prep",
		"Scan",
		"Break",
		"Prep",
		"Scan",
		"Dead",
		"Break"
	],
	"start" : 18.555000305175781
}