{
	"data" : 
	[
		0.36066803336143494,
		0.72124761343002319,
		2.1639196872711182,
		0.02573673240840435,
		0.077298641204833984,
		0.02573673240840435,
		0.48952856659889221,
		0.077210202813148499,
		1.6744794845581055,
		0.02573673240840435,
		0.12886054813861847,
		0.33484283089637756,
		4.5339102745056152,
		0.02573673240840435,
		0.43796667456626892,
		1.8547251224517822,
		0.41222995519638062,
		0.77280950546264648,
		7.2903056144714355,
		0.02573673240840435,
		0.051473464816808701,
		6.0023193359375,
		0.077210202813148499,
		6.3628983497619629,
		0.025825176388025284,
		2.5244991779327393,
		63.397087097167969
	],
	"end" : 14.205277442932129,
	"labels" : 
	[
		"Prep",
		"Scan",
		"Break",
		"Prep",
		"Break",
		"Prep",
		"Break",
		"Prep",
		"Break",
		"Prep",
		"Break",
		"Prep",
		"Scan",
		"Break",
		"Prep",
		"Scan",
		"Break",
		"Prep",
		"Scan",
		"Break",
		"Prep",
		"Scan",
		"Prep",
		"Scan",
		"Break",
		"Scan",
		"Dead"
	],
	"start" : 13.128055572509766
}