{
	"data" : 
	[
		0.0084913633763790131,
		0.017821956425905228,
		0.023766493424773216,
		0.0016959415515884757,
		0.015280958265066147,
		0.020368782803416252,
		0.032252028584480286,
		0.0093364203348755836,
		0.0042427675798535347,
		0.00085088476771488786,
		0.024611549451947212,
		0.039892509579658508,
		0.0067895944230258465,
		0.11458387225866318,
		0.00085088476771488786,
		0.11118616163730621,
		0.0067895944230258465,
		0.0084855351597070694,
		0.14089718461036682,
		0.00084505678387358785,
		0.11882664263248444,
		0.0093364203348755836,
		0.0076404791325330734,
		0.11713070422410965,
		0.0042427675798535347,
		0.15447637438774109,
		0.00084505678387358785,
		0.1425931304693222,
		0.00085088476771488786,
		0.11033527553081512,
		0.0093364203348755836,
		0.16126596927642822,
		0.00085088476771488786,
		0.14768095314502716,
		0.013585016131401062,
		0.0076346513815224171,
		0.0033977110870182514,
		0.016976898536086082,
		0.00084505678387358785,
		0.21049490571022034,
		0.0076346513815224171,
		0.0084913633763790131,
		0.15532143414020538,
		0.0093364203348755836,
		0.0076404791325330734,
		0.022064724937081337,
		0.036500625312328339,
		0.020368782803416252,
		0.084878668189048767,
		0.011032362468540668,
		0.0016959415515884757,
		44.149139404296875,
		0.12137345969676971,
		53.437129974365234
	],
	"end" : 17.488611221313477,
	"labels" : 
	[
		"Prep",
		"Scan",
		"Break",
		"Prep",
		"Break",
		"Scan",
		"Break",
		"Prep",
		"Break",
		"Prep",
		"Scan",
		"Break",
		"Prep",
		"Scan",
		"Prep",
		"Scan",
		"Break",
		"Prep",
		"Scan",
		"Break",
		"Scan",
		"Break",
		"Prep",
		"Scan",
		"Break",
		"Scan",
		"Prep",
		"Scan",
		"Prep",
		"Scan",
		"Prep",
		"Scan",
		"Break",
		"Scan",
		"Break",
		"Prep",
		"Scan",
		"Break",
		"Prep",
		"Scan",
		"Break",
		"Prep",
		"Scan",
		"Break",
		"Prep",
		"Scan",
		"Break",
		"Prep",
		"Scan",
		"Prep",
		"Break",
		"Scan",
		"Dead",
		"Break"
	],
	"start" : 16.731388092041016
}