{
	"data" : 
	[
		0.53168457746505737,
		0.46063107252120972,
		1.0631258487701416,
		0.95678889751434326,
		0.56696796417236328,
		0.14186365902423859,
		0.03552674874663353,
		1.9135777950286865,
		0.03552674874663353,
		0.56696796417236328,
		0.14162033796310425,
		0.03552674874663353,
		2.0199146270751953,
		1.8782943487167358,
		0.53144121170043945,
		3.7918720245361328,
		0.95678889751434326,
		0.03552674874663353,
		4.535987377166748,
		0.03552674874663353,
		0.35429415106773376,
		3.8982090950012207,
		4.8905248641967773,
		0.63802146911621094,
		3.5436716079711914,
		0.03552674874663353,
		4.3588404655456543,
		0.63777816295623779,
		4.996861457824707,
		0.03552674874663353,
		0.035283412784337997,
		5.9536504745483398,
		0.56696796417236328,
		4.1464095115661621,
		6.2368912696838379,
		0.03552674874663353,
		0.24795724451541901,
		3.47310471534729,
		0.49615779519081116,
		6.839385986328125,
		0.53168457746505737,
		0.070810168981552124,
		5.9536504745483398,
		0.38982090353965759,
		0.03552674874663353,
		0.99207228422164917,
		0.56696796417236328,
		4.9613347053527832,
		0.63802146911621094,
		6.0952706336975098,
		8.0090913772583008
	],
	"end" : 18.555000305175781,
	"labels" : 
	[
		"Prep",
		"Break",
		"Scan",
		"Break",
		"Prep",
		"Break",
		"Prep",
		"Scan",
		"Break",
		"Prep",
		"Break",
		"Prep",
		"Scan",
		"Break",
		"Prep",
		"Scan",
		"Break",
		"Prep",
		"Scan",
		"Break",
		"Prep",
		"Scan",
		"Scan",
		"Prep",
		"Scan",
		"Break",
		"Scan",
		"Prep",
		"Scan",
		"Prep",
		"Break",
		"Scan",
		"Prep",
		"Scan",
		"Scan",
		"Break",
		"Prep",
		"Scan",
		"Prep",
		"Scan",
		"Prep",
		"Break",
		"Scan",
		"Break",
		"Scan",
		"Break",
		"Prep",
		"Scan",
		"Break",
		"Scan",
		"Dead"
	],
	"start" : 17.771944046020508
}