{
	"data" : 
	[
		1.4139807224273682,
		1.0604856014251709,
		16.963724136352539,
		0.11810136586427689,
		1.7666668891906738,
		7.421781063079834,
		0.11810136586427689,
		1.7674758434295654,
		7.5390734672546387,
		0.11810136586427689,
		10.248933792114258,
		2.2382633686065674,
		0.11810136586427689,
		9.8954381942749023,
		39.111774444580078
	],
	"end" : 17.771944046020508,
	"labels" : 
	[
		"Break",
		"Prep",
		"Scan",
		"Break",
		"Prep",
		"Scan",
		"Break",
		"Prep",
		"Scan",
		"Prep",
		"Scan",
		"Break",
		"Prep",
		"Scan",
		"Dead"
	],
	"start" : 17.536388397216797
}