{
	"data" : 
	[
		0.40782678127288818,
		0.47062733769416809,
		1.1608951091766357,
		2.2904438972473145,
		0.75306838750839233,
		5.2710480690002441,
		0.031346432864665985,
		0.062800586223602295,
		9.3499622344970703,
		0.53332024812698364,
		0.21964046359062195,
		4.8632211685180664,
		0.031454149633646011,
		0.94125467538833618,
		0.031346432864665985,
		7.2791585922241211,
		0.031346432864665985,
		0.031346432864665985,
		4.5808877944946289,
		0.031346432864665985,
		0.18829402327537537,
		4.8004207611083984,
		5.2398090362548828,
		0.031346432864665985,
		4.0788064002990723,
		0.094147011637687683,
		0.06269286572933197,
		9.2872686386108398,
		37.744876861572266
	],
	"end" : 15.643333435058594,
	"labels" : 
	[
		"Prep",
		"Scan",
		"Break",
		"Scan",
		"Prep",
		"Scan",
		"Break",
		"Prep",
		"Scan",
		"Break",
		"Prep",
		"Scan",
		"Break",
		"Break",
		"Break",
		"Scan",
		"Break",
		"Prep",
		"Scan",
		"Break",
		"Prep",
		"Scan",
		"Break",
		"Prep",
		"Scan",
		"Prep",
		"Break",
		"Scan",
		"Dead"
	],
	"start" : 14.758889198303223
}