{
	"data" : 
	[
		0.38446101546287537,
		0.38446101546287537,
		1.1808176040649414,
		2.0045146942138672,
		0.02752884104847908,
		0.43933016061782837,
		4.6133437156677246,
		0.027434566989541054,
		0.65899527072906494,
		8.1831369400024414,
		0.21966508030891418,
		4.8055744171142578,
		0.027434566989541054,
		0.24709963798522949,
		0.02752884104847908,
		3.8718564510345459,
		1.016021728515625,
		0.19223050773143768,
		4.97027587890625,
		0.46685898303985596,
		0.1921362429857254,
		0.054963409900665283,
		9.3913898468017578,
		0.54916268587112427,
		0.21966508030891418,
		1.0709850788116455,
		0.19223050773143768,
		0.82379120588302612,
		1.0709850788116455,
		0.21966508030891418,
		7.9359426498413086,
		44.430515289306641
	],
	"end" : 10.03861141204834,
	"labels" : 
	[
		"Prep",
		"Scan",
		"Break",
		"Scan",
		"Break",
		"Prep",
		"Scan",
		"Break",
		"Prep",
		"Scan",
		"Prep",
		"Scan",
		"Prep",
		"Scan",
		"Prep",
		"Scan",
		"Break",
		"Prep",
		"Scan",
		"Break",
		"Prep",
		"Break",
		"Scan",
		"Prep",
		"Scan",
		"Break",
		"Prep",
		"Scan",
		"Break",
		"Prep",
		"Scan",
		"Dead"
	],
	"start" : 9.0280551910400391
}