{
	"data" : 
	[
		0.29810932278633118,
		0.32101660966873169,
		0.64195448160171509,
		0.022907264530658722,
		1.9490069150924683,
		0.022907264530658722,
		0.38973838090896606,
		3.8520417213439941,
		0.068800516426563263,
		6.8327412605285645,
		0.45853891968727112,
		0.18341556191444397,
		4.0354571342468262,
		3.5310249328613281,
		3.7831625938415527,
		0.02298598550260067,
		3.5080392360687256,
		0.022907264530658722,
		0.16050830483436584,
		6.6722331047058105,
		63.122509002685547
	],
	"end" : 12.345833778381348,
	"labels" : 
	[
		"Prep",
		"Scan",
		"Break",
		"Prep",
		"Scan",
		"Break",
		"Prep",
		"Scan",
		"Prep",
		"Scan",
		"Break",
		"Prep",
		"Scan",
		"Scan",
		"Break",
		"Prep",
		"Scan",
		"Break",
		"Prep",
		"Scan",
		"Dead"
	],
	"start" : 11.135555267333984
}