{
	"data" : 
	[
		0.99762392044067383,
		0.99750161170959473,
		3.3490612506866455,
		0.071188956499099731,
		7.7669353485107422,
		0.071188956499099731,
		1.5676248073577881,
		11.685874938964844,
		0.071188956499099731,
		0.14262254536151886,
		21.234003067016602,
		0.07131127268075943,
		0.4986896812915802,
		11.614686012268066,
		0.071188956499099731,
		0.07131127268075943,
		13.680999755859375,
		25.93699836730957
	],
	"end" : 8.0950002670288086,
	"labels" : 
	[
		"Prep",
		"Scan",
		"Break",
		"Prep",
		"Scan",
		"Break",
		"Prep",
		"Scan",
		"Break",
		"Prep",
		"Scan",
		"Break",
		"Prep",
		"Scan",
		"Break",
		"Prep",
		"Scan",
		"Dead"
	],
	"start" : 7.7055554389953613
}