{
	"data" : 
	[
		0.67251938581466675,
		1.3458788394927979,
		6.1177840232849121,
		1.2845498323440552,
		0.061329059302806854,
		0.91783565282821655,
		4.7714853286743164,
		1.529446005821228,
		0.61161035299301147,
		0.061329059302806854,
		4.0989656448364258,
		0.060908999294042587,
		0.12223806232213974,
		0.42846331000328064,
		1.4681169986724854,
		0.12223806232213974,
		1.2849699258804321,
		0.060908999294042587,
		0.48979237675666809,
		0.060908999294042587,
		17.557754516601562,
		0.48937231302261353,
		0.12223806232213974,
		0.061329059302806854,
		1.1623117923736572,
		1.3458788394927979,
		0.42804324626922607,
		1.2236407995223999,
		0.060908999294042587,
		8.9931087493896484,
		0.48937231302261353,
		4.0989656448364258,
		1.5290259122848511,
		8.9931087493896484,
		0.060908999294042587,
		11.256403923034668,
		0.061329059302806854,
		0.55070137977600098,
		15.844320297241211
	],
	"end" : 17.937221527099609,
	"labels" : 
	[
		"Prep",
		"Scan",
		"Break",
		"Prep",
		"Break",
		"Scan",
		"Break",
		"Prep",
		"Break",
		"Prep",
		"Scan",
		"Break",
		"Prep",
		"Break",
		"Scan",
		"Prep",
		"Break",
		"Prep",
		"Break",
		"Prep",
		"Scan",
		"Prep",
		"Break",
		"Prep",
		"Scan",
		"Break",
		"Break",
		"Scan",
		"Prep",
		"Scan",
		"Prep",
		"Scan",
		"Break",
		"Scan",
		"Break",
		"Scan",
		"Prep",
		"Break",
		"Scan"
	],
	"start" : 17.483612060546875
}