{
	"data" : 
	[
		0.89773517847061157,
		0.89773517847061157,
		2.5646431446075439,
		0.44886758923530579,
		4.6808586120605469,
		0.25646430253982544,
		1.0901384353637695,
		10.772160530090332,
		0.064281180500984192,
		0.51292860507965088,
		10.45163631439209,
		13.016499519348145,
		0.57698965072631836,
		0.19240325689315796,
		19.108020782470703,
		0.06406104564666748,
		20.582746505737305,
		13.721831321716309
	],
	"end" : 9.0280551910400391,
	"labels" : 
	[
		"Prep",
		"Scan",
		"Break",
		"Prep",
		"Scan",
		"Break",
		"Prep",
		"Scan",
		"Break",
		"Prep",
		"Scan",
		"Scan",
		"Break",
		"Prep",
		"Scan",
		"Prep",
		"Scan",
		"Dead"
	],
	"start" : 8.5952777862548828
}