{
	"data" : 
	[
		1.0516332387924194,
		1.0513753890991211,
		3.380286693572998,
		1.1266762018203735,
		5.8587679862976074,
		1.2770200967788696,
		12.243352890014648,
		0.82624644041061401,
		22.383440017700195,
		0.60111749172210693,
		14.121232986450195,
		0.15008595585823059,
		10.666160583496094,
		25.162609100341797
	],
	"end" : 16.012777328491211,
	"labels" : 
	[
		"Prep",
		"Scan",
		"Break",
		"Prep",
		"Scan",
		"Prep",
		"Scan",
		"Prep",
		"Scan",
		"Prep",
		"Scan",
		"Prep",
		"Scan",
		"Dead"
	],
	"start" : 15.643333435058594
}