{
	"data" : 
	[
		1.0388128757476807,
		1.6786735057830811,
		0.3193814754486084,
		0.080119751393795013,
		1.758244514465332,
		4.1558008193969727,
		1.1189327239990234,
		8.870793342590332,
		4.7155413627624512,
		0.080119751393795013,
		0.1596907377243042,
		12.547521591186523,
		7.1926679611206055,
		0.63931173086166382,
		9.670344352722168,
		0.080119751393795013,
		1.5980048179626465,
		9.7504644393920898,
		34.445457458496094
	],
	"end" : 16.360000610351562,
	"labels" : 
	[
		"Prep",
		"Scan",
		"Break",
		"Prep",
		"Scan",
		"Break",
		"Prep",
		"Scan",
		"Break",
		"Prep",
		"Break",
		"Scan",
		"Scan",
		"Prep",
		"Scan",
		"Break",
		"Prep",
		"Scan",
		"Dead"
	],
	"start" : 16.012777328491211
}