{
	"data" : 
	[
		0.55455666780471802,
		1.9969372749328613,
		1.5532158613204956,
		1.1093038320541382,
		3.4391276836395264,
		0.49913913011550903,
		6.8228373527526855,
		0.055417582392692566,
		10.039914131164551,
		1.2757470607757568,
		0.7766079306602478,
		8.9306097030639648,
		1.6640509366989136,
		1.3311645984649658,
		7.8213067054748535,
		4.7148747444152832,
		0.49913913011550903,
		12.36973762512207,
		0.11083516478538513,
		13.700902938842773,
		20.634574890136719
	],
	"end" : 8.5952777862548828,
	"labels" : 
	[
		"Prep",
		"Scan",
		"Break",
		"Scan",
		"Break",
		"Prep",
		"Scan",
		"Break",
		"Scan",
		"Break",
		"Prep",
		"Scan",
		"Break",
		"Prep",
		"Scan",
		"Break",
		"Prep",
		"Scan",
		"Prep",
		"Scan",
		"Dead"
	],
	"start" : 8.0950002670288086
}