{
	"data" : 
	[
		0.28476575016975403,
		0.53781849145889282,
		1.2969766855239868,
		0.53781849145889282,
		0.85408008098602295,
		0.063208878040313721,
		0.37968769669532776,
		3.1632678508758545,
		0.2215568870306015,
		3.32161545753479,
		0.031495831906795502,
		0.53781849145889282,
		3.4165375232696533,
		0.09492192417383194,
		6.136909008026123,
		0.063208878040313721,
		0.031713046133518219,
		4.2706174850463867,
		0.031495831906795502,
		0.031713046133518219,
		0.031495831906795502,
		6.2003345489501953,
		0.2215568870306015,
		0.094704709947109222,
		6.1371259689331055,
		1.9294999837875366,
		4.302330493927002,
		55.675727844238281
	],
	"end" : 17.483612060546875,
	"labels" : 
	[
		"Prep",
		"Scan",
		"Break",
		"Scan",
		"Break",
		"Prep",
		"Scan",
		"Break",
		"Prep",
		"Scan",
		"Break",
		"Prep",
		"Scan",
		"Prep",
		"Scan",
		"Break",
		"Prep",
		"Scan",
		"Break",
		"Break",
		"Prep",
		"Scan",
		"Break",
		"Prep",
		"Scan",
		"Break",
		"Scan",
		"Dead"
	],
	"start" : 16.606388092041016
}