{
	"data" : 
	[
		0.3211502730846405,
		0.61010831594467163,
		3.3718018531799316,
		0.99542242288589478,
		0.25687611103057861,
		1.3487650156021118,
		3.5964858531951904,
		0.93125855922698975,
		0.032081950455904007,
		0.064274147152900696,
		0.032081950455904007,
		0.2247941642999649,
		0.54583418369293213,
		2.2478313446044922,
		0.2890683114528656,
		0.2247941642999649,
		2.151475191116333,
		1.1881346702575684,
		0.28895807266235352,
		0.2247941642999649,
		2.151475191116333,
		1.7983533143997192,
		0.61010831594467163,
		0.2247941642999649,
		1.9908448457717896,
		0.73865658044815063,
		1.0596966743469238,
		4.7846207618713379,
		0.93125855922698975,
		0.25687611103057861,
		0.2247941642999649,
		5.8443174362182617,
		0.064274147152900696,
		0.54583418369293213,
		0.57802635431289673,
		9.8584203720092773,
		0.032081950455904007,
		0.096356108784675598,
		0.67427223920822144,
		0.032192200422286987,
		0.22468391060829163,
		0.5459444522857666,
		0.032081950455904007,
		0.5459444522857666,
		0.57802635431289673,
		0.032081950455904007,
		0.5459444522857666,
		0.54583418369293213,
		0.032192200422286987,
		0.54583418369293213,
		0.57802635431289673,
		0.3211502730846405,
		0.86698442697525024,
		0.2247941642999649,
		0.5459444522857666,
		42.291286468505859
	],
	"end" : 14.758889198303223,
	"labels" : 
	[
		"Prep",
		"Scan",
		"Break",
		"Prep",
		"Break",
		"Scan",
		"Break",
		"Prep",
		"Break",
		"Break",
		"Prep",
		"Break",
		"Scan",
		"Break",
		"Prep",
		"Break",
		"Scan",
		"Break",
		"Prep",
		"Break",
		"Scan",
		"Break",
		"Prep",
		"Break",
		"Scan",
		"Break",
		"Prep",
		"Scan",
		"Break",
		"Prep",
		"Break",
		"Scan",
		"Prep",
		"Break",
		"Scan",
		"Break",
		"Prep",
		"Break",
		"Scan",
		"Prep",
		"Break",
		"Scan",
		"Break",
		"Break",
		"Scan",
		"Prep",
		"Break",
		"Scan",
		"Break",
		"Break",
		"Scan",
		"Break",
		"Prep",
		"Break",
		"Scan",
		"Dead"
	],
	"start" : 13.894721984863281
}