{
	"data" : 
	[
		0.93533658981323242,
		1.2695983648300171,
		2.5394260883331299,
		0.46778300404548645,
		5.345665454864502,
		7.3505477905273438,
		0.0667605921626091,
		7.0832762718200684,
		0.0667605921626091,
		0.8688054084777832,
		7.0162858963012695,
		66.889755249023438
	],
	"end" : 12.761111259460449,
	"labels" : 
	[
		"Prep",
		"Scan",
		"Break",
		"Prep",
		"Scan",
		"Scan",
		"Prep",
		"Scan",
		"Break",
		"Prep",
		"Scan",
		"Dead"
	],
	"start" : 12.345833778381348
}