{
	"data" : 
	[
		0.35409671068191528,
		0.35418355464935303,
		0.80954998731613159,
		0.37945756316184998,
		1.8467397689819336,
		0.025274012237787247,
		0.40473160147666931,
		4.2500290870666504,
		0.025274012237787247,
		0.075908884406089783,
		7.5386900901794434,
		0.20236580073833466,
		4.1234850883483887,
		0.025274012237787247,
		3.6175708770751953,
		75.86737060546875
	],
	"end" : 11.135555267333984,
	"labels" : 
	[
		"Prep",
		"Scan",
		"Break",
		"Prep",
		"Scan",
		"Break",
		"Prep",
		"Scan",
		"Break",
		"Prep",
		"Scan",
		"Prep",
		"Scan",
		"Prep",
		"Scan",
		"Dead"
	],
	"start" : 10.03861141204834
}