{
	"data" : 
	[
		1.6889997720718384,
		0.67590922117233276,
		3.6038181781768799,
		1.238909125328064,
		8.2222728729248047,
		1.9148184061050415,
		5.1806817054748535,
		5.2935910224914551,
		0.22504529356956482,
		6.1945452690124512,
		2.2527730464935303,
		0.11213596910238266,
		6.0824093818664551,
		0.11213596910238266,
		0.22504529356956482,
		9.6862277984619141,
		47.190685272216797
	],
	"end" : 16.606388092041016,
	"labels" : 
	[
		"Prep",
		"Scan",
		"Break",
		"Scan",
		"Break",
		"Prep",
		"Scan",
		"Break",
		"Prep",
		"Scan",
		"Break",
		"Prep",
		"Scan",
		"Break",
		"Prep",
		"Scan",
		"Dead"
	],
	"start" : 16.360000610351562
}