{
	"data" : 
	[
		0.36718392372131348,
		0.3427274227142334,
		0.8567345142364502,
		0.024456517770886421,
		1.7870066165924072,
		0.024540560320019722,
		0.41609698534011841,
		4.1125607490539551,
		0.19582024216651917,
		3.9901101589202881,
		0.024456517770886421,
		4.4797449111938477,
		0.073453597724437714,
		7.2703094482421875,
		0.58754473924636841,
		0.024456517770886421,
		7.857853889465332,
		67.464942932128906
	],
	"end" : 13.894721984863281,
	"labels" : 
	[
		"Prep",
		"Scan",
		"Break",
		"Prep",
		"Scan",
		"Break",
		"Prep",
		"Scan",
		"Prep",
		"Scan",
		"Prep",
		"Scan",
		"Prep",
		"Scan",
		"Break",
		"Prep",
		"Scan",
		"Dead"
	],
	"start" : 12.761111259460449
}