{
	"data" : 
	[
		0.44184038043022156,
		1.0135025978088379,
		0.026053592562675476,
		0.3637688159942627,
		1.3513963222503662,
		0.077982328832149506,
		0.18192902207374573,
		1.1435028314590454,
		0.18192902207374573,
		1.1954315900802612,
		0.052017960697412491,
		0.052017960697412491,
		2.234987735748291,
		0.077982328832149506,
		0.49376910924911499,
		4.0282244682312012,
		0.025964368134737015,
		0.46780472993850708,
		4.8078694343566895,
		0.025964368134737015,
		0.2079826146364212,
		2.5988459587097168,
		0.25982213020324707,
		4.7299761772155762,
		0.077982328832149506,
		0.10394669324159622,
		0.025964368134737015,
		3.950242280960083,
		0.41578677296638489,
		4.2362070083618164,
		0.025964368134737015,
		0.05192873626947403,
		3.8983132839202881,
		0.025964368134737015,
		0.23394697904586792,
		0.077982328832149506,
		0.025964368134737015,
		4.8338336944580078,
		0.026053592562675476,
		0.05192873626947403,
		1.6372720003128052,
		54.16015625
	],
	"end" : 12.437777519226074,
	"labels" : 
	[
		"Prep",
		"Scan",
		"Break",
		"Prep",
		"Scan",
		"Break",
		"Prep",
		"Scan",
		"Prep",
		"Scan",
		"Break",
		"Prep",
		"Scan",
		"Break",
		"Prep",
		"Scan",
		"Break",
		"Prep",
		"Scan",
		"Break",
		"Prep",
		"Scan",
		"Prep",
		"Scan",
		"Prep",
		"Break",
		"Prep",
		"Scan",
		"Prep",
		"Scan",
		"Break",
		"Prep",
		"Scan",
		"Break",
		"Prep",
		"Break",
		"Prep",
		"Scan",
		"Break",
		"Prep",
		"Scan",
		"Dead"
	],
	"start" : 11.369999885559082
}