{
	"data" : 
	[
		1.04926598072052,
		0.44975894689559937,
		0.67412376403808594,
		0.82438647747039795,
		1.873652458190918,
		1.2741454839706421,
		13.564811706542969,
		0.075131356716156006,
		0.14974811673164368,
		10.34239673614502,
		2.2482800483703613,
		11.166268348693848,
		0.22487947344779968,
		0.30001083016395569,
		4.1965489387512207,
		0.37514218688011169,
		11.691159248352051,
		0.14974811673164368,
		16.937488555908203,
		0.14974811673164368,
		10.34239673614502,
		0.14974811673164368,
		11.691159248352051
	],
	"end" : 18.773611068725586,
	"labels" : 
	[
		"Prep",
		"Scan",
		"Break",
		"Scan",
		"Break",
		"Prep",
		"Scan",
		"Break",
		"Prep",
		"Scan",
		"Break",
		"Scan",
		"Prep",
		"Scan",
		"Break",
		"Prep",
		"Scan",
		"Prep",
		"Scan",
		"Prep",
		"Scan",
		"Prep",
		"Scan"
	],
	"start" : 18.40333366394043
}