{
	"data" : 
	[
		0.24430921673774719,
		0.47112497687339783,
		0.82015526294708252,
		0.24430921673774719,
		3.7691195011138916,
		0.01749345101416111,
		0.29660981893539429,
		1.4134347438812256,
		0.052360530942678452,
		0.34903028607368469,
		4.2402443885803223,
		0.01749345101416111,
		0.052360530942678452,
		4.0482959747314453,
		0.01749345101416111,
		0.13958814740180969,
		4.3100986480712891,
		0.017433540895581245,
		0.017433540895581245,
		1.727537989616394,
		77.634071350097656
	],
	"end" : 14.028055191040039,
	"labels" : 
	[
		"Prep",
		"Scan",
		"Break",
		"Prep",
		"Scan",
		"Break",
		"Prep",
		"Scan",
		"Break",
		"Prep",
		"Scan",
		"Break",
		"Prep",
		"Scan",
		"Break",
		"Prep",
		"Scan",
		"Break",
		"Prep",
		"Scan",
		"Dead"
	],
	"start" : 12.437777519226074
}