{
	"data" : 
	[
		0.33445000648498535,
		0.6689000129699707,
		0.57327258586883545,
		0.3583158552646637,
		4.8254132270812988,
		0.023865852504968643,
		0.69276583194732666,
		0.071679569780826569,
		0.023865852504968643,
		0.85999089479446411,
		0.33445000648498535,
		4.4431495666503906,
		0.023947866633534431,
		3.0337517261505127,
		5.3270063400268555,
		78.30517578125
	],
	"end" : 15.189722061157227,
	"labels" : 
	[
		"Prep",
		"Scan",
		"Break",
		"Prep",
		"Scan",
		"Break",
		"Scan",
		"Break",
		"Prep",
		"Scan",
		"Prep",
		"Scan",
		"Break",
		"Scan",
		"Scan",
		"Dead"
	],
	"start" : 14.028055191040039
}