{
	"data" : 
	[
		0.035912815481424332,
		10.221016883850098,
		0.13161183893680573,
		0.15560849010944366,
		0.49069890379905701,
		0.083782874047756195,
		0.15560849010944366,
		0.31117591261863708,
		0.15556740760803223,
		0.14361016452312469,
		0.94552606344223022,
		0.15556740760803223,
		1.6157480478286743,
		0.13165293633937836,
		2.1064469814300537,
		0.23935028910636902,
		0.011957242153584957,
		0.13165293633937836,
		0.20347857475280762,
		0.82583034038543701,
		0.33509039878845215,
		0.047870058566331863,
		2.3577954769134521,
		0.095740117132663727,
		1.962795615196228,
		0.047870058566331863,
		0.011998331174254417,
		0.22739304602146149,
		0.38300153613090515,
		0.035871725529432297,
		3.60249924659729,
		0.035912815481424332,
		0.071784541010856628,
		0.011998331174254417,
		2.7287576198577881,
		0.26330587267875671,
		0.095781207084655762,
		1.4601395130157471,
		0.035871725529432297,
		0.011998331174254417,
		0.011957242153584957,
		3.2074992656707764,
		0.023996662348508835,
		0.31113481521606445,
		0.059827297925949097,
		1.9867923259735107,
		0.035912815481424332,
		1.9867100715637207,
		0.011998331174254417,
		0.11965459585189819,
		0.011998331174254417,
		1.7354025840759277,
		0.43087160587310791,
		0.25130751729011536,
		0.77800142765045166,
		0.10765627026557922,
		0.34712982177734375,
		0.23930919170379639,
		0.51469558477401733,
		1.6994897127151489,
		0.33513149619102478,
		0.46678441762924194,
		0.86166101694107056,
		0.84974485635757446,
		3.1955010890960693,
		0.13165293633937836,
		0.81391429901123047,
		0.047828968614339828,
		0.47878274321556091,
		0.059827297925949097,
		3.2074992656707764,
		0.13165293633937836,
		0.80191588401794434,
		3.2074992656707764,
		1.5918333530426025,
		0.11965459585189819,
		1.8192266225814819,
		0.095740117132663727,
		0.32313317060470581,
		1.771315336227417,
		1.3284454345703125,
		0.011998331174254417,
		0.44286993145942688,
		0.50261503458023071,
		31.357147216796875
	],
	"end" : 17.511110305786133,
	"labels" : 
	[
		"Prep",
		"Break",
		"Prep",
		"Scan",
		"Break",
		"Prep",
		"Scan",
		"Break",
		"Prep",
		"Scan",
		"Break",
		"Scan",
		"Break",
		"Prep",
		"Scan",
		"Break",
		"Prep",
		"Break",
		"Prep",
		"Break",
		"Prep",
		"Break",
		"Scan",
		"Prep",
		"Scan",
		"Prep",
		"Break",
		"Scan",
		"Break",
		"Break",
		"Scan",
		"Break",
		"Break",
		"Prep",
		"Scan",
		"Break",
		"Prep",
		"Scan",
		"Prep",
		"Break",
		"Prep",
		"Scan",
		"Break",
		"Break",
		"Break",
		"Scan",
		"Break",
		"Scan",
		"Prep",
		"Break",
		"Prep",
		"Scan",
		"Prep",
		"Break",
		"Scan",
		"Break",
		"Prep",
		"Break",
		"Scan",
		"Break",
		"Prep",
		"Break",
		"Scan",
		"Prep",
		"Scan",
		"Break",
		"Prep",
		"Scan",
		"Break",
		"Prep",
		"Scan",
		"Break",
		"Prep",
		"Scan",
		"Break",
		"Prep",
		"Scan",
		"Break",
		"Prep",
		"Scan",
		"Break",
		"Prep",
		"Break",
		"Scan",
		"Dead"
	],
	"start" : 15.189722061157227
}