{
	"data" : 
	[
		0.43545094132423401,
		0.18665233254432678,
		0.031179908663034439,
		0.80854201316833496,
		2.861504077911377,
		0.43545094132423401,
		0.18643876910209656,
		0.031179908663034439,
		0.55995702743530273,
		0.80854201316833496,
		0.031179908663034439,
		0.7463957667350769,
		0.49759715795516968,
		0.15547242760658264,
		0.031179908663034439,
		0.96422803401947021,
		0.31094485521316528,
		0.59092336893081665,
		0.8397219181060791,
		0.062359817326068878,
		3.5143601894378662,
		0.031179908663034439,
		5.1940174102783203,
		0.031179908663034439,
		2.6436717510223389,
		0.030966348946094513,
		0.31115838885307312,
		4.1676435470581055,
		5.4428162574768066,
		0.46663081645965576,
		2.6124920845031738,
		0.031179908663034439,
		3.9188449382781982,
		5.753760814666748,
		0.031179908663034439,
		4.5409479141235352,
		0.030966348946094513,
		4.7276005744934082,
		0.18665233254432678,
		0.52877706289291382,
		3.3279213905334473,
		0.030966348946094513,
		0.49759715795516968,
		4.0121707916259766,
		0.031179908663034439,
		4.6964206695556641,
		32.532817840576172
	],
	"end" : 18.40333366394043,
	"labels" : 
	[
		"Prep",
		"Break",
		"Prep",
		"Scan",
		"Break",
		"Prep",
		"Break",
		"Prep",
		"Scan",
		"Break",
		"Prep",
		"Scan",
		"Prep",
		"Break",
		"Prep",
		"Scan",
		"Break",
		"Prep",
		"Scan",
		"Break",
		"Scan",
		"Prep",
		"Scan",
		"Break",
		"Scan",
		"Break",
		"Prep",
		"Scan",
		"Scan",
		"Prep",
		"Scan",
		"Prep",
		"Scan",
		"Scan",
		"Break",
		"Scan",
		"Prep",
		"Scan",
		"Break",
		"Prep",
		"Scan",
		"Break",
		"Prep",
		"Scan",
		"Prep",
		"Scan",
		"Dead"
	],
	"start" : 17.511110305786133
}