{
	"data" : 
	[
		0.39907249808311462,
		0.67345625162124634,
		1.2472299337387085,
		0.34923124313354492,
		1.6712231636047363,
		0.34923124313354492,
		4.8889803886413574,
		0.024920620024204254,
		0.42407870292663574,
		1.7959117889404297,
		0.074847497045993805,
		0.47391995787620544,
		7.7575063705444336,
		0.025006256997585297,
		0.074761860072612762,
		6.3357462882995605,
		0.074847497045993805,
		6.1611309051513672,
		0.024920620024204254,
		0.17461562156677246,
		2.4196124076843262,
		0.14960935711860657,
		0.049926877021789551,
		0.099768124520778656,
		5.3878211975097656,
		1.5964611768722534,
		0.37415185570716858,
		5.886746883392334,
		50.935264587402344
	],
	"end" : 11.304721832275391,
	"labels" : 
	[
		"Prep",
		"Scan",
		"Break",
		"Prep",
		"Scan",
		"Break",
		"Scan",
		"Break",
		"Prep",
		"Scan",
		"Break",
		"Prep",
		"Scan",
		"Break",
		"Prep",
		"Scan",
		"Prep",
		"Scan",
		"Break",
		"Prep",
		"Scan",
		"Break",
		"Prep",
		"Break",
		"Scan",
		"Break",
		"Prep",
		"Scan",
		"Dead"
	],
	"start" : 10.192222595214844
}