{
	"data" : 
	[
		0.026922978460788727,
		0.30936029553413391,
		0.10759956389665604,
		0.40352144837379456,
		0.53804397583007812,
		0.094161160290241241,
		2.905418872833252,
		0.013438399881124496,
		3.0533337593078613,
		3.4299781322479248,
		0.18832232058048248,
		1.708293080329895,
		0.013438399881124496,
		0.040361378341913223,
		0.10759956389665604,
		1.4526864290237427,
		0.2286837100982666,
		3.0398952960968018,
		0.013438399881124496,
		0.2421220988035202,
		0.013484579510986805,
		0.094114981591701508,
		1.721731424331665,
		80.154052734375
	],
	"end" : 14.910555839538574,
	"labels" : 
	[
		"Prep",
		"Break",
		"Prep",
		"Scan",
		"Break",
		"Prep",
		"Scan",
		"Break",
		"Scan",
		"Break",
		"Prep",
		"Scan",
		"Prep",
		"Scan",
		"Break",
		"Scan",
		"Break",
		"Scan",
		"Break",
		"Break",
		"Prep",
		"Break",
		"Scan",
		"Dead"
	],
	"start" : 12.847499847412109
}