{
	"data" : 
	[
		45.903759002685547,
		29.700250625610352,
		24.295991897583008
	],
	"end" : 12.847499847412109,
	"labels" : 
	[
		"Prep",
		"Scan",
		"Dead"
	],
	"start" : 12.837222099304199
}