{
	"data" : 
	[
		0.57142752408981323,
		0.4286932647228241,
		3.8930644989013672,
		0.53586655855178833,
		0.035560939460992813,
		7.3576812744140625,
		4.1074113845825195,
		0.50006043910980225,
		7.2505078315734863,
		0.035806190222501755,
		0.071367129683494568,
		7.0361614227294922,
		1.535987377166748,
		0.64279466867446899,
		0.071367129683494568,
		9.1077699661254883,
		0.035806190222501755,
		7.5006608963012695,
		0.10692806541919708,
		3.6789631843566895,
		0.8213350772857666,
		1.1431002616882324,
		8.6077098846435547,
		11.715000152587891,
		0.10717331618070602,
		0.35732614994049072,
		0.035560939460992813,
		13.358160018920898,
		0.64303994178771973,
		8.6077098846435547
	],
	"end" : 17.488056182861328,
	"labels" : 
	[
		"Prep",
		"Scan",
		"Break",
		"Prep",
		"Break",
		"Scan",
		"Break",
		"Prep",
		"Scan",
		"Break",
		"Break",
		"Scan",
		"Break",
		"Prep",
		"Break",
		"Scan",
		"Prep",
		"Scan",
		"Prep",
		"Scan",
		"Break",
		"Prep",
		"Scan",
		"Break",
		"Prep",
		"Break",
		"Prep",
		"Scan",
		"Prep",
		"Scan"
	],
	"start" : 16.711111068725586
}