{
	"data" : 
	[
		0.21572467684745789,
		0.092491231858730316,
		0.015397568233311176,
		0.47780081629753113,
		0.41610470414161682,
		0.23117515444755554,
		0.092491231858730316,
		0.015397568233311176,
		0.46235030889511108,
		0.58568960428237915,
		0.3082159161567688,
		0.07704075425863266,
		0.01545048039406538,
		0.47774791717529297,
		0.33906394243240356,
		0.015397568233311176,
		0.52399355173110962,
		0.95554870367050171,
		0.13873685896396637,
		0.046192701905965805,
		0.01545048039406538,
		2.7587044239044189,
		0.01545048039406538,
		0.18492954969406128,
		3.8529899120330811,
		0.21572467684745789,
		0.01545048039406538,
		1.9110444784164429,
		0.20038004219532013,
		1.6490741968154907,
		0.030795136466622353,
		1.972740650177002,
		0.015397568233311176,
		0.13873685896396637,
		4.0070714950561523,
		0.077093660831451416,
		0.23117515444755554,
		3.3289437294006348,
		0.23117515444755554,
		2.2501614093780518,
		0.015397568233311176,
		0.23117515444755554,
		3.3135988712310791,
		0.21572467684745789,
		0.24662564694881439,
		0.030795136466622353,
		3.8992354869842529,
		0.030795136466622353,
		0.12328636646270752,
		2.4967341423034668,
		60.692134857177734
	],
	"end" : 16.711111068725586,
	"labels" : 
	[
		"Prep",
		"Break",
		"Prep",
		"Scan",
		"Break",
		"Prep",
		"Break",
		"Prep",
		"Scan",
		"Break",
		"Prep",
		"Break",
		"Prep",
		"Scan",
		"Break",
		"Prep",
		"Scan",
		"Break",
		"Prep",
		"Break",
		"Prep",
		"Scan",
		"Break",
		"Break",
		"Scan",
		"Break",
		"Prep",
		"Break",
		"Prep",
		"Scan",
		"Break",
		"Scan",
		"Prep",
		"Break",
		"Scan",
		"Break",
		"Prep",
		"Scan",
		"Prep",
		"Scan",
		"Break",
		"Prep",
		"Scan",
		"Break",
		"Prep",
		"Break",
		"Scan",
		"Break",
		"Break",
		"Scan",
		"Dead"
	],
	"start" : 14.910555839538574
}