{
	"data" : 
	[
		0.25352001190185547,
		0.50704002380371094,
		0.56131243705749512,
		0.28976380825042725,
		3.4223337173461914,
		0.30779242515563965,
		1.3037816286087036,
		0.14485082030296326,
		0.14485082030296326,
		5.631525993347168,
		0.018090810626745224,
		0.054334599524736404,
		4.581202507019043,
		0.018152978271245956,
		0.036181621253490448,
		4.47259521484375,
		0.054334599524736404,
		4.2734098434448242,
		0.036181621253490448,
		4.563173770904541,
		0.018090810626745224,
		0.072425410151481628,
		1.5572395324707031,
		0.25352001190185547,
		4.9253005981445312,
		0.018090810626745224,
		4.5812644958496094,
		57.799640655517578
	],
	"end" : 12.837222099304199,
	"labels" : 
	[
		"Prep",
		"Scan",
		"Break",
		"Prep",
		"Scan",
		"Prep",
		"Scan",
		"Break",
		"Prep",
		"Scan",
		"Break",
		"Prep",
		"Scan",
		"Break",
		"Prep",
		"Scan",
		"Prep",
		"Scan",
		"Prep",
		"Scan",
		"Break",
		"Break",
		"Scan",
		"Break",
		"Scan",
		"Break",
		"Scan",
		"Dead"
	],
	"start" : 11.304721832275391
}