{
	"data" : 
	[
		0.73275220394134521,
		0.048805423080921173,
		1.3190881013870239,
		1.8074778318405151,
		0.68394678831100464,
		9.2815828323364258,
		1.4655044078826904,
		1.1235309839248657,
		11.528813362121582,
		0.097778566181659698,
		12.310370445251465,
		0.048973139375448227,
		0.3907788097858429,
		0.048805423080921173,
		0.97694700956344604,
		0.83053076267242432,
		14.948379516601562,
		0.048805423080921173,
		13.336291313171387,
		0.24436254799365997,
		0.14641626179218292,
		12.408149719238281,
		0.14658397436141968,
		3.7127342224121094,
		0.097610846161842346,
		12.114981651306152
	],
	"end" : 12.844721794128418,
	"labels" : 
	[
		"Prep",
		"Break",
		"Scan",
		"Break",
		"Prep",
		"Scan",
		"Break",
		"Prep",
		"Scan",
		"Prep",
		"Scan",
		"Break",
		"Break",
		"Prep",
		"Break",
		"Break",
		"Scan",
		"Break",
		"Scan",
		"Break",
		"Prep",
		"Scan",
		"Prep",
		"Scan",
		"Prep",
		"Scan"
	],
	"start" : 12.276666641235352
}