{
	"data" : 
	[
		0.37669530510902405,
		0.37669530510902405,
		1.6950365304946899,
		2.3676936626434326,
		0.026880417019128799,
		0.45742890238761902,
		4.5200667381286621,
		0.8071514368057251,
		8.6636228561401367,
		0.24210847914218903,
		4.0627298355102539,
		0.026880417019128799,
		0.48430934548377991,
		0.32284209132194519,
		0.026972787454724312,
		0.29596170783042908,
		5.5155653953552246,
		0.21522806584835052,
		0.64577656984329224,
		0.026880417019128799,
		7.1030802726745605,
		1.0223795175552368,
		0.26908126473426819,
		6.1343693733215332,
		0.026972787454724312,
		0.78027099370956421,
		0.053760834038257599,
		0.026880417019128799,
		8.6636228561401367,
		0.053760834038257599,
		5.7577667236328125,
		0.026972787454724312,
		0.78017866611480713,
		7.7757377624511719,
		2.9057636260986328,
		0.21522806584835052,
		6.268956184387207,
		0.026972787454724312,
		5.7846469879150391,
		0.053853202611207962,
		0.13449445366859436,
		5.9998745918273926,
		8.878849983215332
	],
	"end" : 15.536666870117188,
	"labels" : 
	[
		"Prep",
		"Scan",
		"Break",
		"Scan",
		"Break",
		"Prep",
		"Scan",
		"Prep",
		"Scan",
		"Prep",
		"Scan",
		"Break",
		"Prep",
		"Scan",
		"Break",
		"Prep",
		"Scan",
		"Prep",
		"Break",
		"Prep",
		"Scan",
		"Break",
		"Prep",
		"Scan",
		"Break",
		"Prep",
		"Break",
		"Prep",
		"Scan",
		"Prep",
		"Scan",
		"Break",
		"Prep",
		"Scan",
		"Break",
		"Prep",
		"Scan",
		"Prep",
		"Scan",
		"Break",
		"Prep",
		"Scan",
		"Dead"
	],
	"start" : 14.505277633666992
}