{
	"data" : 
	[
		0.44743725657463074,
		0.77282077074050903,
		3.7829675674438477,
		1.2202579975128174,
		0.2847454845905304,
		1.6269174814224243,
		0.52885293960571289,
		0.56949096918106079,
		0.69140505790710449,
		0.93565213680267334,
		0.0406380295753479,
		0.0406380295753479,
		0.081415705382823944,
		0.2847454845905304,
		0.65076702833175659,
		1.1389819383621216,
		6.0606522560119629,
		0.0406380295753479,
		0.8135983943939209,
		0.2847454845905304,
		3.5387203693389893,
		0.85423648357391357,
		0.2847454845905304,
		3.498082160949707,
		0.0406380295753479,
		0.081415705382823944,
		0.69140505790710449,
		4.881171703338623,
		0.44743725657463074,
		0.48807525634765625,
		14.76542854309082,
		0.0406380295753479,
		0.3660215437412262,
		3.7015516757965088,
		0.0406380295753479,
		0.40679919719696045,
		0.2847454845905304,
		1.7083332538604736,
		0.081415705382823944,
		0.69140505790710449,
		1.8711647987365723,
		0.3660215437412262,
		0.16269175708293915,
		0.081415705382823944,
		9.2741279602050781,
		0.12205372750759125,
		0.2847454845905304,
		0.69140505790710449,
		2.4405159950256348,
		0.2847454845905304,
		0.12205372750759125,
		0.85423648357391357,
		0.0406380295753479,
		0.2847454845905304,
		0.69154471158981323,
		0.0406380295753479,
		0.69140505790710449,
		0.73218274116516113,
		0.040777675807476044,
		0.69140505790710449,
		0.69154471158981323,
		0.0406380295753479,
		0.69154471158981323,
		0.73218274116516113,
		0.9355124831199646,
		1.0169283151626587,
		0.28460586071014404,
		0.69154471158981323,
		17.856712341308594
	],
	"end" : 11.619999885559082,
	"labels" : 
	[
		"Prep",
		"Scan",
		"Break",
		"Prep",
		"Break",
		"Scan",
		"Break",
		"Prep",
		"Break",
		"Prep",
		"Break",
		"Prep",
		"Break",
		"Break",
		"Scan",
		"Prep",
		"Scan",
		"Break",
		"Prep",
		"Break",
		"Scan",
		"Prep",
		"Break",
		"Scan",
		"Break",
		"Prep",
		"Break",
		"Scan",
		"Break",
		"Prep",
		"Scan",
		"Break",
		"Break",
		"Scan",
		"Break",
		"Prep",
		"Break",
		"Scan",
		"Prep",
		"Break",
		"Scan",
		"Prep",
		"Break",
		"Prep",
		"Scan",
		"Prep",
		"Break",
		"Scan",
		"Break",
		"Prep",
		"Break",
		"Scan",
		"Prep",
		"Break",
		"Scan",
		"Break",
		"Break",
		"Scan",
		"Prep",
		"Break",
		"Scan",
		"Break",
		"Break",
		"Scan",
		"Break",
		"Prep",
		"Break",
		"Scan",
		"Dead"
	],
	"start" : 10.937777519226074
}