{
	"data" : 
	[
		0.95212453603744507,
		0.40788659453392029,
		1.0200667381286621,
		0.068175673484802246,
		0.67988884449005127,
		1.2241268157958984,
		0.88418233394622803,
		0.47606226801872253,
		3.6042046546936035,
		1.1561846733093262,
		3.2642602920532227,
		4.4202113151550293,
		0.068175673484802246,
		3.8762068748474121,
		0.13611786067485809,
		7.4124698638916016,
		0.13611786067485809,
		3.8082649707794189,
		66.305274963378906
	],
	"end" : 10.937777519226074,
	"labels" : 
	[
		"Prep",
		"Scan",
		"Break",
		"Prep",
		"Scan",
		"Break",
		"Prep",
		"Scan",
		"Break",
		"Prep",
		"Scan",
		"Break",
		"Prep",
		"Scan",
		"Prep",
		"Scan",
		"Prep",
		"Scan",
		"Dead"
	],
	"start" : 10.529722213745117
}