{
	"data" : 
	[
		0.52604436874389648,
		1.0998662710189819,
		4.2561326026916504,
		0.43032529950141907,
		0.33477044105529785,
		6.1690363883972168,
		1.8651261329650879,
		0.43032529950141907,
		0.047941625118255615,
		0.33460626006126404,
		6.2169780731201172,
		0.047777440398931503,
		1.6738522052764893,
		7.1731834411621094,
		1.0998662710189819,
		0.047941625118255615,
		0.33477044105529785,
		2.1041774749755859,
		4.6386804580688477,
		1.1955853700637817,
		2.1997325420379639,
		0.095719069242477417,
		18.698383331298828,
		0.19127394258975983,
		0.33477044105529785,
		3.1083247661590576,
		0.38254788517951965,
		1.1955853700637817,
		0.23921556770801544,
		0.047777440398931503,
		15.016071319580078,
		18.363611221313477
	],
	"end" : 10.529722213745117,
	"labels" : 
	[
		"Prep",
		"Scan",
		"Break",
		"Prep",
		"Break",
		"Scan",
		"Break",
		"Prep",
		"Break",
		"Break",
		"Scan",
		"Break",
		"Prep",
		"Scan",
		"Prep",
		"Break",
		"Break",
		"Scan",
		"Break",
		"Prep",
		"Break",
		"Prep",
		"Scan",
		"Prep",
		"Break",
		"Scan",
		"Break",
		"Prep",
		"Break",
		"Prep",
		"Scan",
		"Dead"
	],
	"start" : 9.9494447708129883
}