{
	"data" : 
	[
		0.38409844040870667,
		0.97774875164031982,
		2.1299242973327637,
		0.31432774662971497,
		0.34921309351921082,
		0.24431730806827545,
		4.8536186218261719,
		0.31432774662971497,
		0.3490932285785675,
		0.27932253479957581,
		0.24443718791007996,
		4.2949733734130859,
		1.2220660448074341,
		0.83808743953704834,
		0.27932253479957581,
		0.03488534688949585,
		5.482154369354248,
		0.76819688081741333,
		0.03488534688949585,
		0.03488534688949585,
		0.24443718791007996,
		1.466623067855835,
		1.0824047327041626,
		0.94274353981018066,
		1.501508355140686,
		0.069770693778991699,
		9.1834774017333984,
		0.17454661428928375,
		0.03488534688949585,
		1.2570712566375732,
		0.03488534688949585,
		5.656700611114502,
		0.10477592051029205,
		0.10477592051029205,
		0.31420788168907166,
		0.035005226731300354,
		0.24443718791007996,
		2.2695853710174561,
		0.03488534688949585,
		0.31432774662971497,
		0.45386913418769836,
		0.035005226731300354,
		12.151369094848633,
		0.069890573620796204,
		0.069770693778991699,
		1.1871806383132935,
		0.069890573620796204,
		6.8089962005615234,
		0.10477592051029205,
		0.069770693778991699,
		1.6760550737380981,
		0.069890573620796204,
		5.2375969886779785,
		23.395000457763672
	],
	"end" : 13.897500038146973,
	"labels" : 
	[
		"Prep",
		"Scan",
		"Break",
		"Prep",
		"Break",
		"Break",
		"Scan",
		"Break",
		"Prep",
		"Break",
		"Break",
		"Scan",
		"Prep",
		"Break",
		"Break",
		"Prep",
		"Scan",
		"Prep",
		"Break",
		"Prep",
		"Break",
		"Scan",
		"Break",
		"Prep",
		"Break",
		"Prep",
		"Scan",
		"Break",
		"Prep",
		"Break",
		"Prep",
		"Scan",
		"Break",
		"Prep",
		"Break",
		"Prep",
		"Break",
		"Scan",
		"Break",
		"Prep",
		"Break",
		"Prep",
		"Scan",
		"Break",
		"Prep",
		"Break",
		"Prep",
		"Scan",
		"Break",
		"Prep",
		"Break",
		"Prep",
		"Scan",
		"Dead"
	],
	"start" : 13.102777481079102
}