{
	"data" : 
	[
		0.46056410670280457,
		1.0885930061340332,
		1.8422564268112183,
		0.37675982713699341,
		0.041830256581306458,
		0.041974004358053207,
		0.29309931397438049,
		4.605496883392334,
		2.3866245746612549,
		0.37675982713699341,
		0.083804264664649963,
		0.29309931397438049,
		4.8987398147583008,
		0.041830256581306458,
		1.4235225915908813,
		6.2804322242736816,
		1.1722534894943237,
		0.041974004358053207,
		0.041830256581306458,
		0.29309931397438049,
		0.87915414571762085,
		0.083804264664649963,
		0.79549366235733032,
		2.3446507453918457,
		0.083804264664649963,
		29.392152786254883,
		0.41873383522033691,
		0.041830256581306458,
		0.041830256581306458,
		0.29309931397438049,
		1.9678908586502075,
		0.041830256581306458,
		1.0049324035644531,
		0.16746479272842407,
		0.083660513162612915,
		25.163415908813477,
		11.011707305908203
	],
	"end" : 9.9494447708129883,
	"labels" : 
	[
		"Prep",
		"Scan",
		"Break",
		"Prep",
		"Break",
		"Prep",
		"Break",
		"Scan",
		"Break",
		"Prep",
		"Break",
		"Break",
		"Scan",
		"Break",
		"Prep",
		"Scan",
		"Prep",
		"Break",
		"Prep",
		"Break",
		"Scan",
		"Break",
		"Prep",
		"Break",
		"Prep",
		"Scan",
		"Prep",
		"Break",
		"Prep",
		"Break",
		"Scan",
		"Break",
		"Prep",
		"Break",
		"Prep",
		"Scan",
		"Dead"
	],
	"start" : 9.2866668701171875
}