{
	"data" : 
	[
		0.63924616575241089,
		0.63924616575241089,
		1.7349623441696167,
		0.68486177921295166,
		3.3330776691436768,
		0.77609306573867798,
		7.6706404685974121,
		0.045615650713443756,
		1.3697235584259033,
		13.560544967651367,
		0.045615650713443756,
		0.3652387261390686,
		7.4422483444213867,
		0.045772407203912735,
		0.091231301426887512,
		6.4377636909484863,
		8.2642707824707031,
		6.4833793640136719,
		0.045615650713443756,
		0.3652387261390686,
		13.286538124084473,
		26.573076248168945
	],
	"end" : 14.505277633666992,
	"labels" : 
	[
		"Prep",
		"Scan",
		"Break",
		"Prep",
		"Scan",
		"Prep",
		"Scan",
		"Break",
		"Prep",
		"Scan",
		"Break",
		"Prep",
		"Scan",
		"Break",
		"Prep",
		"Scan",
		"Break",
		"Scan",
		"Break",
		"Prep",
		"Scan",
		"Dead"
	],
	"start" : 13.897500038146973
}