{
	"data" : 
	[
		0.53788834810256958,
		0.92904937267303467,
		0.049021035432815552,
		1.4669376611709595,
		2.7871479988098145,
		1.2225040197372437,
		0.14672733843326569,
		0.048853151500225067,
		0.34230786561965942,
		1.7115392684936523,
		1.5646439790725708,
		0.34230786561965942,
		7.1392755508422852,
		0.097706303000450134,
		0.34230786561965942,
		6.9925484657287598,
		0.92904937267303467,
		0.048853151500225067,
		0.34230786561965942,
		7.1392755508422852,
		3.3250362873077393,
		1.2225040197372437,
		0.3911609947681427,
		2.6405887603759766,
		0.14672733843326569,
		0.097706303000450134,
		0.048853151500225067,
		0.34230786561965942,
		2.6405887603759766,
		0.048853151500225067,
		0.83134299516677856,
		2.6894416809082031,
		0.44001418352127075,
		1.760392427444458,
		9.0950803756713867,
		0.39132890105247498,
		1.320210337638855,
		0.34230786561965942,
		0.880196213722229,
		4.6452465057373047,
		0.39132890105247498,
		0.097706303000450134,
		1.2713571786880493,
		0.048853151500225067,
		0.34230786561965942,
		0.880196213722229,
		0.049021035432815552,
		0.83117520809173584,
		0.92904937267303467,
		0.049021035432815552,
		0.83117520809173584,
		0.880196213722229,
		0.048853151500225067,
		0.83134299516677856,
		0.92904937267303467,
		0.3911609947681427,
		0.83134299516677856,
		0.880196213722229,
		21.906526565551758
	],
	"end" : 12.749166488647461,
	"labels" : 
	[
		"Prep",
		"Scan",
		"Break",
		"Scan",
		"Break",
		"Prep",
		"Break",
		"Prep",
		"Break",
		"Scan",
		"Break",
		"Break",
		"Scan",
		"Prep",
		"Break",
		"Scan",
		"Break",
		"Prep",
		"Break",
		"Scan",
		"Break",
		"Prep",
		"Break",
		"Scan",
		"Break",
		"Prep",
		"Break",
		"Break",
		"Scan",
		"Prep",
		"Break",
		"Scan",
		"Break",
		"Prep",
		"Scan",
		"Break",
		"Prep",
		"Break",
		"Scan",
		"Break",
		"Prep",
		"Break",
		"Scan",
		"Prep",
		"Break",
		"Scan",
		"Break",
		"Break",
		"Scan",
		"Prep",
		"Break",
		"Scan",
		"Break",
		"Break",
		"Scan",
		"Prep",
		"Break",
		"Scan",
		"Dead"
	],
	"start" : 12.181666374206543
}