{
	"data" : 
	[
		0.83903419971466064,
		0.83882838487625122,
		2.8765416145324707,
		0.060077976435422897,
		4.3745818138122559,
		0.060077976435422897,
		0.95877861976623535,
		10.067997932434082,
		0.059872232377529144,
		0.47938930988311768,
		9.0491418838500977,
		0.059872232377529144,
		10.96690559387207,
		0.47938930988311768,
		17.858589172363281,
		0.11974446475505829,
		19.236885070800781,
		21.514293670654297
	],
	"end" : 15.999722480773926,
	"labels" : 
	[
		"Prep",
		"Scan",
		"Break",
		"Prep",
		"Scan",
		"Break",
		"Prep",
		"Scan",
		"Break",
		"Prep",
		"Scan",
		"Prep",
		"Scan",
		"Prep",
		"Scan",
		"Prep",
		"Scan",
		"Dead"
	],
	"start" : 15.536666870117188
}