{
	"data" : 
	[
		0.69172632694244385,
		0.69172632694244385,
		1.9762881994247437,
		0.69155669212341309,
		0.69172632694244385,
		2.025648832321167,
		0.83997762203216553,
		3.5571832656860352,
		0.049530182033777237,
		0.83980798721313477,
		7.6580104827880859,
		0.049530182033777237,
		1.2350317239761353,
		14.673826217651367,
		0.049360558390617371,
		0.49411442875862122,
		0.049360558390617371,
		0.3952237069606781,
		8.1027650833129883,
		0.14825129508972168,
		7.0156450271606445,
		0.049360558390617371,
		0.34586316347122192,
		10.079052925109863,
		37.499435424804688
	],
	"end" : 12.181666374206543,
	"labels" : 
	[
		"Prep",
		"Scan",
		"Break",
		"Prep",
		"Scan",
		"Break",
		"Prep",
		"Scan",
		"Break",
		"Prep",
		"Scan",
		"Break",
		"Prep",
		"Scan",
		"Break",
		"Scan",
		"Break",
		"Prep",
		"Scan",
		"Prep",
		"Scan",
		"Break",
		"Prep",
		"Scan",
		"Dead"
	],
	"start" : 11.619999885559082
}