{
	"data" : 
	[
		0.76064974069595337,
		0.50698375701904297,
		0.55782145261764526,
		1.0651533603668213,
		1.2674593925476074,
		0.70998620986938477,
		0.55782145261764526,
		1.7751396894454956,
		2.5861048698425293,
		0.050837662070989609,
		6.1865248680114746,
		0.050837662070989609,
		6.9981865882873535,
		0.050489455461502075,
		7.3530058860778809,
		0.45649430155754089,
		8.5194864273071289,
		2.5356152057647705,
		7.4543328285217285,
		7.0486760139465332,
		0.70998620986938477,
		6.2373628616333008,
		1.7243019342422485,
		6.8965110778808594,
		27.840232849121094
	],
	"end" : 16.546943664550781,
	"labels" : 
	[
		"Prep",
		"Scan",
		"Break",
		"Scan",
		"Break",
		"Prep",
		"Scan",
		"Break",
		"Prep",
		"Break",
		"Scan",
		"Prep",
		"Scan",
		"Prep",
		"Scan",
		"Break",
		"Scan",
		"Prep",
		"Scan",
		"Break",
		"Prep",
		"Scan",
		"Prep",
		"Scan",
		"Dead"
	],
	"start" : 15.999722480773926
}