{
	"data" : 
	[
		1.7973841428756714,
		1.8922226428985596,
		1.513518214225769,
		1.4193294048309326,
		1.9864115715026855,
		3.1218750476837158,
		1.2296524047851562,
		0.37870436906814575,
		12.582339286804199,
		0.094188906252384186,
		2.6489818096160889,
		0.18902739882469177,
		13.43393611907959,
		0.094188906252384186,
		10.784955024719238,
		0.094188906252384186,
		0.66257023811340332,
		12.392662048339844,
		0.09483848512172699,
		1.4186797142028809,
		11.068170547485352,
		21.002178192138672
	],
	"end" : 16.840278625488281,
	"labels" : 
	[
		"Prep",
		"Scan",
		"Break",
		"Prep",
		"Scan",
		"Break",
		"Prep",
		"Break",
		"Scan",
		"Prep",
		"Break",
		"Break",
		"Scan",
		"Break",
		"Scan",
		"Break",
		"Prep",
		"Scan",
		"Break",
		"Prep",
		"Scan",
		"Dead"
	],
	"start" : 16.546943664550781
}