{
	"data" : 
	[
		1.0987200736999512,
		1.0987200736999512,
		3.4529662132263184,
		0.07840302586555481,
		5.7288093566894531,
		0.54936003684997559,
		1.333929181098938,
		0.23547849059104919,
		0.07840302586555481,
		13.105698585510254,
		0.07840302586555481,
		1.1771230697631836,
		23.38592529296875,
		0.62776303291320801,
		12.791547775268555,
		0.62776303291320801,
		0.54936003684997559,
		11.143736839294434,
		22.757892608642578
	],
	"end" : 13.102777481079102,
	"labels" : 
	[
		"Prep",
		"Scan",
		"Break",
		"Prep",
		"Scan",
		"Break",
		"Prep",
		"Break",
		"Break",
		"Scan",
		"Break",
		"Prep",
		"Scan",
		"Prep",
		"Scan",
		"Break",
		"Prep",
		"Scan",
		"Dead"
	],
	"start" : 12.749166488647461
}