{
	"data" : 
	[
		0.47987228631973267,
		1.5267846584320068,
		2.1812920570373535,
		0.5670400857925415,
		0.043434131890535355,
		0.043733678758144379,
		1.3087153434753418,
		1.8757555484771729,
		0.91631042957305908,
		0.13090148568153381,
		6.892547607421875,
		0.043733678758144379,
		0.87257677316665649,
		0.043434131890535355,
		1.2215474843978882,
		0.043733678758144379,
		0.47987228631973267,
		7.0234494209289551,
		0.39270448684692383,
		0.47987228631973267,
		7.9831933975219727,
		0.82884305715560913,
		0.82884305715560913,
		6.5001430511474609,
		0.087167814373970032,
		9.7283468246459961,
		0.82884305715560913,
		9.9026823043823242,
		0.13090148568153381,
		11.167963027954102,
		25.34576416015625
	],
	"end" : 17.476388931274414,
	"labels" : 
	[
		"Prep",
		"Scan",
		"Break",
		"Prep",
		"Break",
		"Prep",
		"Scan",
		"Break",
		"Prep",
		"Break",
		"Scan",
		"Prep",
		"Break",
		"Prep",
		"Break",
		"Prep",
		"Break",
		"Scan",
		"Prep",
		"Break",
		"Scan",
		"Break",
		"Prep",
		"Scan",
		"Prep",
		"Scan",
		"Prep",
		"Scan",
		"Prep",
		"Scan",
		"Dead"
	],
	"start" : 16.840278625488281
}