{
	"data" : 
	[
		0.14453431963920593,
		23.84320068359375,
		0.67405247688293457,
		0.57813727855682373,
		1.0114094018936157,
		0.048288352787494659,
		0.86687511205673218,
		0.86720585823059082,
		0.72234082221984863,
		0.86720585823059082,
		2.2156414985656738,
		0.7706291675567627,
		5.8283376693725586,
		0.048288352787494659,
		0.047957610338926315,
		0.048288352787494659,
		9.1999235153198242,
		0.048288352787494659,
		1.3487664461135864,
		7.8994455337524414,
		0.048288352787494659,
		4.7686400413513184,
		0.047957610338926315,
		5.7803802490234375,
		0.047957610338926315,
		5.5392694473266602,
		0.048288352787494659,
		4.6723942756652832,
		0.047957610338926315,
		0.096576705574989319,
		0.096245966851711273,
		9.6335268020629883,
		0.048288352787494659,
		0.72234082221984863,
		0.33735698461532593,
		0.047957610338926315,
		10.837759017944336
	],
	"end" : 19.543333053588867,
	"labels" : 
	[
		"Prep",
		"Break",
		"Break",
		"Prep",
		"Scan",
		"Break",
		"Prep",
		"Scan",
		"Prep",
		"Scan",
		"Break",
		"Prep",
		"Scan",
		"Break",
		"Break",
		"Prep",
		"Scan",
		"Prep",
		"Break",
		"Scan",
		"Prep",
		"Scan",
		"Prep",
		"Scan",
		"Prep",
		"Scan",
		"Prep",
		"Scan",
		"Prep",
		"Break",
		"Prep",
		"Scan",
		"Break",
		"Prep",
		"Break",
		"Prep",
		"Scan"
	],
	"start" : 18.967222213745117
}