{
	"data" : 
	[
		0.16755954921245575,
		0.11170636862516403,
		0.40937700867652893,
		0.018660331144928932,
		0.55840402841567993,
		0.68877077102661133,
		1.9916708469390869,
		0.1860920637845993,
		0.3351190984249115,
		2.6803138256072998,
		0.14889922738075256,
		0.037192851305007935,
		0.018660331144928932,
		0.037192851305007935,
		0.018660331144928932,
		4.3556532859802246,
		88.136070251464844
	],
	"end" : 18.967222213745117,
	"labels" : 
	[
		"Prep",
		"Scan",
		"Break",
		"Prep",
		"Scan",
		"Break",
		"Scan",
		"Break",
		"Prep",
		"Scan",
		"Break",
		"Break",
		"Prep",
		"Break",
		"Prep",
		"Scan",
		"Dead"
	],
	"start" : 17.476388931274414
}