{
	"data" : 
	[
		0.97486525774002075,
		0.82500481605529785,
		2.2499663829803467,
		0.075187712907791138,
		1.574821949005127,
		0.75007462501525879,
		0.82500481605529785,
		8.0999307632446289,
		1.9499881267547607,
		10.425085067749023,
		1.7998701333999634,
		12.525190353393555,
		0.07493022084236145,
		10.874923706054688,
		0.22504813969135284,
		12.075094223022461,
		0.07493022084236145,
		6.3749904632568359,
		28.125093460083008
	],
	"end" : 9.2866668701171875,
	"labels" : 
	[
		"Prep",
		"Scan",
		"Break",
		"Prep",
		"Scan",
		"Break",
		"Scan",
		"Break",
		"Prep",
		"Scan",
		"Break",
		"Scan",
		"Prep",
		"Scan",
		"Prep",
		"Scan",
		"Prep",
		"Scan",
		"Dead"
	],
	"start" : 8.9166669845581055
}