{
	"data" : 
	[
		1.0106004476547241,
		1.0104764699935913,
		3.7535700798034668,
		5.7024078369140625,
		0.072114937007427216,
		1.2270690202713013,
		12.126585006713867,
		0.072238847613334656,
		0.5774151086807251,
		21.510324478149414,
		0.5774151086807251,
		11.76563835144043,
		0.072362750768661499,
		0.072114937007427216,
		10.249737739562988,
		30.099931716918945
	],
	"end" : 8.2022218704223633,
	"labels" : 
	[
		"Prep",
		"Scan",
		"Break",
		"Scan",
		"Break",
		"Prep",
		"Scan",
		"Break",
		"Prep",
		"Scan",
		"Prep",
		"Scan",
		"Break",
		"Prep",
		"Scan",
		"Dead"
	],
	"start" : 7.8177776336669922
}