{
	"data" : 
	[
		0.83581799268722534,
		1.2856191396713257,
		3.7286267280578613,
		0.900043785572052,
		4.6928963661193848,
		0.064225777983665466,
		6.9427852630615234,
		0.064225777983665466,
		6.8785591125488281,
		7.0714573860168457,
		0.064446486532688141,
		1.0284953117370605,
		15.299861907958984,
		51.042945861816406
	],
	"end" : 8.9166669845581055,
	"labels" : 
	[
		"Prep",
		"Scan",
		"Break",
		"Prep",
		"Scan",
		"Prep",
		"Scan",
		"Prep",
		"Scan",
		"Scan",
		"Break",
		"Prep",
		"Scan",
		"Dead"
	],
	"start" : 8.4849996566772461
}