{
	"data" : 
	[
		1.471981406211853,
		2.0609087944030762,
		4.5143237113952637,
		1.8644874095916748,
		11.579767227172852,
		0.19608449935913086,
		12.561200141906738,
		0.09804224967956543,
		0.785011887550354,
		8.2432975769042969,
		0.09804224967956543,
		1.3739391565322876,
		8.3413400650024414,
		0.098379164934158325,
		8.635467529296875,
		37.977729797363281
	],
	"end" : 8.4849996566772461,
	"labels" : 
	[
		"Prep",
		"Scan",
		"Break",
		"Prep",
		"Scan",
		"Break",
		"Scan",
		"Break",
		"Prep",
		"Scan",
		"Break",
		"Prep",
		"Scan",
		"Prep",
		"Scan",
		"Dead"
	],
	"start" : 8.2022218704223633
}