{
	"data" : 
	[
		0.66802936792373657,
		1.1538310050964355,
		3.7652754783630371,
		0.54647475481033325,
		12.388775825500488,
		5.8909187316894531,
		0.060673084110021591,
		8.3199262619018555,
		0.18222774565219879,
		0.060673084110021591,
		0.060673084110021591,
		0.243109330534935,
		0.12134616822004318,
		0.60735630989074707,
		1.0931580066680908,
		19.311971664428711,
		0.060881581157445908,
		0.66802936792373657,
		11.356082916259766,
		0.060881581157445908,
		15.425141334533691,
		0.18222774565219879,
		0.48580166697502136,
		1.3360587358474731,
		0.18222774565219879,
		0.30399090051651001,
		1.2751772403717041,
		10.445361137390137,
		0.42533707618713379,
		1.3360587358474731,
		0.54626625776290894,
		1.3360587358474731
	],
	"end" : 16.291666030883789,
	"labels" : 
	[
		"Prep",
		"Scan",
		"Break",
		"Prep",
		"Scan",
		"Scan",
		"Prep",
		"Scan",
		"Break",
		"Prep",
		"Scan",
		"Break",
		"Prep",
		"Break",
		"Prep",
		"Scan",
		"Break",
		"Prep",
		"Scan",
		"Break",
		"Scan",
		"Prep",
		"Break",
		"Scan",
		"Prep",
		"Break",
		"Scan",
		"Break",
		"Break",
		"Scan",
		"Break",
		"Scan"
	],
	"start" : 15.834722518920898
}