{
	"data" : 
	[
		0.44177848100662231,
		0.44177848100662231,
		2.8398187160491943,
		2.6189296245574951,
		0.031632985919713974,
		0.53635239601135254,
		0.12620694935321808,
		0.031632985919713974,
		5.2379674911499023,
		0.031524654477834702,
		0.25241389870643616,
		9.4031209945678711,
		0.25241389870643616,
		5.1432852745056152,
		0.063157640397548676,
		5.5850634574890137,
		1.4830670356750488,
		0.031524654477834702,
		0.72571700811386108,
		0.25241389870643616,
		6.3424134254455566,
		0.063049308955669403,
		0.25241389870643616,
		10.507568359375,
		47.204757690429688
	],
	"end" : 13.191944122314453,
	"labels" : 
	[
		"Prep",
		"Scan",
		"Break",
		"Scan",
		"Break",
		"Prep",
		"Break",
		"Prep",
		"Scan",
		"Break",
		"Prep",
		"Scan",
		"Prep",
		"Scan",
		"Prep",
		"Scan",
		"Break",
		"Prep",
		"Break",
		"Break",
		"Scan",
		"Break",
		"Prep",
		"Scan",
		"Dead"
	],
	"start" : 12.3125
}