{
	"data" : 
	[
		1.0876117944717407,
		1.0876117944717407,
		2.9518606662750244,
		6.2146964073181152,
		0.077610358595848083,
		1.3207097053527832,
		12.895320892333984,
		0.077610358595848083,
		0.62141627073287964,
		26.878253936767578,
		0.62141627073287964,
		12.662222862243652,
		0.15548741817474365,
		10.953195571899414,
		22.294977188110352
	],
	"end" : 12.3125,
	"labels" : 
	[
		"Prep",
		"Scan",
		"Break",
		"Scan",
		"Break",
		"Prep",
		"Scan",
		"Break",
		"Prep",
		"Scan",
		"Prep",
		"Scan",
		"Prep",
		"Scan",
		"Dead"
	],
	"start" : 11.955277442932129
}