{
	"data" : 
	[
		0.058773469179868698,
		0.41020661592483521,
		0.70367139577865601,
		0.351835697889328,
		0.82081574201583862,
		0.6448979377746582,
		4.4555120468139648,
		1.7004050016403198,
		6.2142877578735352,
		0.058773469179868698,
		0.117144376039505,
		5.2763276100158691,
		0.117144376039505,
		6.3906083106994629,
		0.117144376039505,
		5.862452507019043,
		66.600006103515625
	],
	"end" : 18.549999237060547,
	"labels" : 
	[
		"Prep",
		"Break",
		"Prep",
		"Scan",
		"Break",
		"Scan",
		"Break",
		"Prep",
		"Scan",
		"Break",
		"Prep",
		"Scan",
		"Prep",
		"Scan",
		"Prep",
		"Scan",
		"Dead"
	],
	"start" : 18.076665878295898
}