{
	"data" : 
	[
		0.52371138334274292,
		1.2707703113555908,
		1.6450698375701904,
		1.0469093322753906,
		0.89749753475189209,
		3.140728235244751,
		1.420695424079895,
		15.702613830566406,
		2.0188560485839844,
		0.14941178262233734,
		8.2253494262695312,
		1.5706206560134888,
		0.97194671630859375,
		0.14941178262233734,
		13.384933471679688,
		0.074962615966796875,
		1.420695424079895,
		0.074449174106121063,
		14.805628776550293,
		0.89749753475189209,
		16.375736236572266,
		14.132506370544434
	],
	"end" : 17.879444122314453,
	"labels" : 
	[
		"Prep",
		"Scan",
		"Break",
		"Prep",
		"Scan",
		"Break",
		"Prep",
		"Scan",
		"Break",
		"Prep",
		"Scan",
		"Prep",
		"Break",
		"Break",
		"Scan",
		"Prep",
		"Break",
		"Prep",
		"Scan",
		"Break",
		"Scan",
		"Dead"
	],
	"start" : 17.508333206176758
}