{
	"data" : 
	[
		1.074811577796936,
		1.0750751495361328,
		3.0715303421020508,
		0.53753757476806641,
		4.8375744819641113,
		0.076715759932994843,
		1.3054860830307007,
		0.30712667107582092,
		11.825300216674805,
		0.076715759932994843,
		0.15369515120983124,
		22.882387161254883,
		0.6145169734954834,
		12.516267776489258,
		0.076715759932994843,
		10.673508644104004,
		28.795038223266602
	],
	"end" : 11.955277442932129,
	"labels" : 
	[
		"Prep",
		"Scan",
		"Break",
		"Prep",
		"Scan",
		"Break",
		"Prep",
		"Break",
		"Scan",
		"Break",
		"Prep",
		"Scan",
		"Prep",
		"Scan",
		"Prep",
		"Scan",
		"Dead"
	],
	"start" : 11.593889236450195
}