{
	"data" : 
	[
		1.9699625968933105,
		0.98546439409255981,
		1.6878491640090942,
		1.5477586984634399,
		9.5676994323730469,
		2.3921663761138916,
		14.633180618286133,
		3.2365741729736328,
		11.537662506103516,
		0.28114718198776245,
		15.337496757507324,
		0.28114718198776245,
		14.069918632507324,
		22.371974945068359
	],
	"end" : 18.076665878295898,
	"labels" : 
	[
		"Prep",
		"Scan",
		"Break",
		"Scan",
		"Break",
		"Prep",
		"Scan",
		"Break",
		"Scan",
		"Prep",
		"Scan",
		"Prep",
		"Scan",
		"Dead"
	],
	"start" : 17.879444122314453
}