{
	"data" : 
	[
		0.21868783235549927,
		0.019862096756696701,
		0.49703022837638855,
		0.59640896320343018,
		0.43737566471099854,
		0.019862096756696701,
		0.01993035152554512,
		0.13917119801044464,
		0.39758321642875671,
		0.71571803092956543,
		0.57654684782028198,
		0.059586293995380402,
		0.13917119801044464,
		0.43737566471099854,
		0.01993035152554512,
		0.019862096756696701,
		0.35785901546478271,
		1.4115056991577148,
		0.019862096756696701,
		0.039792448282241821,
		0.13917119801044464,
		0.45723775029182434,
		0.35785901546478271,
		0.019862096756696701,
		0.039792448282241821,
		0.45723775029182434,
		0.019862096756696701,
		0.45723775029182434,
		0.39765146374702454,
		0.13917119801044464,
		0.33792868256568909,
		90.933868408203125
	],
	"end" : 16.573055267333984,
	"labels" : 
	[
		"Prep",
		"Break",
		"Scan",
		"Break",
		"Prep",
		"Break",
		"Prep",
		"Break",
		"Scan",
		"Break",
		"Prep",
		"Break",
		"Break",
		"Scan",
		"Break",
		"Prep",
		"Break",
		"Scan",
		"Prep",
		"Break",
		"Break",
		"Scan",
		"Break",
		"Prep",
		"Break",
		"Scan",
		"Break",
		"Scan",
		"Prep",
		"Break",
		"Scan",
		"Dead"
	],
	"start" : 15.17722225189209
}