{
	"data" : 
	[
		0.62833291292190552,
		0.26932954788208008,
		0.40399432182312012,
		0.49366810917854309,
		2.4233498573303223,
		1.256665825843811,
		4.8020167350769043,
		1.0323272943496704,
		0.044682819396257401,
		3.2313382625579834,
		0.04499097540974617,
		0.044682819396257401,
		4.488004207611084,
		0.089673794806003571,
		4.488004207611084,
		76.158943176269531
	],
	"end" : 19.168333053588867,
	"labels" : 
	[
		"Prep",
		"Scan",
		"Break",
		"Scan",
		"Break",
		"Prep",
		"Scan",
		"Break",
		"Prep",
		"Scan",
		"Break",
		"Prep",
		"Scan",
		"Prep",
		"Scan",
		"Dead"
	],
	"start" : 18.549999237060547
}