{
	"data" : 
	[
		0.33249840140342712,
		1.057892918586731,
		3.9899811744689941,
		0.33249840140342712,
		1.0881954431533813,
		2.3878865242004395,
		0.2721007764339447,
		1.1184980869293213,
		1.057892918586731,
		0.30219581723213196,
		3.2342836856842041,
		0.18140050768852234,
		4.8664731979370117,
		0.030302602797746658,
		0.2718932032585144,
		1.0881954431533813,
		0.030302602797746658,
		0.090700253844261169,
		5.7128705978393555,
		0.33249840140342712,
		0.36280101537704468,
		6.5592679977416992,
		0.30219581723213196,
		0.48359629511833191,
		6.7103657722473145,
		0.63469421863555908,
		2.8716905117034912,
		0.63469421863555908,
		3.7481827735900879,
		4.3525748252868652,
		45.461376190185547
	],
	"end" : 17.508333206176758,
	"labels" : 
	[
		"Prep",
		"Scan",
		"Break",
		"Prep",
		"Scan",
		"Break",
		"Prep",
		"Break",
		"Scan",
		"Prep",
		"Scan",
		"Break",
		"Scan",
		"Break",
		"Prep",
		"Break",
		"Prep",
		"Break",
		"Break",
		"Scan",
		"Break",
		"Break",
		"Prep",
		"Break",
		"Prep",
		"Prep",
		"Break",
		"Scan",
		"Break",
		"Prep",
		"Dead"
	],
	"start" : 16.573055267333984
}