{
	"data" : 
	[
		0.69863617420196533,
		0.69846481084823608,
		1.4971508979797363,
		0.049853630363941193,
		3.6427416801452637,
		0.59875756502151489,
		0.34931808710098267,
		0.099707260727882385,
		9.580805778503418,
		6.6367006301879883,
		0.050024952739477158,
		0.34931808710098267,
		11.277371406555176,
		1.4471259117126465,
		10.379149436950684,
		0.049853630363941193,
		0.84836834669113159,
		8.2834129333496094,
		3.6427416801452637,
		0.099707260727882385,
		11.027932167053223,
		0.099878586828708649,
		13.522841453552246,
		14.970138549804688
	],
	"end" : 11.593889236450195,
	"labels" : 
	[
		"Prep",
		"Scan",
		"Break",
		"Prep",
		"Scan",
		"Break",
		"Prep",
		"Break",
		"Scan",
		"Scan",
		"Break",
		"Prep",
		"Scan",
		"Break",
		"Scan",
		"Break",
		"Prep",
		"Scan",
		"Break",
		"Prep",
		"Scan",
		"Prep",
		"Scan",
		"Dead"
	],
	"start" : 11.037777900695801
}