{
	"data" : 
	[
		0.34097278118133545,
		0.34088915586471558,
		1.0715808868408203,
		1.9483441114425659,
		0.4383816123008728,
		4.0427594184875488,
		0.024331307038664818,
		0.46271294355392456,
		7.842038631439209,
		0.21914899349212646,
		3.9696822166442871,
		0.024414921179413795,
		3.4582231044769287,
		2.4841346740722656,
		3.4582231044769287,
		0.024331307038664818,
		0.21923260390758514,
		9.181431770324707,
		60.349166870117188
	],
	"end" : 14.60444450378418,
	"labels" : 
	[
		"Prep",
		"Scan",
		"Break",
		"Scan",
		"Prep",
		"Scan",
		"Break",
		"Prep",
		"Scan",
		"Prep",
		"Scan",
		"Prep",
		"Scan",
		"Break",
		"Scan",
		"Break",
		"Prep",
		"Scan",
		"Dead"
	],
	"start" : 13.465000152587891
}