{
	"data" : 
	[
		0.3174738883972168,
		0.2963283360004425,
		0.84662127494812012,
		0.14816416800022125,
		1.3334048986434937,
		0.38098320364952087,
		3.111302375793457,
		0.021145548671483994,
		0.042291097342967987,
		6.3072595596313477,
		0.021218214184045792,
		0.14809150993824005,
		3.4499943256378174,
		0.021145548671483994,
		2.5821549892425537,
		1.7778973579406738,
		0.021145548671483994,
		2.5821549892425537,
		0.021145548671483994,
		0.16938237845897675,
		6.1378769874572754,
		70.162818908691406
	],
	"end" : 11.037777900695801,
	"labels" : 
	[
		"Prep",
		"Scan",
		"Break",
		"Prep",
		"Scan",
		"Prep",
		"Scan",
		"Break",
		"Prep",
		"Scan",
		"Break",
		"Prep",
		"Scan",
		"Break",
		"Scan",
		"Break",
		"Prep",
		"Scan",
		"Break",
		"Prep",
		"Scan",
		"Dead"
	],
	"start" : 9.7266664505004883
}