{
	"data" : 
	[
		0.37327727675437927,
		0.29327622056007385,
		0.93319320678710938,
		0.026636509224772453,
		5.3856091499328613,
		0.79982757568359375,
		0.080001063644886017,
		8.53155517578125,
		0.053364556282758713,
		7.1185388565063477,
		0.02672804519534111,
		0.77309948205947876,
		5.8122515678405762,
		0.87973713874816895,
		6.7453532218933105,
		2.026296854019165,
		0.079909533262252808,
		8.2117338180541992,
		0.026636509224772453,
		7.9717307090759277,
		43.751247406005859
	],
	"end" : 9.7266664505004883,
	"labels" : 
	[
		"Prep",
		"Scan",
		"Break",
		"Prep",
		"Scan",
		"Prep",
		"Break",
		"Scan",
		"Prep",
		"Scan",
		"Break",
		"Prep",
		"Scan",
		"Prep",
		"Scan",
		"Break",
		"Prep",
		"Scan",
		"Prep",
		"Scan",
		"Dead"
	],
	"start" : 8.6858329772949219
}