{
	"data" : 
	[
		2.4923653602600098,
		1.9183181524276733,
		1.3416377305984497,
		4.4106831550598145,
		1.7260912656784058,
		5.7523212432861328,
		16.489372253417969,
		1.9183181524276733,
		0.19091017544269562,
		20.901372909545898,
		0.57404714822769165,
		20.901372909545898,
		0.38313695788383484,
		20.900056838989258
	],
	"end" : 19.313055038452148,
	"labels" : 
	[
		"Prep",
		"Scan",
		"Break",
		"Scan",
		"Break",
		"Prep",
		"Scan",
		"Break",
		"Prep",
		"Scan",
		"Prep",
		"Scan",
		"Prep",
		"Scan"
	],
	"start" : 19.168333053588867
}