{
	"data" : 
	[
		1.1179085969924927,
		0.10188180953264236,
		2.5404160022735596,
		2.4392321109771729,
		2.9472453594207764,
		0.10153289884328842,
		0.71142816543579102,
		2.032402515411377,
		1.7278039455413818,
		0.91449397802352905,
		0.20341472327709198,
		0.10153289884328842,
		0.71142816543579102,
		2.3373501300811768,
		0.10188180953264236,
		0.10153289884328842,
		1.7274550199508667,
		8.84173583984375,
		0.81296098232269287,
		0.20341472327709198,
		0.71142816543579102,
		1.9308696985244751,
		0.10153289884328842,
		0.71142816543579102,
		2.032402515411377,
		1.2197904586791992,
		0.71142816543579102,
		0.30459868907928467,
		2.3376989364624023,
		0.10153289884328842,
		0.10153289884328842,
		2.134284496307373,
		0.10153289884328842,
		2.4392321109771729,
		0.71142816543579102,
		1.8289879560470581,
		52.643241882324219
	],
	"end" : 13.465000152587891,
	"labels" : 
	[
		"Prep",
		"Break",
		"Scan",
		"Break",
		"Prep",
		"Break",
		"Break",
		"Scan",
		"Break",
		"Prep",
		"Break",
		"Prep",
		"Break",
		"Scan",
		"Break",
		"Prep",
		"Break",
		"Scan",
		"Prep",
		"Break",
		"Break",
		"Scan",
		"Prep",
		"Break",
		"Scan",
		"Break",
		"Prep",
		"Break",
		"Scan",
		"Prep",
		"Break",
		"Scan",
		"Break",
		"Prep",
		"Break",
		"Scan",
		"Dead"
	],
	"start" : 13.191944122314453
}