{
	"data" : 
	[
		0.6297382116317749,
		1.0174614191055298,
		1.7925750017166138,
		0.67830759286880493,
		0.14537538588047028,
		0.048403017222881317,
		5.6200728416442871,
		0.048403017222881317,
		0.096806034445762634,
		7.848607063293457,
		3.2459962368011475,
		0.048569347709417343,
		0.33915379643440247,
		1.9863533973693848,
		1.4534211158752441,
		1.0658643245697021,
		73.834892272949219
	],
	"end" : 15.17722225189209,
	"labels" : 
	[
		"Prep",
		"Scan",
		"Break",
		"Prep",
		"Break",
		"Prep",
		"Scan",
		"Prep",
		"Break",
		"Scan",
		"Scan",
		"Break",
		"Prep",
		"Scan",
		"Prep",
		"Scan",
		"Dead"
	],
	"start" : 14.60444450378418
}