{
	"data" : 
	[
		1.4911212921142578,
		1.1715430021286011,
		0.74519491195678711,
		2.3430860042572021,
		5.6449065208435059,
		3.7274372577667236,
		22.0465087890625,
		0.31957820057868958,
		4.579401969909668,
		1.4911212921142578,
		0.10603853315114975,
		8.6271486282348633,
		0.10676983743906021,
		8.200800895690918,
		0.10603853315114975,
		17.679914474487305,
		5.1117887496948242,
		16.401601791381836
	],
	"end" : 19.053333282470703,
	"labels" : 
	[
		"Prep",
		"Scan",
		"Break",
		"Scan",
		"Break",
		"Prep",
		"Scan",
		"Prep",
		"Scan",
		"Break",
		"Prep",
		"Scan",
		"Prep",
		"Scan",
		"Prep",
		"Scan",
		"Prep",
		"Scan"
	],
	"start" : 18.792778015136719
}