{
	"data" : 
	[
		0.40517669916152954,
		0.31833893060684204,
		0.95501679182052612,
		0.49201449751853943,
		0.34725171327590942,
		0.95501679182052612,
		0.40517669916152954,
		6.4246039390563965,
		0.86817896366119385,
		1.8231958150863647,
		0.75242847204208374,
		0.028912805020809174,
		0.029012160375714302,
		0.028912805020809174,
		6.0194277763366699,
		0.0868377685546875,
		7.5532965660095215,
		0.98392963409423828,
		8.3636493682861328,
		4.3988199234008789,
		0.75242847204208374,
		8.8844785690307617,
		0.028912805020809174,
		8.6819887161254883,
		0.028912805020809174,
		0.26041394472122192,
		6.2799406051635742,
		0.83926624059677124,
		0.95501679182052612,
		9.2028169631958008,
		22.746627807617188
	],
	"end" : 13.043333053588867,
	"labels" : 
	[
		"Prep",
		"Scan",
		"Break",
		"Prep",
		"Scan",
		"Break",
		"Prep",
		"Scan",
		"Prep",
		"Break",
		"Break",
		"Prep",
		"Break",
		"Prep",
		"Scan",
		"Prep",
		"Scan",
		"Prep",
		"Scan",
		"Break",
		"Prep",
		"Scan",
		"Break",
		"Scan",
		"Break",
		"Prep",
		"Scan",
		"Break",
		"Prep",
		"Scan",
		"Dead"
	],
	"start" : 12.084444046020508
}