{
	"data" : 
	[
		1.2312235832214355,
		1.8465335369110107,
		4.7488760948181152,
		1.6708168983459473,
		9.1457147598266602,
		0.088160201907157898,
		11.080409049987793,
		7.5627570152282715,
		1.2312235832214355,
		10.728673934936523,
		1.2312235832214355,
		0.087858282029628754,
		7.7387747764587402,
		0.087858282029628754,
		7.3870401382446289,
		34.032859802246094
	],
	"end" : 14.626944541931152,
	"labels" : 
	[
		"Prep",
		"Scan",
		"Break",
		"Prep",
		"Scan",
		"Prep",
		"Scan",
		"Scan",
		"Prep",
		"Scan",
		"Prep",
		"Break",
		"Scan",
		"Prep",
		"Scan",
		"Dead"
	],
	"start" : 14.311388969421387
}