{
	"data" : 
	[
		0.35826605558395386,
		0.35817819833755493,
		3.1219573020935059,
		0.025565331801772118,
		0.17913302779197693,
		0.30704754590988159,
		0.35826605558395386,
		0.84444665908813477,
		0.35826605558395386,
		1.8679383993148804,
		0.025653183460235596,
		0.43496206402778625,
		4.2990169525146484,
		0.79322803020477295,
		0.76766276359558105,
		8.2397680282592773,
		0.2046983540058136,
		4.1965794563293457,
		0.025565331801772118,
		3.6337034702301025,
		0.025565331801772118,
		1.8935915231704712,
		5.3993802070617676,
		0.025565331801772118,
		3.6592686176300049,
		0.2046983540058136,
		6.0901713371276855,
		52.201858520507812
	],
	"end" : 15.71138858795166,
	"labels" : 
	[
		"Prep",
		"Scan",
		"Break",
		"Prep",
		"Break",
		"Prep",
		"Scan",
		"Break",
		"Prep",
		"Scan",
		"Break",
		"Prep",
		"Scan",
		"Break",
		"Prep",
		"Scan",
		"Prep",
		"Scan",
		"Prep",
		"Scan",
		"Break",
		"Scan",
		"Break",
		"Prep",
		"Scan",
		"Prep",
		"Scan",
		"Dead"
	],
	"start" : 14.626944541931152
}