{
	"data" : 
	[
		1.179322361946106,
		0.75768136978149414,
		1.179322361946106,
		1.6003849506378174,
		4.6328458786010742,
		11.877089500427246,
		0.08386550098657608,
		1.3482102155685425,
		15.751096725463867,
		0.16888776421546936,
		12.803079605102539,
		0.16888776421546936,
		1.1787440776824951,
		15.246747016906738,
		31.923835754394531
	],
	"end" : 16.651388168334961,
	"labels" : 
	[
		"Prep",
		"Scan",
		"Break",
		"Scan",
		"Break",
		"Scan",
		"Break",
		"Prep",
		"Scan",
		"Prep",
		"Scan",
		"Break",
		"Prep",
		"Scan",
		"Dead"
	],
	"start" : 16.321945190429688
}