{
	"data" : 
	[
		0.29771602153778076,
		0.29764300584793091,
		1.4672625064849854,
		0.29771602153778076,
		1.5735583305358887,
		0.02124457061290741,
		0.36152270436286926,
		3.5723731517791748,
		0.021317575126886368,
		0.063806712627410889,
		6.3154778480529785,
		0.31896057724952698,
		0.19142015278339386,
		3.4660773277282715,
		0.02124457061290741,
		3.0195763111114502,
		4.4867658615112305,
		0.02124457061290741,
		2.9982585906982422,
		0.021317575126886368,
		0.17010258138179779,
		4.8695330619812012,
		66.025863647460938
	],
	"end" : 11.638889312744141,
	"labels" : 
	[
		"Prep",
		"Scan",
		"Break",
		"Prep",
		"Scan",
		"Break",
		"Prep",
		"Scan",
		"Break",
		"Prep",
		"Scan",
		"Break",
		"Prep",
		"Scan",
		"Prep",
		"Scan",
		"Break",
		"Prep",
		"Scan",
		"Break",
		"Prep",
		"Scan",
		"Dead"
	],
	"start" : 10.333889007568359
}