{
	"data" : 
	[
		0.61840498447418213,
		1.0119528770446777,
		3.3730478286743164,
		0.78709596395492554,
		4.2163095474243164,
		2.248762845993042,
		0.44971397519111633,
		7.7582416534423828,
		2.0239057540893555,
		11.918191909790039,
		0.056165993213653564,
		7.5895504951477051,
		0.056165993213653564,
		9.3884067535400391,
		0.056359004229307175,
		0.44971397519111633,
		8.3202877044677734,
		0.056165993213653564,
		0.506072998046875,
		0.73073691129684448,
		0.056165993213653564,
		10.175695419311523,
		0.056165993213653564,
		0.50587999820709229,
		11.131288528442383,
		16.359552383422852
	],
	"end" : 8.7180557250976562,
	"labels" : 
	[
		"Prep",
		"Scan",
		"Break",
		"Prep",
		"Scan",
		"Break",
		"Prep",
		"Scan",
		"Prep",
		"Scan",
		"Prep",
		"Scan",
		"Prep",
		"Scan",
		"Break",
		"Prep",
		"Scan",
		"Break",
		"Prep",
		"Break",
		"Prep",
		"Scan",
		"Break",
		"Prep",
		"Scan",
		"Dead"
	],
	"start" : 8.2244443893432617
}