{
	"data" : 
	[
		1.5120868682861328,
		1.9152868986129761,
		5.9476337432861328,
		1.4113732576370239,
		6.9556341171264648,
		10.988153457641602,
		10.786380767822266,
		0.10071349143981934,
		9.5767803192138672,
		1.8145734071731567,
		21.169561386108398,
		27.721822738647461
	],
	"end" : 8.2244443893432617,
	"labels" : 
	[
		"Prep",
		"Scan",
		"Break",
		"Prep",
		"Scan",
		"Scan",
		"Scan",
		"Prep",
		"Scan",
		"Prep",
		"Scan",
		"Dead"
	],
	"start" : 7.9491667747497559
}