{
	"data" : 
	[
		2.3370013236999512,
		2.1346333026885986,
		2.2358171939849854,
		0.10118399560451508,
		0.91484284400939941,
		1.2197904586791992,
		13.109955787658691,
		0.20306579768657684,
		0.10188180953264236,
		15.954970359802246,
		9.2482166290283203,
		0.10188180953264236,
		0.81296098232269287,
		12.398179054260254,
		39.025615692138672
	],
	"end" : 18.421112060546875,
	"labels" : 
	[
		"Prep",
		"Scan",
		"Break",
		"Prep",
		"Break",
		"Prep",
		"Scan",
		"Break",
		"Prep",
		"Scan",
		"Scan",
		"Break",
		"Prep",
		"Scan",
		"Dead"
	],
	"start" : 18.148056030273438
}