{
	"data" : 
	[
		0.3831971287727356,
		0.3831971287727356,
		1.9432359933853149,
		0.027438342571258545,
		2.3811221122741699,
		0.46532422304153442,
		4.0232877731323242,
		0.027438342571258545,
		0.21894295513629913,
		8.8129701614379883,
		0.21913087368011475,
		4.4611740112304688,
		0.027438342571258545,
		0.21894295513629913,
		5.6107654571533203,
		0.46532422304153442,
		0.46532422304153442,
		0.46532422304153442,
		0.027250410988926888,
		0.41063550114631653,
		0.49257463216781616,
		0.3831971287727356,
		0.43788591027259827,
		1.8064203262329102,
		3.2570817470550537,
		0.21894295513629913,
		3.6949677467346191,
		0.41044753789901733,
		0.082127094268798828,
		3.1202659606933594,
		0.027250410988926888,
		1.1495914459228516,
		0.71151763200759888,
		8.5395259857177734,
		0.027250410988926888,
		0.87595975399017334,
		0.21894295513629913,
		0.027250410988926888,
		6.2677826881408691,
		0.027438342571258545,
		0.87577182054519653,
		3.6400911808013916,
		0.027438342571258545,
		0.43788591027259827,
		0.60214006900787354,
		0.027438342571258545,
		8.1835803985595703,
		0.027438342571258545,
		0.43788591027259827,
		0.68426716327667236,
		0.027250410988926888,
		1.0949026346206665,
		0.79364466667175293,
		0.35575881600379944,
		0.52001297473907471,
		1.4780998229980469,
		0.41044753789901733,
		9.7984952926635742,
		7.6635665893554688
	],
	"end" : 18.148056030273438,
	"labels" : 
	[
		"Prep",
		"Scan",
		"Break",
		"Prep",
		"Scan",
		"Prep",
		"Scan",
		"Break",
		"Prep",
		"Scan",
		"Prep",
		"Scan",
		"Break",
		"Prep",
		"Scan",
		"Break",
		"Prep",
		"Scan",
		"Break",
		"Prep",
		"Scan",
		"Break",
		"Prep",
		"Scan",
		"Scan",
		"Prep",
		"Scan",
		"Prep",
		"Break",
		"Scan",
		"Prep",
		"Break",
		"Break",
		"Scan",
		"Prep",
		"Break",
		"Break",
		"Prep",
		"Scan",
		"Break",
		"Prep",
		"Scan",
		"Break",
		"Prep",
		"Break",
		"Prep",
		"Scan",
		"Break",
		"Prep",
		"Break",
		"Prep",
		"Break",
		"Break",
		"Scan",
		"Break",
		"Break",
		"Break",
		"Scan",
		"Dead"
	],
	"start" : 17.134166717529297
}