{
	"data" : 
	[
		0.13638012111186981,
		19.225542068481445,
		0.22719617187976837,
		0.59092849493026733,
		0.63618052005767822,
		1.2726731300354004,
		0.36357629299163818,
		3.3179070949554443,
		0.045408029109239578,
		0.7727167010307312,
		7.6355710029602051,
		0.72730869054794312,
		11.31705379486084,
		0.54552048444747925,
		0.36357629299163818,
		6.9084177017211914,
		0.045564070343971252,
		0.090816058218479156,
		5.4995207786560059,
		40.178146362304688
	],
	"end" : 16.321945190429688,
	"labels" : 
	[
		"Prep",
		"Break",
		"Break",
		"Prep",
		"Scan",
		"Break",
		"Prep",
		"Scan",
		"Break",
		"Prep",
		"Scan",
		"Prep",
		"Scan",
		"Break",
		"Prep",
		"Scan",
		"Break",
		"Prep",
		"Scan",
		"Dead"
	],
	"start" : 15.71138858795166
}