{
	"data" : 
	[
		0.6851048469543457,
		1.8059910535812378,
		1.2457617521286011,
		0.56044316291809082,
		0.43599525094032288,
		6.4772768020629883,
		0.49843302369117737,
		0.43578141927719116,
		5.2939529418945312,
		1.7439810037612915,
		0.062223941087722778,
		0.43599525094032288,
		1.2457617521286011,
		0.062223941087722778,
		1.9930905103683472,
		9.3421440124511719,
		0.12466170638799667,
		1.1211000680923462,
		4.7332959175109863,
		0.18688564002513885,
		0.062223941087722778,
		32.947257995605469,
		0.062223941087722778,
		0.62288087606430054,
		0.43599525094032288,
		4.0481910705566406,
		23.231124877929688
	],
	"end" : 12.084444046020508,
	"labels" : 
	[
		"Prep",
		"Scan",
		"Break",
		"Prep",
		"Break",
		"Scan",
		"Prep",
		"Break",
		"Scan",
		"Prep",
		"Break",
		"Break",
		"Scan",
		"Break",
		"Prep",
		"Scan",
		"Break",
		"Prep",
		"Scan",
		"Break",
		"Prep",
		"Scan",
		"Break",
		"Prep",
		"Break",
		"Scan",
		"Dead"
	],
	"start" : 11.638889312744141
}