{
	"data" : 
	[
		0.54721051454544067,
		0.54721051454544067,
		1.2897958755493164,
		0.27360525727272034,
		2.8531968593597412,
		0.039048127830028534,
		0.66435492038726807,
		6.2926521301269531,
		0.35170149803161621,
		11.608162879943848,
		0.039048127830028534,
		0.27360525727272034,
		5.354557991027832,
		0.078230440616607666,
		12.546122550964355,
		0.039048127830028534,
		7.1525158882141113,
		49.949932098388672
	],
	"end" : 13.75333309173584,
	"labels" : 
	[
		"Prep",
		"Scan",
		"Break",
		"Prep",
		"Scan",
		"Break",
		"Prep",
		"Scan",
		"Prep",
		"Scan",
		"Break",
		"Prep",
		"Scan",
		"Prep",
		"Scan",
		"Break",
		"Scan",
		"Dead"
	],
	"start" : 13.043333053588867
}