{
	"data" : 
	[
		1.1196839809417725,
		1.0453459024429321,
		2.2398805618286133,
		2.2398805618286133,
		23.668703079223633,
		1.0448331832885742,
		1.1950472593307495,
		1.3437231779098511,
		2.3147311210632324,
		1.1945345401763916,
		1.2693852186203003,
		0.5972672700881958,
		1.1945345401763916,
		8.8851833343505859,
		1.1945345401763916,
		0.74645590782165527,
		17.471477508544922,
		0.074337989091873169,
		0.67211794853210449,
		10.975875854492188,
		19.412467956542969
	],
	"end" : 18.792778015136719,
	"labels" : 
	[
		"Prep",
		"Scan",
		"Break",
		"Prep",
		"Scan",
		"Break",
		"Prep",
		"Scan",
		"Break",
		"Prep",
		"Scan",
		"Break",
		"Prep",
		"Scan",
		"Prep",
		"Break",
		"Scan",
		"Break",
		"Prep",
		"Scan",
		"Dead"
	],
	"start" : 18.421112060546875
}