{
	"data" : 
	[
		0.33038985729217529,
		0.89192783832550049,
		1.387455940246582,
		0.29738488793373108,
		0.23126156628131866,
		3.9312193393707275,
		0.033004958182573318,
		0.46252313256263733,
		0.23126156628131866,
		3.0062868595123291,
		1.1231893301010132,
		4.9553942680358887,
		0.95793771743774414,
		0.03311837837100029,
		0.23126156628131866,
		0.66066628694534302,
		2.2133738994598389,
		0.99105614423751831,
		0.36339479684829712,
		0.066123336553573608,
		25.40440559387207,
		0.03311837837100029,
		0.72678959369659424,
		0.2311481237411499,
		2.1473639011383057,
		0.033004958182573318,
		0.29738488793373108,
		2.3125021457672119,
		0.89192783832550049,
		0.033004958182573318,
		11.133106231689453,
		34.258010864257812
	],
	"end" : 10.333889007568359,
	"labels" : 
	[
		"Prep",
		"Scan",
		"Break",
		"Prep",
		"Break",
		"Scan",
		"Break",
		"Prep",
		"Break",
		"Scan",
		"Prep",
		"Scan",
		"Prep",
		"Break",
		"Break",
		"Scan",
		"Break",
		"Prep",
		"Break",
		"Prep",
		"Scan",
		"Break",
		"Prep",
		"Break",
		"Scan",
		"Break",
		"Prep",
		"Scan",
		"Break",
		"Prep",
		"Scan",
		"Dead"
	],
	"start" : 9.4938888549804688
}