{
	"data" : 
	[
		0.46491962671279907,
		0.50077712535858154,
		1.5023313760757446,
		2.8613555431365967,
		0.035734709352254868,
		0.78690034151077271,
		6.0806722640991211,
		0.035734709352254868,
		0.64383876323699951,
		10.658766746520996,
		0.035857509821653366,
		0.2145310640335083,
		0.96581953763961792,
		0.035734709352254868,
		5.9017529487609863,
		0.071469418704509735,
		7.0463690757751465,
		0.25038856267929077,
		5.7228336334228516,
		5.4009761810302734,
		0.035734709352254868,
		0.53651183843612671,
		0.96581953763961792,
		0.1072041243314743,
		9.6931934356689453,
		0.39345017075538635,
		0.32185795903205872,
		7.3682270050048828,
		0.28612327575683594,
		10.265439987182617,
		0.035734709352254868,
		0.071592219173908234,
		2.3248436450958252,
		18.277505874633789
	],
	"end" : 9.4938888549804688,
	"labels" : 
	[
		"Prep",
		"Scan",
		"Break",
		"Scan",
		"Break",
		"Prep",
		"Scan",
		"Break",
		"Prep",
		"Scan",
		"Prep",
		"Scan",
		"Break",
		"Prep",
		"Scan",
		"Break",
		"Scan",
		"Prep",
		"Scan",
		"Break",
		"Prep",
		"Scan",
		"Break",
		"Prep",
		"Scan",
		"Break",
		"Prep",
		"Scan",
		"Prep",
		"Scan",
		"Break",
		"Prep",
		"Scan",
		"Dead"
	],
	"start" : 8.7180557250976562
}