{
	"data" : 
	[
		0.74588167667388916,
		1.0443025827407837,
		0.89509212970733643,
		0.89509212970733643,
		0.74588167667388916,
		0.89509212970733643,
		0.79556155204772949,
		4.0775094032287598,
		0.049850642681121826,
		6.7129354476928711,
		0.049679923802614212,
		4.6743512153625488,
		0.049679923802614212,
		0.69620174169540405,
		5.9173736572265625,
		0.049850642681121826,
		1.7403336763381958,
		0.14921048283576965,
		0.049679923802614212,
		0.049679923802614212,
		6.8126368522644043,
		0.049679923802614212,
		0.049679923802614212,
		5.4202327728271484,
		0.049679923802614212,
		0.69620174169540405,
		5.8676939010620117,
		0.29825025796890259,
		0.64652180671691895,
		0.29825025796890259,
		7.4093079566955566,
		0.049679923802614212,
		5.7184829711914062,
		0.049850642681121826,
		5.5195927619934082,
		0.89509212970733643,
		3.4309875965118408,
		0.049679923802614212,
		0.74605238437652588,
		4.226719856262207,
		0.049679923802614212,
		0.69620174169540405,
		5.4697418212890625,
		15.116865158081055
	],
	"end" : 14.311388969421387,
	"labels" : 
	[
		"Prep",
		"Scan",
		"Prep",
		"Scan",
		"Prep",
		"Scan",
		"Prep",
		"Scan",
		"Break",
		"Scan",
		"Prep",
		"Scan",
		"Break",
		"Prep",
		"Scan",
		"Prep",
		"Scan",
		"Break",
		"Break",
		"Prep",
		"Scan",
		"Prep",
		"Break",
		"Scan",
		"Break",
		"Prep",
		"Scan",
		"Break",
		"Scan",
		"Break",
		"Scan",
		"Break",
		"Scan",
		"Break",
		"Scan",
		"Prep",
		"Scan",
		"Break",
		"Prep",
		"Scan",
		"Break",
		"Prep",
		"Scan",
		"Dead"
	],
	"start" : 13.75333309173584
}