{
	"data" : 
	[
		0.57505202293395996,
		0.34495231509208679,
		7.9895534515380859,
		0.63228094577789307,
		0.51742845773696899,
		1.0344622135162354,
		0.45980486273765564,
		1.2645618915557861,
		6.840238094329834,
		0.51703375577926636,
		3.4491281509399414,
		4.828148365020752,
		0.45980486273765564,
		3.4487338066101074,
		0.057623609900474548,
		5.7477579116821289,
		0.97723329067230225,
		4.2534904479980469,
		0.45980486273765564,
		0.57505202293395996,
		8.7366867065429688,
		8.3921289443969727,
		0.1724761575460434,
		7.587371826171875,
		2.7588291168212891,
		0.1152472198009491,
		7.587371826171875,
		20.117744445800781
	],
	"end" : 17.134166717529297,
	"labels" : 
	[
		"Prep",
		"Scan",
		"Break",
		"Prep",
		"Scan",
		"Break",
		"Prep",
		"Scan",
		"Break",
		"Prep",
		"Scan",
		"Break",
		"Prep",
		"Scan",
		"Prep",
		"Scan",
		"Prep",
		"Scan",
		"Break",
		"Prep",
		"Scan",
		"Break",
		"Prep",
		"Scan",
		"Break",
		"Prep",
		"Scan",
		"Dead"
	],
	"start" : 16.651388168334961
}