{
	"data" : 
	[
		1.076725959777832,
		1.6153531074523926,
		2.3836886882781982,
		0.538627028465271,
		0.2307647168636322,
		0.076569534838199615,
		10.151535987854004,
		0.077097594738006592,
		0.84596133232116699,
		0.077097594738006592,
		9.4592409133911133,
		0.076569534838199615,
		2.0763542652130127,
		0.077097594738006592,
		13.073850631713867,
		0.6151965856552124,
		12.304986953735352,
		1.6148250102996826,
		14.84287166595459,
		0.077097594738006592,
		0.076569534838199615,
		12.920184135437012,
		15.611734390258789
	],
	"end" : 17.868888854980469,
	"labels" : 
	[
		"Prep",
		"Scan",
		"Break",
		"Prep",
		"Break",
		"Prep",
		"Scan",
		"Break",
		"Break",
		"Prep",
		"Scan",
		"Prep",
		"Break",
		"Prep",
		"Scan",
		"Prep",
		"Scan",
		"Prep",
		"Scan",
		"Prep",
		"Break",
		"Scan",
		"Dead"
	],
	"start" : 17.508054733276367
}