{
	"data" : 
	[
		1.0524238348007202,
		1.0524238348007202,
		2.7059009075164795,
		6.164085865020752,
		0.075099393725395203,
		1.2777220010757446,
		12.628569602966309,
		0.075099393725395203,
		2.2550463676452637,
		22.325424194335938,
		0.075099393725395203,
		0.6013113260269165,
		12.252555847167969,
		0.07535746693611145,
		0.15019878745079041,
		11.200390815734863,
		25.933292388916016
	],
	"end" : 14.239999771118164,
	"labels" : 
	[
		"Prep",
		"Scan",
		"Break",
		"Scan",
		"Break",
		"Prep",
		"Scan",
		"Break",
		"Prep",
		"Scan",
		"Break",
		"Prep",
		"Scan",
		"Break",
		"Prep",
		"Scan",
		"Dead"
	],
	"start" : 13.870833396911621
}