{
	"data" : 
	[
		0.52296429872512817,
		0.56329858303070068,
		2.0519373416900635,
		0.68402516841888428,
		3.3393194675445557,
		0.68402516841888428,
		1.8908766508102417,
		3.2992613315582275,
		0.040196150541305542,
		0.20111888647079468,
		0.48276817798614502,
		3.2992613315582275,
		0.76441752910614014,
		0.6838870644569397,
		7.3226056098937988,
		1.2069895267486572,
		12.955177307128906,
		0.36217972636222839,
		7.0408186912536621,
		0.12072658538818359,
		5.9545555114746094,
		8.4088687896728516,
		6.075282096862793,
		0.040196150541305542,
		0.36204162240028381,
		12.834589958190918,
		18.708614349365234
	],
	"end" : 13.870833396911621,
	"labels" : 
	[
		"Prep",
		"Scan",
		"Break",
		"Prep",
		"Scan",
		"Prep",
		"Scan",
		"Break",
		"Prep",
		"Break",
		"Prep",
		"Scan",
		"Break",
		"Prep",
		"Scan",
		"Prep",
		"Scan",
		"Prep",
		"Scan",
		"Prep",
		"Scan",
		"Break",
		"Scan",
		"Break",
		"Prep",
		"Scan",
		"Dead"
	],
	"start" : 13.181111335754395
}