{
	"data" : 
	[
		0.84078586101531982,
		1.452218770980835,
		0.076363511383533478,
		2.5987210273742676,
		1.1465022563934326,
		1.9109246730804443,
		0.22935293614864349,
		0.076363511383533478,
		0.53506940603256226,
		8.4078588485717773,
		1.6815717220306396,
		0.15298943221569061,
		0.076363511383533478,
		0.53506940603256226,
		8.4078588485717773,
		0.076363511383533478,
		0.53506940603256226,
		8.4078588485717773,
		2.7514481544494629,
		11.465285301208496,
		0.15272702276706696,
		0.53506940603256226,
		1.3758552074432373,
		3.5161328315734863,
		0.076363511383533478,
		0.53506940603256226,
		1.3758552074432373,
		1.1465022563934326,
		0.61143290996551514,
		0.076363511383533478,
		1.758197546005249,
		0.076363511383533478,
		0.53506940603256226,
		1.3758552074432373,
		0.076363511383533478,
		1.2992293834686279,
		1.2994917631149292,
		0.076363511383533478,
		1.2994917631149292,
		1.3758552074432373,
		0.076363511383533478,
		1.2994917631149292,
		1.2992293834686279,
		0.076625928282737732,
		1.8342987298965454,
		0.53506940603256226,
		1.3758552074432373,
		23.465377807617188
	],
	"end" : 9.4980554580688477,
	"labels" : 
	[
		"Prep",
		"Scan",
		"Break",
		"Scan",
		"Break",
		"Prep",
		"Break",
		"Prep",
		"Break",
		"Scan",
		"Break",
		"Prep",
		"Break",
		"Break",
		"Scan",
		"Break",
		"Break",
		"Scan",
		"Prep",
		"Scan",
		"Prep",
		"Break",
		"Scan",
		"Break",
		"Prep",
		"Break",
		"Scan",
		"Break",
		"Prep",
		"Break",
		"Scan",
		"Break",
		"Break",
		"Scan",
		"Prep",
		"Break",
		"Scan",
		"Break",
		"Break",
		"Scan",
		"Prep",
		"Break",
		"Scan",
		"Break",
		"Prep",
		"Break",
		"Scan",
		"Dead"
	],
	"start" : 9.1350002288818359
}