{
	"data" : 
	[
		0.76844936609268188,
		0.71726632118225098,
		2.151623010635376,
		0.051358941942453384,
		3.7910637855529785,
		0.87081551551818848,
		8.6580266952514648,
		0.051183056086301804,
		1.5368987321853638,
		15.215614318847656,
		0.051183056086301804,
		0.40981623530387878,
		8.9654769897460938,
		0.051183056086301804,
		7.3260364532470703,
		8.2993936538696289,
		7.3260364532470703,
		0.10236611217260361,
		0.40981623530387878,
		16.240154266357422,
		16.906238555908203
	],
	"end" : 12.624722480773926,
	"labels" : 
	[
		"Prep",
		"Scan",
		"Break",
		"Prep",
		"Scan",
		"Prep",
		"Scan",
		"Break",
		"Prep",
		"Scan",
		"Break",
		"Prep",
		"Scan",
		"Prep",
		"Scan",
		"Break",
		"Scan",
		"Break",
		"Prep",
		"Scan",
		"Dead"
	],
	"start" : 12.08305549621582
}