{
	"data" : 
	[
		1.7749669551849365,
		0.76038926839828491,
		0.88748347759246826,
		0.12665900588035583,
		1.2678956985473633,
		10.902685165405273,
		2.1553792953491211,
		19.143354415893555,
		3.9299108982086182,
		0.25375327467918396,
		12.550992965698242,
		1.5212137699127197,
		13.818888664245605,
		0.12665900588035583,
		2.028285026550293,
		12.677651405334473,
		15.973832130432129
	],
	"end" : 10.907221794128418,
	"labels" : 
	[
		"Prep",
		"Scan",
		"Break",
		"Prep",
		"Scan",
		"Break",
		"Prep",
		"Scan",
		"Break",
		"Prep",
		"Scan",
		"Break",
		"Scan",
		"Break",
		"Prep",
		"Scan",
		"Dead"
	],
	"start" : 10.688333511352539
}