{
	"data" : 
	[
		0.58965951204299927,
		0.63159209489822388,
		1.2212516069412231,
		0.58965951204299927,
		3.2852044105529785,
		0.042221818119287491,
		0.96849906444549561,
		0.29497432708740234,
		7.0753355026245117,
		0.042221818119287491,
		1.0529426336288452,
		12.508647918701172,
		0.041932627558708191,
		0.58965951204299927,
		0.042221818119287491,
		0.042221818119287491,
		6.6542744636535645,
		0.46328321099281311,
		6.8650937080383301,
		0.88434463739395142,
		0.33690696954727173,
		14.403713226318359,
		0.042221818119287491,
		6.0226821899414062,
		5.9804601669311523,
		0.042221818119287491,
		5.9804601669311523,
		0.042221818119287491,
		0.33690696954727173,
		12.255894660949707,
		10.571070671081543
	],
	"end" : 17.15916633605957,
	"labels" : 
	[
		"Prep",
		"Scan",
		"Break",
		"Prep",
		"Scan",
		"Break",
		"Prep",
		"Break",
		"Scan",
		"Break",
		"Prep",
		"Scan",
		"Break",
		"Prep",
		"Break",
		"Prep",
		"Scan",
		"Prep",
		"Scan",
		"Break",
		"Prep",
		"Scan",
		"Prep",
		"Scan",
		"Break",
		"Prep",
		"Scan",
		"Break",
		"Prep",
		"Scan",
		"Dead"
	],
	"start" : 16.500278472900391
}