{
	"data" : 
	[
		1.4492462873458862,
		2.3419146537780762,
		4.5712885856628418,
		1.5610212087631226,
		13.379307746887207,
		0.11100935190916061,
		0.11177493631839752,
		0.11177493631839752,
		15.274888038635254,
		0.11100935190916061,
		9.5889120101928711,
		0.78089338541030884,
		13.602090835571289,
		2.1183648109436035,
		11.484492301940918,
		23.302013397216797
	],
	"end" : 18.117776870727539,
	"labels" : 
	[
		"Prep",
		"Scan",
		"Break",
		"Prep",
		"Scan",
		"Prep",
		"Break",
		"Prep",
		"Scan",
		"Prep",
		"Scan",
		"Prep",
		"Scan",
		"Prep",
		"Scan",
		"Dead"
	],
	"start" : 17.868888854980469
}