{
	"data" : 
	[
		0.69828766584396362,
		0.69811642169952393,
		1.346746563911438,
		0.69811642169952393,
		3.8904109001159668,
		0.049828767776489258,
		0.84777402877807617,
		8.3791093826293945,
		1.0972602367401123,
		0.39897263050079346,
		8.1296234130859375,
		0.05000000074505806,
		0.14948630332946777,
		14.862842559814453,
		0.049828767776489258,
		7.032534122467041,
		6.9825344085693359,
		0.049828767776489258,
		7.1321916580200195,
		0.049828767776489258,
		0.39897263050079346,
		14.513698577880859,
		22.394006729125977
	],
	"end" : 13.181111335754395,
	"labels" : 
	[
		"Prep",
		"Scan",
		"Break",
		"Prep",
		"Scan",
		"Break",
		"Prep",
		"Scan",
		"Break",
		"Prep",
		"Scan",
		"Break",
		"Prep",
		"Scan",
		"Prep",
		"Scan",
		"Break",
		"Prep",
		"Scan",
		"Break",
		"Prep",
		"Scan",
		"Dead"
	],
	"start" : 12.624722480773926
}