{
	"data" : 
	[
		0.40981549024581909,
		0.9904753565788269,
		2.288283109664917,
		0.75138700008392334,
		0.1366051584482193,
		0.23908834159374237,
		2.4932494163513184,
		2.117556095123291,
		0.81963098049163818,
		0.23908834159374237,
		0.68314307928085327,
		3.4153635501861572,
		0.9904753565788269,
		0.034121979027986526,
		1.1612025499343872,
		0.9904753565788269,
		0.034121979027986526,
		1.1613197326660156,
		0.92223143577575684,
		0.23908834159374237,
		0.44393745064735413,
		0.1366051584482193,
		0.88799220323562622,
		0.23908834159374237,
		0.44405472278594971,
		11.134082794189453,
		0.034121979027986526,
		0.92223143577575684,
		1.1612025499343872,
		1.195441722869873,
		1.1612025499343872,
		0.1366051584482193,
		2.9030649662017822,
		0.034239232540130615,
		0.034004718065261841,
		2.9030649662017822,
		56.012340545654297
	],
	"end" : 16.500278472900391,
	"labels" : 
	[
		"Prep",
		"Scan",
		"Break",
		"Prep",
		"Break",
		"Break",
		"Scan",
		"Break",
		"Prep",
		"Break",
		"Scan",
		"Break",
		"Prep",
		"Break",
		"Break",
		"Scan",
		"Break",
		"Prep",
		"Prep",
		"Break",
		"Scan",
		"Break",
		"Prep",
		"Break",
		"Scan",
		"Break",
		"Prep",
		"Break",
		"Scan",
		"Break",
		"Scan",
		"Prep",
		"Scan",
		"Break",
		"Prep",
		"Scan",
		"Dead"
	],
	"start" : 15.658888816833496
}