{
	"data" : 
	[
		1.1135925054550171,
		0.47733193635940552,
		1.1927835941314697,
		0.87492644786834717,
		3.2610399723052979,
		1.3522584438323975,
		12.646565437316895,
		2.863445520401001,
		0.23866596817970276,
		8.9081935882568359,
		0.079737372696399689,
		9.3057880401611328,
		0.15947474539279938,
		8.3511238098144531,
		49.075077056884766
	],
	"end" : 17.508054733276367,
	"labels" : 
	[
		"Prep",
		"Scan",
		"Break",
		"Scan",
		"Break",
		"Prep",
		"Scan",
		"Break",
		"Prep",
		"Scan",
		"Break",
		"Scan",
		"Prep",
		"Scan",
		"Dead"
	],
	"start" : 17.15916633605957
}