{
	"data" : 
	[
		0.41926956176757812,
		0.22874006628990173,
		1.2578086853027344,
		0.45721840858459473,
		0.41926956176757812,
		3.2397866249084473,
		0.57185018062591553,
		4.6499137878417969,
		1.9058183431625366,
		1.1434386968612671,
		6.5557327270507812,
		0.076421171426773071,
		0.72416907548904419,
		5.5266637802124023,
		0.11437003314495087,
		0.038210585713386536,
		0.037948869168758392,
		6.70831298828125,
		0.038210585713386536,
		0.076159447431564331,
		0.076159447431564331,
		8.4997615814208984,
		41.736164093017578,
		0.11437003314495087,
		0.076159447431564331,
		8.8808202743530273,
		0.60979902744293213,
		0.038210585713386536,
		0.038210585713386536,
		5.6410336494445801
	],
	"end" : 17.342500686645508,
	"labels" : 
	[
		"Prep",
		"Scan",
		"Break",
		"Prep",
		"Scan",
		"Break",
		"Prep",
		"Scan",
		"Break",
		"Prep",
		"Scan",
		"Break",
		"Prep",
		"Scan",
		"Prep",
		"Break",
		"Prep",
		"Scan",
		"Break",
		"Prep",
		"Break",
		"Scan",
		"Break",
		"Prep",
		"Break",
		"Scan",
		"Break",
		"Prep",
		"Break",
		"Scan"
	],
	"start" : 16.614444732666016
}