{
	"data" : 
	[
		0.38236439228057861,
		0.52579206228256226,
		1.7685583829879761,
		0.33460986614227295,
		1.3861939907073975,
		0.47803753614425659,
		0.76472878456115723,
		4.5409464836120605,
		0.57354658842086792,
		1.3384394645690918,
		5.4968571662902832,
		0.047754522413015366,
		4.4452733993530273,
		3.2025067806243896,
		0.23910082876682281,
		6.3572592735290527,
		0.047754522413015366,
		5.8792219161987305,
		62.091056823730469
	],
	"end" : 9.8366670608520508,
	"labels" : 
	[
		"Prep",
		"Scan",
		"Break",
		"Prep",
		"Scan",
		"Break",
		"Scan",
		"Break",
		"Prep",
		"Break",
		"Scan",
		"Break",
		"Scan",
		"Scan",
		"Break",
		"Scan",
		"Prep",
		"Scan",
		"Dead"
	],
	"start" : 9.2561111450195312
}