{
	"data" : 
	[
		0.48667246103286743,
		0.84058839082717896,
		2.3448071479797363,
		1.3274127244949341,
		0.044201526790857315,
		0.044201526790857315,
		0.30971446633338928,
		1.8581348657608032,
		2.0794463157653809,
		0.44247090816497803,
		0.044201526790857315,
		0.088554941117763519,
		0.044201526790857315,
		0.30971446633338928,
		0.97334492206573486,
		2.6103203296661377,
		0.88479000329971313,
		0.30971446633338928,
		2.87583327293396,
		1.5042189359664917,
		6.6364564895629883,
		0.044201526790857315,
		1.1503028869628906,
		0.30971446633338928,
		5.4418001174926758,
		0.13275647163391113,
		0.7521854043006897,
		0.7078319787979126,
		0.044201526790857315,
		0.088554941117763519,
		0.75203347206115723,
		5.5303549766540527,
		0.30971446633338928,
		0.17695799469947815,
		0.044201526790857315,
		0.30971446633338928,
		4.2030940055847168,
		0.13275647163391113,
		1.1945043802261353,
		0.044353421777486801,
		0.3539159893989563,
		0.044201526790857315,
		5.8400692939758301,
		2.5659668445587158,
		0.53102588653564453,
		1.5042189359664917,
		0.088554941117763519,
		17.918172836303711,
		3.0969927310943604,
		0.3539159893989563,
		0.044353421777486801,
		0.84058839082717896,
		0.044201526790857315,
		0.30971446633338928,
		0.7078319787979126,
		0.044353421777486801,
		0.75203347206115723,
		0.7521854043006897,
		0.044201526790857315,
		0.7521854043006897,
		0.7078319787979126,
		0.044201526790857315,
		0.7521854043006897,
		0.7521854043006897,
		1.0617479085922241,
		0.30971446633338928,
		0.7078319787979126,
		11.547382354736328
	],
	"end" : 11.892499923706055,
	"labels" : 
	[
		"Prep",
		"Scan",
		"Break",
		"Prep",
		"Break",
		"Prep",
		"Break",
		"Scan",
		"Break",
		"Prep",
		"Break",
		"Break",
		"Prep",
		"Break",
		"Scan",
		"Break",
		"Prep",
		"Break",
		"Scan",
		"Prep",
		"Scan",
		"Break",
		"Prep",
		"Break",
		"Scan",
		"Prep",
		"Break",
		"Scan",
		"Break",
		"Prep",
		"Break",
		"Scan",
		"Break",
		"Prep",
		"Break",
		"Break",
		"Scan",
		"Prep",
		"Break",
		"Prep",
		"Break",
		"Prep",
		"Scan",
		"Break",
		"Prep",
		"Break",
		"Prep",
		"Scan",
		"Break",
		"Prep",
		"Break",
		"Scan",
		"Prep",
		"Break",
		"Scan",
		"Break",
		"Break",
		"Scan",
		"Prep",
		"Break",
		"Scan",
		"Break",
		"Break",
		"Scan",
		"Prep",
		"Break",
		"Scan",
		"Dead"
	],
	"start" : 11.265277862548828
}