{
	"data" : 
	[
		0.46911880373954773,
		0.50530022382736206,
		1.6603783369064331,
		0.50530022382736206,
		2.2737269401550293,
		0.61334866285324097,
		5.3055276870727539,
		0.035933561623096466,
		0.28895539045333862,
		10.755038261413574,
		0.28870755434036255,
		5.8829431533813477,
		0.25252616405487061,
		0.072114937007427216,
		4.5474538803100586,
		66.443626403808594
	],
	"end" : 17.850276947021484,
	"labels" : 
	[
		"Prep",
		"Scan",
		"Break",
		"Prep",
		"Scan",
		"Prep",
		"Scan",
		"Break",
		"Prep",
		"Scan",
		"Prep",
		"Scan",
		"Break",
		"Prep",
		"Scan",
		"Dead"
	],
	"start" : 17.081388473510742
}