{
	"data" : 
	[
		1.0500530004501343,
		1.0500530004501343,
		8.9249353408813477,
		0.52502650022506714,
		3.3000192642211914,
		0.07493022084236145,
		1.2751011848449707,
		9.0747957229614258,
		0.15011791884899139,
		18.150106430053711,
		0.5999566912651062,
		10.049918174743652,
		7.3501133918762207,
		38.324874877929688
	],
	"end" : 12.262499809265137,
	"labels" : 
	[
		"Prep",
		"Scan",
		"Break",
		"Prep",
		"Scan",
		"Break",
		"Prep",
		"Scan",
		"Prep",
		"Scan",
		"Prep",
		"Scan",
		"Scan",
		"Dead"
	],
	"start" : 11.892499923706055
}