{
	"data" : 
	[
		0.67912954092025757,
		0.53370887041091919,
		3.3478403091430664,
		7.2778630256652832,
		0.82471674680709839,
		1.4555392265319824,
		0.14558723568916321,
		10.286055564880371,
		0.38812160491943359,
		9.218470573425293,
		2.814131498336792,
		1.1158913373947144,
		11.984128952026367,
		3.3963141441345215,
		0.87335687875747681,
		8.6362886428833008,
		0.048640131950378418,
		9.218470573425293,
		27.655744552612305
	],
	"end" : 10.408611297607422,
	"labels" : 
	[
		"Prep",
		"Scan",
		"Break",
		"Scan",
		"Break",
		"Prep",
		"Break",
		"Scan",
		"Prep",
		"Scan",
		"Break",
		"Prep",
		"Scan",
		"Break",
		"Prep",
		"Scan",
		"Break",
		"Scan",
		"Dead"
	],
	"start" : 9.8366670608520508
}