{
	"data" : 
	[
		1.0446661710739136,
		0.56234276294708252,
		0.80405634641647339,
		0.080019332468509674,
		0.88407576084136963,
		6.5102624893188477,
		1.3663991689682007,
		9.4031000137329102,
		0.080571189522743225,
		0.080019332468509674,
		5.9473681449890137,
		0.080571189522743225,
		0.080571189522743225,
		7.7155194282531738,
		0.080019332468509674,
		0.1605905294418335,
		8.760737419128418,
		56.259113311767578
	],
	"end" : 16.673334121704102,
	"labels" : 
	[
		"Prep",
		"Scan",
		"Break",
		"Prep",
		"Scan",
		"Break",
		"Prep",
		"Scan",
		"Break",
		"Prep",
		"Scan",
		"Break",
		"Prep",
		"Scan",
		"Break",
		"Prep",
		"Scan",
		"Dead"
	],
	"start" : 16.328056335449219
}