{
	"data" : 
	[
		0.81638222932815552,
		0.87889891862869263,
		5.7140283584594727,
		0.5022895336151123,
		3.8930673599243164,
		0.062732301652431488,
		1.1302592754364014,
		10.360530853271484,
		0.062732301652431488,
		0.43955725431442261,
		9.5441474914550781,
		10.423262596130371,
		0.062947876751422882,
		0.18819689750671387,
		18.711687088012695,
		0.43955725431442261,
		16.137290954589844,
		20.532432556152344
	],
	"end" : 14.893888473510742,
	"labels" : 
	[
		"Prep",
		"Scan",
		"Break",
		"Prep",
		"Scan",
		"Break",
		"Prep",
		"Scan",
		"Break",
		"Prep",
		"Scan",
		"Scan",
		"Break",
		"Prep",
		"Scan",
		"Prep",
		"Scan",
		"Dead"
	],
	"start" : 14.451944351196289
}