{
	"data" : 
	[
		0.72042161226272583,
		0.48033604025840759,
		0.86453890800476074,
		0.047984134405851364,
		1.0086562633514404,
		5.1870684623718262,
		0.047984134405851364,
		5.0911002159118652,
		0.8165547251701355,
		2.3053820133209229,
		6.7240447998046875,
		0.047984134405851364,
		4.9469828605651855,
		0.28806969523429871,
		0.048149030655622482,
		6.243708610534668,
		1.6329445838928223,
		5.6674046516418457,
		0.047984134405851364,
		0.33621871471405029,
		4.9951319694519043,
		1.0084912776947021,
		0.048149030655622482,
		0.72042161226272583,
		0.96050721406936646,
		1.2967259883880615,
		0.048149030655622482,
		0.047984134405851364,
		5.4753031730651855,
		42.745620727539062
	],
	"end" : 14.451944351196289,
	"labels" : 
	[
		"Prep",
		"Scan",
		"Break",
		"Prep",
		"Scan",
		"Break",
		"Prep",
		"Scan",
		"Break",
		"Prep",
		"Scan",
		"Break",
		"Scan",
		"Break",
		"Prep",
		"Scan",
		"Prep",
		"Scan",
		"Break",
		"Break",
		"Scan",
		"Break",
		"Prep",
		"Break",
		"Break",
		"Break",
		"Prep",
		"Break",
		"Scan",
		"Dead"
	],
	"start" : 13.874166488647461
}