{
	"data" : 
	[
		0.45529565215110779,
		0.45529565215110779,
		2.4715254306793213,
		0.45518401265144348,
		1.9186505079269409,
		0.032600868493318558,
		0.55276334285736084,
		5.365746021270752,
		0.65034264326095581,
		6.7966108322143555,
		0.032489221543073654,
		0.26013708114624023,
		4.1950173377990723,
		0.032600868493318558,
		0.61785346269607544,
		0.68294352293014526,
		0.52027416229248047,
		1.0731490850448608,
		0.48778492212295532,
		0.61785346269607544,
		0.81301206350326538,
		0.48778492212295532,
		0.9430806040763855,
		0.032489221543073654,
		5.5933938026428223,
		0.032489221543073654,
		0.61785346269607544,
		0.065090090036392212,
		2.7315506935119629,
		0.065090090036392212,
		3.1218681335449219,
		0.032489221543073654,
		0.032600868493318558,
		2.568993091583252,
		0.52027416229248047,
		3.9023909568786621,
		0.032489221543073654,
		3.7072322368621826,
		0.032489221543073654,
		0.032600868493318558,
		0.032489221543073654,
		4.1950173377990723,
		0.48778492212295532,
		2.3739461898803711,
		2.926821231842041,
		0.032377574592828751,
		4.0650601387023926,
		0.032377574592828751,
		0.52027416229248047,
		0.032600868493318558,
		0.032600868493318558,
		6.9591689109802246,
		0.55265170335769653,
		4.5527334213256836,
		0.52049744129180908,
		5.6908612251281738,
		0.48767328262329102,
		3.9674808979034424,
		9.3982048034667969
	],
	"end" : 16.328056335449219,
	"labels" : 
	[
		"Prep",
		"Scan",
		"Break",
		"Prep",
		"Scan",
		"Break",
		"Prep",
		"Scan",
		"Prep",
		"Scan",
		"Break",
		"Prep",
		"Scan",
		"Break",
		"Prep",
		"Scan",
		"Prep",
		"Scan",
		"Prep",
		"Scan",
		"Break",
		"Prep",
		"Scan",
		"Break",
		"Scan",
		"Break",
		"Prep",
		"Break",
		"Scan",
		"Break",
		"Scan",
		"Break",
		"Prep",
		"Scan",
		"Prep",
		"Scan",
		"Break",
		"Scan",
		"Break",
		"Break",
		"Prep",
		"Scan",
		"Prep",
		"Scan",
		"Scan",
		"Prep",
		"Scan",
		"Break",
		"Prep",
		"Break",
		"Prep",
		"Scan",
		"Prep",
		"Scan",
		"Prep",
		"Scan",
		"Prep",
		"Scan",
		"Dead"
	],
	"start" : 15.474721908569336
}