{
	"data" : 
	[
		0.6689000129699707,
		0.52554082870483398,
		3.9176084995269775,
		0.71679574251174927,
		9.0773897171020508,
		1.6243542432785034,
		1.3378000259399414,
		10.415189743041992,
		0.047731705009937286,
		0.095627442002296448,
		9.8419170379638672,
		0.047731705009937286,
		1.6720860004425049,
		11.227449417114258,
		2.579972505569458,
		0.28655427694320679,
		8.2652950286865234,
		0.047895733267068863,
		9.8896493911743164,
		27.61451530456543
	],
	"end" : 15.474721908569336,
	"labels" : 
	[
		"Prep",
		"Scan",
		"Break",
		"Prep",
		"Scan",
		"Prep",
		"Break",
		"Scan",
		"Break",
		"Prep",
		"Scan",
		"Break",
		"Prep",
		"Scan",
		"Break",
		"Prep",
		"Scan",
		"Prep",
		"Scan",
		"Dead"
	],
	"start" : 14.893888473510742
}