{
	"data" : 
	[
		0.56216686964035034,
		0.56216686964035034,
		0.64239764213562012,
		2.4896354675292969,
		2.4091291427612305,
		8.5121822357177734,
		1.4455325603485107,
		11.563984870910645,
		0.64267337322235107,
		0.080230779945850372,
		0.96359646320343018,
		0.32119882106781006,
		0.080230779945850372,
		27.384336471557617,
		42.24053955078125
	],
	"end" : 12.608055114746094,
	"labels" : 
	[
		"Prep",
		"Scan",
		"Break",
		"Scan",
		"Break",
		"Scan",
		"Prep",
		"Scan",
		"Break",
		"Prep",
		"Break",
		"Break",
		"Prep",
		"Scan",
		"Dead"
	],
	"start" : 12.262499809265137
}