{
	"data" : 
	[
		1.1568810939788818,
		1.1568810939788818,
		3.8834099769592285,
		0.57844054698944092,
		4.5446872711181641,
		0.082837000489234924,
		1.404541015625,
		10.411362648010254,
		0.74383085966110229,
		17.269527435302734,
		0.082837000489234924,
		0.57844054698944092,
		10.411362648010254,
		0.082553312182426453,
		7.1889467239379883,
		40.323459625244141
	],
	"end" : 11.265277862548828,
	"labels" : 
	[
		"Prep",
		"Scan",
		"Break",
		"Prep",
		"Scan",
		"Break",
		"Prep",
		"Scan",
		"Prep",
		"Scan",
		"Break",
		"Prep",
		"Scan",
		"Prep",
		"Scan",
		"Dead"
	],
	"start" : 10.929444313049316
}