{
	"data" : 
	[
		0.79918831586837769,
		0.74595785140991211,
		2.4507954120635986,
		0.37297892570495605,
		3.3566277027130127,
		0.053230442106723785,
		1.2788110971450806,
		8.3648624420166016,
		1.7582508325576782,
		0.15987424552440643,
		15.87748908996582,
		0.47943982481956482,
		8.6847934722900391,
		0.10646088421344757,
		6.8731293678283691,
		4.9017734527587891,
		7.0862336158752441,
		0.10664381086826324,
		0.42620936036109924,
		16.889781951904297,
		19.127471923828125
	],
	"end" : 10.929444313049316,
	"labels" : 
	[
		"Prep",
		"Scan",
		"Break",
		"Prep",
		"Scan",
		"Break",
		"Prep",
		"Scan",
		"Break",
		"Prep",
		"Scan",
		"Prep",
		"Scan",
		"Prep",
		"Scan",
		"Break",
		"Scan",
		"Break",
		"Prep",
		"Scan",
		"Dead"
	],
	"start" : 10.408611297607422
}