{
	"data" : 
	[
		0.67989045381546021,
		1.0880115032196045,
		0.54400575160980225,
		0.068175829946994781,
		4.9642276763916016,
		0.61218160390853882,
		4.4202218055725098,
		5.168755054473877,
		0.47582989931106567,
		13.397016525268555,
		0.068175829946994781,
		4.1484522819519043,
		0.67989045381546021,
		8.704559326171875,
		4.7606339454650879,
		1.2238962650299072,
		9.5208005905151367,
		7.0048322677612305,
		0.13588470220565796,
		9.5208005905151367,
		22.71375846862793
	],
	"end" : 17.081388473510742,
	"labels" : 
	[
		"Prep",
		"Scan",
		"Break",
		"Prep",
		"Break",
		"Prep",
		"Scan",
		"Break",
		"Prep",
		"Scan",
		"Prep",
		"Scan",
		"Break",
		"Scan",
		"Break",
		"Prep",
		"Scan",
		"Break",
		"Prep",
		"Scan",
		"Dead"
	],
	"start" : 16.673334121704102
}