{
	"data" : 
	[
		0.21919676661491394,
		0.46029067039489746,
		0.35065463185310364,
		0.19729967415332794,
		0.39452409744262695,
		0.19722443819046021,
		0.21919676661491394,
		0.39452409744262695,
		2.5204994678497314,
		0.21912151575088501,
		2.1479477882385254,
		1.2054693698883057,
		0.19722443819046021,
		0.021972350776195526,
		3.3095476627349854,
		0.021897103637456894,
		0.17532731592655182,
		3.22188401222229,
		0.21919676661491394,
		0.19722443819046021,
		0.56985139846801758,
		0.19729967415332794,
		0.19722443819046021,
		2.4109387397766113,
		0.17532731592655182,
		0.17532731592655182,
		3.3314449787139893,
		0.021972350776195526,
		0.19722443819046021,
		0.70138454437255859,
		3.1341450214385986,
		0.021972350776195526,
		3.3752391338348389,
		0.39452409744262695,
		2.323275089263916,
		6.5314316749572754,
		0.1095607578754425,
		2.323275089263916,
		0.21919676661491394,
		0.21912151575088501,
		1.1835722923278809,
		0.96437549591064453,
		0.19722443819046021,
		3.1999869346618652,
		0.17532731592655182,
		0.26299098134040833,
		1.4685356616973877,
		0.043794207274913788,
		0.021897103637456894,
		1.6657600402832031,
		0.021897103637456894,
		2.9150235652923584,
		0.19729967415332794,
		0.021897103637456894,
		2.2794055938720703,
		0.19729967415332794,
		0.19722443819046021,
		2.323275089263916,
		0.021897103637456894,
		1.0520391464233398,
		0.021897103637456894,
		0.13153311610221863,
		3.6383051872253418,
		0.24109387397766113,
		2.4328358173370361,
		0.15343022346496582,
		0.1095607578754425,
		3.3972113132476807,
		0.21919676661491394,
		0.19729967415332794,
		2.4328358173370361,
		0.15343022346496582,
		0.021897103637456894,
		3.2656781673431396,
		0.021897103637456894,
		2.4986023902893066,
		0.21919676661491394,
		0.19729967415332794,
		1.8848814964294434,
		0.021897103637456894,
		0.021897103637456894,
		2.3013780117034912,
		0.021897103637456894,
		2.5204994678497314,
		12.843667030334473
	],
	"end" : 13.874166488647461,
	"labels" : 
	[
		"Prep",
		"Scan",
		"Break",
		"Prep",
		"Scan",
		"Break",
		"Prep",
		"Scan",
		"Break",
		"Prep",
		"Scan",
		"Break",
		"Prep",
		"Break",
		"Scan",
		"Break",
		"Prep",
		"Scan",
		"Break",
		"Prep",
		"Scan",
		"Break",
		"Prep",
		"Scan",
		"Prep",
		"Break",
		"Scan",
		"Break",
		"Prep",
		"Break",
		"Scan",
		"Break",
		"Scan",
		"Prep",
		"Scan",
		"Break",
		"Prep",
		"Scan",
		"Break",
		"Prep",
		"Scan",
		"Break",
		"Prep",
		"Scan",
		"Break",
		"Prep",
		"Scan",
		"Break",
		"Prep",
		"Scan",
		"Prep",
		"Scan",
		"Prep",
		"Break",
		"Scan",
		"Break",
		"Prep",
		"Scan",
		"Break",
		"Break",
		"Prep",
		"Break",
		"Scan",
		"Prep",
		"Scan",
		"Prep",
		"Break",
		"Scan",
		"Break",
		"Prep",
		"Scan",
		"Prep",
		"Break",
		"Scan",
		"Prep",
		"Scan",
		"Break",
		"Prep",
		"Scan",
		"Prep",
		"Break",
		"Scan",
		"Break",
		"Scan",
		"Dead"
	],
	"start" : 12.608055114746094
}