{
	"data" : 
	[
		1.012813925743103,
		3.1307458877563477,
		3.4070255756378174,
		1.3807650804519653,
		15.560793876647949,
		18.874881744384766,
		0.92051005363464355,
		10.312114715576172,
		11.693512916564941,
		0.092303894460201263,
		6.9973936080932617,
		6.9973936080932617,
		1.4730690717697144,
		8.6550712585449219,
		0.73653453588485718,
		8.6550712585449219
	],
	"end" : 18.188333511352539,
	"labels" : 
	[
		"Prep",
		"Break",
		"Scan",
		"Prep",
		"Break",
		"Scan",
		"Prep",
		"Break",
		"Scan",
		"Prep",
		"Break",
		"Scan",
		"Prep",
		"Scan",
		"Prep",
		"Scan"
	],
	"start" : 17.850276947021484
}