{
	"data" : 
	[
		0.2715124785900116,
		0.63357055187225342,
		0.68782335519790649,
		0.2715124785900116,
		0.018084261566400528,
		3.493556022644043,
		0.30768099427223206,
		1.3576246500015259,
		0.018084261566400528,
		0.34391167759895325,
		5.1226310729980469,
		0.018084261566400528,
		0.054314926266670227,
		4.2175478935241699,
		0.054314926266670227,
		4.4890604019165039,
		0.018084261566400528,
		0.01814640499651432,
		3.3848638534545898,
		0.56117135286331177,
		0.45247936248779297,
		5.2131142616271973,
		0.12671411037445068,
		0.01814640499651432,
		1.8101038932800293,
		0.018084261566400528,
		0.036230664700269699,
		0.036168523132801056,
		4.7968034744262695,
		62.050579071044922
	],
	"end" : 14.724721908569336,
	"labels" : 
	[
		"Prep",
		"Scan",
		"Break",
		"Prep",
		"Break",
		"Scan",
		"Prep",
		"Scan",
		"Break",
		"Prep",
		"Scan",
		"Break",
		"Prep",
		"Scan",
		"Prep",
		"Scan",
		"Prep",
		"Break",
		"Scan",
		"Prep",
		"Break",
		"Scan",
		"Prep",
		"Break",
		"Scan",
		"Break",
		"Prep",
		"Break",
		"Scan",
		"Dead"
	],
	"start" : 13.191666603088379
}