{
	"data" : 
	[
		0.28164929151535034,
		0.6839560866355896,
		0.64369094371795654,
		0.32191452383995056,
		3.5003108978271484,
		0.44257205724716187,
		0.48276817798614502,
		4.747565746307373,
		0.020167140290141106,
		0.020098075270652771,
		0.020098075270652771,
		5.3309626579284668,
		5.4918851852416992,
		0.10055944323539734,
		0.20118795335292816,
		5.1096763610839844,
		0.18102081120014191,
		1.4887079000473022,
		0.040196150541305542,
		4.9889497756958008,
		65.80206298828125
	],
	"end" : 11.873055458068848,
	"labels" : 
	[
		"Prep",
		"Scan",
		"Break",
		"Prep",
		"Scan",
		"Break",
		"Prep",
		"Scan",
		"Break",
		"Prep",
		"Break",
		"Scan",
		"Scan",
		"Break",
		"Prep",
		"Scan",
		"Prep",
		"Scan",
		"Prep",
		"Scan",
		"Dead"
	],
	"start" : 10.493611335754395
}