{
	"data" : 
	[
		0.58751434087753296,
		0.40386098623275757,
		5.1032195091247559,
		0.29382020235061646,
		0.55070805549621582,
		7.1960105895996094,
		1.2115828990936279,
		0.47722148895263672,
		0.036680258810520172,
		3.0106801986694336,
		1.2482631206512451,
		0.47722148895263672,
		0.036806304007768631,
		6.8655104637145996,
		0.25701388716697693,
		7.3061771392822266,
		0.036806304007768631,
		6.5351362228393555,
		0.2936941385269165,
		11.78532886505127,
		7.9670529365539551,
		0.036680258810520172,
		0.88120847940444946,
		7.8935661315917969,
		13.327285766601562,
		0.036806304007768631,
		0.18352733552455902,
		0.44054123759269714,
		7.8935661315917969,
		0.18365336954593658,
		0.036680258810520172,
		7.3061771392822266
	],
	"end" : 15.480555534362793,
	"labels" : 
	[
		"Prep",
		"Scan",
		"Break",
		"Prep",
		"Break",
		"Scan",
		"Break",
		"Break",
		"Prep",
		"Scan",
		"Break",
		"Prep",
		"Break",
		"Scan",
		"Prep",
		"Scan",
		"Prep",
		"Scan",
		"Prep",
		"Scan",
		"Break",
		"Scan",
		"Break",
		"Scan",
		"Break",
		"Prep",
		"Break",
		"Prep",
		"Scan",
		"Break",
		"Prep",
		"Scan"
	],
	"start" : 14.724721908569336
}