{
	"data" : 
	[
		0.23149485886096954,
		0.37881633639335632,
		0.90495419502258301,
		0.18937203288078308,
		0.69448453187942505,
		2.3359739780426025,
		0.18944428861141205,
		2.4832954406738281,
		0.16834676265716553,
		0.54716312885284424,
		0.14732147753238678,
		0.44189217686653137,
		0.54716312885284424,
		0.042122814804315567,
		0.14732147753238678,
		0.357718825340271,
		3.5355708599090576,
		0.10519866645336151,
		0.021097533404827118,
		0.12622393667697906,
		0.42093914747238159,
		0.021025281399488449,
		0.2104695737361908,
		2.525346040725708,
		0.021025281399488449,
		0.35779106616973877,
		0.44196441769599915,
		0.021025281399488449,
		0.54716312885284424,
		3.09360671043396,
		0.61031115055084229,
		3.4513254165649414,
		74.583030700683594
	],
	"end" : 13.191666603088379,
	"labels" : 
	[
		"Prep",
		"Scan",
		"Break",
		"Prep",
		"Scan",
		"Break",
		"Prep",
		"Scan",
		"Break",
		"Prep",
		"Break",
		"Scan",
		"Break",
		"Prep",
		"Break",
		"Scan",
		"Break",
		"Prep",
		"Break",
		"Break",
		"Scan",
		"Break",
		"Break",
		"Scan",
		"Prep",
		"Break",
		"Scan",
		"Break",
		"Prep",
		"Scan",
		"Prep",
		"Scan",
		"Dead"
	],
	"start" : 11.873055458068848
}