{
	"data" : 
	[
		0.64963746070861816,
		0.64963746070861816,
		3.0159235000610352,
		0.046516463160514832,
		4.640017032623291,
		0.046357162296772003,
		0.69599461555480957,
		3.6657204627990723,
		0.55676388740539551,
		4.640017032623291,
		0.046357162296772003,
		0.788868248462677,
		7.7951717376708984,
		1.392148494720459,
		13.827178955078125,
		0.41769236326217651,
		7.5632266998291016,
		0.046357162296772003,
		7.7489733695983887,
		5.243138313293457,
		7.7024579048156738,
		0.046357162296772003,
		0.37133520841598511,
		13.502359390258789,
		14.801794052124023
	],
	"end" : 13.848333358764648,
	"labels" : 
	[
		"Prep",
		"Scan",
		"Break",
		"Prep",
		"Scan",
		"Break",
		"Prep",
		"Break",
		"Prep",
		"Scan",
		"Break",
		"Prep",
		"Scan",
		"Prep",
		"Scan",
		"Prep",
		"Scan",
		"Prep",
		"Scan",
		"Break",
		"Scan",
		"Break",
		"Prep",
		"Scan",
		"Dead"
	],
	"start" : 13.250277519226074
}