{
	"data" : 
	[
		0.19812554121017456,
		0.37403562664985657,
		0.59422546625137329,
		0.37418672442436218,
		0.33020922541618347,
		0.021913196891546249,
		0.37418672442436218,
		1.3865764141082764,
		0.33020922541618347,
		2.3110110759735107,
		0.021913196891546249,
		0.37418672442436218,
		0.99047648906707764,
		0.043977521359920502,
		0.043977521359920502,
		2.0689079761505127,
		1.0123896598815918,
		3.8515846729278564,
		0.044128645211458206,
		0.021913196891546249,
		3.2133815288543701,
		3.0152559280395508,
		78.903228759765625
	],
	"end" : 17.70916748046875,
	"labels" : 
	[
		"Prep",
		"Scan",
		"Break",
		"Scan",
		"Break",
		"Prep",
		"Scan",
		"Break",
		"Prep",
		"Scan",
		"Break",
		"Prep",
		"Scan",
		"Break",
		"Prep",
		"Scan",
		"Prep",
		"Scan",
		"Break",
		"Prep",
		"Scan",
		"Scan",
		"Dead"
	],
	"start" : 16.448333740234375
}