{
	"data" : 
	[
		0.29010191559791565,
		0.5802038311958313,
		0.92300218343734741,
		0.26375371217727661,
		0.21096675097942352,
		0.52750742435455322,
		0.94935041666030884,
		0.21105730533599854,
		6.0393533706665039,
		0.47472047805786133,
		0.18461854755878448,
		6.0657014846801758,
		0.34279832243919373,
		0.10548337548971176,
		0.47472047805786133,
		0.026438750326633453,
		0.026348209008574486,
		5.3273181915283203,
		0.47472047805786133,
		11.999571800231934,
		0.21096675097942352,
		0.26375371217727661,
		4.1404714584350586,
		0.84395754337310791,
		4.8789458274841309,
		0.23740549385547638,
		0.23731496930122375,
		0.23731496930122375,
		0.52750742435455322,
		0.73838365077972412,
		0.39567580819129944,
		1.582341194152832,
		1.793307900428772,
		0.026438750326633453,
		2.2416801452636719,
		0.23731496930122375,
		0.026348209008574486,
		0.026438750326633453,
		6.7777371406555176,
		38.978961944580078
	],
	"end" : 14.900555610656738,
	"labels" : 
	[
		"Prep",
		"Scan",
		"Break",
		"Prep",
		"Break",
		"Scan",
		"Break",
		"Prep",
		"Scan",
		"Break",
		"Prep",
		"Scan",
		"Break",
		"Prep",
		"Break",
		"Break",
		"Prep",
		"Scan",
		"Prep",
		"Scan",
		"Break",
		"Prep",
		"Scan",
		"Prep",
		"Scan",
		"Break",
		"Prep",
		"Break",
		"Scan",
		"Break",
		"Prep",
		"Break",
		"Scan",
		"Prep",
		"Scan",
		"Prep",
		"Break",
		"Prep",
		"Scan",
		"Dead"
	],
	"start" : 13.848333358764648
}