{
	"data" : 
	[
		1.2326424121856689,
		1.3270105123519897,
		1.9901902675628662,
		1.3270105123519897,
		9.857234001159668,
		0.095018893480300903,
		1.6107655763626099,
		15.639068603515625,
		1.8958221673965454,
		30.424919128417969,
		0.095018893480300903,
		0.75819873809814453,
		15.449030876159668,
		0.095018893480300903,
		18.103052139282227
	],
	"end" : 18.749721527099609,
	"labels" : 
	[
		"Prep",
		"Scan",
		"Break",
		"Prep",
		"Scan",
		"Break",
		"Prep",
		"Scan",
		"Prep",
		"Scan",
		"Break",
		"Prep",
		"Scan",
		"Break",
		"Scan"
	],
	"start" : 18.456943511962891
}