{
	"data" : 
	[
		0.81686890125274658,
		0.76263540983200073,
		1.0895324945449829,
		0.76263540983200073,
		4.9565691947937012,
		0.054607536643743515,
		0.98069155216217041,
		1.0349249839782715,
		0.05423351377248764,
		1.4706631898880005,
		9.1512508392333984,
		0.054607536643743515,
		1.0349249839782715,
		16.178043365478516,
		0.05423351377248764,
		0.43573823571205139,
		8.8789615631103516,
		0.054607536643743515,
		9.2600917816162109,
		0.54457926750183105,
		0.43573823571205139,
		5.5561299324035645,
		0.054607536643743515,
		0.10884105414152145,
		0.05423351377248764,
		8.8789615631103516,
		0.76263540983200073,
		1.0895324945449829,
		7.4079241752624512,
		0.054607536643743515,
		0.05423351377248764,
		0.054607536643743515,
		0.16344858705997467,
		5.7738122940063477,
		11.820287704467773
	],
	"end" : 18.218610763549805,
	"labels" : 
	[
		"Prep",
		"Scan",
		"Break",
		"Prep",
		"Scan",
		"Break",
		"Prep",
		"Scan",
		"Break",
		"Prep",
		"Scan",
		"Break",
		"Prep",
		"Scan",
		"Break",
		"Prep",
		"Scan",
		"Break",
		"Scan",
		"Prep",
		"Break",
		"Scan",
		"Break",
		"Break",
		"Prep",
		"Scan",
		"Prep",
		"Break",
		"Scan",
		"Prep",
		"Break",
		"Prep",
		"Break",
		"Scan",
		"Dead"
	],
	"start" : 17.70916748046875
}