{
	"data" : 
	[
		0.21500813961029053,
		0.37136548757553101,
		0.019527891650795937,
		0.64502441883087158,
		0.60596859455108643,
		0.097706571221351624,
		2.5409748554229736,
		0.21500813961029053,
		0.37136548757553101,
		0.01959499903023243,
		0.64502441883087158,
		0.019527891650795937,
		0.46907207369804382,
		0.078178681433200836,
		0.13682945072650909,
		3.0687646865844727,
		0.039055783301591873,
		0.01959499903023243,
		0.13682945072650909,
		3.0686976909637451,
		0.019527891650795937,
		0.33230972290039062,
		3.02964186668396,
		0.15635736286640167,
		0.625496506690979,
		3.3814795017242432,
		0.039055783301591873,
		0.66461944580078125,
		0.1367623507976532,
		0.35183760523796082,
		0.78185385465621948,
		0.019527891650795937,
		0.01959499903023243,
		0.78185385465621948,
		0.019527891650795937,
		0.13682945072650909,
		0.33224260807037354,
		0.01959499903023243,
		0.33224260807037354,
		0.33230972290039062,
		0.35183760523796082,
		0.33224260807037354,
		0.097773678600788116,
		0.33224260807037354,
		0.35183760523796082,
		0.17595234513282776,
		0.33224260807037354,
		0.31278181076049805,
		73.317306518554688
	],
	"end" : 10.604999542236328,
	"labels" : 
	[
		"Prep",
		"Scan",
		"Break",
		"Scan",
		"Break",
		"Prep",
		"Break",
		"Prep",
		"Scan",
		"Break",
		"Scan",
		"Break",
		"Prep",
		"Break",
		"Break",
		"Scan",
		"Prep",
		"Break",
		"Break",
		"Scan",
		"Prep",
		"Break",
		"Scan",
		"Break",
		"Prep",
		"Scan",
		"Prep",
		"Break",
		"Break",
		"Scan",
		"Break",
		"Prep",
		"Break",
		"Scan",
		"Prep",
		"Break",
		"Scan",
		"Prep",
		"Break",
		"Scan",
		"Break",
		"Scan",
		"Break",
		"Break",
		"Scan",
		"Prep",
		"Break",
		"Scan",
		"Dead"
	],
	"start" : 9.1852779388427734
}