{
	"data" : 
	[
		1.4816416501998901,
		2.2224626541137695,
		4.2331066131591797,
		0.74082082509994507,
		0.42327430844306946,
		14.498144149780273,
		0.10572774708271027,
		0.21181881427764893,
		16.720605850219727,
		0.10572774708271027,
		0.10572774708271027,
		9.8417634963989258,
		1.5873693227767944,
		14.815690040588379,
		32.806121826171875
	],
	"end" : 15.642777442932129,
	"labels" : 
	[
		"Prep",
		"Scan",
		"Break",
		"Prep",
		"Break",
		"Scan",
		"Break",
		"Break",
		"Scan",
		"Prep",
		"Break",
		"Scan",
		"Prep",
		"Scan",
		"Dead"
	],
	"start" : 15.380555152893066
}