{
	"data" : 
	[
		0.54317295551300049,
		0.54317295551300049,
		0.9697994589805603,
		0.038893207907676697,
		2.9484248161315918,
		0.69834619760513306,
		6.4401555061340332,
		0.038893207907676697,
		1.1638659238815308,
		11.561139106750488,
		0.34923967719078064,
		6.3237428665161133,
		0.11641322821378708,
		5.5089831352233887,
		0.31047967076301575,
		0.34910649061203003,
		0.03876001387834549,
		13.229552268981934,
		0.03876001387834549,
		0.77586621046066284,
		0.31047967076301575,
		1.6681455373764038,
		0.34923967719078064,
		13.22941780090332,
		0.11641322821378708,
		0.77586621046066284,
		16.333148956298828,
		15.130522727966309
	],
	"end" : 11.789166450500488,
	"labels" : 
	[
		"Prep",
		"Scan",
		"Break",
		"Prep",
		"Scan",
		"Prep",
		"Scan",
		"Break",
		"Prep",
		"Scan",
		"Prep",
		"Scan",
		"Prep",
		"Scan",
		"Prep",
		"Break",
		"Prep",
		"Scan",
		"Break",
		"Prep",
		"Scan",
		"Break",
		"Prep",
		"Scan",
		"Break",
		"Prep",
		"Scan",
		"Dead"
	],
	"start" : 11.073888778686523
}