{
	"data" : 
	[
		0.61634796857833862,
		2.2184717655181885,
		0.30827978253364563,
		0.86263328790664673,
		1.7256897687911987,
		0.924416184425354,
		0.49299377202987671,
		5.7314229011535645,
		0.061782911419868469,
		10.230360984802246,
		0.49299377202987671,
		9.9838638305664062,
		0.061571322381496429,
		3.5129508972167969,
		5.669640064239502,
		1.3558386564254761,
		0.061782911419868469,
		0.12314264476299286,
		11.093206405639648,
		0.061571322381496429,
		6.9025473594665527,
		0.61613643169403076,
		0.55477666854858398,
		16.886199951171875,
		19.351381301879883
	],
	"end" : 13.250277519226074,
	"labels" : 
	[
		"Prep",
		"Scan",
		"Break",
		"Prep",
		"Scan",
		"Break",
		"Prep",
		"Scan",
		"Prep",
		"Scan",
		"Prep",
		"Scan",
		"Prep",
		"Break",
		"Scan",
		"Break",
		"Prep",
		"Break",
		"Scan",
		"Break",
		"Scan",
		"Prep",
		"Break",
		"Scan",
		"Dead"
	],
	"start" : 12.800000190734863
}