{
	"data" : 
	[
		0.55725425481796265,
		1.4691406488418579,
		1.367742657661438,
		0.55725425481796265,
		0.40524420142173767,
		0.050785969942808151,
		7.396141529083252,
		1.5705387592315674,
		0.50646829605102539,
		2.0263950824737549,
		1.1145085096359253,
		0.81048840284347534,
		1.1652945280075073,
		0.05043812096118927,
		0.30402010679244995,
		0.050785969942808151,
		0.20244818925857544,
		1.01328444480896,
		0.050785969942808151,
		0.30402010679244995,
		0.05043812096118927,
		19.301103591918945,
		0.050785969942808151,
		0.50646829605102539,
		1.064070463180542,
		0.05043812096118927,
		11.854349136352539,
		3.1915156841278076,
		9.0172929763793945,
		0.30402010679244995,
		11.29709529876709,
		22.239385604858398
	],
	"end" : 16.448333740234375,
	"labels" : 
	[
		"Prep",
		"Scan",
		"Break",
		"Prep",
		"Break",
		"Prep",
		"Scan",
		"Break",
		"Prep",
		"Break",
		"Break",
		"Break",
		"Break",
		"Prep",
		"Break",
		"Prep",
		"Scan",
		"Break",
		"Prep",
		"Break",
		"Prep",
		"Scan",
		"Break",
		"Prep",
		"Break",
		"Prep",
		"Scan",
		"Prep",
		"Scan",
		"Prep",
		"Scan",
		"Dead"
	],
	"start" : 15.900555610656738
}