{
	"data" : 
	[
		0.59188294410705566,
		2.1306159496307373,
		2.2488706111907959,
		0.53275555372238159,
		0.41429772973060608,
		1.7754455804824829,
		0.059127334505319595,
		1.0061806440353394,
		0.11825466901063919,
		9.350855827331543,
		1.0061806440353394,
		10.415961265563965,
		0.47342503070831299,
		0.41429772973060608,
		11.008047103881836,
		1.0653079748153687,
		10.060993194580078,
		0.059127334505319595,
		0.41429772973060608,
		13.197587013244629,
		1.8347760438919067,
		8.2262172698974609,
		0.65101027488708496,
		0.23691572248935699,
		10.001663208007812,
		12.605907440185547
	],
	"end" : 11.073888778686523,
	"labels" : 
	[
		"Prep",
		"Scan",
		"Break",
		"Prep",
		"Break",
		"Scan",
		"Break",
		"Prep",
		"Break",
		"Scan",
		"Break",
		"Scan",
		"Prep",
		"Break",
		"Scan",
		"Prep",
		"Scan",
		"Break",
		"Prep",
		"Scan",
		"Prep",
		"Scan",
		"Break",
		"Prep",
		"Scan",
		"Dead"
	],
	"start" : 10.604999542236328
}