{
	"data" : 
	[
		0.59737420082092285,
		1.0109529495239258,
		0.73526006937026978,
		0.78116941452026367,
		0.045988265424966812,
		0.68927180767059326,
		0.78116941452026367,
		1.9300085306167603,
		0.73518115282058716,
		4.5492887496948242,
		0.045988265424966812,
		0.091897644102573395,
		0.18379528820514679,
		0.55138587951660156,
		2.6192803382873535,
		6.2495131492614746,
		0.36759057641029358,
		1.1947484016418457,
		0.64336246252059937,
		0.96504360437393188,
		0.73518115282058716,
		0.82715773582458496,
		0.68927180767059326,
		0.82715773582458496,
		0.73518115282058716,
		4.5033793449401855,
		0.55138587951660156,
		7.4442615509033203,
		0.045909382402896881,
		5.0547652244567871,
		0.73518115282058716,
		5.0547652244567871,
		4.2735166549682617,
		4.8709697723388672,
		0.045909382402896881,
		0.68927180767059326,
		5.6063089370727539,
		0.045909382402896881,
		0.68927180767059326,
		6.7549896240234375,
		0.045909382402896881,
		0.68927180767059326,
		3.3086309432983398,
		20.908174514770508
	],
	"end" : 8.4630556106567383,
	"labels" : 
	[
		"Prep",
		"Scan",
		"Prep",
		"Scan",
		"Break",
		"Prep",
		"Scan",
		"Break",
		"Prep",
		"Scan",
		"Break",
		"Prep",
		"Break",
		"Prep",
		"Scan",
		"Break",
		"Prep",
		"Break",
		"Prep",
		"Scan",
		"Prep",
		"Scan",
		"Prep",
		"Scan",
		"Prep",
		"Scan",
		"Prep",
		"Scan",
		"Break",
		"Scan",
		"Prep",
		"Scan",
		"Scan",
		"Scan",
		"Break",
		"Prep",
		"Scan",
		"Break",
		"Prep",
		"Scan",
		"Break",
		"Prep",
		"Scan",
		"Dead"
	],
	"start" : 7.8591666221618652
}