{
	"data" : 
	[
		1.399634838104248,
		2.2607779502868652,
		3.1215517520904541,
		0.86151283979415894,
		0.32265150547027588,
		0.1079200953245163,
		13.886950492858887,
		0.1075504943728447,
		0.21510098874568939,
		15.93262767791748,
		0.21510098874568939,
		9.9038858413696289,
		1.5071853399276733,
		13.025806427001953,
		37.031742095947266
	],
	"end" : 15.900555610656738,
	"labels" : 
	[
		"Prep",
		"Scan",
		"Break",
		"Prep",
		"Break",
		"Prep",
		"Scan",
		"Break",
		"Break",
		"Scan",
		"Break",
		"Scan",
		"Prep",
		"Scan",
		"Dead"
	],
	"start" : 15.642777442932129
}