{
	"data" : 
	[
		0.38435548543930054,
		0.30198010802268982,
		0.79613792896270752,
		0.57653325796127319,
		2.443267822265625,
		0.41178253293037415,
		0.30198010802268982,
		3.7335636615753174,
		2.1412878036499023,
		1.0431697368621826,
		0.38435548543930054,
		0.13722942769527435,
		0.027427032589912415,
		7.2749505043029785,
		0.19217774271965027,
		0.027427032589912415,
		0.19217774271965027,
		3.7885122299194336,
		3.8158450126647949,
		0.02752128429710865,
		4.3375244140625,
		0.027427032589912415,
		0.027427032589912415,
		9.3888111114501953,
		1.3177229166030884,
		4.7767338752746582,
		52.022674560546875
	],
	"end" : 12.800000190734863,
	"labels" : 
	[
		"Prep",
		"Scan",
		"Break",
		"Scan",
		"Break",
		"Prep",
		"Scan",
		"Break",
		"Scan",
		"Break",
		"Prep",
		"Break",
		"Prep",
		"Scan",
		"Break",
		"Prep",
		"Break",
		"Scan",
		"Scan",
		"Break",
		"Scan",
		"Prep",
		"Break",
		"Scan",
		"Prep",
		"Scan",
		"Dead"
	],
	"start" : 11.789166450500488
}