{
	"data" : 
	[
		0.80941641330718994,
		0.63594162464141846,
		2.1390583515167236,
		1.8498677015304565,
		0.11571597307920456,
		0.17347471415996552,
		1.5031167268753052,
		0.40470820665359497,
		0.11551748216152191,
		1.561073899269104,
		1.7343502044677734,
		3.6421751976013184,
		0.057758741080760956,
		0.46246692538261414,
		15.956299781799316,
		68.739059448242188
	],
	"end" : 15.380555152893066,
	"labels" : 
	[
		"Prep",
		"Scan",
		"Break",
		"Prep",
		"Break",
		"Break",
		"Scan",
		"Prep",
		"Break",
		"Scan",
		"Prep",
		"Scan",
		"Break",
		"Prep",
		"Scan",
		"Dead"
	],
	"start" : 14.900555610656738
}