{
	"data" : 
	[
		1.5134304761886597,
		2.4456331729888916,
		2.5615589618682861,
		1.6301556825637817,
		14.204501152038574,
		0.11672522872686386,
		0.11592573672533035,
		15.952180862426758,
		0.11592573672533035,
		10.129510879516602,
		0.93220281600952148,
		14.204501152038574,
		35.977752685546875
	],
	"end" : 18.456943511962891,
	"labels" : 
	[
		"Prep",
		"Scan",
		"Break",
		"Prep",
		"Scan",
		"Prep",
		"Break",
		"Scan",
		"Break",
		"Scan",
		"Prep",
		"Scan",
		"Dead"
	],
	"start" : 18.218610763549805
}