{
	"data" : 
	[
		0.42265614867210388,
		0.73001843690872192,
		2.3438682556152344,
		0.3457496166229248,
		0.038387306034564972,
		0.30736228823661804,
		4.1881742477416992,
		0.3457496166229248,
		0.34588152170181274,
		0.38426882028579712,
		0.038387306034564972,
		0.26897498965263367,
		3.6117048263549805,
		0.076906532049179077,
		0.73001843690872192,
		1.8059183359146118,
		0.038387306034564972,
		0.11529383808374405,
		0.076774612069129944,
		16.445070266723633,
		0.34588152170181274,
		1.2295811176300049,
		0.26884305477142334,
		2.4975495338439941,
		0.038387306034564972,
		1.114287257194519,
		0.038387306034564972,
		0.26897498965263367,
		0.73001843690872192,
		0.84531229734420776,
		0.038519226014614105,
		0.26897498965263367,
		0.61472457647323608,
		0.038387306034564972,
		0.76853764057159424,
		0.26897498965263367,
		2.1900553703308105,
		0.38426882028579712,
		1.114287257194519,
		5.7633728981018066,
		1.114287257194519,
		0.26897498965263367,
		3.8039050102233887,
		0.038387306034564972,
		0.076906532049179077,
		0.65311193466186523,
		0.69163113832473755,
		2.6512305736541748,
		0.26897498965263367,
		0.076774612069129944,
		0.92221879959106445,
		0.038387306034564972,
		0.26897498965263367,
		0.69163113832473755,
		0.038387306034564972,
		0.6532437801361084,
		0.69163113832473755,
		0.65311193466186523,
		0.69163113832473755,
		0.038387306034564972,
		0.6532437801361084,
		0.69163113832473755,
		0.30736228823661804,
		0.6532437801361084,
		0.69163113832473755,
		31.084220886230469
	],
	"end" : 9.1852779388427734,
	"labels" : 
	[
		"Prep",
		"Scan",
		"Break",
		"Prep",
		"Break",
		"Break",
		"Scan",
		"Break",
		"Prep",
		"Break",
		"Prep",
		"Break",
		"Scan",
		"Break",
		"Prep",
		"Break",
		"Prep",
		"Break",
		"Prep",
		"Scan",
		"Break",
		"Prep",
		"Break",
		"Scan",
		"Break",
		"Prep",
		"Break",
		"Break",
		"Scan",
		"Prep",
		"Break",
		"Break",
		"Scan",
		"Break",
		"Prep",
		"Break",
		"Scan",
		"Break",
		"Prep",
		"Scan",
		"Prep",
		"Break",
		"Scan",
		"Break",
		"Prep",
		"Break",
		"Scan",
		"Break",
		"Prep",
		"Break",
		"Scan",
		"Break",
		"Break",
		"Scan",
		"Prep",
		"Break",
		"Scan",
		"Break",
		"Scan",
		"Break",
		"Break",
		"Scan",
		"Prep",
		"Break",
		"Scan",
		"Dead"
	],
	"start" : 8.4630556106567383
}