{
	"data" : 
	[
		0.3531416654586792,
		0.15139591693878174,
		1.0595405101776123,
		0.016802521422505379,
		0.33639690279960632,
		1.6818112134933472,
		0.25226879119873047,
		0.15133817493915558,
		0.85773700475692749,
		0.38680446147918701,
		2.7582118511199951,
		0.016802521422505379,
		0.25226879119873047,
		0.10093060880899429,
		0.016802521422505379,
		2.1863486766815186,
		0.016802521422505379,
		0.60546821355819702,
		2.7582118511199951,
		0.033605042845010757,
		2.8086771965026855,
		0.70634108781814575,
		0.10093060880899429,
		0.13453565537929535,
		0.016802521422505379,
		3.9354276657104492,
		0.050465304404497147,
		3.9858932495117188,
		0.016860263422131538,
		0.033605042845010757,
		3.195481538772583,
		0.82407426834106445,
		4.8099675178527832,
		65.288246154785156
	],
	"end" : 17.129167556762695,
	"labels" : 
	[
		"Prep",
		"Scan",
		"Break",
		"Prep",
		"Scan",
		"Break",
		"Prep",
		"Scan",
		"Break",
		"Prep",
		"Scan",
		"Break",
		"Prep",
		"Scan",
		"Break",
		"Scan",
		"Break",
		"Prep",
		"Scan",
		"Prep",
		"Scan",
		"Break",
		"Prep",
		"Break",
		"Prep",
		"Scan",
		"Prep",
		"Scan",
		"Break",
		"Prep",
		"Scan",
		"Prep",
		"Scan",
		"Dead"
	],
	"start" : 15.479166984558105
}