{
	"data" : 
	[
		0.28216060996055603,
		0.342633455991745,
		0.36269882321357727,
		0.02020375058054924,
		0.30229514837265015,
		0.32242968678474426,
		0.12094573676586151,
		0.020134558901190758,
		0.58445572853088379,
		0.2619568407535553,
		0.30229514837265015,
		0.52405202388763428,
		0.64485937356948853,
		0.32249888777732849,
		2.7005219459533691,
		0.040269117802381516,
		2.619983434677124,
		0.020134558901190758,
		0.30229514837265015,
		2.7811293601989746,
		0.76587432622909546,
		0.020134558901190758,
		2.6199142932891846,
		0.02020375058054924,
		0.32242968678474426,
		2.7609946727752686,
		0.020134558901190758,
		0.02020375058054924,
		2.2168080806732178,
		0.040338307619094849,
		0.020134558901190758,
		0.060472868382930756,
		0.080607421696186066,
		3.8492989540100098,
		0.34256428480148315,
		2.902144193649292,
		0.020134558901190758,
		0.060472868382930756,
		2.5594413280487061,
		0.020134558901190758,
		0.30229514837265015,
		3.1641011238098145,
		0.32242968678474426,
		3.3454504013061523,
		0.02020375058054924,
		0.30229514837265015,
		3.3857195377349854,
		0.16121484339237213,
		0.18141859769821167,
		2.7005219459533691,
		0.32242968678474426,
		2.3378229141235352,
		0.020134558901190758,
		0.20155316591262817,
		2.9222095012664795,
		1.2898572683334351,
		0.10074198991060257,
		2.4183611869812012,
		4.353147029876709,
		0.020134558901190758,
		2.660252571105957,
		0.10074198991060257,
		2.660252571105957,
		0.020134558901190758,
		2.2773501873016357,
		0.82627809047698975,
		0.1008111760020256,
		2.6199142932891846,
		0.40303713083267212,
		0.1008111760020256,
		0.34256428480148315,
		0.020134558901190758,
		3.2447082996368408,
		0.020134558901190758,
		2.4586994647979736,
		22.571741104125977
	],
	"end" : 14.876111030578613,
	"labels" : 
	[
		"Prep",
		"Scan",
		"Break",
		"Prep",
		"Break",
		"Prep",
		"Break",
		"Prep",
		"Scan",
		"Break",
		"Prep",
		"Scan",
		"Break",
		"Prep",
		"Scan",
		"Prep",
		"Scan",
		"Break",
		"Prep",
		"Scan",
		"Break",
		"Prep",
		"Scan",
		"Break",
		"Prep",
		"Scan",
		"Break",
		"Prep",
		"Scan",
		"Break",
		"Prep",
		"Break",
		"Prep",
		"Scan",
		"Prep",
		"Scan",
		"Break",
		"Prep",
		"Scan",
		"Break",
		"Prep",
		"Scan",
		"Prep",
		"Scan",
		"Break",
		"Prep",
		"Scan",
		"Break",
		"Prep",
		"Scan",
		"Prep",
		"Scan",
		"Break",
		"Prep",
		"Scan",
		"Break",
		"Prep",
		"Scan",
		"Break",
		"Prep",
		"Scan",
		"Prep",
		"Scan",
		"Break",
		"Scan",
		"Break",
		"Prep",
		"Scan",
		"Break",
		"Prep",
		"Break",
		"Break",
		"Scan",
		"Prep",
		"Scan",
		"Dead"
	],
	"start" : 13.499166488647461
}