{
	"data" : 
	[
		0.24198447167873383,
		0.48396894335746765,
		0.96787852048873901,
		0.24198447167873383,
		3.2666122913360596,
		0.08639758825302124,
		0.34570905566215515,
		4.3727502822875977,
		0.76048862934112549,
		0.32838204503059387,
		4.0789628028869629,
		0.034594640135765076,
		4.3554825782775879,
		0.017267649993300438,
		0.017326988279819489,
		4.7011327743530273,
		0.58769351243972778,
		0.051802951842546463,
		1.2617253065109253,
		0.017267649993300438,
		4.286412239074707,
		69.394180297851562
	],
	"end" : 11.506388664245605,
	"labels" : 
	[
		"Prep",
		"Scan",
		"Break",
		"Prep",
		"Scan",
		"Break",
		"Prep",
		"Scan",
		"Break",
		"Prep",
		"Scan",
		"Prep",
		"Scan",
		"Break",
		"Prep",
		"Scan",
		"Break",
		"Prep",
		"Scan",
		"Prep",
		"Scan",
		"Dead"
	],
	"start" : 9.9008331298828125
}