{
	"data" : 
	[
		0.98631399869918823,
		1.7270374298095703,
		6.0844340324401855,
		1.973192572593689,
		0.08186350017786026,
		1.0693067312240601,
		2.137484073638916,
		1.973192572593689,
		0.82258701324462891,
		0.08186350017786026,
		4.5222525596618652,
		3.8645215034484863,
		0.16485615074634552,
		0.24615505337715149,
		0.08242807537317276,
		0.16429157555103302,
		0.08242807537317276,
		2.6309235095977783,
		1.0693067312240601,
		1.7264729738235474,
		0.16429157555103302,
		13.977767944335938,
		0.24671964347362518,
		0.16429157555103302,
		1.5627460479736328,
		22.857418060302734,
		0.08242807537317276,
		0.4110112190246582,
		1.5621812343597412,
		9.702235221862793,
		1.4803178310394287,
		5.4261384010314941,
		8.7977848052978516,
		0.16485615074634552,
		1.8089009523391724
	],
	"end" : 17.466667175292969,
	"labels" : 
	[
		"Prep",
		"Scan",
		"Break",
		"Prep",
		"Break",
		"Scan",
		"Break",
		"Prep",
		"Break",
		"Prep",
		"Scan",
		"Break",
		"Prep",
		"Break",
		"Prep",
		"Break",
		"Scan",
		"Break",
		"Scan",
		"Break",
		"Prep",
		"Scan",
		"Prep",
		"Break",
		"Scan",
		"Break",
		"Prep",
		"Break",
		"Scan",
		"Break",
		"Prep",
		"Scan",
		"Break",
		"Prep",
		"Scan"
	],
	"start" : 17.129167556762695
}