{
	"data" : 
	[
		0.78232747316360474,
		0.41407120227813721,
		1.3804478645324707,
		0.046130780130624771,
		0.69022393226623535,
		3.7272725105285645,
		0.64409315586090088,
		0.27615275979042053,
		2.6228194236755371,
		1.7025734186172485,
		7.5466485023498535,
		1.2423714399337769,
		0.046130780130624771,
		0.23002198338508606,
		0.23002198338508606,
		0.046130780130624771,
		0.36809837818145752,
		0.045972801744937897,
		6.1200699806213379,
		1.2423714399337769,
		7.5466485023498535,
		0.045972801744937897,
		7.6385941505432129,
		0.045972801744937897,
		0.59827834367752075,
		0.46020194888114929,
		10.81356143951416,
		0.092103585600852966,
		10.859692573547363,
		0.045972801744937897,
		0.13807637989521027,
		8.6969165802001953,
		0.13807637989521027,
		2.7608957290649414,
		13.160543441772461,
		7.4545450210571289
	],
	"end" : 15.479166984558105,
	"labels" : 
	[
		"Prep",
		"Scan",
		"Break",
		"Prep",
		"Scan",
		"Break",
		"Prep",
		"Scan",
		"Break",
		"Prep",
		"Scan",
		"Break",
		"Prep",
		"Scan",
		"Break",
		"Prep",
		"Scan",
		"Break",
		"Scan",
		"Prep",
		"Scan",
		"Break",
		"Scan",
		"Break",
		"Prep",
		"Break",
		"Scan",
		"Prep",
		"Scan",
		"Break",
		"Prep",
		"Scan",
		"Break",
		"Prep",
		"Scan",
		"Dead"
	],
	"start" : 14.876111030578613
}