{
	"data" : 
	[
		0.1856888085603714,
		0.30385968089103699,
		1.0128270387649536,
		0.54020142555236816,
		6.0095019340515137,
		0.69210231304168701,
		0.033787947148084641,
		5.5874714851379395,
		0.15195882320404053,
		0.15190085768699646,
		0.11817087978124619,
		0.91157901287078857,
		0.38824263215065002,
		0.15195882320404053,
		0.11811292916536331,
		1.0466148853302002,
		0.30385968089103699,
		0.10130588710308075,
		0.33758968114852905,
		81.753265380859375
	],
	"end" : 13.499166488647461,
	"labels" : 
	[
		"Prep",
		"Scan",
		"Break",
		"Prep",
		"Scan",
		"Break",
		"Prep",
		"Scan",
		"Break",
		"Prep",
		"Break",
		"Scan",
		"Break",
		"Prep",
		"Break",
		"Scan",
		"Prep",
		"Break",
		"Scan",
		"Dead"
	],
	"start" : 11.855278015136719
}