{
	"data" : 
	[
		1.1135894060134888,
		2.2271788120269775,
		2.7042362689971924,
		0.63625878095626831,
		13.998785972595215,
		0.23866531252861023,
		0.15892815589904785,
		2.7042362689971924,
		0.079737156629562378,
		1.1133162975311279,
		14.794245719909668,
		0.079464077949523926,
		10.101222038269043,
		0.079737156629562378,
		0.63625878095626831,
		17.65740966796875,
		0.63625878095626831,
		10.021759033203125,
		20.91871452331543
	],
	"end" : 11.855278015136719,
	"labels" : 
	[
		"Prep",
		"Scan",
		"Break",
		"Prep",
		"Scan",
		"Break",
		"Prep",
		"Scan",
		"Break",
		"Prep",
		"Scan",
		"Prep",
		"Scan",
		"Break",
		"Prep",
		"Scan",
		"Prep",
		"Scan",
		"Dead"
	],
	"start" : 11.506388664245605
}