{
	"data" : 
	[
		0.50864845514297485,
		0.84766978025436401,
		0.84778618812561035,
		0.54264372587203979,
		0.23726837337017059,
		1.0512921810150146,
		0.610401451587677,
		0.47476959228515625,
		0.16951067745685577,
		0.033878851681947708,
		1.0512921810150146,
		0.98330169916152954,
		0.54264372587203979,
		4.5100784301757812,
		0.033878851681947708,
		5.832634449005127,
		0.64428025484085083,
		0.4407743513584137,
		0.03399527445435524,
		3.6961710453033447,
		0.50864845514297485,
		6.1038980484008789,
		5.832634449005127,
		0.033878851681947708,
		2.6788740158081055,
		0.54264372587203979,
		2.6449954509735107,
		0.033878851681947708,
		2.7467482089996338,
		0.67827558517456055,
		0.50864845514297485,
		2.0345938205718994,
		0.13563182950019836,
		0.50864845514297485,
		0.033878851681947708,
		4.5779528617858887,
		0.033878851681947708,
		0.33913779258728027,
		4.6118316650390625,
		0.30514252185821533,
		3.1197648048400879,
		0.50864845514297485,
		3.1197648048400879,
		0.10175297409296036,
		3.22151780128479,
		31.841812133789062
	],
	"end" : 9.3527774810791016,
	"labels" : 
	[
		"Prep",
		"Scan",
		"Break",
		"Prep",
		"Break",
		"Scan",
		"Break",
		"Prep",
		"Break",
		"Prep",
		"Scan",
		"Break",
		"Prep",
		"Scan",
		"Break",
		"Scan",
		"Break",
		"Prep",
		"Break",
		"Scan",
		"Prep",
		"Scan",
		"Scan",
		"Break",
		"Scan",
		"Prep",
		"Scan",
		"Prep",
		"Scan",
		"Break",
		"Prep",
		"Scan",
		"Break",
		"Prep",
		"Break",
		"Scan",
		"Break",
		"Prep",
		"Scan",
		"Prep",
		"Scan",
		"Prep",
		"Scan",
		"Break",
		"Scan",
		"Dead"
	],
	"start" : 8.5344448089599609
}