{
	"data" : 
	[
		0.65831875801086426,
		1.417636513710022,
		1.5191570520401001,
		0.35427877306938171,
		8.9115533828735352,
		0.81025177240371704,
		0.050586413592100143,
		1.7215025424957275,
		0.050586413592100143,
		0.30386614799499512,
		9.4685258865356445,
		2.6329271793365479,
		0.050586413592100143,
		6.379798412322998,
		11.24061393737793,
		9.1140727996826172,
		0.91142469644546509,
		7.3925704956054688,
		0.050586413592100143,
		0.10117282718420029,
		9.4685258865356445,
		27.291458129882812
	],
	"end" : 9.9008331298828125,
	"labels" : 
	[
		"Prep",
		"Scan",
		"Break",
		"Prep",
		"Scan",
		"Break",
		"Prep",
		"Scan",
		"Break",
		"Prep",
		"Scan",
		"Break",
		"Prep",
		"Scan",
		"Scan",
		"Break",
		"Prep",
		"Scan",
		"Break",
		"Prep",
		"Scan",
		"Dead"
	],
	"start" : 9.3527774810791016
}