{
	"data" : 
	[
		0.42445245385169983,
		0.038550455123186111,
		0.96468871831893921,
		10.80406379699707,
		0.96468871831893921,
		13.698262214660645,
		0.038550455123186111,
		0.27011814713478088,
		0.50155335664749146,
		4.3217582702636719,
		1.8521442413330078,
		0.077100910246372223,
		0.27011814713478088,
		6.7912392616271973,
		0.11578385531902313,
		0.65588772296905518,
		0.69457060098648071,
		0.30866861343383789,
		1.2733573913574219,
		0.038550455123186111,
		0.27011814713478088,
		0.84890490770339966,
		0.30866861343383789,
		0.11578385531902313,
		0.27011814713478088,
		0.88745540380477905,
		0.038682933896780014,
		0.038550455123186111,
		0.65602016448974609,
		3.1255016326904297,
		0.30866861343383789,
		0.3472190797328949,
		0.077233389019966125,
		0.27011814713478088,
		0.84890490770339966,
		5.4019656181335449,
		0.038682933896780014,
		4.1287407875061035,
		0.038550455123186111,
		0.077233389019966125,
		0.26998567581176758,
		0.88758784532546997,
		7.871579647064209,
		0.27011814713478088,
		0.11578385531902313,
		0.61733722686767578,
		0.038550455123186111,
		0.84890490770339966,
		0.038682933896780014,
		0.15433430671691895,
		0.27011814713478088,
		0.69443815946578979,
		0.038682933896780014,
		0.65588772296905518,
		0.69457060098648071,
		0.65602016448974609,
		0.69457060098648071,
		0.038550455123186111,
		0.65602016448974609,
		0.65588772296905518,
		0.038550455123186111,
		0.3088010847568512,
		0.65588772296905518,
		0.69457060098648071,
		0.038550455123186111,
		0.50168585777282715,
		0.65602016448974609,
		18.637092590332031
	],
	"end" : 12.624444007873535,
	"labels" : 
	[
		"Prep",
		"Break",
		"Scan",
		"Break",
		"Prep",
		"Scan",
		"Break",
		"Prep",
		"Break",
		"Scan",
		"Break",
		"Prep",
		"Break",
		"Scan",
		"Prep",
		"Break",
		"Scan",
		"Break",
		"Prep",
		"Break",
		"Break",
		"Scan",
		"Prep",
		"Break",
		"Break",
		"Scan",
		"Break",
		"Prep",
		"Break",
		"Scan",
		"Break",
		"Prep",
		"Break",
		"Break",
		"Scan",
		"Break",
		"Break",
		"Break",
		"Prep",
		"Break",
		"Break",
		"Scan",
		"Break",
		"Prep",
		"Break",
		"Scan",
		"Break",
		"Scan",
		"Break",
		"Prep",
		"Break",
		"Scan",
		"Prep",
		"Break",
		"Scan",
		"Break",
		"Scan",
		"Prep",
		"Break",
		"Scan",
		"Break",
		"Prep",
		"Break",
		"Scan",
		"Prep",
		"Break",
		"Scan",
		"Dead"
	],
	"start" : 11.905278205871582
}