{
	"data" : 
	[
		0.69420701265335083,
		0.48046386241912842,
		3.3104526996612549,
		1.0144551992416382,
		2.7764616012573242,
		0.74755114316940308,
		0.96111100912094116,
		1.9222220182418823,
		0.96111100912094116,
		9.664271354675293,
		1.9220387935638428,
		0.1068715900182724,
		7.5284895896911621,
		0.1068715900182724,
		9.9845190048217773,
		0.053527452051639557,
		0.053344134241342545,
		9.7176151275634766,
		47.894420623779297
	],
	"end" : 11.905278205871582,
	"labels" : 
	[
		"Prep",
		"Scan",
		"Break",
		"Scan",
		"Break",
		"Prep",
		"Scan",
		"Break",
		"Prep",
		"Scan",
		"Break",
		"Prep",
		"Scan",
		"Prep",
		"Scan",
		"Break",
		"Prep",
		"Scan",
		"Dead"
	],
	"start" : 11.385555267333984
}