{
	"data" : 
	[
		1.515347957611084,
		2.2726504802703857,
		6.386162281036377,
		1.515347957611084,
		0.32402732968330383,
		0.10850456357002258,
		13.096352577209473,
		2.705925464630127,
		13.637388229370117,
		0.8658069372177124,
		10.715197563171387,
		12.122039794921875,
		34.635250091552734
	],
	"end" : 16.685556411743164,
	"labels" : 
	[
		"Prep",
		"Scan",
		"Break",
		"Prep",
		"Break",
		"Prep",
		"Scan",
		"Break",
		"Scan",
		"Prep",
		"Scan",
		"Scan",
		"Dead"
	],
	"start" : 16.429166793823242
}