{
	"data" : 
	[
		0.49029716849327087,
		0.49041742086410522,
		2.4169714450836182,
		0.59552407264709473,
		3.2575838565826416,
		0.034995455294847488,
		0.59552407264709473,
		5.394230842590332,
		2.7672867774963379,
		1.0508257150650024,
		10.438386917114258,
		0.31519961357116699,
		6.1299772262573242,
		0.034995455294847488,
		0.280204176902771,
		6.3050746917724609,
		59.302509307861328
	],
	"end" : 16.429166793823242,
	"labels" : 
	[
		"Prep",
		"Scan",
		"Break",
		"Prep",
		"Scan",
		"Break",
		"Prep",
		"Scan",
		"Break",
		"Prep",
		"Scan",
		"Prep",
		"Scan",
		"Break",
		"Prep",
		"Scan",
		"Dead"
	],
	"start" : 15.636944770812988
}