{
	"data" : 
	[
		0.80754554271697998,
		0.80754554271697998,
		2.5378873348236084,
		3.6913824081420898,
		0.057625249028205872,
		10.093923568725586,
		3.5759339332580566,
		0.40377277135848999,
		8.4788331985473633,
		9.8054008483886719,
		9.6325254440307617,
		10.093725204467773,
		1.0382446050643921,
		11.074345588684082,
		27.801311492919922
	],
	"end" : 15.636944770812988,
	"labels" : 
	[
		"Prep",
		"Scan",
		"Break",
		"Scan",
		"Prep",
		"Scan",
		"Break",
		"Prep",
		"Scan",
		"Scan",
		"Break",
		"Scan",
		"Prep",
		"Scan",
		"Dead"
	],
	"start" : 15.15583324432373
}