{
	"data" : 
	[
		1.1914279460906982,
		0.47657114267349243,
		1.6674537658691406,
		0.8735319972038269,
		4.6855559349060059,
		2.3823106288909912,
		1.905739426612854,
		0.079610280692577362,
		5.638153076171875,
		2.9379467964172363,
		0.15867528319358826,
		1.9853496551513672,
		1.5883886814117432,
		1.2704929113388062,
		2.8588817119598389,
		3.0971672534942627,
		2.3027000427246094,
		0.15922056138515472,
		2.6996610164642334,
		0.079610280692577362,
		0.95259702205657959,
		10.323709487915039,
		0.079610280692577362,
		2.6996610164642334,
		2.3032455444335938,
		2.8588817119598389,
		0.079065009951591492,
		0.55618143081665039,
		10.244098663330078,
		0.15867528319358826,
		3.4941279888153076,
		0.63524645566940308,
		0.15867528319358826,
		5.1621270179748535,
		22.155651092529297
	],
	"end" : 17.524444580078125,
	"labels" : 
	[
		"Prep",
		"Scan",
		"Break",
		"Scan",
		"Break",
		"Prep",
		"Break",
		"Prep",
		"Scan",
		"Break",
		"Prep",
		"Break",
		"Break",
		"Break",
		"Break",
		"Break",
		"Break",
		"Prep",
		"Break",
		"Prep",
		"Break",
		"Scan",
		"Break",
		"Break",
		"Break",
		"Break",
		"Prep",
		"Break",
		"Scan",
		"Prep",
		"Break",
		"Break",
		"Prep",
		"Scan",
		"Dead"
	],
	"start" : 17.174999237060547
}