{
	"data" : 
	[
		1.4214166402816772,
		2.1317763328552246,
		2.9446117877960205,
		1.8271371126174927,
		0.20286032557487488,
		0.10177872329950333,
		0.10177872329950333,
		0.81213843822479248,
		10.253857612609863,
		0.10108161717653275,
		0.10177872329950333,
		12.48741340637207,
		0.10177872329950333,
		8.6295814514160156,
		0.10177872329950333,
		1.4207195043563843,
		10.050997734069824,
		47.107517242431641
	],
	"end" : 17.79777717590332,
	"labels" : 
	[
		"Prep",
		"Scan",
		"Break",
		"Prep",
		"Break",
		"Prep",
		"Scan",
		"Break",
		"Scan",
		"Break",
		"Break",
		"Scan",
		"Prep",
		"Scan",
		"Break",
		"Prep",
		"Scan",
		"Dead"
	],
	"start" : 17.524444580078125
}