{
	"data" : 
	[
		1.1848379373550415,
		0.78953039646148682,
		1.8165707588195801,
		1.6582307815551758,
		7.4235382080078125,
		1.8165707588195801,
		9.3973636627197266,
		0.079169943928718567,
		13.18830394744873,
		0.079169943928718567,
		14.925704002380371,
		3.8695669174194336,
		0.078627683222293854,
		9.2401084899902344,
		12.161805152893066,
		0.078627683222293854,
		7.7396755218505859,
		0.078627683222293854,
		3.9487369060516357,
		10.345234870910645
	],
	"end" : 18.149166107177734,
	"labels" : 
	[
		"Prep",
		"Scan",
		"Break",
		"Scan",
		"Break",
		"Prep",
		"Scan",
		"Prep",
		"Scan",
		"Prep",
		"Scan",
		"Break",
		"Prep",
		"Scan",
		"Scan",
		"Break",
		"Scan",
		"Break",
		"Prep",
		"Scan"
	],
	"start" : 17.79777717590332
}