{
	"data" : 
	[
		0.9585689902305603,
		0.73734128475189209,
		0.95831584930419922,
		0.073658190667629242,
		1.401024341583252,
		5.0133132934570312,
		2.21177077293396,
		13.565764427185059,
		3.8337697982788086,
		0.14756950736045837,
		10.61665153503418,
		0.22097457945346832,
		13.786992073059082,
		0.14756950736045837,
		11.13276481628418,
		35.093952178955078
	],
	"end" : 10.397222518920898,
	"labels" : 
	[
		"Prep",
		"Scan",
		"Break",
		"Prep",
		"Scan",
		"Break",
		"Prep",
		"Scan",
		"Break",
		"Prep",
		"Scan",
		"Prep",
		"Scan",
		"Prep",
		"Scan",
		"Dead"
	],
	"start" : 10.020833015441895
}