{
	"data" : 
	[
		1.3063604831695557,
		2.1106727123260498,
		7.0352311134338379,
		1.4071152210235596,
		0.4019835889339447,
		12.160608291625977,
		0.10075468569993973,
		0.10040964186191559,
		13.869297981262207,
		0.20116433501243591,
		0.70355761051177979,
		10.35185432434082,
		0.10040964186191559,
		9.1459035873413086,
		40.904682159423828
	],
	"end" : 15.15583324432373,
	"labels" : 
	[
		"Prep",
		"Scan",
		"Break",
		"Prep",
		"Break",
		"Scan",
		"Prep",
		"Break",
		"Scan",
		"Break",
		"Prep",
		"Scan",
		"Break",
		"Scan",
		"Dead"
	],
	"start" : 14.879722595214844
}