{
	"data" : 
	[
		0.27899599075317383,
		0.27906441688537598,
		1.7540409564971924,
		0.15944583714008331,
		1.4948902130126953,
		0.019982054829597473,
		0.31889167428016663,
		3.6476142406463623,
		0.019913623109459877,
		0.59795612096786499,
		5.9398021697998047,
		0.05980929359793663,
		4.5046525001525879,
		0.019913623109459877,
		0.05980929359793663,
		5.0428681373596191,
		0.37870097160339355,
		0.21925511956214905,
		2.5712523460388184,
		0.019913623109459877,
		0.019913623109459877,
		4.7239766120910645,
		0.53814679384231567,
		0.27906441688537598,
		0.059740863740444183,
		4.9232497215270996,
		0.33887374401092529,
		5.860079288482666,
		0.67767900228500366,
		0.079722918570041656,
		7.3549690246582031,
		0.019913623109459877,
		0.2989780604839325,
		0.41859665513038635,
		0.87702047824859619,
		0.2989780604839325,
		0.47840592265129089,
		1.5546995401382446,
		0.27906441688537598,
		0.47833749651908875,
		0.15944583714008331,
		0.65776538848876953,
		0.25915080308914185,
		1.4151673316955566,
		1.056380033493042,
		0.17942789196968079,
		0.4385102391242981,
		0.65776538848876953,
		0.019913623109459877,
		1.6145088672637939,
		0.05980929359793663,
		0.69759261608123779,
		1.4151673316955566,
		0.019982054829597473,
		2.4317200183868408,
		0.019913623109459877,
		0.2989780604839325,
		0.039895676076412201,
		2.0928463935852051,
		1.8935732841491699,
		0.019913623109459877,
		0.11961858719587326,
		0.019913623109459877,
		2.9698667526245117,
		0.31896010041236877,
		1.6543360948562622,
		0.019982054829597473,
		1.19591224193573,
		0.019913623109459877,
		2.5513386726379395,
		0.31889167428016663,
		4.0263156890869141,
		0.019913623109459877,
		1.5546995401382446,
		0.17942789196968079,
		0.31889167428016663,
		0.15944583714008331,
		0.039895676076412201,
		3.966505765914917,
		0.019913623109459877,
		0.19934152066707611,
		0.039827246218919754,
		3.6476142406463623,
		4.1458654403686523
	],
	"end" : 10.020833015441895,
	"labels" : 
	[
		"Prep",
		"Scan",
		"Break",
		"Prep",
		"Scan",
		"Break",
		"Prep",
		"Scan",
		"Break",
		"Prep",
		"Scan",
		"Prep",
		"Scan",
		"Break",
		"Prep",
		"Scan",
		"Prep",
		"Scan",
		"Break",
		"Break",
		"Prep",
		"Scan",
		"Break",
		"Prep",
		"Break",
		"Scan",
		"Prep",
		"Scan",
		"Prep",
		"Break",
		"Scan",
		"Break",
		"Prep",
		"Scan",
		"Break",
		"Prep",
		"Scan",
		"Break",
		"Prep",
		"Scan",
		"Prep",
		"Break",
		"Prep",
		"Scan",
		"Break",
		"Prep",
		"Scan",
		"Break",
		"Prep",
		"Scan",
		"Scan",
		"Break",
		"Scan",
		"Break",
		"Scan",
		"Break",
		"Prep",
		"Break",
		"Scan",
		"Scan",
		"Prep",
		"Break",
		"Prep",
		"Scan",
		"Prep",
		"Scan",
		"Prep",
		"Scan",
		"Break",
		"Scan",
		"Prep",
		"Scan",
		"Prep",
		"Scan",
		"Prep",
		"Break",
		"Prep",
		"Break",
		"Scan",
		"Break",
		"Prep",
		"Break",
		"Scan",
		"Dead"
	],
	"start" : 8.6286115646362305
}