{
	"data" : 
	[
		0.90389686822891235,
		0.90411859750747681,
		2.7768721580505371,
		0.064516551792621613,
		8.2658777236938477,
		0.064516551792621613,
		1.0978899002075195,
		10.20314884185791,
		0.064516551792621613,
		0.4520592987537384,
		11.365554809570312,
		0.064516551792621613,
		0.4520592987537384,
		19.243669509887695,
		0.064738258719444275,
		0.4520592987537384,
		18.791831970214844,
		24.668159484863281
	],
	"end" : 10.826944351196289,
	"labels" : 
	[
		"Prep",
		"Scan",
		"Break",
		"Prep",
		"Scan",
		"Break",
		"Prep",
		"Scan",
		"Break",
		"Prep",
		"Scan",
		"Break",
		"Prep",
		"Scan",
		"Break",
		"Prep",
		"Scan",
		"Dead"
	],
	"start" : 10.397222518920898
}