{
	"data" : 
	[
		0.85024923086166382,
		0.79379951953887939,
		1.9843043088912964,
		0.056839004158973694,
		4.6491189002990723,
		0.39670512080192566,
		11.396220207214355,
		0.056839004158973694,
		0.45354411005973816,
		0.056839004158973694,
		5.4993681907653809,
		11.055965423583984,
		6.3500065803527832,
		11.396220207214355,
		1.0203769207000732,
		0.39709442853927612,
		11.566348075866699,
		31.920162200927734
	],
	"end" : 17.174999237060547,
	"labels" : 
	[
		"Prep",
		"Scan",
		"Break",
		"Prep",
		"Scan",
		"Prep",
		"Scan",
		"Prep",
		"Break",
		"Prep",
		"Scan",
		"Scan",
		"Break",
		"Scan",
		"Prep",
		"Break",
		"Scan",
		"Dead"
	],
	"start" : 16.685556411743164
}