{
	"data" : 
	[
		0.20143650472164154,
		0.21691523492336273,
		0.60420310497283936,
		0.23239399492740631,
		1.0690443515777588,
		0.015478747896850109,
		0.26340466737747192,
		2.5718657970428467,
		0.015478747896850109,
		0.46478798985481262,
		4.601496696472168,
		0.015478747896850109,
		0.12393637746572495,
		2.5254297256469727,
		0.030957495793700218,
		2.200056791305542,
		1.9986201524734497,
		2.2000036239624023,
		0.015478747896850109,
		0.12398955971002579,
		4.492985725402832,
		75.916557312011719
	],
	"end" : 14.879722595214844,
	"labels" : 
	[
		"Prep",
		"Scan",
		"Break",
		"Prep",
		"Scan",
		"Break",
		"Prep",
		"Scan",
		"Break",
		"Prep",
		"Scan",
		"Break",
		"Prep",
		"Scan",
		"Prep",
		"Scan",
		"Break",
		"Scan",
		"Break",
		"Prep",
		"Scan",
		"Dead"
	],
	"start" : 13.088610649108887
}