{
	"data" : 
	[
		0.37548169493675232,
		0.37543568015098572,
		1.0996052026748657,
		0.026793815195560455,
		2.0918970108032227,
		0.026793815195560455,
		0.45590916275978088,
		4.4251227378845215,
		0.026793815195560455,
		0.61685627698898315,
		7.9919686317443848,
		0.21458069980144501,
		4.0496411323547363,
		0.053633667528629303,
		4.2105422019958496,
		73.85894775390625
	],
	"end" : 8.6286115646362305,
	"labels" : 
	[
		"Prep",
		"Scan",
		"Break",
		"Prep",
		"Scan",
		"Break",
		"Prep",
		"Scan",
		"Break",
		"Prep",
		"Scan",
		"Prep",
		"Scan",
		"Prep",
		"Scan",
		"Dead"
	],
	"start" : 7.5938887596130371
}