{
	"data" : 
	[
		0.69550997018814087,
		0.69550997018814087,
		2.8811304569244385,
		0.74514055252075195,
		3.1794257164001465,
		0.049630559980869293,
		0.84457224607467651,
		8.1965465545654297,
		0.89420276880264282,
		14.803720474243164,
		0.39738556742668152,
		8.097285270690918,
		0.049801111221313477,
		7.10382080078125,
		10.779723167419434,
		7.0541906356811523,
		0.049630559980869293,
		0.44718664884567261,
		14.40616512298584,
		18.529424667358398
	],
	"end" : 11.385555267333984,
	"labels" : 
	[
		"Prep",
		"Scan",
		"Break",
		"Prep",
		"Scan",
		"Break",
		"Prep",
		"Scan",
		"Prep",
		"Scan",
		"Prep",
		"Scan",
		"Break",
		"Scan",
		"Break",
		"Scan",
		"Break",
		"Prep",
		"Scan",
		"Dead"
	],
	"start" : 10.826944351196289
}