{
	"data" : 
	[
		0.83702588081359863,
		0.83702588081359863,
		3.1087772846221924,
		0.83702588081359863,
		3.7066822052001953,
		1.3152676820755005,
		8.7883615493774414,
		0.059728916734457016,
		1.7337806224822998,
		17.815637588500977,
		0.059934172779321671,
		0.41851294040679932,
		10.880720138549805,
		0.53797072172164917,
		9.7450494766235352,
		0.17918674647808075,
		8.4895114898681641,
		1.2555388212203979,
		0.059728916734457016,
		0.059728916734457016,
		10.223291397094727,
		18.951513290405273
	],
	"end" : 13.088610649108887,
	"labels" : 
	[
		"Prep",
		"Scan",
		"Break",
		"Prep",
		"Scan",
		"Prep",
		"Scan",
		"Break",
		"Prep",
		"Scan",
		"Break",
		"Prep",
		"Scan",
		"Prep",
		"Scan",
		"Prep",
		"Scan",
		"Prep",
		"Break",
		"Prep",
		"Scan",
		"Dead"
	],
	"start" : 12.624444007873535
}