{
	"data" : 
	[
		0.16559590399265289,
		0.29806506633758545,
		0.33119180798530579,
		0.08831275999546051,
		1.8436899185180664,
		0.044156379997730255,
		0.20975229144096375,
		2.6054160594940186,
		2.7930710315704346,
		0.011067521758377552,
		3.0028233528137207,
		0.15456628799438477,
		0.20975229144096375,
		2.7931089401245117,
		0.011029619723558426,
		0.033126760274171829,
		0.83904701471328735,
		0.022059239447116852,
		2.0644717216491699,
		82.379692077636719
	],
	"end" : 11.491666793823242,
	"labels" : 
	[
		"Prep",
		"Scan",
		"Break",
		"Prep",
		"Scan",
		"Break",
		"Prep",
		"Scan",
		"Scan",
		"Prep",
		"Scan",
		"Break",
		"Prep",
		"Scan",
		"Break",
		"Prep",
		"Scan",
		"Prep",
		"Scan",
		"Dead"
	],
	"start" : 8.9780559539794922
}