{
	"data" : 
	[
		0.97177517414093018,
		1.7491508722305298,
		2.0732240676879883,
		0.8421013355255127,
		10.884148597717285,
		0.064725697040557861,
		1.4900256395339966,
		15.289501190185547,
		0.12967382371425629,
		15.548625946044922,
		0.064725697040557861,
		17.621850967407227,
		0.064725697040557861,
		0.64792424440383911,
		15.095101356506348,
		0.12967382371425629,
		4.9885497093200684,
		0.12945139408111572,
		12.115049362182617
	],
	"end" : 15.957777976989746,
	"labels" : 
	[
		"Prep",
		"Scan",
		"Break",
		"Prep",
		"Scan",
		"Break",
		"Prep",
		"Scan",
		"Prep",
		"Scan",
		"Prep",
		"Scan",
		"Break",
		"Prep",
		"Scan",
		"Prep",
		"Scan",
		"Prep",
		"Scan"
	],
	"start" : 15.529444694519043
}