{
	"data" : 
	[
		0.25428080558776855,
		0.47468855977058411,
		0.6950380802154541,
		0.25428080558776855,
		3.4243228435516357,
		0.016994735226035118,
		0.28815388679504395,
		1.2883988618850708,
		0.050867803394794464,
		0.15254521369934082,
		4.797520637512207,
		0.016936535015702248,
		0.050867803394794464,
		3.9329426288604736,
		0.016936535015702248,
		0.033931270241737366,
		3.1531052589416504,
		0.016936535015702248,
		0.067862540483474731,
		1.2883405685424805,
		0.11867213994264603,
		0.050867803394794464,
		0.16953994333744049,
		0.44075727462768555,
		0.20341302454471588,
		5.2212834358215332,
		0.050867803394794464,
		8.713526725769043,
		64.656120300292969
	],
	"end" : 13.783333778381348,
	"labels" : 
	[
		"Prep",
		"Scan",
		"Break",
		"Prep",
		"Scan",
		"Break",
		"Prep",
		"Scan",
		"Break",
		"Prep",
		"Scan",
		"Break",
		"Prep",
		"Scan",
		"Break",
		"Prep",
		"Scan",
		"Break",
		"Prep",
		"Scan",
		"Break",
		"Prep",
		"Scan",
		"Break",
		"Prep",
		"Scan",
		"Break",
		"Scan",
		"Dead"
	],
	"start" : 12.146389007568359
}