{
	"data" : 
	[
		0.47387045621871948,
		0.30156740546226501,
		2.1970493793487549,
		2.1538627147674561,
		1.3785727024078369,
		0.25838068127632141,
		3.9202282428741455,
		0.38779288530349731,
		1.2923471927642822,
		4.3078732490539551,
		5.7725234031677246,
		0.17230309545993805,
		0.25852859020233154,
		6.1603164672851562,
		11.674310684204102,
		1.0339664220809937,
		0.30156740546226501,
		0.99077969789505005,
		1.8954818248748779,
		0.043038796633481979,
		0.25852859020233154,
		4.1786088943481445,
		0.3446061909198761,
		1.07700514793396,
		0.30156740546226501,
		0.94774091243743896,
		0.086077593266963959,
		9.6927518844604492,
		1.3355338573455811,
		0.43068379163742065,
		3.0155258178710938,
		3.9202282428741455,
		0.81847661733627319,
		0.086225494742393494,
		6.7202644348144531,
		21.711816787719727
	],
	"end" : 12.146389007568359,
	"labels" : 
	[
		"Prep",
		"Break",
		"Scan",
		"Break",
		"Prep",
		"Break",
		"Scan",
		"Break",
		"Prep",
		"Break",
		"Scan",
		"Prep",
		"Break",
		"Scan",
		"Break",
		"Prep",
		"Break",
		"Scan",
		"Break",
		"Prep",
		"Break",
		"Scan",
		"Break",
		"Prep",
		"Break",
		"Scan",
		"Prep",
		"Scan",
		"Break",
		"Prep",
		"Break",
		"Scan",
		"Prep",
		"Break",
		"Scan",
		"Dead"
	],
	"start" : 11.491666793823242
}