{
	"data" : 
	[
		0.22245106101036072,
		0.38144600391387939,
		0.63570696115493774,
		0.28607085347175598,
		0.57208710908889771,
		0.38144600391387939,
		0.25426095724105835,
		0.095375142991542816,
		0.49264422059059143,
		0.34963607788085938,
		0.2225055992603302,
		2.4792079925537109,
		0.015932230278849602,
		3.2420454025268555,
		0.015877669677138329,
		0.1112527996301651,
		1.4462319612503052,
		0.015877669677138329,
		0.25426095724105835,
		2.7335233688354492,
		0.015877669677138329,
		3.4168634414672852,
		0.015932230278849602,
		0.25426095724105835,
		2.8606538772583008,
		1.0647859573364258,
		0.2225055992603302,
		1.8117456436157227,
		0.015877669677138329,
		2.7494010925292969,
		0.33375841379165649,
		0.14300815761089325,
		4.2432661056518555,
		0.015932230278849602,
		0.25426095724105835,
		4.4022064208984375,
		0.015877669677138329,
		0.15894037485122681,
		4.0366926193237305,
		0.12713047862052917,
		0.015877669677138329,
		1.8594332933425903,
		8.4865865707397461,
		0.2225055992603302,
		4.1797008514404297,
		44.769077301025391
	],
	"end" : 15.529444694519043,
	"labels" : 
	[
		"Prep",
		"Scan",
		"Break",
		"Prep",
		"Scan",
		"Break",
		"Prep",
		"Break",
		"Scan",
		"Break",
		"Prep",
		"Scan",
		"Break",
		"Scan",
		"Break",
		"Prep",
		"Scan",
		"Break",
		"Prep",
		"Scan",
		"Prep",
		"Scan",
		"Break",
		"Prep",
		"Scan",
		"Break",
		"Prep",
		"Scan",
		"Prep",
		"Scan",
		"Break",
		"Prep",
		"Scan",
		"Break",
		"Prep",
		"Scan",
		"Break",
		"Prep",
		"Scan",
		"Break",
		"Prep",
		"Scan",
		"Break",
		"Prep",
		"Scan",
		"Dead"
	],
	"start" : 13.783333778381348
}