{
	"data" : 
	[
		0.30649960041046143,
		0.55175542831420898,
		1.7368544340133667,
		0.16345711052417755,
		3.8619372844696045,
		0.020414600148797035,
		0.36781355738639832,
		1.4712542295455933,
		0.061243802309036255,
		0.18394185602664948,
		6.3548336029052734,
		0.020484752953052521,
		0.061243802309036255,
		5.1697344779968262,
		1.716439962387085,
		0.04082920029759407,
		5.0471067428588867,
		0.020414600148797035,
		0.14304250478744507,
		1.9821103811264038,
		0.65382844209671021,
		0.55175542831420898,
		0.40864276885986328,
		0.040899351239204407,
		3.5758519172668457,
		0.020414600148797035,
		0.16352725028991699,
		1.9411407709121704,
		0.22477106750011444,
		0.36781355738639832,
		0.16345711052417755,
		0.61299920082092285,
		0.28608500957489014,
		0.30649960041046143,
		0.12262790650129318,
		0.63341379165649414,
		0.30649960041046143,
		0.24525581300258636,
		0.020414600148797035,
		3.5146083831787109,
		0.020414600148797035,
		0.63341379165649414,
		4.3727931976318359,
		0.020484752953052521,
		0.30649960041046143,
		0.04082920029759407,
		4.454521656036377,
		1.1442699432373047,
		0.28608500957489014,
		0.020414600148797035,
		0.020484752953052521,
		4.3932080268859863,
		0.020414600148797035,
		0.3882281482219696,
		0.020484752953052521,
		0.020414600148797035,
		3.1467945575714111,
		7.3560609817504883,
		0.020484752953052521,
		0.22477106750011444,
		2.9832675457000732,
		0.020414600148797035,
		1.7981685400009155,
		0.91956895589828491,
		0.34732881188392639,
		2.2885398864746094,
		0.020484752953052521,
		0.30649960041046143,
		2.5542101860046387,
		18.308528900146484
	],
	"end" : 11.422778129577637,
	"labels" : 
	[
		"Prep",
		"Scan",
		"Break",
		"Prep",
		"Scan",
		"Break",
		"Prep",
		"Scan",
		"Break",
		"Prep",
		"Scan",
		"Break",
		"Prep",
		"Scan",
		"Break",
		"Prep",
		"Scan",
		"Break",
		"Prep",
		"Scan",
		"Prep",
		"Scan",
		"Break",
		"Prep",
		"Scan",
		"Break",
		"Prep",
		"Scan",
		"Break",
		"Prep",
		"Break",
		"Scan",
		"Break",
		"Prep",
		"Break",
		"Scan",
		"Prep",
		"Break",
		"Prep",
		"Scan",
		"Break",
		"Prep",
		"Scan",
		"Break",
		"Prep",
		"Break",
		"Scan",
		"Break",
		"Prep",
		"Break",
		"Prep",
		"Scan",
		"Prep",
		"Break",
		"Prep",
		"Prep",
		"Scan",
		"Break",
		"Prep",
		"Break",
		"Scan",
		"Break",
		"Scan",
		"Break",
		"Prep",
		"Scan",
		"Break",
		"Prep",
		"Scan",
		"Dead"
	],
	"start" : 10.064722061157227
}