{
	"data" : 
	[
		0.36763423681259155,
		0.68621134757995605,
		2.303919792175293,
		0.36763423681259155,
		5.1469635963439941,
		0.41660729050636292,
		1.9117990732192993,
		0.14700321853160858,
		0.46566444635391235,
		7.6224575042724609,
		0.024486511945724487,
		0.073543675243854523,
		6.2253799438476562,
		0.073459535837173462,
		7.0097055435180664,
		0.024486511945724487,
		2.4019501209259033,
		0.024486511945724487,
		0.024486511945724487,
		1.0294432640075684,
		2.3038358688354492,
		0.024486511945724487,
		7.0341920852661133,
		0.024570656940340996,
		2.4018659591674805,
		0.68629550933837891,
		0.024486511945724487,
		7.6469440460205078,
		3.6027987003326416,
		0.049057170748710632,
		7.6223735809326172,
		0.024570656940340996,
		1.4950234889984131,
		30.612176895141602
	],
	"end" : 12.555000305175781,
	"labels" : 
	[
		"Prep",
		"Scan",
		"Break",
		"Prep",
		"Scan",
		"Prep",
		"Scan",
		"Break",
		"Prep",
		"Scan",
		"Break",
		"Prep",
		"Scan",
		"Prep",
		"Scan",
		"Break",
		"Scan",
		"Break",
		"Prep",
		"Scan",
		"Break",
		"Prep",
		"Scan",
		"Break",
		"Scan",
		"Break",
		"Prep",
		"Scan",
		"Break",
		"Prep",
		"Scan",
		"Prep",
		"Scan",
		"Dead"
	],
	"start" : 11.422778129577637
}