{
	"data" : 
	[
		0.53603625297546387,
		1.302478551864624,
		4.2903938293457031,
		0.53603625297546387,
		1.302478551864624,
		2.221998929977417,
		1.0720725059509277,
		0.9963223934173584,
		2.7580351829528809,
		0.91899436712265015,
		7.4313869476318359,
		2.0683948993682861,
		0.38295817375183105,
		0.076802045106887817,
		0.076276004314422607,
		0.076802045106887817,
		13.636571884155273,
		0.15307804942131042,
		1.6091607809066772,
		0.84271836280822754,
		17.237325668334961,
		0.076276004314422607,
		0.076802045106887817,
		21.83387565612793,
		0.22988009452819824,
		18.15684700012207
	],
	"end" : 18.49333381652832,
	"labels" : 
	[
		"Prep",
		"Scan",
		"Break",
		"Prep",
		"Scan",
		"Break",
		"Prep",
		"Scan",
		"Break",
		"Prep",
		"Scan",
		"Prep",
		"Break",
		"Prep",
		"Break",
		"Prep",
		"Scan",
		"Prep",
		"Break",
		"Break",
		"Scan",
		"Break",
		"Prep",
		"Scan",
		"Prep",
		"Scan"
	],
	"start" : 18.131111145019531
}