{
	"data" : 
	[
		0.27927455306053162,
		0.53875255584716797,
		1.1372371912002563,
		0.13967151939868927,
		3.7909276485443115,
		0.29927653074264526,
		0.31921002268791199,
		1.4565156698226929,
		0.059869010001420975,
		0.03986700251698494,
		6.2250752449035645,
		0.01993350125849247,
		0.039935503154993057,
		5.0677676200866699,
		0.039935503154993057,
		4.9480981826782227,
		0.020002001896500587,
		1.9552643299102783,
		0.69835758209228516,
		0.21947401762008667,
		0.01993350125849247,
		0.61848658323287964,
		0.33921205997467041,
		0.31921002268791199,
		0.13967151939868927,
		0.01993350125849247,
		0.61855506896972656,
		0.21947401762008667,
		0.31921002268791199,
		0.51875060796737671,
		0.01993350125849247,
		0.039935503154993057,
		0.87789607048034668,
		0.15960501134395599,
		2.6735553741455078,
		2.6137549877166748,
		0.31921002268791199,
		2.7334244251251221,
		0.020002001896500587,
		2.6136863231658936,
		0.31921002268791199,
		0.11973802000284195,
		0.31921002268791199,
		3.5913870334625244,
		0.020002001896500587,
		2.5937528610229492,
		0.39901253581047058,
		0.01993350125849247,
		0.020002001896500587,
		4.4293475151062012,
		0.059869010001420975,
		0.01993350125849247,
		3.7509918212890625,
		1.4963827133178711,
		0.17960701882839203,
		0.39901253581047058,
		0.01993350125849247,
		6.0654702186584473,
		33.579322814941406
	],
	"end" : 13.945833206176758,
	"labels" : 
	[
		"Prep",
		"Scan",
		"Break",
		"Prep",
		"Scan",
		"Break",
		"Prep",
		"Scan",
		"Break",
		"Prep",
		"Scan",
		"Break",
		"Prep",
		"Scan",
		"Prep",
		"Scan",
		"Prep",
		"Scan",
		"Prep",
		"Break",
		"Prep",
		"Scan",
		"Break",
		"Prep",
		"Break",
		"Prep",
		"Scan",
		"Break",
		"Prep",
		"Scan",
		"Break",
		"Prep",
		"Break",
		"Prep",
		"Scan",
		"Scan",
		"Prep",
		"Scan",
		"Break",
		"Scan",
		"Prep",
		"Scan",
		"Break",
		"Scan",
		"Prep",
		"Scan",
		"Break",
		"Prep",
		"Break",
		"Scan",
		"Break",
		"Prep",
		"Scan",
		"Break",
		"Prep",
		"Break",
		"Prep",
		"Scan",
		"Dead"
	],
	"start" : 12.555000305175781
}