{
	"data" : 
	[
		1.3631255626678467,
		0.020634079352021217,
		0.68156278133392334,
		0.20655351877212524,
		0.57832151651382446,
		3.0979480743408203,
		0.20655351877212524,
		0.53698241710662842,
		0.4750092625617981,
		0.020634079352021217,
		4.6263589859008789,
		2.7262511253356934,
		0.20655351877212524,
		1.0119917392730713,
		0.28916075825691223,
		11.23536205291748,
		6.2373061180114746,
		0.20648261904716492,
		1.1359379291534424,
		0.88811635971069336,
		0.24782167375087738,
		0.3924020528793335,
		0.020704986527562141,
		16.770471572875977,
		0.28916075825691223,
		2.8707606792449951,
		2.3338491916656494,
		0.20648261904716492,
		1.9414471387863159,
		1.8587689399719238,
		0.30979481339454651,
		2.0653223991394043,
		2.375117301940918,
		0.2478925883769989,
		2.1891977787017822,
		30.029960632324219
	],
	"end" : 15.308055877685547,
	"labels" : 
	[
		"Prep",
		"Break",
		"Break",
		"Prep",
		"Scan",
		"Break",
		"Prep",
		"Scan",
		"Break",
		"Prep",
		"Scan",
		"Break",
		"Prep",
		"Scan",
		"Break",
		"Break",
		"Scan",
		"Prep",
		"Scan",
		"Break",
		"Prep",
		"Scan",
		"Prep",
		"Break",
		"Scan",
		"Break",
		"Prep",
		"Prep",
		"Break",
		"Scan",
		"Prep",
		"Break",
		"Scan",
		"Prep",
		"Scan",
		"Dead"
	],
	"start" : 13.945833206176758
}