{
	"data" : 
	[
		0.32521641254425049,
		0.59125638008117676,
		1.8922234773635864,
		0.029537444934248924,
		0.82786047458648682,
		1.8625844717025757,
		0.26603999733924866,
		0.97564923763275146,
		1.3895794153213501,
		0.29567894339561462,
		5.8537936210632324,
		0.029638947919011116,
		3.3703136444091797,
		0.26614150404930115,
		0.059074889868497849,
		0.029638947919011116,
		4.3756017684936523,
		0.029537444934248924,
		6.0312213897705078,
		22.439830780029297,
		0.62089532613754272,
		4.1095619201660156,
		0.56171900033950806,
		3.695631742477417,
		39.971775054931641
	],
	"end" : 10.064722061157227,
	"labels" : 
	[
		"Prep",
		"Scan",
		"Break",
		"Prep",
		"Scan",
		"Break",
		"Prep",
		"Scan",
		"Break",
		"Prep",
		"Scan",
		"Prep",
		"Scan",
		"Prep",
		"Break",
		"Prep",
		"Scan",
		"Prep",
		"Scan",
		"Break",
		"Prep",
		"Scan",
		"Prep",
		"Scan",
		"Dead"
	],
	"start" : 9.1261110305786133
}