{
	"data" : 
	[
		0.25273847579956055,
		0.59729576110839844,
		1.8381122350692749,
		0.18379545211791992,
		0.41350030899047852,
		1.2867258787155151,
		0.023033590987324715,
		2.5273845195770264,
		0.091818839311599731,
		2.067817211151123,
		0.39062449336051941,
		2.7111799716949463,
		0.045909419655799866,
		2.6193611621856689,
		0.18379545211791992,
		0.66623878479003906,
		2.3666226863861084,
		0.022875828668475151,
		0.27577203512191772,
		1.1029304265975952,
		0.50547695159912109,
		2.2057030200958252,
		0.068943008780479431,
		0.82700061798095703,
		0.43653389811515808,
		0.18395321071147919,
		2.734055757522583,
		2.9869520664215088,
		0.045909419655799866,
		2.7111799716949463,
		0.023033590987324715,
		0.068943008780479431,
		4.2045769691467285,
		0.82715839147567749,
		0.34455728530883789,
		2.3435890674591064,
		2.3435890674591064,
		0.18379545211791992,
		2.3435890674591064,
		54.843929290771484
	],
	"end" : 18.131111145019531,
	"labels" : 
	[
		"Prep",
		"Scan",
		"Break",
		"Prep",
		"Scan",
		"Break",
		"Prep",
		"Scan",
		"Prep",
		"Break",
		"Prep",
		"Scan",
		"Prep",
		"Scan",
		"Break",
		"Prep",
		"Scan",
		"Break",
		"Prep",
		"Scan",
		"Break",
		"Scan",
		"Prep",
		"Scan",
		"Break",
		"Prep",
		"Scan",
		"Break",
		"Prep",
		"Scan",
		"Break",
		"Prep",
		"Scan",
		"Break",
		"Prep",
		"Scan",
		"Break",
		"Prep",
		"Scan",
		"Dead"
	],
	"start" : 16.923334121704102
}