{
	"data" : 
	[
		0.30315139889717102,
		0.14141049981117249,
		0.62656372785568237,
		0.22231563925743103,
		0.34353455901145935,
		0.10109671950340271,
		0.020191587507724762,
		0.60630279779434204,
		0.2627682089805603,
		0.30315139889717102,
		0.10102732479572296,
		0.020191587507724762,
		0.62656372785568237,
		0.78816580772399902,
		0.32341235876083374,
		0.060644153505563736,
		0.020191587507724762,
		3.6176249980926514,
		0.16174086928367615,
		5.4163417816162109,
		0.020191587507724762,
		0.28295978903770447,
		1.7785251140594482,
		1.8795524835586548,
		0.020260974764823914,
		3.7389130592346191,
		0.020191587507724762,
		0.40417870879173279,
		0.12128830701112747,
		5.214287281036377,
		0.020191587507724762,
		0.28295978903770447,
		3.9410371780395508,
		0.020191587507724762,
		0.14147989451885223,
		6.3460564613342285,
		0.020260974764823914,
		0.14141049981117249,
		0.020260974764823914,
		0.020191587507724762,
		1.9806491136550903,
		0.060574769973754883,
		0.30315139889717102,
		0.2627682089805603,
		0.020191587507724762,
		5.4972467422485352,
		0.040452562272548676,
		0.020191587507724762,
		0.74778264760971069,
		0.040383175015449524,
		6.8311405181884766,
		0.040452562272548676,
		0.020191587507724762,
		0.20212404429912567,
		0.020191587507724762,
		4.8302998542785645,
		3.1528019905090332,
		0.16167148947715759,
		5.901425838470459,
		31.265529632568359
	],
	"end" : 15.879722595214844,
	"labels" : 
	[
		"Prep",
		"Break",
		"Scan",
		"Break",
		"Prep",
		"Break",
		"Prep",
		"Scan",
		"Break",
		"Prep",
		"Break",
		"Prep",
		"Scan",
		"Break",
		"Prep",
		"Break",
		"Prep",
		"Scan",
		"Break",
		"Scan",
		"Break",
		"Prep",
		"Scan",
		"Break",
		"Prep",
		"Scan",
		"Break",
		"Break",
		"Break",
		"Scan",
		"Break",
		"Prep",
		"Scan",
		"Prep",
		"Break",
		"Scan",
		"Break",
		"Prep",
		"Break",
		"Prep",
		"Scan",
		"Break",
		"Prep",
		"Break",
		"Prep",
		"Scan",
		"Break",
		"Prep",
		"Break",
		"Break",
		"Scan",
		"Break",
		"Prep",
		"Break",
		"Prep",
		"Scan",
		"Break",
		"Prep",
		"Scan",
		"Dead"
	],
	"start" : 14.506667137145996
}