{
	"data" : 
	[
		0.18745017051696777,
		0.33744463324546814,
		0.89975225925445557,
		0.099967703223228455,
		2.361940860748291,
		0.43736943602561951,
		0.21246354281902313,
		0.89975225925445557,
		0.087482467293739319,
		0.37490034103393555,
		3.5366256237030029,
		0.01248523686081171,
		0.025013377889990807,
		2.9117631912231445,
		0.037498615682125092,
		3.0867280960083008,
		0.01248523686081171,
		1.2371969223022461,
		2.7993102073669434,
		0.037455711513757706,
		0.087482467293739319,
		3.9865233898162842,
		0.16243678331375122,
		0.062511995434761047,
		0.01248523686081171,
		0.37490034103393555,
		0.13746632635593414,
		0.21246354281902313,
		0.062469091266393661,
		0.01248523686081171,
		0.38742849230766296,
		0.024970473721623421,
		0.18745017051696777,
		0.34992986917495728,
		0.68733161687850952,
		0.38738560676574707,
		1.9995256662368774,
		0.01248523686081171,
		0.18745017051696777,
		1.4746309518814087,
		2.2869436740875244,
		0.01248523686081171,
		0.19993540644645691,
		1.4621456861495972,
		0.01248523686081171,
		0.074997231364250183,
		0.68733161687850952,
		1.2996659278869629,
		0.33740174770355225,
		2.2869436740875244,
		0.13746632635593414,
		1.2996659278869629,
		0.01248523686081171,
		2.2869436740875244,
		0.12498109042644501,
		2.1494343280792236,
		0.18745017051696777,
		2.1494772434234619,
		0.2374340295791626,
		0.18745017051696777,
		0.14995156228542328,
		2.899277925491333,
		0.012528141029179096,
		0.17492203414440155,
		0.14999446272850037,
		2.5993318557739258,
		46.075973510742188
	],
	"end" : 11.043611526489258,
	"labels" : 
	[
		"Prep",
		"Scan",
		"Break",
		"Prep",
		"Scan",
		"Break",
		"Prep",
		"Scan",
		"Break",
		"Prep",
		"Scan",
		"Break",
		"Prep",
		"Scan",
		"Prep",
		"Scan",
		"Break",
		"Scan",
		"Break",
		"Prep",
		"Break",
		"Break",
		"Prep",
		"Break",
		"Prep",
		"Scan",
		"Break",
		"Prep",
		"Break",
		"Prep",
		"Scan",
		"Break",
		"Prep",
		"Scan",
		"Break",
		"Prep",
		"Scan",
		"Break",
		"Prep",
		"Scan",
		"Scan",
		"Break",
		"Prep",
		"Scan",
		"Break",
		"Scan",
		"Break",
		"Scan",
		"Break",
		"Scan",
		"Prep",
		"Scan",
		"Break",
		"Scan",
		"Prep",
		"Scan",
		"Prep",
		"Scan",
		"Break",
		"Prep",
		"Break",
		"Scan",
		"Break",
		"Prep",
		"Break",
		"Scan",
		"Dead"
	],
	"start" : 8.8230552673339844
}