{
	"data" : 
	[
		1.0891062021255493,
		2.5742201805114746,
		2.6731371879577637,
		0.99018925428390503,
		2.8713109493255615,
		0.19783391058444977,
		0.39600774645805359,
		14.752562522888184,
		0.29675084352493286,
		1.7822046279907227,
		9.8019561767578125,
		0.89127230644226074,
		0.89093244075775146,
		1.0891062021255493,
		22.375967025756836,
		0.79201549291610718,
		1.0891062021255493,
		8.5150156021118164,
		0.098577022552490234,
		15.940924644470215,
		0.098577022552490234,
		0.19851374626159668,
		10.494714736938477
	],
	"end" : 16.159999847412109,
	"labels" : 
	[
		"Prep",
		"Scan",
		"Break",
		"Prep",
		"Scan",
		"Break",
		"Break",
		"Scan",
		"Break",
		"Prep",
		"Scan",
		"Break",
		"Prep",
		"Break",
		"Scan",
		"Break",
		"Prep",
		"Scan",
		"Prep",
		"Scan",
		"Break",
		"Prep",
		"Scan"
	],
	"start" : 15.879722595214844
}