{
	"data" : 
	[
		0.21857328712940216,
		0.13115899264812469,
		2.5569999217987061,
		0.26231798529624939,
		0.28407776355743408,
		1.4642835855484009,
		0.21857328712940216,
		0.13115899264812469,
		1.8795202970504761,
		0.50265103578567505,
		0.08741430938243866,
		4.9393215179443359,
		0.02183481864631176,
		0.08741430938243866,
		0.065579496324062347,
		3.8027851581573486,
		0.02183481864631176,
		0.63381004333496094,
		0.02183481864631176,
		0.02190985344350338,
		5.2233242988586426,
		0.02190985344350338,
		0.065504461526870728,
		0.45898142457008362,
		0.04374467208981514,
		0.02183481864631176,
		5.0266604423522949,
		0.065579496324062347,
		2.6007447242736816,
		3.0160565376281738,
		0.19666342437267303,
		0.02183481864631176,
		2.7756481170654297,
		63.008460998535156
	],
	"end" : 14.506667137145996,
	"labels" : 
	[
		"Prep",
		"Scan",
		"Break",
		"Prep",
		"Scan",
		"Break",
		"Prep",
		"Scan",
		"Break",
		"Prep",
		"Break",
		"Scan",
		"Break",
		"Prep",
		"Break",
		"Scan",
		"Break",
		"Break",
		"Break",
		"Prep",
		"Scan",
		"Break",
		"Prep",
		"Break",
		"Break",
		"Prep",
		"Scan",
		"Prep",
		"Scan",
		"Break",
		"Prep",
		"Break",
		"Scan",
		"Dead"
	],
	"start" : 13.236944198608398
}