{
	"data" : 
	[
		0.12648890912532806,
		0.24038104712963104,
		0.45548170804977417,
		0.088568300008773804,
		2.5683503150939941,
		0.7464669942855835,
		0.11389213800430298,
		2.8087313175201416,
		0.11384870111942291,
		0.12653234601020813,
		3.0997166633605957,
		0.60729444026947021,
		0.10120850056409836,
		3.479313850402832,
		0.94888401031494141,
		3.8462271690368652,
		1.492933988571167,
		0.012640202417969704,
		0.24038104712963104,
		0.012640202417969704,
		2.8214149475097656,
		75.848602294921875
	],
	"end" : 13.236944198608398,
	"labels" : 
	[
		"Prep",
		"Scan",
		"Break",
		"Prep",
		"Scan",
		"Break",
		"Prep",
		"Scan",
		"Break",
		"Prep",
		"Scan",
		"Break",
		"Prep",
		"Scan",
		"Prep",
		"Scan",
		"Break",
		"Prep",
		"Scan",
		"Break",
		"Scan",
		"Dead"
	],
	"start" : 11.043611526489258
}