{
	"data" : 
	[
		0.62465101480484009,
		1.1862795352935791,
		2.7472639083862305,
		0.43686985969543457,
		6.6186428070068359,
		0.062164992094039917,
		6.6186428070068359,
		0.062164992094039917,
		6.6186428070068359,
		0.062164992094039917,
		6.6186428070068359,
		0.062164992094039917,
		6.6186428070068359,
		1.1862795352935791,
		0.93633341789245605,
		2.9346163272857666,
		1.6235781908035278,
		0.93633341789245605,
		2.1856353282928467,
		0.24951742589473724,
		0.93676209449768066,
		50.574008941650391
	],
	"end" : 16.773332595825195,
	"labels" : 
	[
		"Prep",
		"Scan",
		"Break",
		"Prep",
		"Scan",
		"Break",
		"Scan",
		"Break",
		"Scan",
		"Break",
		"Scan",
		"Prep",
		"Scan",
		"Prep",
		"Scan",
		"Break",
		"Prep",
		"Scan",
		"Break",
		"Break",
		"Scan",
		"Dead"
	],
	"start" : 16.328887939453125
}