{
	"data" : 
	[
		0.23133797943592072,
		0.24790263175964355,
		0.016451206058263779,
		0.51225650310516357,
		0.42966008186340332,
		0.29736971855163574,
		0.082596398890018463,
		0.016564661636948586,
		0.61130410432815552,
		0.52882117033004761,
		0.24778920412063599,
		0.082596398890018463,
		0.71057862043380737,
		0.28091853857040405,
		1.8010098934173584,
		0.016564661636948586,
		0.26435387134552002,
		0.49569186568260193,
		0.016451206058263779,
		2.2142188549041748,
		0.016451206058263779,
		3.089876651763916,
		0.016564661636948586,
		0.26435387134552002,
		1.8010098934173584,
		0.016564661636948586,
		0.59485292434692383,
		2.594071626663208,
		0.033129323273897171,
		0.049580525606870651,
		0.64431995153427124,
		0.14874158799648285,
		0.099161051213741302,
		0.71046513319015503,
		0.21488676965236664,
		2.8089582920074463,
		0.016451206058263779,
		3.3046500682830811,
		0.23133797943592072,
		0.26435387134552002,
		2.5777337551116943,
		0.66088461875915527,
		0.016564661636948586,
		0.9087873101234436,
		0.049467071890830994,
		0.016564661636948586,
		0.016564661636948586,
		2.6272006034851074,
		0.016451206058263779,
		0.016564661636948586,
		0.016564661636948586,
		2.9741511344909668,
		0.016564661636948586,
		2.577620267868042,
		0.016564661636948586,
		0.13217693567276001,
		2.2471210956573486,
		0.14874158799648285,
		0.24778920412063599,
		2.048912525177002,
		0.016564661636948586,
		0.14862813055515289,
		0.21488676965236664,
		0.016451206058263779,
		3.7012944221496582,
		0.016451206058263779,
		0.14874158799648285,
		0.016564661636948586,
		0.016451206058263779,
		4.626533031463623,
		0.24790263175964355,
		2.577620267868042,
		0.016564661636948586,
		3.1724731922149658,
		41.605667114257812
	],
	"end" : 18.452777862548828,
	"labels" : 
	[
		"Prep",
		"Break",
		"Prep",
		"Scan",
		"Break",
		"Prep",
		"Break",
		"Prep",
		"Scan",
		"Break",
		"Prep",
		"Break",
		"Scan",
		"Prep",
		"Scan",
		"Break",
		"Prep",
		"Scan",
		"Prep",
		"Scan",
		"Prep",
		"Scan",
		"Break",
		"Prep",
		"Scan",
		"Break",
		"Scan",
		"Break",
		"Prep",
		"Break",
		"Scan",
		"Break",
		"Break",
		"Scan",
		"Prep",
		"Scan",
		"Prep",
		"Scan",
		"Break",
		"Prep",
		"Scan",
		"Break",
		"Prep",
		"Scan",
		"Break",
		"Prep",
		"Break",
		"Scan",
		"Break",
		"Break",
		"Prep",
		"Scan",
		"Break",
		"Scan",
		"Break",
		"Prep",
		"Scan",
		"Break",
		"Prep",
		"Scan",
		"Break",
		"Prep",
		"Break",
		"Prep",
		"Scan",
		"Break",
		"Prep",
		"Break",
		"Prep",
		"Scan",
		"Prep",
		"Scan",
		"Prep",
		"Scan",
		"Dead"
	],
	"start" : 16.773332595825195
}