{
	"data" : 
	[
		0.23402734100818634,
		0.43687960505485535,
		0.99851310253143311,
		0.21843980252742767,
		2.449493408203125,
		0.26525598764419556,
		1.0921454429626465,
		0.093632370233535767,
		0.14039498567581177,
		3.2920238971710205,
		0.015641104429960251,
		0.031175076961517334,
		2.9800052642822266,
		0.031175076961517334,
		3.0424089431762695,
		0.015641104429960251,
		1.232540488243103,
		0.40565097332000732,
		1.232540488243103,
		81.692413330078125
	],
	"end" : 14.299166679382324,
	"labels" : 
	[
		"Prep",
		"Scan",
		"Break",
		"Prep",
		"Scan",
		"Prep",
		"Scan",
		"Break",
		"Prep",
		"Scan",
		"Break",
		"Prep",
		"Scan",
		"Prep",
		"Scan",
		"Prep",
		"Scan",
		"Break",
		"Scan",
		"Dead"
	],
	"start" : 12.52055549621582
}