{
	"data" : 
	[
		0.24609853327274323,
		0.36912435293197632,
		0.60156375169754028,
		0.20507428050041199,
		2.7753794193267822,
		0.24609853327274323,
		1.0527366399765015,
		0.095707595348358154,
		0.43751373887062073,
		4.2519240379333496,
		0.013659102842211723,
		0.041024245321750641,
		3.4589920043945312,
		0.013659102842211723,
		1.3398123979568481,
		0.013706041499972343,
		0.040977306663990021,
		3.1582098007202148,
		0.027365144342184067,
		0.17770914733409882,
		0.027365144342184067,
		0.027318205684423447,
		1.1074199676513672,
		0.013659102842211723,
		0.041024245321750641,
		3.4726507663726807,
		0.054683350026607513,
		0.83400321006774902,
		1.189421534538269,
		0.013706041499972343,
		0.068342454731464386,
		0.39648950099945068,
		4.6620721817016602,
		0.027365144342184067,
		1.06639564037323,
		0.027365144342184067,
		0.068342454731464386,
		0.1230257973074913,
		0.16409698128700256,
		2.5019156932830811,
		0.013659102842211723,
		0.19141519069671631,
		1.2441517114639282,
		0.041024245321750641,
		0.99805325269699097,
		62.958698272705078
	],
	"end" : 16.328887939453125,
	"labels" : 
	[
		"Prep",
		"Scan",
		"Break",
		"Prep",
		"Scan",
		"Prep",
		"Scan",
		"Break",
		"Prep",
		"Scan",
		"Break",
		"Prep",
		"Scan",
		"Break",
		"Scan",
		"Break",
		"Prep",
		"Scan",
		"Prep",
		"Break",
		"Prep",
		"Break",
		"Scan",
		"Break",
		"Prep",
		"Scan",
		"Prep",
		"Scan",
		"Break",
		"Prep",
		"Break",
		"Prep",
		"Scan",
		"Prep",
		"Scan",
		"Break",
		"Prep",
		"Break",
		"Prep",
		"Scan",
		"Break",
		"Prep",
		"Scan",
		"Prep",
		"Scan",
		"Dead"
	],
	"start" : 14.299166679382324
}