{
	"data" : 
	[
		0.43575748801231384,
		0.17438282072544098,
		0.7845231294631958,
		1.1043579578399658,
		0.55207920074462891,
		0.3196353018283844,
		1.5690462589263916,
		0.9297756552696228,
		0.49401813745498657,
		0.14525249600410461,
		0.029130309820175171,
		1.6562377214431763,
		0.26157423853874207,
		0.43575748801231384,
		3.1963531970977783,
		1.6853680610656738,
		0.43595701456069946,
		2.992840051651001,
		0.69733166694641113,
		3.7775626182556152,
		0.43595701456069946,
		3.1672227382659912,
		0.17438282072544098,
		0.43575748801231384,
		3.3707361221313477,
		0.029130309820175171,
		4.0680675506591797,
		0.028930786997079849,
		3.574049711227417,
		4.7073383331298828,
		0.61033982038497925,
		3.6612410545349121,
		4.9106521606445312,
		0.08719141036272049,
		0.43595701456069946,
		0.028930786997079849,
		2.5862128734588623,
		8.5138320922851562,
		0.43595701456069946,
		3.632110595703125,
		1.0460972785949707,
		5.4918613433837891,
		0.029130309820175171,
		2.7023351192474365,
		0.028930786997079849,
		2.7895264625549316,
		0.029130309820175171,
		0.49401813745498657,
		2.6732046604156494,
		0.87171453237533569,
		0.43595701456069946,
		2.992840051651001,
		1.9178117513656616,
		0.43595701456069946,
		3.3124754428863525,
		0.40682670474052429,
		3.3416056632995605,
		1.2785412073135376,
		0.4648878276348114,
		2.5862128734588623
	],
	"end" : 19.407777786254883,
	"labels" : 
	[
		"Prep",
		"Break",
		"Scan",
		"Break",
		"Prep",
		"Break",
		"Scan",
		"Break",
		"Prep",
		"Break",
		"Prep",
		"Scan",
		"Break",
		"Prep",
		"Scan",
		"Break",
		"Prep",
		"Scan",
		"Break",
		"Scan",
		"Prep",
		"Scan",
		"Break",
		"Prep",
		"Scan",
		"Break",
		"Scan",
		"Break",
		"Scan",
		"Scan",
		"Prep",
		"Scan",
		"Scan",
		"Break",
		"Prep",
		"Break",
		"Scan",
		"Break",
		"Prep",
		"Scan",
		"Break",
		"Scan",
		"Break",
		"Scan",
		"Break",
		"Scan",
		"Break",
		"Prep",
		"Scan",
		"Break",
		"Prep",
		"Scan",
		"Break",
		"Prep",
		"Scan",
		"Prep",
		"Scan",
		"Break",
		"Prep",
		"Scan"
	],
	"start" : 18.452777862548828
}