{
	"data" : 
	[
		1.0969922542572021,
		1.6452194452285767,
		2.7427494525909424,
		1.1750029325485229,
		1.6457574367523193,
		2.8987710475921631,
		1.1755410432815552,
		0.31311893463134766,
		9.4807252883911133,
		0.078548736870288849,
		0.15655946731567383,
		12.301485061645508,
		0.078010730445384979,
		7.0521702766418457,
		0.078010730445384979,
		0.54876512289047241,
		12.379495620727539,
		45.053077697753906
	],
	"end" : 16.462223052978516,
	"labels" : 
	[
		"Prep",
		"Scan",
		"Break",
		"Prep",
		"Scan",
		"Break",
		"Prep",
		"Break",
		"Scan",
		"Prep",
		"Break",
		"Scan",
		"Prep",
		"Scan",
		"Break",
		"Prep",
		"Scan",
		"Dead"
	],
	"start" : 16.108055114746094
}