{
	"data" : 
	[
		0.50041854381561279,
		0.50041854381561279,
		2.1445105075836182,
		0.50041854381561279,
		3.1095156669616699,
		0.035831831395626068,
		0.60754585266113281,
		6.0047764778137207,
		1.2152144908905029,
		10.615548133850098,
		0.035709116607904434,
		0.28591838479042053,
		6.2906947135925293,
		0.071418233215808868,
		6.3622360229492188,
		7.4343686103820801,
		6.3621129989624023,
		0.28591838479042053,
		10.401047706604004,
		37.136379241943359
	],
	"end" : 15.75,
	"labels" : 
	[
		"Prep",
		"Scan",
		"Break",
		"Prep",
		"Scan",
		"Break",
		"Prep",
		"Scan",
		"Prep",
		"Scan",
		"Break",
		"Prep",
		"Scan",
		"Prep",
		"Scan",
		"Break",
		"Scan",
		"Prep",
		"Scan",
		"Dead"
	],
	"start" : 14.973610877990723
}