{
	"data" : 
	[
		0.61701619625091553,
		1.4585769176483154,
		2.9167685508728027,
		0.50493645668029785,
		8.5819940567016602,
		0.89740806818008423,
		11.667074203491211,
		0.61701619625091553,
		0.50493645668029785,
		0.11207970976829529,
		0.056232433766126633,
		10.545122146606445,
		0.056232433766126633,
		0.055847283452749252,
		9.6480989456176758,
		0.50493645668029785,
		1.514424204826355,
		10.433042526245117,
		0.056232433766126633,
		0.11207970976829529,
		11.947466850280762,
		0.056232433766126633,
		0.61701619625091553,
		8.3578338623046875,
		18.061395645141602
	],
	"end" : 17.882499694824219,
	"labels" : 
	[
		"Prep",
		"Scan",
		"Break",
		"Prep",
		"Scan",
		"Break",
		"Scan",
		"Break",
		"Prep",
		"Break",
		"Prep",
		"Scan",
		"Prep",
		"Break",
		"Scan",
		"Break",
		"Prep",
		"Scan",
		"Break",
		"Prep",
		"Scan",
		"Break",
		"Prep",
		"Scan",
		"Dead"
	],
	"start" : 17.387777328491211
}