{
	"data" : 
	[
		0.84726548194885254,
		0.84768122434616089,
		4.0567302703857422,
		0.84768122434616089,
		3.9960334300994873,
		0.060281399637460709,
		1.029356837272644,
		9.3240776062011719,
		1.8163409233093262,
		18.0428466796875,
		0.54461127519607544,
		9.8691043853759766,
		0.060697134584188461,
		0.48432987928390503,
		8.5973749160766602,
		0.42363274097442627,
		1.9980167150497437,
		0.060697134584188461,
		20.646173477172852,
		16.347068786621094
	],
	"end" : 16.920555114746094,
	"labels" : 
	[
		"Prep",
		"Scan",
		"Break",
		"Prep",
		"Scan",
		"Break",
		"Prep",
		"Scan",
		"Prep",
		"Scan",
		"Prep",
		"Scan",
		"Break",
		"Prep",
		"Scan",
		"Prep",
		"Break",
		"Prep",
		"Scan",
		"Dead"
	],
	"start" : 16.462223052978516
}