{
	"data" : 
	[
		0.012115005403757095,
		0.0090888543054461479,
		0.059067152440547943,
		0.010596729815006256,
		0.04543386772274971,
		0.086333706974983215,
		0.021193459630012512,
		0.16054202616214752,
		0.0015078762080520391,
		0.030292714014649391,
		0.21959875524044037,
		0.013633280992507935,
		0.019685583189129829,
		0.0015182753559201956,
		0.0015182753559201956,
		0.0015078762080520391,
		0.50584566593170166,
		0.0015078762080520391,
		98.699012756347656
	],
	"end" : 18.102777481079102,
	"labels" : 
	[
		"Prep",
		"Scan",
		"Break",
		"Prep",
		"Scan",
		"Break",
		"Prep",
		"Scan",
		"Break",
		"Prep",
		"Scan",
		"Prep",
		"Break",
		"Prep",
		"Break",
		"Prep",
		"Scan",
		"Prep",
		"Scan"
	],
	"start" : 17.882499694824219
}