{
	"data" : 
	[
		1.4300891160964966,
		2.310957670211792,
		8.4717483520507812,
		0.10954196751117706,
		1.2102497816085815,
		14.522997856140137,
		1.8705233335494995,
		0.11029741913080215,
		3.4101545810699463,
		0.22059483826160431,
		18.483127593994141,
		0.11029741913080215,
		0.77057105302810669,
		16.613359451293945,
		0.10954196751117706,
		0.88011300563812256,
		12.982611656188965,
		16.283224105834961
	],
	"end" : 17.17277717590332,
	"labels" : 
	[
		"Prep",
		"Scan",
		"Break",
		"Prep",
		"Break",
		"Scan",
		"Break",
		"Prep",
		"Break",
		"Break",
		"Scan",
		"Break",
		"Prep",
		"Scan",
		"Prep",
		"Break",
		"Scan",
		"Dead"
	],
	"start" : 16.920555114746094
}