{
	"data" : 
	[
		1.0850828886032104,
		0.85252708196640015,
		4.5726213455200195,
		0.077429898083209991,
		1.6276243925094604,
		4.4949254989624023,
		0.077695980668067932,
		10.850296974182129,
		1.4724984169006348,
		6.8976469039916992,
		0.077429898083209991,
		9.6877841949462891,
		3.7975239753723145,
		13.020462989807129,
		2.5575814247131348,
		9.8426437377929688,
		0.077695980668067932,
		0.077163815498352051,
		10.618273735046387,
		18.135093688964844
	],
	"end" : 16.108055114746094,
	"labels" : 
	[
		"Prep",
		"Scan",
		"Break",
		"Prep",
		"Scan",
		"Break",
		"Prep",
		"Scan",
		"Break",
		"Scan",
		"Prep",
		"Scan",
		"Prep",
		"Scan",
		"Prep",
		"Scan",
		"Prep",
		"Break",
		"Scan",
		"Dead"
	],
	"start" : 15.75
}