{
	"data" : 
	[
		1.8070659637451172,
		2.7110421657562256,
		6.3242883682250977,
		1.8070659637451172,
		15.100833892822266,
		0.12939266860485077,
		0.12850642204284668,
		16.650001525878906,
		0.12939266860485077,
		10.970902442932129,
		0.12939266860485077,
		1.1609890460968018,
		13.29465389251709,
		29.556476593017578
	],
	"end" : 17.387777328491211,
	"labels" : 
	[
		"Prep",
		"Scan",
		"Break",
		"Prep",
		"Scan",
		"Prep",
		"Break",
		"Scan",
		"Prep",
		"Scan",
		"Break",
		"Prep",
		"Scan",
		"Dead"
	],
	"start" : 17.17277717590332
}