{
	"data" : 
	[
		0.28205487132072449,
		0.45559269189834595,
		0.021673610433936119,
		0.39049741625785828,
		0.39049741625785828,
		0.32540205121040344,
		0.39049741625785828,
		0.41217100620269775,
		2.1042766571044922,
		0.021673610433936119,
		3.6662664413452148,
		0.021673610433936119,
		0.021748090162873268,
		2.4731004238128662,
		0.021673610433936119,
		0.19521145522594452,
		2.4731004238128662,
		0.021748090162873268,
		2.4947741031646729,
		0.021673610433936119,
		2.58154296875,
		0.32540205121040344,
		1.8439699411392212,
		0.021748090162873268,
		0.13011613488197327,
		2.6683864593505859,
		0.021673610433936119,
		3.3191161155700684,
		0.021748090162873268,
		0.3470757007598877,
		2.9937140941619873,
		0.34715017676353455,
		3.1889998912811279,
		0.60738241672515869,
		0.32540205121040344,
		3.1889998912811279,
		61.762264251708984
	],
	"end" : 11.370833396911621,
	"labels" : 
	[
		"Prep",
		"Scan",
		"Break",
		"Prep",
		"Scan",
		"Prep",
		"Scan",
		"Prep",
		"Scan",
		"Prep",
		"Scan",
		"Prep",
		"Break",
		"Scan",
		"Break",
		"Prep",
		"Scan",
		"Prep",
		"Scan",
		"Break",
		"Scan",
		"Prep",
		"Scan",
		"Break",
		"Prep",
		"Scan",
		"Break",
		"Scan",
		"Break",
		"Prep",
		"Scan",
		"Prep",
		"Scan",
		"Break",
		"Prep",
		"Scan",
		"Dead"
	],
	"start" : 10.091666221618652
}