{
	"data" : 
	[
		0.54892849922180176,
		0.54879385232925415,
		1.2546744346618652,
		0.27446424961090088,
		3.097313404083252,
		1.3723211288452148,
		0.07834143191576004,
		0.039305325597524643,
		6.4299206733703613,
		0.03917071595788002,
		0.27446424961090088,
		0.54892849922180176,
		3.7247180938720703,
		0.03917071595788002,
		6.312408447265625,
		0.03917071595788002,
		6.4299206733703613,
		0.039305325597524643,
		1.6466507911682129,
		8.2335233688354492,
		0.66657525300979614,
		0.07834143191576004,
		0.03917071595788002,
		6.6260433197021484,
		0.039305325597524643,
		0.27432963252067566,
		7.135800838470459,
		4.6264519691467285,
		0.11764675378799438,
		0.03917071595788002,
		10.429102897644043,
		0.078476041555404663,
		0.03917071595788002,
		0.03917071595788002,
		8.6648054122924805,
		20.034946441650391
	],
	"end" : 16.112222671508789,
	"labels" : 
	[
		"Prep",
		"Scan",
		"Break",
		"Prep",
		"Scan",
		"Break",
		"Break",
		"Prep",
		"Scan",
		"Break",
		"Prep",
		"Scan",
		"Break",
		"Prep",
		"Scan",
		"Prep",
		"Scan",
		"Break",
		"Break",
		"Scan",
		"Prep",
		"Break",
		"Prep",
		"Scan",
		"Break",
		"Prep",
		"Scan",
		"Break",
		"Prep",
		"Break",
		"Scan",
		"Prep",
		"Break",
		"Prep",
		"Scan",
		"Dead"
	],
	"start" : 15.404444694519043
}