{
	"data" : 
	[
		0.17653289437294006,
		0.17648960649967194,
		0.73132580518722534,
		0.882621169090271,
		0.2143675684928894,
		2.1056678295135498,
		0.012597124092280865,
		0.36566290259361267,
		3.7574496269226074,
		0.10086357593536377,
		2.0678765773773193,
		0.037791375070810318,
		1.7778828144073486,
		1.4374141693115234,
		0.13869823515415192,
		0.23956181108951569,
		0.94565016031265259,
		0.28999358415603638,
		0.35306578874588013,
		0.12610112130641937,
		0.22692140936851501,
		0.50436115264892578,
		0.13869823515415192,
		3.1396276950836182,
		0.10086357593536377,
		0.11346070468425751,
		1.1474205255508423,
		0.11346070468425751,
		0.088266447186470032,
		1.0717512369155884,
		2.5595972537994385,
		0.31523114442825317,
		0.088266447186470032,
		1.5256806612014771,
		0.012597124092280865,
		0.22696469724178314,
		1.5130834579467773,
		0.012597124092280865,
		0.21432428061962128,
		1.4878458976745605,
		0.012640413828194141,
		0.41609469056129456,
		1.8913003206253052,
		0.088266447186470032,
		0.34046867489814758,
		0.088223159313201904,
		0.2143675684928894,
		1.3491476774215698,
		0.037834662944078445,
		0.36566290259361267,
		0.012597124092280865,
		0.088266447186470032,
		0.25215893983840942,
		0.012640413828194141,
		0.21432428061962128,
		0.25220224261283875,
		0.22696469724178314,
		0.23956181108951569,
		0.012597124092280865,
		0.2143675684928894,
		0.25215893983840942,
		0.11346070468425751,
		0.2143675684928894,
		0.22696469724178314,
		0.79435473680496216,
		0.16393578052520752,
		0.17648960649967194,
		0.47916689515113831,
		0.17648960649967194,
		1.7778828144073486,
		0.012597124092280865,
		0.28999358415603638,
		3.6691830158233643,
		54.684635162353516
	],
	"end" : 14.915833473205566,
	"labels" : 
	[
		"Prep",
		"Scan",
		"Break",
		"Scan",
		"Prep",
		"Scan",
		"Break",
		"Prep",
		"Scan",
		"Prep",
		"Scan",
		"Prep",
		"Scan",
		"Break",
		"Prep",
		"Scan",
		"Break",
		"Prep",
		"Break",
		"Prep",
		"Scan",
		"Break",
		"Prep",
		"Scan",
		"Break",
		"Prep",
		"Scan",
		"Prep",
		"Break",
		"Scan",
		"Break",
		"Prep",
		"Break",
		"Scan",
		"Prep",
		"Break",
		"Scan",
		"Break",
		"Break",
		"Scan",
		"Break",
		"Prep",
		"Scan",
		"Break",
		"Prep",
		"Break",
		"Scan",
		"Break",
		"Prep",
		"Scan",
		"Break",
		"Break",
		"Scan",
		"Prep",
		"Break",
		"Scan",
		"Break",
		"Scan",
		"Break",
		"Break",
		"Scan",
		"Prep",
		"Break",
		"Scan",
		"Break",
		"Prep",
		"Scan",
		"Break",
		"Prep",
		"Scan",
		"Break",
		"Prep",
		"Scan",
		"Dead"
	],
	"start" : 12.715000152587891
}