{
	"data" : 
	[
		0.26611462235450745,
		0.19964307546615601,
		1.1310442686080933,
		0.23287883400917053,
		1.0312227010726929,
		1.9627381563186646,
		0.23287883400917053,
		0.03323577344417572,
		0.033349987119436264,
		4.2248268127441406,
		0.46575766801834106,
		0.76510810852050781,
		0.56557923555374146,
		0.03323577344417572,
		6.254150390625,
		0.03323577344417572,
		3.5263042449951172,
		1.2641016244888306,
		0.13305731117725372,
		0.033349987119436264,
		8.283360481262207,
		0.03323577344417572,
		0.46575766801834106,
		3.4264829158782959,
		0.03323577344417572,
		0.63216501474380493,
		0.03323577344417572,
		0.76510810852050781,
		0.36593616008758545,
		0.03323577344417572,
		0.033349987119436264,
		0.03323577344417572,
		9.1150541305541992,
		0.099821537733078003,
		6.3206219673156738,
		0.46575766801834106,
		0.16640730202198029,
		0.03323577344417572,
		7.2853732109069824,
		0.033349987119436264,
		3.5261900424957275,
		0.033349987119436264,
		0.099707320332527161,
		6.254150390625,
		29.906829833984375
	],
	"end" : 12.204999923706055,
	"labels" : 
	[
		"Prep",
		"Scan",
		"Break",
		"Prep",
		"Scan",
		"Break",
		"Prep",
		"Break",
		"Prep",
		"Scan",
		"Prep",
		"Break",
		"Prep",
		"Break",
		"Scan",
		"Prep",
		"Scan",
		"Break",
		"Break",
		"Prep",
		"Scan",
		"Prep",
		"Break",
		"Scan",
		"Prep",
		"Break",
		"Prep",
		"Break",
		"Break",
		"Prep",
		"Break",
		"Prep",
		"Scan",
		"Prep",
		"Scan",
		"Prep",
		"Break",
		"Prep",
		"Scan",
		"Prep",
		"Scan",
		"Break",
		"Prep",
		"Scan",
		"Dead"
	],
	"start" : 11.370833396911621
}