{
	"data" : 
	[
		0.7951505184173584,
		0.79495561122894287,
		1.0223084688186646,
		0.34083449840545654,
		4.1459751129150391,
		2.3852567672729492,
		0.056740760803222656,
		9.9389915466308594,
		8.3486909866333008,
		0.056740760803222656,
		9.6548976898193359,
		7.6102814674377441,
		1.5903010368347168,
		0.90863209962844849,
		9.9389915466308594,
		0.056740760803222656,
		0.96556776762008667,
		10.904364585876465,
		30.384578704833984
	],
	"end" : 15.404444694519043,
	"labels" : 
	[
		"Prep",
		"Scan",
		"Break",
		"Prep",
		"Scan",
		"Break",
		"Prep",
		"Scan",
		"Scan",
		"Prep",
		"Scan",
		"Break",
		"Scan",
		"Break",
		"Scan",
		"Break",
		"Prep",
		"Scan",
		"Dead"
	],
	"start" : 14.915833473205566
}