{
	"data" : 
	[
		0.78269088268280029,
		1.1738444566726685,
		3.2985105514526367,
		0.78230714797973633,
		0.61494404077529907,
		7.3793282508850098,
		0.056043587625026703,
		0.89439421892166138,
		2.1242823600769043,
		0.50324070453643799,
		0.056043587625026703,
		7.6027355194091797,
		0.33549380302429199,
		0.05565972626209259,
		0.056043587625026703,
		8.0503158569335938,
		0.44719710946083069,
		9.1120738983154297,
		56.574851989746094
	],
	"end" : 16.608612060546875,
	"labels" : 
	[
		"Prep",
		"Scan",
		"Break",
		"Prep",
		"Break",
		"Scan",
		"Prep",
		"Break",
		"Break",
		"Break",
		"Prep",
		"Scan",
		"Break",
		"Break",
		"Prep",
		"Scan",
		"Prep",
		"Scan",
		"Dead"
	],
	"start" : 16.112222671508789
}