{
	"data" : 
	[
		0.64663374423980713,
		0.97010922431945801,
		0.045984253287315369,
		1.1086963415145874,
		0.83120507001876831,
		0.046301387250423431,
		0.64631664752960205,
		0.83152222633361816,
		0.50804674625396729,
		4.8032932281494141,
		3.0482802391052246,
		0.046301387250423431,
		0.045984253287315369,
		5.7734026908874512,
		0.69261801242828369,
		0.13858704268932343,
		6.5583062171936035,
		0.27717408537864685,
		4.4338335990905762,
		0.046301387250423431,
		0.045984253287315369,
		0.046301387250423431,
		5.7271013259887695,
		0.69261801242828369,
		4.8036103248596191,
		3.6945970058441162,
		1.2932674884796143,
		0.18488842248916626,
		0.78522080183029175,
		5.3113398551940918,
		0.045984253287315369,
		6.0965604782104492,
		0.046301387250423431,
		0.32315832376480103,
		5.9579739570617676,
		0.046301387250423431,
		3.6949141025543213,
		29.604982376098633
	],
	"end" : 19.091388702392578,
	"labels" : 
	[
		"Prep",
		"Scan",
		"Break",
		"Prep",
		"Scan",
		"Break",
		"Prep",
		"Scan",
		"Prep",
		"Scan",
		"Scan",
		"Prep",
		"Break",
		"Scan",
		"Prep",
		"Break",
		"Scan",
		"Break",
		"Scan",
		"Break",
		"Break",
		"Prep",
		"Scan",
		"Prep",
		"Scan",
		"Scan",
		"Scan",
		"Break",
		"Prep",
		"Scan",
		"Prep",
		"Scan",
		"Break",
		"Prep",
		"Scan",
		"Prep",
		"Scan",
		"Dead"
	],
	"start" : 18.490554809570312
}