{
	"data" : 
	[
		0.29204389452934265,
		0.27259212732315063,
		1.1876273155212402,
		0.13629606366157532,
		2.2779958248138428,
		0.019451767206192017,
		0.33101427555084229,
		3.2709050178527832,
		0.019451767206192017,
		0.038970381021499634,
		5.8020410537719727,
		0.50621390342712402,
		0.40882137417793274,
		0.019518613815307617,
		0.23362176120281219,
		3.4072010517120361,
		0.31156250834465027,
		0.3504660427570343,
		0.019451767206192017,
		0.17519959807395935,
		0.019518613815307617,
		3.893963098526001,
		0.46724352240562439,
		0.33101427555084229,
		0.3504660427570343,
		0.31149566173553467,
		0.038970381021499634,
		2.2195737361907959,
		0.097325682640075684,
		0.31149566173553467,
		0.3504660427570343,
		0.019451767206192017,
		0.019518613815307617,
		0.058422144502401352,
		2.531069278717041,
		0.019451767206192017,
		0.019451767206192017,
		2.2195737361907959,
		0.31156250834465027,
		0.15574783086776733,
		2.9594094753265381,
		0.3504660427570343,
		0.019451767206192017,
		0.019451767206192017,
		3.4461715221405029,
		0.15581467747688293,
		0.019451767206192017,
		3.0372834205627441,
		0.19471821188926697,
		1.440767765045166,
		1.9859520196914673,
		0.38936957716941833,
		0.31149566173553467,
		0.15574783086776733,
		3.0762536525726318,
		0.019518613815307617,
		0.29204389452934265,
		0.019451767206192017,
		0.019451767206192017,
		3.0762536525726318,
		0.29204389452934265,
		2.3947732448577881,
		0.019518613815307617,
		0.19465136528015137,
		0.038970381021499634,
		4.4585990905761719,
		0.19471821188926697,
		2.3753213882446289,
		36.116653442382812
	],
	"end" : 9.4833335876464844,
	"labels" : 
	[
		"Prep",
		"Scan",
		"Break",
		"Prep",
		"Scan",
		"Break",
		"Prep",
		"Scan",
		"Break",
		"Prep",
		"Scan",
		"Prep",
		"Scan",
		"Break",
		"Prep",
		"Scan",
		"Prep",
		"Scan",
		"Prep",
		"Break",
		"Prep",
		"Scan",
		"Break",
		"Prep",
		"Scan",
		"Prep",
		"Break",
		"Scan",
		"Break",
		"Prep",
		"Scan",
		"Prep",
		"Break",
		"Prep",
		"Scan",
		"Prep",
		"Break",
		"Scan",
		"Prep",
		"Break",
		"Scan",
		"Break",
		"Prep",
		"Break",
		"Scan",
		"Break",
		"Prep",
		"Scan",
		"Prep",
		"Scan",
		"Scan",
		"Break",
		"Prep",
		"Break",
		"Scan",
		"Break",
		"Prep",
		"Break",
		"Prep",
		"Scan",
		"Prep",
		"Scan",
		"Break",
		"Prep",
		"Break",
		"Scan",
		"Prep",
		"Scan",
		"Dead"
	],
	"start" : 8.0580558776855469
}