{
	"data" : 
	[
		0.59853249788284302,
		1.5779663324356079,
		1.6866884231567383,
		0.4898102879524231,
		1.5779663324356079,
		1.2514259815216064,
		1.7955974340438843,
		19.044130325317383,
		0.054361093789339066,
		0.1089089959859848,
		0.38071447610855103,
		3.3735637664794922,
		0.054361093789339066,
		1.7955974340438843,
		9.0868959426879883,
		0.054361093789339066,
		0.43526238203048706,
		0.54417139291763306,
		4.2984495162963867,
		0.1089089959859848,
		0.054361093789339066,
		0.2719922661781311,
		2.7206699848175049,
		0.97943377494812012,
		0.3809012770652771,
		1.08815598487854,
		0.21763119101524353,
		0.3809012770652771,
		1.0337948799133301,
		0.43544921278953552,
		0.38071447610855103,
		0.97943377494812012,
		1.3059738874435425,
		0.3809012770652771,
		1.0337948799133301,
		39.938220977783203
	],
	"end" : 12.715000152587891,
	"labels" : 
	[
		"Prep",
		"Scan",
		"Break",
		"Prep",
		"Scan",
		"Break",
		"Prep",
		"Scan",
		"Break",
		"Prep",
		"Break",
		"Scan",
		"Break",
		"Prep",
		"Scan",
		"Break",
		"Prep",
		"Break",
		"Scan",
		"Prep",
		"Break",
		"Break",
		"Scan",
		"Prep",
		"Break",
		"Scan",
		"Prep",
		"Break",
		"Scan",
		"Prep",
		"Break",
		"Scan",
		"Prep",
		"Break",
		"Scan",
		"Dead"
	],
	"start" : 12.204999923706055
}