{
	"data" : 
	[
		0.50851809978485107,
		0.97069191932678223,
		0.92466497421264648,
		0.41614684462547302,
		0.41582939028739929,
		0.92466497421264648,
		3.3285398483276367,
		0.46217375993728638,
		10.817596435546875,
		1.7102969884872437,
		0.41614684462547302,
		10.632535934448242,
		0.36980250477790833,
		8.598780632019043,
		0.046026922762393951,
		0.83229368925094604,
		18.260307312011719,
		0.046026922762393951,
		0.41614684462547302,
		7.1192536354064941,
		0.046344347298145294,
		1.4328656196594238,
		8.5524368286132812,
		0.41614684462547302,
		0.41582939028739929,
		2.4965634346008301,
		0.046026922762393951,
		2.8200216293334961,
		2.5425906181335449,
		0.41614684462547302,
		3.7443692684173584,
		9.7542152404785156
	],
	"end" : 18.490554809570312,
	"labels" : 
	[
		"Prep",
		"Scan",
		"Break",
		"Prep",
		"Break",
		"Scan",
		"Break",
		"Prep",
		"Scan",
		"Break",
		"Prep",
		"Scan",
		"Prep",
		"Scan",
		"Break",
		"Prep",
		"Scan",
		"Break",
		"Prep",
		"Scan",
		"Break",
		"Prep",
		"Scan",
		"Break",
		"Prep",
		"Break",
		"Scan",
		"Break",
		"Prep",
		"Prep",
		"Scan",
		"Dead"
	],
	"start" : 17.888055801391602
}