{
	"data" : 
	[
		0.7306552529335022,
		1.7933436632156372,
		4.0518984794616699,
		1.9265217781066895,
		22.38441276550293,
		0.13272202014923096,
		0.46475508809089661,
		4.1184873580932617,
		2.1253767013549805,
		11.092550277709961,
		0.066589057445526123,
		0.53134417533874512,
		0.19931106269359589,
		0.066589057445526123,
		6.5093083381652832,
		0.13272202014923096,
		0.33203309774398804,
		3.3212430477142334,
		1.1958664655685425,
		0.46475508809089661,
		1.5278995037078857,
		0.066132970154285431,
		0.13272202014923096,
		0.46521121263504028,
		1.1292773485183716,
		0.53134417533874512,
		0.46475508809089661,
		0.9965553879737854,
		0.066132970154285431,
		1.1958664655685425,
		0.46475508809089661,
		1.5278995037078857,
		0.066589057445526123,
		1.1288212537765503,
		6.7090754508972168,
		21.786479949951172
	],
	"end" : 17.514444351196289,
	"labels" : 
	[
		"Prep",
		"Scan",
		"Break",
		"Prep",
		"Scan",
		"Prep",
		"Break",
		"Scan",
		"Prep",
		"Scan",
		"Break",
		"Prep",
		"Break",
		"Prep",
		"Scan",
		"Prep",
		"Break",
		"Scan",
		"Prep",
		"Break",
		"Scan",
		"Break",
		"Prep",
		"Break",
		"Scan",
		"Prep",
		"Break",
		"Scan",
		"Break",
		"Prep",
		"Break",
		"Scan",
		"Break",
		"Break",
		"Scan",
		"Dead"
	],
	"start" : 17.09666633605957
}