{
	"data" : 
	[
		0.77224564552307129,
		1.3338350057601929,
		4.2121615409851074,
		0.70210725069046021,
		1.3338350057601929,
		1.8252860307693481,
		1.7551475763320923,
		21.622636795043945,
		0.56158936023712158,
		0.63196879625320435,
		0.21065628528594971,
		5.9673089981079102,
		0.56158936023712158,
		0.49145093560218811,
		5.9673089981079102,
		2.9484648704528809,
		1.1935582160949707,
		0.49145093560218811,
		1.3338350057601929,
		5.3355808258056641,
		0.21041524410247803,
		1.7551475763320923,
		0.56158936023712158,
		1.263696551322937,
		0.070138417184352875,
		1.1935582160949707,
		1.3338350057601929,
		0.070138417184352875,
		1.1935582160949707,
		1.263696551322937,
		0.070138417184352875,
		1.1935582160949707,
		1.3338350057601929,
		0.070138417184352875,
		0.56158936023712158,
		1.1935582160949707,
		1.1935582160949707,
		26.115835189819336
	],
	"end" : 9.8786115646362305,
	"labels" : 
	[
		"Prep",
		"Scan",
		"Break",
		"Prep",
		"Scan",
		"Break",
		"Prep",
		"Scan",
		"Break",
		"Prep",
		"Break",
		"Scan",
		"Prep",
		"Break",
		"Scan",
		"Break",
		"Prep",
		"Break",
		"Scan",
		"Break",
		"Prep",
		"Scan",
		"Break",
		"Scan",
		"Break",
		"Break",
		"Scan",
		"Prep",
		"Break",
		"Scan",
		"Break",
		"Break",
		"Scan",
		"Break",
		"Prep",
		"Break",
		"Scan",
		"Dead"
	],
	"start" : 9.4833335876464844
}