{
	"data" : 
	[
		0.62505578994750977,
		4.6057357788085938,
		0.057000719010829926,
		0.17061172425746918,
		0.68205654621124268,
		0.79605793952941895,
		1.5921158790588379,
		0.79605793952941895,
		4.1505112648010254,
		0.057000719010829926,
		0.96666961908340454,
		0.17022131383419037,
		0.057000719010829926,
		9.5523052215576172,
		1.0802806615829468,
		16.943656921386719,
		0.51183521747589111,
		9.2680826187133789,
		0.05661030113697052,
		8.1308012008666992,
		3.4114537239074707,
		0.39822417497634888,
		19.445442199707031,
		16.375211715698242
	],
	"end" : 17.09666633605957,
	"labels" : 
	[
		"Prep",
		"Break",
		"Prep",
		"Break",
		"Prep",
		"Scan",
		"Break",
		"Prep",
		"Scan",
		"Break",
		"Prep",
		"Break",
		"Prep",
		"Scan",
		"Prep",
		"Scan",
		"Prep",
		"Scan",
		"Prep",
		"Scan",
		"Break",
		"Prep",
		"Scan",
		"Dead"
	],
	"start" : 16.608612060546875
}