{
	"data" : 
	[
		1.4286743402481079,
		0.91858369112014771,
		1.02018141746521,
		2.0410635471343994,
		2.0403628349304199,
		1.7348690032958984,
		18.572065353393555,
		3.2651412487030029,
		14.286043167114258,
		0.10229840129613876,
		0.10229840129613876,
		19.183753967285156,
		0.20389614999294281,
		18.163572311401367,
		0.10229840129613876,
		1.2247781753540039,
		15.51012134552002
	],
	"end" : 19.363332748413086,
	"labels" : 
	[
		"Prep",
		"Scan",
		"Break",
		"Scan",
		"Break",
		"Prep",
		"Scan",
		"Break",
		"Scan",
		"Break",
		"Prep",
		"Scan",
		"Prep",
		"Scan",
		"Break",
		"Prep",
		"Scan"
	],
	"start" : 19.091388702392578
}