{
	"data" : 
	[
		0.66861808300018311,
		1.262775182723999,
		1.8564223051071167,
		0.66861808300018311,
		2.377138614654541,
		1.485137939453125,
		1.7085204124450684,
		12.032574653625488,
		3.5649430751800537,
		0.14892178773880005,
		6.5362381935119629,
		0.14841178059577942,
		9.6554365158081055,
		0.22287267446517944,
		0.89149069786071777,
		10.101181030273438,
		0.074460893869400024,
		12.775142669677734,
		1.4111869335174561,
		13.592682838439941,
		18.71722412109375
	],
	"end" : 17.888055801391602,
	"labels" : 
	[
		"Prep",
		"Scan",
		"Break",
		"Prep",
		"Scan",
		"Break",
		"Prep",
		"Scan",
		"Break",
		"Prep",
		"Scan",
		"Prep",
		"Scan",
		"Break",
		"Prep",
		"Scan",
		"Break",
		"Scan",
		"Prep",
		"Scan",
		"Dead"
	],
	"start" : 17.514444351196289
}