{
	"data" : 
	[
		1.8231201171875,
		2.4746494293212891,
		3.9078357219696045,
		8.4658594131469727,
		0.13012702763080597,
		14.067134857177734,
		0.13012702763080597,
		13.80643367767334,
		0.13012702763080597,
		13.936561584472656,
		41.028026580810547
	],
	"end" : 10.091666221618652,
	"labels" : 
	[
		"Prep",
		"Scan",
		"Break",
		"Scan",
		"Prep",
		"Scan",
		"Break",
		"Scan",
		"Prep",
		"Scan",
		"Dead"
	],
	"start" : 9.8786115646362305
}