{
	"data" : 
	[
		1.974276065826416,
		0.78989118337631226,
		1.5793305635452271,
		1.4478327035903931,
		4.2119998931884766,
		1.710828423500061,
		4.869941234588623,
		17.373992919921875,
		2.2377238273620605,
		18.689874649047852,
		0.26344770193099976,
		14.609824180603027,
		0.26299580931663513,
		10.398276329040527,
		19.479764938354492
	],
	"end" : 11.675000190734863,
	"labels" : 
	[
		"Prep",
		"Scan",
		"Break",
		"Scan",
		"Break",
		"Prep",
		"Break",
		"Scan",
		"Prep",
		"Scan",
		"Prep",
		"Scan",
		"Prep",
		"Scan",
		"Dead"
	],
	"start" : 11.464166641235352
}