{
	"data" : 
	[
		0.6119006872177124,
		1.8357019424438477,
		0.91811352968215942,
		3.3657159805297852,
		3.3657159805297852,
		7.1899638175964355,
		2.4481277465820312,
		13.30949592590332,
		7.1904888153076172,
		20.194297790527344,
		0.30568769574165344,
		21.724311828613281,
		0.45905676484107971,
		16.981424331665039
	],
	"end" : 11.856389045715332,
	"labels" : 
	[
		"Break",
		"Prep",
		"Scan",
		"Break",
		"Scan",
		"Break",
		"Prep",
		"Scan",
		"Break",
		"Scan",
		"Prep",
		"Scan",
		"Prep",
		"Scan"
	],
	"start" : 11.675000190734863
}