{
	"data" : 
	[
		0.24672254920005798,
		0.47577884793281555,
		0.45817309617996216,
		0.26432830095291138,
		3.3305730819702148,
		5.9563107490539551,
		0.29953980445861816,
		1.2688242197036743,
		0.14096702635288239,
		0.52865660190582275,
		5.4805316925048828,
		0.017605753615498543,
		0.052877757698297501,
		4.4760355949401855,
		0.052817258983850479,
		4.3526744842529297,
		0.017666254192590714,
		1.7093310356140137,
		0.45817309617996216,
		0.14096702635288239,
		0.17623902857303619,
		0.017605753615498543,
		0.035272005945444107,
		5.4275932312011719,
		0.65201789140701294,
		9.0578269958496094,
		7.6303696632385254,
		0.035211507230997086,
		0.17623902857303619,
		3.489206075668335,
		0.017605753615498543,
		0.035272005945444107,
		4.1588296890258789,
		39.262161254882812
	],
	"end" : 12.962778091430664,
	"labels" : 
	[
		"Prep",
		"Scan",
		"Break",
		"Prep",
		"Scan",
		"Break",
		"Prep",
		"Scan",
		"Break",
		"Prep",
		"Scan",
		"Break",
		"Prep",
		"Scan",
		"Prep",
		"Scan",
		"Prep",
		"Scan",
		"Break",
		"Prep",
		"Scan",
		"Break",
		"Prep",
		"Scan",
		"Break",
		"Scan",
		"Break",
		"Prep",
		"Break",
		"Scan",
		"Break",
		"Prep",
		"Scan",
		"Dead"
	],
	"start" : 11.388055801391602
}