{
	"data" : 
	[
		0.1053612157702446,
		0.2107224315404892,
		0.51171755790710449,
		0.1053612157702446,
		1.4298173189163208,
		0.18814133107662201,
		0.12794230878353119,
		0.5418170690536499,
		0.2107224315404892,
		0.14297914505004883,
		1.9189796447753906,
		0.0075184190645813942,
		0.02258109487593174,
		1.5954035520553589,
		0.02258109487593174,
		1.8587805032730103,
		0.30099514126777649,
		1.1965396404266357,
		0.02258109487593174,
		0.23330351710319519,
		1.4448541402816772,
		0.0075442558154463768,
		0.015036838129162788,
		0.72244000434875488,
		0.5870051383972168,
		0.12794230878353119,
		0.082780122756958008,
		0.28595829010009766,
		0.097816966474056244,
		0.12039805203676224,
		0.19568559527397156,
		0.21821501851081848,
		0.12039805203676224,
		0.07528754323720932,
		0.0074925827793776989,
		1.2868639230728149,
		0.0075442558154463768,
		0.090272709727287292,
		0.30853939056396484,
		0.15806765854358673,
		1.4975347518920898,
		0.0075442558154463768,
		0.1053612157702446,
		1.354555606842041,
		0.44402596354484558,
		0.060199026018381119,
		1.1137595176696777,
		0.030073676258325577,
		1.3620998859405518,
		0.14297914505004883,
		0.0075442558154463768,
		0.72998422384262085,
		1.9189796447753906,
		0.0074925827793776989,
		0.082780122756958008,
		1.3320262432098389,
		1.1664142608642578,
		0.0075442558154463768,
		0.02258109487593174,
		1.2115764617919922,
		70.580955505371094
	],
	"end" : 19.266666412353516,
	"labels" : 
	[
		"Prep",
		"Scan",
		"Break",
		"Prep",
		"Scan",
		"Break",
		"Prep",
		"Scan",
		"Break",
		"Prep",
		"Scan",
		"Break",
		"Prep",
		"Scan",
		"Prep",
		"Scan",
		"Break",
		"Scan",
		"Break",
		"Prep",
		"Scan",
		"Break",
		"Prep",
		"Scan",
		"Break",
		"Prep",
		"Break",
		"Scan",
		"Break",
		"Prep",
		"Scan",
		"Break",
		"Prep",
		"Break",
		"Prep",
		"Scan",
		"Break",
		"Prep",
		"Break",
		"Prep",
		"Scan",
		"Break",
		"Prep",
		"Scan",
		"Break",
		"Prep",
		"Scan",
		"Prep",
		"Scan",
		"Break",
		"Prep",
		"Scan",
		"Break",
		"Prep",
		"Break",
		"Scan",
		"Scan",
		"Break",
		"Prep",
		"Scan",
		"Dead"
	],
	"start" : 15.579166412353516
}