{
	"data" : 
	[
		0.18490587174892426,
		0.29583245515823364,
		0.59170728921890259,
		0.22189553081989288,
		0.061621185392141342,
		0.012358094565570354,
		0.48073834180831909,
		0.44379106163978577,
		0.18490587174892426,
		0.073979273438453674,
		0.012315772473812103,
		0.38212752342224121,
		0.27120092511177063,
		0.20957975089550018,
		1.3436888456344604,
		0.012315772473812103,
		1.3313307762145996,
		0.012315772473812103,
		2.1203019618988037,
		0.012315772473812103,
		0.18490587174892426,
		1.5162789821624756,
		0.19722163677215576,
		2.2189128398895264,
		0.024631544947624207,
		2.3791873455047607,
		0.012315772473812103,
		0.18490587174892426,
		0.2342112809419632,
		0.012315772473812103,
		0.012358094565570354,
		2.7119669914245605,
		0.012358094565570354,
		2.2312285900115967,
		0.18490587174892426,
		1.6765109300613403,
		0.012315772473812103,
		2.5394191741943359,
		0.012315772473812103,
		0.20957975089550018,
		1.7504479885101318,
		0.012315772473812103,
		0.18494820594787598,
		2.1942391395568848,
		0.12324237078428268,
		0.012358094565570354,
		0.012315772473812103,
		0.66568654775619507,
		1.2204041481018066,
		0.22185319662094116,
		2.4531240463256836,
		0.012358094565570354,
		0.18490587174892426,
		0.012315772473812103,
		0.012315772473812103,
		2.317523717880249,
		0.012315772473812103,
		0.18494820594787598,
		0.024631544947624207,
		0.012315772473812103,
		2.5147876739501953,
		0.012315772473812103,
		0.18490587174892426,
		2.5271034240722656,
		0.012315772473812103,
		0.098610818386077881,
		0.2465270459651947,
		0.012358094565570354,
		0.012315772473812103,
		1.9230380058288574,
		0.024673866108059883,
		0.18490587174892426,
		2.3052079677581787,
		0.086252734065055847,
		0.38216984272003174,
		0.073936954140663147,
		0.036989636719226837,
		0.012358094565570354,
		0.012315772473812103,
		0.012315772473812103,
		3.3776533603668213,
		0.17259010672569275,
		0.39448562264442444,
		0.036989636719226837,
		0.012315772473812103,
		0.012315772473812103,
		0.012315772473812103,
		3.3776957988739014,
		0.30819058418273926,
		0.03694731742143631,
		0.061663508415222168,
		0.012315772473812103,
		3.3776533603668213,
		0.2342112809419632,
		0.049347732216119766,
		0.04930540919303894,
		3.3776533603668213,
		37.869304656982422
	],
	"end" : 11.388055801391602,
	"labels" : 
	[
		"Prep",
		"Scan",
		"Break",
		"Prep",
		"Break",
		"Prep",
		"Scan",
		"Break",
		"Prep",
		"Break",
		"Prep",
		"Scan",
		"Break",
		"Prep",
		"Scan",
		"Prep",
		"Scan",
		"Break",
		"Scan",
		"Break",
		"Prep",
		"Scan",
		"Prep",
		"Scan",
		"Break",
		"Scan",
		"Break",
		"Prep",
		"Break",
		"Break",
		"Prep",
		"Scan",
		"Prep",
		"Scan",
		"Prep",
		"Scan",
		"Prep",
		"Scan",
		"Break",
		"Prep",
		"Scan",
		"Break",
		"Prep",
		"Scan",
		"Prep",
		"Break",
		"Prep",
		"Scan",
		"Break",
		"Prep",
		"Scan",
		"Break",
		"Prep",
		"Break",
		"Prep",
		"Scan",
		"Break",
		"Prep",
		"Break",
		"Prep",
		"Scan",
		"Break",
		"Prep",
		"Scan",
		"Break",
		"Prep",
		"Break",
		"Prep",
		"Break",
		"Scan",
		"Break",
		"Prep",
		"Scan",
		"Break",
		"Prep",
		"Break",
		"Break",
		"Prep",
		"Break",
		"Prep",
		"Scan",
		"Break",
		"Prep",
		"Break",
		"Prep",
		"Break",
		"Prep",
		"Scan",
		"Prep",
		"Break",
		"Break",
		"Prep",
		"Scan",
		"Prep",
		"Break",
		"Break",
		"Scan",
		"Dead"
	],
	"start" : 9.1369447708129883
}