{
	"data" : 
	[
		0.70202326774597168,
		1.2633205652236938,
		1.2633205652236938,
		0.70202326774597168,
		8.8435659408569336,
		0.79519796371459961,
		3.3690690994262695,
		0.32771795988082886,
		1.403725266456604,
		14.551962852478027,
		0.046908650547266006,
		0.14040465652942657,
		11.838329315185547,
		0.046587355434894562,
		0.14040465652942657,
		11.557519912719727,
		0.046908650547266006,
		4.5854811668395996,
		20.167184829711914,
		0.093496009707450867,
		14.599191665649414,
		0.046587355434894562,
		3.3690690994262695
	],
	"end" : 19.859722137451172,
	"labels" : 
	[
		"Prep",
		"Scan",
		"Break",
		"Prep",
		"Scan",
		"Prep",
		"Scan",
		"Break",
		"Prep",
		"Scan",
		"Break",
		"Prep",
		"Scan",
		"Break",
		"Prep",
		"Scan",
		"Prep",
		"Scan",
		"Break",
		"Prep",
		"Scan",
		"Prep",
		"Scan"
	],
	"start" : 19.266666412353516
}