{
	"data" : 
	[
		0.31198734045028687,
		0.31206387281417847,
		1.0922235250473022,
		0.35660070180892944,
		0.22291369736194611,
		0.66866457462310791,
		0.022268412634730339,
		0.35660070180892944,
		0.15603193640708923,
		0.691009521484375,
		1.582511305809021,
		0.20056876540184021,
		2.8084218502044678,
		0.022344937548041344,
		0.28971892595291138,
		5.0374059677124023,
		0.022268412634730339,
		2.6523900032043457,
		0.17830035090446472,
		3.4994311332702637,
		0.022268412634730339,
		0.35660070180892944,
		2.2957892417907715,
		0.35667720437049866,
		5.2156295776367188,
		0.37894564867019653,
		2.9644536972045898,
		0.022268412634730339,
		4.7698783874511719,
		0.022268412634730339,
		3.4994311332702637,
		0.33433228731155396,
		3.0313355922698975,
		3.0313355922698975,
		0.53490108251571655,
		4.7698783874511719,
		0.022344937548041344,
		4.1457509994506836,
		0.022268412634730339,
		0.31206387281417847,
		0.33433228731155396,
		3.0313355922698975,
		2.9198403358459473,
		0.26752704381942749,
		0.022268412634730339,
		5.5723066329956055,
		31.160243988037109
	],
	"end" : 14.207777976989746,
	"labels" : 
	[
		"Prep",
		"Break",
		"Scan",
		"Prep",
		"Break",
		"Scan",
		"Break",
		"Prep",
		"Break",
		"Scan",
		"Break",
		"Prep",
		"Scan",
		"Prep",
		"Break",
		"Scan",
		"Break",
		"Scan",
		"Prep",
		"Scan",
		"Break",
		"Prep",
		"Scan",
		"Prep",
		"Scan",
		"Prep",
		"Scan",
		"Prep",
		"Scan",
		"Prep",
		"Scan",
		"Prep",
		"Scan",
		"Scan",
		"Break",
		"Scan",
		"Break",
		"Scan",
		"Break",
		"Prep",
		"Break",
		"Scan",
		"Break",
		"Break",
		"Prep",
		"Scan",
		"Dead"
	],
	"start" : 12.962778091430664
}