{
	"data" : 
	[
		0.34395214915275574,
		0.78919339179992676,
		0.52610576152801514,
		0.16186800599098206,
		1.031995415687561,
		0.64754146337509155,
		0.14165186882019043,
		1.1129293441772461,
		0.52610576152801514,
		1.0724276304244995,
		0.22258587181568146,
		0.28330373764038086,
		2.5900270938873291,
		0.020285604521632195,
		1.7401852607727051,
		0.66775763034820557,
		4.1481976509094238,
		0.040432266891002655,
		1.4771671295166016,
		0.020216133445501328,
		3.0757005214691162,
		0.1214357390999794,
		0.040432266891002655,
		3.7637438774108887,
		0.020216133445501328,
		0.38445389270782471,
		3.9660439491271973,
		0.44517174363136292,
		0.040501736104488373,
		1.3962332010269165,
		69.082138061523438
	],
	"end" : 15.579166412353516,
	"labels" : 
	[
		"Prep",
		"Scan",
		"Break",
		"Prep",
		"Scan",
		"Break",
		"Prep",
		"Scan",
		"Break",
		"Scan",
		"Break",
		"Prep",
		"Scan",
		"Prep",
		"Scan",
		"Prep",
		"Scan",
		"Prep",
		"Scan",
		"Prep",
		"Scan",
		"Break",
		"Prep",
		"Scan",
		"Break",
		"Prep",
		"Scan",
		"Break",
		"Prep",
		"Scan",
		"Dead"
	],
	"start" : 14.207777976989746
}