{
	"data" : 
	[
		1.0128850936889648,
		1.1691250801086426,
		2.2595951557159424,
		5.6883153915405273,
		0.078120030462741852,
		1.3248300552368164,
		13.169111251831055,
		0.078120030462741852,
		0.15570499002933502,
		25.092048645019531,
		0.62335503101348877,
		12.701995849609375,
		0.07758495956659317,
		11.065220832824707,
		25.40399169921875
	],
	"end" : 16.664167404174805,
	"labels" : 
	[
		"Prep",
		"Scan",
		"Break",
		"Scan",
		"Break",
		"Prep",
		"Scan",
		"Break",
		"Prep",
		"Scan",
		"Prep",
		"Scan",
		"Break",
		"Scan",
		"Dead"
	],
	"start" : 16.308055877685547
}