{
	"data" : 
	[
		0.01945623941719532,
		0.023626115173101425,
		0.0013931392459198833,
		0.0027767363935709,
		0.04446595162153244,
		0.02223297581076622,
		0.041689217090606689,
		0.0055630151182413101,
		0.048635825514793396,
		0.01667950302362442,
		0.04446595162153244,
		0.0013931392459198833,
		0.0013835972640663385,
		0.1486937552690506,
		0.018072642385959625,
		0.0013835972640663385,
		0.31267386674880981,
		0.02224251814186573,
		0.054189302027225494,
		0.13063065707683563,
		0.065315328538417816,
		0.045859090983867645,
		0.1542472243309021,
		0.0013931392459198833,
		0.0013931392459198833,
		0.0013835972640663385,
		0.19177611172199249,
		0.020849376916885376,
		0.1542472243309021,
		0.020849376916885376,
		0.13062112033367157,
		0.0013931392459198833,
		0.018063100054860115,
		0.15286363661289215,
		0.17788289487361908,
		0.020839836448431015,
		0.0013931392459198833,
		0.21956257522106171,
		0.0013931392459198833,
		0.01250008400529623,
		0.1500868946313858,
		0.0013931392459198833,
		0.02223297581076622,
		0.0013931392459198833,
		0.0013835972640663385,
		0.2973875105381012,
		0.020849376916885376,
		0.0013835972640663385,
		0.0013931392459198833,
		97.047027587890625
	],
	"end" : 19.398611068725586,
	"labels" : 
	[
		"Prep",
		"Scan",
		"Break",
		"Prep",
		"Break",
		"Prep",
		"Scan",
		"Prep",
		"Break",
		"Prep",
		"Scan",
		"Break",
		"Prep",
		"Scan",
		"Break",
		"Prep",
		"Scan",
		"Prep",
		"Break",
		"Scan",
		"Scan",
		"Break",
		"Scan",
		"Break",
		"Break",
		"Prep",
		"Scan",
		"Prep",
		"Scan",
		"Prep",
		"Scan",
		"Break",
		"Prep",
		"Scan",
		"Scan",
		"Prep",
		"Break",
		"Scan",
		"Break",
		"Prep",
		"Scan",
		"Break",
		"Prep",
		"Break",
		"Prep",
		"Scan",
		"Prep",
		"Break",
		"Prep",
		"Scan"
	],
	"start" : 18.828332901000977
}