{
	"data" : 
	[
		1.4099544286727905,
		0.60367345809936523,
		1.3096878528594971,
		1.1077718734741211,
		4.4310874938964844,
		5.437901496887207,
		0.10026648640632629,
		1.611870288848877,
		8.7612171173095703,
		0.20122449100017548,
		5.7400836944580078,
		0.10095798969268799,
		0.10095798969268799,
		5.2366766929626465,
		7.5524868965148926,
		0.10095798969268799,
		0.50340694189071655,
		1.2087298631668091,
		0.60436493158340454,
		2.617992639541626,
		1.1077718734741211,
		2.6186842918395996,
		0.10026648640632629,
		5.4385929107666016,
		1.7114452123641968,
		8.6609506607055664,
		0.10095798969268799,
		0.10026648640632629,
		5.7407755851745605,
		1.4099544286727905,
		0.10026648640632629,
		5.0354523658752441,
		19.033346176147461
	],
	"end" : 16.939722061157227,
	"labels" : 
	[
		"Prep",
		"Scan",
		"Break",
		"Scan",
		"Break",
		"Scan",
		"Break",
		"Prep",
		"Scan",
		"Prep",
		"Scan",
		"Break",
		"Prep",
		"Scan",
		"Break",
		"Prep",
		"Break",
		"Prep",
		"Scan",
		"Break",
		"Scan",
		"Break",
		"Prep",
		"Scan",
		"Prep",
		"Scan",
		"Break",
		"Prep",
		"Scan",
		"Break",
		"Prep",
		"Scan",
		"Dead"
	],
	"start" : 16.664167404174805
}