{
	"data" : 
	[
		0.22044718265533447,
		0.20571707189083099,
		0.67586982250213623,
		0.98439496755599976,
		0.24980649352073669,
		0.029359325766563416,
		0.01473010890185833,
		2.4244143962860107,
		0.29389595985412598,
		0.30852517485618591,
		0.29389595985412598,
		0.22034628689289093,
		0.26453661918640137,
		0.13216741383075714,
		0.23517727851867676,
		0.26443570852279663,
		0.17635774612426758,
		4.378575325012207,
		0.1175381988286972,
		2.409684419631958,
		0.02946021780371666,
		2.0716991424560547,
		0.01473010890185833,
		0.10280808061361313,
		5.0104565620422363,
		0.01473010890185833,
		2.1892373561859131,
		0.01473010890185833,
		0.24980649352073669,
		1.0432145595550537,
		0.01473010890185833,
		1.4840080738067627,
		0.23507639765739441,
		1.057944655418396,
		0.01462921779602766,
		1.0138552188873291,
		0.24980649352073669,
		0.088178873062133789,
		0.01462921779602766,
		2.2334275245666504,
		0.01473010890185833,
		0.01462921779602766,
		0.01473010890185833,
		2.409684419631958,
		0.01473010890185833,
		0.30852517485618591,
		2.3216063976287842,
		0.01462921779602766,
		1.2195723056793213,
		0.058718651533126831,
		0.26453661918640137,
		2.1452486515045166,
		0.01462921779602766,
		1.5428276062011719,
		0.01473010890185833,
		1.8659819364547729,
		0.01473010890185833,
		0.20571707189083099,
		1.7044552564620972,
		0.23507639765739441,
		1.4399185180664062,
		53.013565063476562
	],
	"end" : 18.828332901000977,
	"labels" : 
	[
		"Prep",
		"Scan",
		"Break",
		"Scan",
		"Prep",
		"Break",
		"Prep",
		"Scan",
		"Prep",
		"Scan",
		"Break",
		"Prep",
		"Scan",
		"Break",
		"Prep",
		"Scan",
		"Prep",
		"Scan",
		"Prep",
		"Scan",
		"Prep",
		"Scan",
		"Break",
		"Prep",
		"Scan",
		"Prep",
		"Scan",
		"Break",
		"Prep",
		"Scan",
		"Break",
		"Scan",
		"Break",
		"Scan",
		"Break",
		"Scan",
		"Prep",
		"Break",
		"Prep",
		"Scan",
		"Prep",
		"Break",
		"Prep",
		"Scan",
		"Prep",
		"Break",
		"Scan",
		"Break",
		"Scan",
		"Break",
		"Prep",
		"Scan",
		"Prep",
		"Scan",
		"Prep",
		"Scan",
		"Break",
		"Prep",
		"Scan",
		"Prep",
		"Scan",
		"Dead"
	],
	"start" : 16.939722061157227
}