{
	"data" : 
	[
		0.78718870878219604,
		0.54481691122055054,
		1.6348663568496704,
		1.150330662727356,
		2.6033141613006592,
		1.0293526649475098,
		11.927352905273438,
		0.060696881264448166,
		0.12097803503274918,
		10.353391647338867,
		0.060489017516374588,
		9.0211782455444336,
		0.12118590623140335,
		11.443024635314941,
		49.041835784912109
	],
	"end" : 12.834722518920898,
	"labels" : 
	[
		"Prep",
		"Scan",
		"Break",
		"Scan",
		"Break",
		"Prep",
		"Scan",
		"Break",
		"Prep",
		"Scan",
		"Break",
		"Scan",
		"Prep",
		"Scan",
		"Dead"
	],
	"start" : 12.376388549804688
}