{
	"data" : 
	[
		0.89942967891693115,
		0.78709745407104492,
		3.8791282176971436,
		0.44971483945846558,
		4.1039857864379883,
		0.056166104972362518,
		0.95578879117965698,
		9.4445905685424805,
		0.05635911226272583,
		0.11233220994472504,
		16.753131866455078,
		0.44971483945846558,
		9.8944978713989258,
		0.39354872703552246,
		8.8823509216308594,
		5.4533233642578125,
		8.9385166168212891,
		0.05635911226272583,
		0.16869132220745087,
		17.821060180664062,
		10.344213485717773
	],
	"end" : 16.178054809570312,
	"labels" : 
	[
		"Prep",
		"Scan",
		"Break",
		"Prep",
		"Scan",
		"Break",
		"Prep",
		"Scan",
		"Break",
		"Prep",
		"Scan",
		"Prep",
		"Scan",
		"Prep",
		"Scan",
		"Break",
		"Scan",
		"Break",
		"Prep",
		"Scan",
		"Dead"
	],
	"start" : 15.684444427490234
}