{
	"data" : 
	[
		2.5089130401611328,
		15.281609535217285,
		14.369088172912598,
		0.22813047468662262,
		10.643826484680176,
		0.075956478714942932,
		0.15217398107051849,
		15.281347274780273,
		41.358959197998047
	],
	"end" : 9.9658336639404297,
	"labels" : 
	[
		"Prep",
		"Scan",
		"Break",
		"Prep",
		"Scan",
		"Break",
		"Prep",
		"Scan",
		"Dead"
	],
	"start" : 9.6008329391479492
}