{
	"data" : 
	[
		0.0253562331199646,
		0.016906088218092918,
		0.038878779858350754,
		0.0016888678073883057,
		0.035501047968864441,
		0.081141099333763123,
		0.035495240241289139,
		0.06761854887008667,
		0.035501047968864441,
		0.1031138002872467,
		0.081141099333763123,
		0.23666201531887054,
		0.0016946715768426657,
		0.25863471627235413,
		0.0016888678073883057,
		0.26878532767295837,
		0.0016888678073883057,
		0.011833681724965572,
		39.816654205322266,
		0.35329839587211609,
		58.426719665527344
	],
	"end" : 9.6008329391479492,
	"labels" : 
	[
		"Prep",
		"Scan",
		"Break",
		"Prep",
		"Scan",
		"Break",
		"Scan",
		"Break",
		"Scan",
		"Break",
		"Prep",
		"Scan",
		"Break",
		"Scan",
		"Prep",
		"Scan",
		"Break",
		"Break",
		"Scan",
		"Dead",
		"Break"
	],
	"start" : 9.3286113739013672
}