{
	"data" : 
	[
		1.1266118288040161,
		0.84520053863525391,
		1.5959527492523193,
		1.7838824987411499,
		5.5395774841308594,
		2.6290831565856934,
		19.341619491577148,
		0.093803726136684418,
		0.093803726136684418,
		16.149391174316406,
		5.2578439712524414,
		0.18792980909347534,
		13.895846366882324,
		0.18760745227336884,
		17.74566650390625,
		13.426181793212891
	],
	"end" : 12.376388549804688,
	"labels" : 
	[
		"Prep",
		"Scan",
		"Break",
		"Scan",
		"Break",
		"Prep",
		"Scan",
		"Break",
		"Prep",
		"Scan",
		"Break",
		"Prep",
		"Scan",
		"Prep",
		"Scan",
		"Dead"
	],
	"start" : 12.080833435058594
}