{
	"data" : 
	[
		1.6188328266143799,
		2.4278521537780762,
		5.4344825744628906,
		1.6188328266143799,
		10.406101226806641,
		0.11591445654630661,
		0.11512052267789841,
		12.603713035583496,
		0.11512052267789841,
		9.8281164169311523,
		0.11591445654630661,
		0.92493385076522827,
		10.868965148925781,
		1.0408483743667603,
		9.7122030258178711,
		32.953048706054688
	],
	"end" : 17.924444198608398,
	"labels" : 
	[
		"Prep",
		"Scan",
		"Break",
		"Prep",
		"Scan",
		"Break",
		"Break",
		"Scan",
		"Prep",
		"Scan",
		"Break",
		"Prep",
		"Scan",
		"Prep",
		"Scan",
		"Dead"
	],
	"start" : 17.684444427490234
}