{
	"data" : 
	[
		0.54213476181030273,
		1.3798716068267822,
		2.1193001270294189,
		0.44348788261413574,
		0.39424905180931091,
		4.9778594970703125,
		0.39424905180931091,
		0.44348788261413574,
		0.34501022100448608,
		4.6820878982543945,
		1.8235287666320801,
		7.3927617073059082,
		1.3306328058242798,
		0.049238830804824829,
		0.049408033490180969,
		0.34501022100448608,
		1.0842695236206055,
		0.098477661609649658,
		0.98579180240631104,
		18.875900268554688,
		0.73925924301147461,
		0.1972937285900116,
		0.34484100341796875,
		3.2035696506500244,
		0.049238830804824829,
		1.1829164028167725,
		13.306835174560547,
		33.119289398193359
	],
	"end" : 10.528888702392578,
	"labels" : 
	[
		"Prep",
		"Scan",
		"Break",
		"Prep",
		"Break",
		"Scan",
		"Break",
		"Prep",
		"Break",
		"Scan",
		"Prep",
		"Scan",
		"Prep",
		"Break",
		"Prep",
		"Break",
		"Scan",
		"Break",
		"Prep",
		"Scan",
		"Break",
		"Prep",
		"Break",
		"Scan",
		"Break",
		"Prep",
		"Scan",
		"Dead"
	],
	"start" : 9.9658336639404297
}