{
	"data" : 
	[
		0.54507780075073242,
		0.54507780075073242,
		1.8687425851821899,
		0.038895938545465469,
		2.9588980674743652,
		0.038895938545465469,
		0.85651260614395142,
		6.345919132232666,
		0.11682147532701492,
		11.601815223693848,
		0.31143483519554138,
		6.345919132232666,
		0.038895938545465469,
		0.077925540506839752,
		5.6451234817504883,
		5.1390752792358398,
		0.038895938545465469,
		5.6452574729919434,
		0.31143483519554138,
		12.380402565002441,
		39.048980712890625
	],
	"end" : 15.684444427490234,
	"labels" : 
	[
		"Prep",
		"Scan",
		"Break",
		"Prep",
		"Scan",
		"Break",
		"Prep",
		"Scan",
		"Prep",
		"Scan",
		"Prep",
		"Scan",
		"Break",
		"Prep",
		"Scan",
		"Break",
		"Prep",
		"Scan",
		"Prep",
		"Scan",
		"Dead"
	],
	"start" : 14.97166633605957
}