{
	"data" : 
	[
		0.79741823673248291,
		0.79722267389297485,
		2.2782540321350098,
		0.79741823673248291,
		4.8981189727783203,
		3.0756721496582031,
		0.96832156181335449,
		8.8281116485595703,
		0.056902579963207245,
		0.45561167597770691,
		16.972806930541992,
		0.45561167597770691,
		9.2837238311767578,
		0.056902579963207245,
		0.11400069296360016,
		9.1128206253051758,
		1.1392247676849365,
		19.763574600219727,
		20.048284530639648
	],
	"end" : 14.97166633605957,
	"labels" : 
	[
		"Prep",
		"Scan",
		"Break",
		"Prep",
		"Scan",
		"Break",
		"Prep",
		"Scan",
		"Break",
		"Prep",
		"Scan",
		"Prep",
		"Scan",
		"Break",
		"Prep",
		"Scan",
		"Prep",
		"Scan",
		"Dead"
	],
	"start" : 14.484444618225098
}