{
	"data" : 
	[
		0.26957154273986816,
		19.854221343994141,
		8.8940095901489258,
		0.71865177154541016,
		15.452247619628906,
		0.089754365384578705,
		0.17981715500354767,
		11.768617630004883,
		0.80871462821960449,
		19.854221343994141,
		22.010177612304688
	],
	"end" : 13.97944450378418,
	"labels" : 
	[
		"Prep",
		"Scan",
		"Break",
		"Prep",
		"Scan",
		"Break",
		"Prep",
		"Scan",
		"Prep",
		"Scan",
		"Dead"
	],
	"start" : 13.670555114746094
}