{
	"data" : 
	[
		0.37880408763885498,
		2.9613871574401855,
		0.13785442709922791,
		0.30999511480331421,
		1.3085529804229736,
		0.30999511480331421,
		0.99879425764083862,
		0.13761796057224274,
		0.30975866317749023,
		1.2742667198181152,
		1.3085529804229736,
		0.34428134560585022,
		8.5746393203735352,
		7.782745361328125,
		0.34428134560585022,
		0.5509447455406189,
		7.9203629493713379,
		0.30999511480331421,
		0.41332679986953735,
		7.782508373260498,
		3.6847093105316162,
		3.7535181045532227,
		0.30999511480331421,
		4.7177896499633789,
		43.975322723388672
	],
	"end" : 19.281665802001953,
	"labels" : 
	[
		"Prep",
		"Break",
		"Scan",
		"Break",
		"Prep",
		"Prep",
		"Break",
		"Scan",
		"Prep",
		"Break",
		"Scan",
		"Prep",
		"Break",
		"Scan",
		"Prep",
		"Break",
		"Break",
		"Scan",
		"Break",
		"Prep",
		"Break",
		"Scan",
		"Prep",
		"Scan",
		"Dead"
	],
	"start" : 18.446111679077148
}