{
	"data" : 
	[
		0.45657429099082947,
		0.63924580812454224,
		3.1960201263427734,
		0.24359685182571411,
		0.79140245914459229,
		1.4001332521438599,
		0.82181280851364136,
		1.4306482076644897,
		0.54791009426116943,
		0.66965621709823608,
		2.222050666809082,
		0.39564892649650574,
		0.030514920130372047,
		0.76088744401931763,
		2.8612964153289795,
		0.24349234998226166,
		0.48698469996452332,
		0.27400726079940796,
		0.79140245914459229,
		1.3393124341964722,
		0.48698469996452332,
		2.6176996231079102,
		0.030514920130372047,
		3.2264306545257568,
		2.4960579872131348,
		0.48698469996452332,
		0.030410416424274445,
		0.030410416424274445,
		4.7485189437866211,
		0.030410416424274445,
		0.030410416424274445,
		4.5962576866149902,
		0.030514920130372047,
		2.1915357112884521,
		5.0528321266174316,
		0.030410416424274445,
		0.42616385221481323,
		0.06092534214258194,
		3.3786916732788086,
		0.060820832848548889,
		4.139683723449707,
		0.030410416424274445,
		0.85232770442962646,
		4.6266684532165527,
		0.030514920130372047,
		0.51739513874053955,
		5.2659139633178711,
		0.030410416424274445,
		0.45657429099082947,
		3.9875271320343018,
		0.030410416424274445,
		0.24349234998226166,
		3.1351993083953857,
		26.907892227172852
	],
	"end" : 12.080833435058594,
	"labels" : 
	[
		"Prep",
		"Scan",
		"Break",
		"Prep",
		"Scan",
		"Break",
		"Scan",
		"Break",
		"Prep",
		"Scan",
		"Break",
		"Prep",
		"Break",
		"Scan",
		"Break",
		"Prep",
		"Break",
		"Prep",
		"Scan",
		"Break",
		"Prep",
		"Scan",
		"Prep",
		"Scan",
		"Scan",
		"Prep",
		"Break",
		"Prep",
		"Scan",
		"Prep",
		"Break",
		"Scan",
		"Break",
		"Break",
		"Scan",
		"Break",
		"Prep",
		"Break",
		"Scan",
		"Break",
		"Scan",
		"Break",
		"Break",
		"Scan",
		"Break",
		"Prep",
		"Scan",
		"Break",
		"Prep",
		"Scan",
		"Break",
		"Prep",
		"Scan",
		"Dead"
	],
	"start" : 11.169166564941406
}