{
	"data" : 
	[
		1.2703614234924316,
		1.2703614234924316,
		2.6316854953765869,
		7.4402437210083008,
		0.090339578688144684,
		1.4522866010665894,
		14.608222007751465,
		1.451663613319397,
		27.038948059082031,
		0.72645485401153564,
		14.789523124694824,
		0.27226480841636658,
		13.519784927368164,
		13.337860107421875
	],
	"end" : 16.483888626098633,
	"labels" : 
	[
		"Prep",
		"Scan",
		"Break",
		"Scan",
		"Break",
		"Prep",
		"Scan",
		"Prep",
		"Scan",
		"Prep",
		"Scan",
		"Prep",
		"Scan",
		"Dead"
	],
	"start" : 16.178054809570312
}