{
	"data" : 
	[
		1.2388541698455811,
		1.6811717748641968,
		2.5664148330688477,
		1.2388541698455811,
		9.5560064315795898,
		13.273176193237305,
		0.17680555582046509,
		9.7334194183349609,
		0.088706567883491516,
		1.3269530534744263,
		12.476639747619629,
		1.5043661594390869,
		21.059303283691406,
		23.979330062866211
	],
	"end" : 17.684444427490234,
	"labels" : 
	[
		"Prep",
		"Scan",
		"Break",
		"Prep",
		"Scan",
		"Scan",
		"Break",
		"Scan",
		"Prep",
		"Break",
		"Scan",
		"Prep",
		"Scan",
		"Dead"
	],
	"start" : 17.370832443237305
}