{
	"data" : 
	[
		0.75111621618270874,
		0.70108765363693237,
		2.553692102432251,
		0.80131667852401733,
		3.4550657272338867,
		0.8513452410697937,
		7.7116203308105469,
		0.050028569996356964,
		0.40057238936424255,
		14.922438621520996,
		0.40057238936424255,
		8.1622209548950195,
		0.050200488418340683,
		4.8072123527526855,
		10.215283393859863,
		7.1105895042419434,
		0.40074431896209717,
		14.571895599365234,
		21.982999801635742
	],
	"end" : 13.388889312744141,
	"labels" : 
	[
		"Prep",
		"Scan",
		"Break",
		"Prep",
		"Scan",
		"Prep",
		"Scan",
		"Break",
		"Prep",
		"Scan",
		"Prep",
		"Scan",
		"Break",
		"Scan",
		"Break",
		"Scan",
		"Prep",
		"Scan",
		"Dead"
	],
	"start" : 12.834722518920898
}