{
	"data" : 
	[
		0.93423199653625488,
		0.76915669441223145,
		3.0773813724517822,
		0.76915669441223145,
		4.1214118003845215,
		0.93404334783554077,
		8.9568929672241211,
		0.055087994784116745,
		1.6484893560409546,
		16.375284194946289,
		0.43957200646400452,
		8.9568929672241211,
		0.054899334907531738,
		0.38467267155647278,
		7.8030633926391602,
		44.619766235351562
	],
	"end" : 14.484444618225098,
	"labels" : 
	[
		"Prep",
		"Scan",
		"Break",
		"Prep",
		"Scan",
		"Prep",
		"Scan",
		"Break",
		"Prep",
		"Scan",
		"Prep",
		"Scan",
		"Break",
		"Prep",
		"Scan",
		"Dead"
	],
	"start" : 13.97944450378418
}