{
	"data" : 
	[
		0.65641659498214722,
		0.43761107325553894,
		1.6773422956466675,
		0.5102124810218811,
		2.1875548362731934,
		3.5729894638061523,
		0.51071316003799438,
		0.14570346474647522,
		9.0421266555786133,
		0.072601377964019775,
		1.3128331899642944,
		0.073102079331874847,
		13.635540962219238,
		6.7088685035705566,
		0.072601377964019775,
		0.21880553662776947,
		15.677892684936523,
		0.073102079331874847,
		1.4580360651016235,
		0.073102079331874847,
		0.14570346474647522,
		12.833921432495117,
		0.21880553662776947,
		13.854846000671387,
		0.94782352447509766,
		13.781744003295898
	],
	"end" : 19.662221908569336,
	"labels" : 
	[
		"Prep",
		"Scan",
		"Break",
		"Prep",
		"Scan",
		"Break",
		"Prep",
		"Break",
		"Scan",
		"Break",
		"Prep",
		"Prep",
		"Scan",
		"Scan",
		"Break",
		"Break",
		"Scan",
		"Prep",
		"Break",
		"Prep",
		"Break",
		"Scan",
		"Prep",
		"Scan",
		"Prep",
		"Scan"
	],
	"start" : 19.281665802001953
}