{
	"data" : 
	[
		0.40667742490768433,
		0.43804296851158142,
		1.4080104827880859,
		0.21891406178474426,
		2.2840964794158936,
		0.031150674447417259,
		0.50077396631240845,
		4.9432902336120605,
		0.93860208988189697,
		9.3235044479370117,
		0.25049439072608948,
		5.0996875762939453,
		0.03136550635099411,
		0.062516182661056519,
		4.4427309036254883,
		0.62580633163452148,
		0.3441612720489502,
		2.283881664276123,
		0.43804296851158142,
		6.4451818466186523,
		0.90745145082473755,
		0.031150674447417259,
		0.03136550635099411,
		0.87608593702316284,
		10.074343681335449,
		0.03136550635099411,
		0.062516182661056519,
		8.3537521362304688,
		0.03136550635099411,
		0.87587106227874756,
		9.0420742034912109,
		2.6594083309173584,
		0.093881689012050629,
		9.6051492691040039,
		0.03136550635099411,
		9.3548698425292969,
		7.3210530281066895
	],
	"end" : 17.370832443237305,
	"labels" : 
	[
		"Prep",
		"Scan",
		"Break",
		"Prep",
		"Scan",
		"Break",
		"Prep",
		"Scan",
		"Prep",
		"Scan",
		"Prep",
		"Scan",
		"Break",
		"Prep",
		"Scan",
		"Prep",
		"Scan",
		"Break",
		"Prep",
		"Scan",
		"Prep",
		"Break",
		"Prep",
		"Break",
		"Scan",
		"Break",
		"Prep",
		"Scan",
		"Break",
		"Prep",
		"Scan",
		"Break",
		"Prep",
		"Scan",
		"Break",
		"Scan",
		"Dead"
	],
	"start" : 16.483888626098633
}