{
	"data" : 
	[
		0.012428393587470055,
		0.040671568363904953,
		0.064403437077999115,
		0.011295718140900135,
		0.018080132082104683,
		0.10394620895385742,
		0.018076252192258835,
		0.12993179261684418,
		0.0011326750973239541,
		0.1649554967880249,
		0.0011287960223853588,
		0.015818661078810692,
		0.0067805345170199871,
		0.15139831602573395,
		0.020337723195552826,
		0.13106058537960052,
		0.0022614712361246347,
		43.150012969970703,
		0.25195425748825073,
		55.604320526123047
	],
	"end" : 13.670555114746094,
	"labels" : 
	[
		"Prep",
		"Scan",
		"Break",
		"Prep",
		"Scan",
		"Break",
		"Prep",
		"Scan",
		"Prep",
		"Scan",
		"Break",
		"Prep",
		"Break",
		"Scan",
		"Prep",
		"Scan",
		"Prep",
		"Scan",
		"Dead",
		"Break"
	],
	"start" : 13.388889312744141
}