{
	"data" : 
	[
		0.68361163139343262,
		1.0253336429595947,
		1.3183580636978149,
		0.83004003763198853,
		1.0741989612579346,
		1.6112984418869019,
		0.68361163139343262,
		1.0741989612579346,
		2.9784379005432129,
		0.73239314556121826,
		3.7108309268951416,
		0.048781506717205048,
		7.9100637435913086,
		5.419776439666748,
		0.82995617389678955,
		7.568173885345459,
		6.7869997024536133,
		0.048781506717205048,
		0.439536452293396,
		0.048781506717205048,
		7.861198902130127,
		0.73239314556121826,
		6.2497329711914062,
		0.048949141055345535,
		6.2497329711914062,
		0.048949141055345535,
		0.048781506717205048,
		6.9822931289672852,
		0.048781506717205048,
		6.4939756393432617,
		0.048781506717205048,
		0.48831799626350403,
		9.3747663497924805,
		10.40018367767334
	],
	"end" : 8.4752779006958008,
	"labels" : 
	[
		"Prep",
		"Scan",
		"Break",
		"Prep",
		"Scan",
		"Break",
		"Prep",
		"Scan",
		"Break",
		"Prep",
		"Scan",
		"Break",
		"Scan",
		"Scan",
		"Prep",
		"Scan",
		"Scan",
		"Prep",
		"Break",
		"Prep",
		"Scan",
		"Prep",
		"Scan",
		"Prep",
		"Scan",
		"Prep",
		"Break",
		"Scan",
		"Prep",
		"Scan",
		"Break",
		"Prep",
		"Scan",
		"Dead"
	],
	"start" : 7.9069442749023438
}