{
	"data" : 
	[
		0.47674882411956787,
		1.3869462013244629,
		1.9502954483032227,
		0.38999953866004944,
		0.30339911580085754,
		5.504335880279541,
		0.69339871406555176,
		0.30339911580085754,
		4.2039899826049805,
		1.7336454391479492,
		1.4735466241836548,
		7.1079316139221191,
		0.34669935703277588,
		0.30339911580085754,
		6.6744832992553711,
		0.99679785966873169,
		0.043300218880176544,
		0.30339911580085754,
		0.95349764823913574,
		0.43344858288764954,
		1.0835471153259277,
		2.166945219039917,
		0.086749233305454254,
		0.12990066409111023,
		0.086749233305454254,
		5.4175863265991211,
		0.2600989043712616,
		0.086600437760353088,
		0.30339911580085754,
		2.817192554473877,
		1.4302463531494141,
		0.38999953866004944,
		0.21664988994598389,
		0.04344901442527771,
		33.328819274902344,
		16.469409942626953
	],
	"end" : 11.169166564941406,
	"labels" : 
	[
		"Prep",
		"Scan",
		"Break",
		"Prep",
		"Break",
		"Scan",
		"Prep",
		"Break",
		"Scan",
		"Break",
		"Prep",
		"Scan",
		"Prep",
		"Break",
		"Scan",
		"Prep",
		"Break",
		"Break",
		"Scan",
		"Break",
		"Prep",
		"Break",
		"Prep",
		"Break",
		"Prep",
		"Scan",
		"Break",
		"Prep",
		"Break",
		"Scan",
		"Break",
		"Prep",
		"Break",
		"Prep",
		"Scan",
		"Dead"
	],
	"start" : 10.528888702392578
}