{
	"data" : 
	[
		0.42269530892372131,
		0.45529618859291077,
		1.1056395769119263,
		0.032600905746221542,
		3.0892705917358398,
		0.74803441762924194,
		5.4632196426391602,
		0.097579427063465118,
		9.6583528518676758,
		0.032489258795976639,
		0.22764809429645538,
		5.300661563873291,
		0.032489258795976639,
		0.032489258795976639,
		5.4308419227600098,
		67.77069091796875
	],
	"end" : 9.3286113739013672,
	"labels" : 
	[
		"Prep",
		"Scan",
		"Break",
		"Prep",
		"Scan",
		"Prep",
		"Scan",
		"Prep",
		"Scan",
		"Break",
		"Prep",
		"Scan",
		"Break",
		"Prep",
		"Scan",
		"Dead"
	],
	"start" : 8.4752779006958008
}