{
	"data" : 
	[
		0.74476462602615356,
		0.74476462602615356,
		1.3299107551574707,
		4.3086037635803223,
		1.5428571701049805,
		1.1702921390533447,
		0.10629058629274368,
		0.053327921777963638,
		7.2876625061035156,
		0.15961851179599762,
		15.798579216003418,
		0.053327921777963638,
		0.42552760243415833,
		10.053774833679199,
		0.10629058629274368,
		5.2133522033691406,
		6.7025165557861328,
		0.37219968438148499,
		8.0324268341064453,
		35.693912506103516
	],
	"end" : 18.446111679077148,
	"labels" : 
	[
		"Prep",
		"Scan",
		"Break",
		"Scan",
		"Break",
		"Prep",
		"Break",
		"Prep",
		"Scan",
		"Prep",
		"Scan",
		"Break",
		"Prep",
		"Scan",
		"Prep",
		"Scan",
		"Break",
		"Prep",
		"Scan",
		"Dead"
	],
	"start" : 17.924444198608398
}