{
	"data" : 
	[
		0.52641046047210693,
		0.94000023603439331,
		2.0302557945251465,
		0.11282067745923996,
		1.0528209209442139,
		0.67666590213775635,
		2.0302557945251465,
		0.037692949175834656,
		1.466410756111145,
		1.1279486417770386,
		0.56384527683258057,
		0.18820658326148987,
		0.037434779107570648,
		1.5041036605834961,
		3.7223079204559326,
		0.56384527683258057,
		3.6846151351928711,
		2.180769681930542,
		0.33846202492713928,
		4.0982046127319336,
		0.67692404985427856,
		6.4669227600097656,
		4.0607700347900391,
		0.56384527683258057,
		4.9630775451660156,
		0.60153818130493164,
		3.6471803188323975,
		0.037434779107570648,
		7.1064119338989258,
		0.037434779107570648,
		0.52641046047210693,
		5.4894876480102539,
		0.037692949175834656,
		7.2941021919250488,
		0.037692949175834656,
		6.0156402587890625,
		0.41358974575996399,
		5.9782052040100098,
		0.37615498900413513,
		4.5492291450500488,
		0.037692949175834656,
		4.6246151924133301,
		4.7374358177185059,
		0.37615498900413513,
		4.3612809181213379
	],
	"end" : 19.183332443237305,
	"labels" : 
	[
		"Prep",
		"Scan",
		"Break",
		"Prep",
		"Break",
		"Prep",
		"Break",
		"Prep",
		"Scan",
		"Break",
		"Prep",
		"Break",
		"Prep",
		"Scan",
		"Break",
		"Prep",
		"Scan",
		"Break",
		"Prep",
		"Scan",
		"Break",
		"Scan",
		"Break",
		"Prep",
		"Scan",
		"Prep",
		"Scan",
		"Break",
		"Scan",
		"Break",
		"Prep",
		"Scan",
		"Break",
		"Scan",
		"Prep",
		"Scan",
		"Break",
		"Scan",
		"Prep",
		"Scan",
		"Prep",
		"Scan",
		"Break",
		"Prep",
		"Scan"
	],
	"start" : 18.445278167724609
}