{
	"data" : 
	[
		0.014988291077315807,
		2.1153063774108887,
		0.70511925220489502,
		0.10502105206251144,
		0.045016378164291382,
		1.4552034139633179,
		95.459342956542969
	],
	"end" : 13.683333396911621,
	"labels" : 
	[
		"Break",
		"Scan",
		"Break",
		"Prep",
		"Break",
		"Scan",
		"Dead"
	],
	"start" : 11.833611488342285
}