{
	"data" : 
	[
		0.29136231541633606,
		0.54391193389892578,
		1.0294712781906128,
		0.019473060965538025,
		3.6906116008758545,
		0.69929623603820801,
		0.33024176955223083,
		1.3985258340835571,
		0.19426378607749939,
		0.058285802602767944,
		4.9532260894775391,
		0.01940637081861496,
		0.038879431784152985,
		4.1179518699645996,
		0.038879431784152985,
		4.8172483444213867,
		0.155384361743927,
		1.8841519355773926,
		0.019473060965538025,
		0.52443885803222656,
		0.66041684150695801,
		0.01940637081861496,
		5.982764720916748,
		0.01940637081861496,
		9.9647378921508789,
		58.428787231445312
	],
	"end" : 11.545833587646484,
	"labels" : 
	[
		"Prep",
		"Scan",
		"Break",
		"Prep",
		"Scan",
		"Break",
		"Prep",
		"Scan",
		"Break",
		"Prep",
		"Scan",
		"Break",
		"Prep",
		"Scan",
		"Prep",
		"Scan",
		"Prep",
		"Scan",
		"Prep",
		"Scan",
		"Break",
		"Prep",
		"Scan",
		"Break",
		"Scan",
		"Dead"
	],
	"start" : 10.117221832275391
}