{
	"data" : 
	[
		0.014578024856746197,
		0.034456733614206314,
		0.019878711551427841,
		0.018554676324129105,
		0.011925406754016876,
		0.039757423102855682,
		0.12457750737667084,
		0.04638214036822319,
		0.0013240340631455183,
		0.0026526181027293205,
		0.0013240340631455183,
		0.17758892476558685,
		0.037104804068803787,
		0.0013240340631455183,
		0.0013285840395838022,
		0.0013240340631455183,
		0.24915045499801636,
		0.035780768841505051,
		0.13650290668010712,
		0.019878711551427841,
		0.0013285840395838022,
		0.0013240340631455183,
		0.29420855641365051,
		0.023855362087488174,
		0.0013240340631455183,
		42.069293975830078,
		0.075542740523815155,
		56.457725524902344
	],
	"end" : 11.833611488342285,
	"labels" : 
	[
		"Prep",
		"Scan",
		"Break",
		"Prep",
		"Break",
		"Scan",
		"Break",
		"Break",
		"Prep",
		"Break",
		"Prep",
		"Scan",
		"Break",
		"Prep",
		"Break",
		"Prep",
		"Scan",
		"Prep",
		"Scan",
		"Prep",
		"Break",
		"Prep",
		"Scan",
		"Prep",
		"Break",
		"Scan",
		"Dead",
		"Break"
	],
	"start" : 11.545833587646484
}