{
	"data" : 
	[
		0.49353235960006714,
		0.95172595977783203,
		0.035096712410449982,
		0.24688720703125,
		0.70483875274658203,
		1.6568067073822021,
		0.59930658340454102,
		7.155855655670166,
		0.24688720703125,
		3.2075972557067871,
		0.56420987844467163,
		0.10577421635389328,
		0.49329033493995667,
		4.2653393745422363,
		0.035338755697011948,
		0.59930658340454102,
		2.6789681911468506,
		2.5731940269470215,
		0.035338755697011948,
		0.38775813579559326,
		0.28198391199111938,
		9.1650819778442383,
		0.035338755697011948,
		0.10577421635389328,
		8.2133560180664062,
		0.49353235960006714,
		0.28198391199111938,
		8.7422275543212891,
		0.66974204778671265,
		0.070435471832752228,
		3.4193878173828125,
		0.6344032883644104,
		6.4861140251159668,
		0.24664516746997833,
		3.701371431350708,
		0.74041956663131714,
		0.88104844093322754,
		8.6013565063476562,
		0.035096712410449982,
		5.7810335159301758,
		14.276616096496582
	],
	"end" : 18.445278167724609,
	"labels" : 
	[
		"Prep",
		"Scan",
		"Break",
		"Prep",
		"Scan",
		"Break",
		"Prep",
		"Scan",
		"Prep",
		"Break",
		"Prep",
		"Break",
		"Prep",
		"Scan",
		"Break",
		"Prep",
		"Scan",
		"Break",
		"Prep",
		"Break",
		"Prep",
		"Scan",
		"Break",
		"Prep",
		"Scan",
		"Break",
		"Prep",
		"Scan",
		"Break",
		"Prep",
		"Scan",
		"Prep",
		"Scan",
		"Prep",
		"Scan",
		"Break",
		"Prep",
		"Scan",
		"Prep",
		"Scan",
		"Dead"
	],
	"start" : 17.658056259155273
}