{
	"data" : 
	[
		0.29604160785675049,
		0.18839852511882782,
		1.4263403415679932,
		3.0949468612670898,
		0.69972634315490723,
		0.026887673884630203,
		2.5029561519622803,
		0.64585858583450317,
		0.67283862829208374,
		11.061090469360352,
		2.3145575523376465,
		0.69972634315490723,
		19.296480178833008,
		0.026795277372002602,
		0.48453250527381897,
		4.0638275146484375,
		0.48434773087501526,
		4.0908074378967285,
		1.9375756978988647,
		0.24226625263690948,
		4.9519519805908203,
		0.24226625263690948,
		18.112314224243164,
		22.337467193603516
	],
	"end" : 16.714166641235352,
	"labels" : 
	[
		"Prep",
		"Break",
		"Scan",
		"Break",
		"Prep",
		"Break",
		"Scan",
		"Break",
		"Prep",
		"Scan",
		"Break",
		"Prep",
		"Scan",
		"Break",
		"Prep",
		"Scan",
		"Prep",
		"Scan",
		"Break",
		"Prep",
		"Scan",
		"Prep",
		"Scan",
		"Dead"
	],
	"start" : 15.683055877685547
}