{
	"data" : 
	[
		0.4893876314163208,
		0.97865521907806396,
		2.7614758014678955,
		0.2446938157081604,
		6.6412949562072754,
		1.6079708337783813,
		0.59415352344512939,
		2.5167820453643799,
		0.97865521907806396,
		0.10488592833280563,
		8.9133834838867188,
		0.10488592833280563,
		6.6763372421264648,
		0.069843940436840057,
		6.3267574310302734,
		0.035041976720094681,
		2.4817402362823486,
		0.034921970218420029,
		0.45446565747261047,
		0.90881133079528809,
		0.59415352344512939,
		0.035041976720094681,
		10.800849914550781,
		0.035041976720094681,
		17.896610260009766,
		27.614158630371094
	],
	"end" : 15.683055877685547,
	"labels" : 
	[
		"Prep",
		"Scan",
		"Break",
		"Prep",
		"Scan",
		"Break",
		"Prep",
		"Scan",
		"Break",
		"Prep",
		"Scan",
		"Prep",
		"Scan",
		"Prep",
		"Scan",
		"Prep",
		"Scan",
		"Break",
		"Prep",
		"Scan",
		"Break",
		"Prep",
		"Scan",
		"Prep",
		"Scan",
		"Dead"
	],
	"start" : 14.889166831970215
}