{
	"data" : 
	[
		0.32219997048377991,
		0.64432090520858765,
		1.3808456659317017,
		0.62132918834686279,
		3.3598709106445312,
		0.20716241002082825,
		0.39125409722328186,
		1.4498207569122314,
		0.62132918834686279,
		0.69038337469100952,
		4.5105624198913574,
		0.046062428504228592,
		4.3955249786376953,
		0.06897512823343277,
		4.9248080253601074,
		0.20716241002082825,
		1.7489500045776367,
		0.20716241002082825,
		0.045983415096998215,
		0.2301541268825531,
		0.022991707548499107,
		7.0880832672119141,
		0.06905413419008255,
		10.378900527954102,
		56.267108917236328
	],
	"end" : 14.889166831970215,
	"labels" : 
	[
		"Prep",
		"Scan",
		"Break",
		"Prep",
		"Scan",
		"Break",
		"Prep",
		"Scan",
		"Break",
		"Prep",
		"Scan",
		"Prep",
		"Scan",
		"Prep",
		"Scan",
		"Prep",
		"Scan",
		"Break",
		"Prep",
		"Scan",
		"Prep",
		"Scan",
		"Break",
		"Scan",
		"Dead"
	],
	"start" : 13.683333396911621
}