{
	"data" : 
	[
		0.44108858704566956,
		0.4114135205745697,
		0.029473196715116501,
		0.91144847869873047,
		1.0876820087432861,
		0.52930629253387451,
		0.32339766621589661,
		0.029271325096487999,
		1.5877169370651245,
		0.70553982257843018,
		0.49983307719230652,
		0.14696222543716431,
		0.029473196715116501,
		1.587515115737915,
		0.058744519948959351,
		0.08821772038936615,
		0.32339766621589661,
		0.44108858704566956,
		1.4698241949081421,
		2.5284368991851807,
		0.4703599214553833,
		3.410412073135376,
		1.1171551942825317,
		0.41161537170410156,
		4.4098763465881348,
		0.029473196715116501,
		0.14696222543716431,
		1.05841064453125,
		5.7034668922424316,
		0.029473196715116501,
		3.4986298084259033,
		0.4703599214553833,
		4.0864787101745605,
		5.7034668922424316,
		0.029473196715116501,
		4.0572075843811035,
		5.4095425605773926,
		0.1174890398979187,
		0.44108858704566956,
		3.1457588672637939,
		0.4703599214553833,
		4.1746964454650879,
		0.029473196715116501,
		0.49983307719230652,
		4.0864787101745605,
		0.029473196715116501,
		3.4691565036773682,
		0.029271325096487999,
		5.0861449241638184,
		0.029473196715116501,
		4.4098763465881348,
		0.029473196715116501,
		0.29392445087432861,
		3.9689896106719971,
		0.029473196715116501,
		4.7038006782531738,
		11.583571434020996
	],
	"end" : 17.658056259155273,
	"labels" : 
	[
		"Prep",
		"Break",
		"Prep",
		"Scan",
		"Break",
		"Prep",
		"Break",
		"Prep",
		"Scan",
		"Break",
		"Prep",
		"Break",
		"Prep",
		"Scan",
		"Break",
		"Scan",
		"Break",
		"Prep",
		"Scan",
		"Break",
		"Prep",
		"Scan",
		"Break",
		"Prep",
		"Scan",
		"Prep",
		"Scan",
		"Break",
		"Scan",
		"Break",
		"Scan",
		"Prep",
		"Scan",
		"Scan",
		"Break",
		"Scan",
		"Scan",
		"Break",
		"Prep",
		"Scan",
		"Prep",
		"Scan",
		"Break",
		"Prep",
		"Scan",
		"Prep",
		"Scan",
		"Break",
		"Scan",
		"Prep",
		"Scan",
		"Break",
		"Prep",
		"Scan",
		"Prep",
		"Scan",
		"Dead"
	],
	"start" : 16.714166641235352
}