{
	"data" : 
	[
		0.42080211639404297,
		0.61718928813934326,
		0.7855486273765564,
		0.81357645988464355,
		0.16826304793357849,
		0.86972838640213013,
		0.95381170511245728,
		0.3927743136882782,
		0.14023527503013611,
		0.86972838640213013,
		1.7392641305923462,
		0.47695401310920715,
		4.4325323104858398,
		0.028027789667248726,
		0.3927743136882782,
		3.0859463214874268,
		4.9093899726867676,
		0.028027789667248726,
		0.3927743136882782,
		6.0316572189331055,
		0.028027789667248726,
		0.44882991909980774,
		3.9555785655975342,
		0.028124105185270309,
		0.33662241697311401,
		6.5085148811340332,
		0.028027789667248726,
		4.4325323104858398,
		0.028027789667248726,
		6.1718926429748535,
		0.028027789667248726,
		0.44882991909980774,
		0.36474654078483582,
		0.028027789667248726,
		8.6686782836914062,
		0.028027789667248726,
		0.42080211639404297,
		0.36474654078483582,
		9.1736593246459961,
		0.44882991909980774,
		0.028027789667248726,
		5.4424958229064941,
		0.11220747977495193,
		0.3927743136882782,
		5.0777497291564941,
		0.028027789667248726,
		0.028027789667248726,
		0.084179684519767761,
		5.2461090087890625,
		0.028027789667248726,
		0.028027789667248726,
		0.056151896715164185,
		5.2461090087890625,
		8.6125259399414062
	],
	"end" : 9.8358335494995117,
	"labels" : 
	[
		"Prep",
		"Scan",
		"Break",
		"Prep",
		"Break",
		"Scan",
		"Break",
		"Prep",
		"Break",
		"Scan",
		"Break",
		"Prep",
		"Scan",
		"Break",
		"Prep",
		"Scan",
		"Scan",
		"Break",
		"Prep",
		"Scan",
		"Break",
		"Prep",
		"Scan",
		"Break",
		"Break",
		"Scan",
		"Prep",
		"Scan",
		"Prep",
		"Scan",
		"Break",
		"Prep",
		"Break",
		"Prep",
		"Scan",
		"Break",
		"Prep",
		"Break",
		"Scan",
		"Prep",
		"Break",
		"Scan",
		"Break",
		"Prep",
		"Scan",
		"Break",
		"Break",
		"Prep",
		"Scan",
		"Break",
		"Break",
		"Prep",
		"Scan",
		"Dead"
	],
	"start" : 8.8466663360595703
}