{
	"data" : 
	[
		0.27141404151916504,
		0.19904111325740814,
		0.56096792221069336,
		0.39808222651481628,
		0.054233111441135406,
		1.375210165977478,
		0.32570928335189819,
		0.12666817009449005,
		0.5609058141708374,
		0.21718093752861023,
		0.27141404151916504,
		0.94091033935546875,
		0.018077705055475235,
		0.54282808303833008,
		0.072372935712337494,
		0.28955388069152832,
		0.45231533050537109,
		0.41622206568717957,
		0.28949174284934998,
		1.9904111623764038,
		0.28949174284934998,
		1.9904111623764038,
		0.27141404151916504,
		2.8589484691619873,
		0.16282357275485992,
		0.30763158202171326,
		0.21711882948875427,
		0.018077705055475235,
		3.6008176803588867,
		0.27141404151916504,
		1.8456652164459229,
		0.018077705055475235,
		3.7455635070800781,
		0.23525863885879517,
		0.018077705055475235,
		1.8999605178833008,
		0.03615541011095047,
		3.7455635070800781,
		0.018139826133847237,
		2.4608042240142822,
		0.018139826133847237,
		3.9807600975036621,
		0.12666817009449005,
		0.27141404151916504,
		2.0809237957000732,
		0.018077705055475235,
		0.27141404151916504,
		2.0808618068695068,
		0.018077705055475235,
		0.28955388069152832,
		2.4608662128448486,
		0.018077705055475235,
		0.018077705055475235,
		0.036217529326677322,
		3.0398497581481934,
		0.018077705055475235,
		1.5742512941360474,
		6.3150200843811035,
		0.03615541011095047,
		0.072372935712337494,
		0.23525863885879517,
		2.569394588470459,
		40.966064453125
	],
	"end" : 13.612777709960938,
	"labels" : 
	[
		"Prep",
		"Break",
		"Scan",
		"Break",
		"Prep",
		"Break",
		"Prep",
		"Break",
		"Scan",
		"Break",
		"Prep",
		"Break",
		"Break",
		"Scan",
		"Break",
		"Prep",
		"Scan",
		"Break",
		"Prep",
		"Scan",
		"Prep",
		"Scan",
		"Prep",
		"Scan",
		"Break",
		"Prep",
		"Scan",
		"Break",
		"Scan",
		"Prep",
		"Scan",
		"Prep",
		"Scan",
		"Break",
		"Prep",
		"Scan",
		"Break",
		"Scan",
		"Break",
		"Scan",
		"Prep",
		"Scan",
		"Break",
		"Prep",
		"Scan",
		"Break",
		"Prep",
		"Scan",
		"Break",
		"Prep",
		"Scan",
		"Prep",
		"Break",
		"Prep",
		"Scan",
		"Prep",
		"Scan",
		"Break",
		"Prep",
		"Break",
		"Prep",
		"Scan",
		"Dead"
	],
	"start" : 12.079166412353516
}