{
	"data" : 
	[
		0.31855389475822449,
		0.5946727991104126,
		0.46722206473350525,
		0.27604600787162781,
		0.5946727991104126,
		0.44593170285224915,
		0.33984428644180298,
		4.0138230323791504,
		0.36106178164482117,
		1.5502616167068481,
		0.14866819977760315,
		0.53094744682312012,
		6.604762077331543,
		0.02129039540886879,
		0.042434964329004288,
		0.021217482164502144,
		5.373054027557373,
		0.33977138996124268,
		0.53094744682312012,
		0.021217482164502144,
		0.5946727991104126,
		0.25482854247093201,
		0.31855389475822449,
		0.084942847490310669,
		0.65839815139770508,
		0.55216491222381592,
		0.33977138996124268,
		0.10623323917388916,
		0.021217482164502144,
		0.65832525491714478,
		0.12745071947574615,
		5.245603084564209,
		0.021217482164502144,
		2.0812819004058838,
		0.021217482164502144,
		0.33977138996124268,
		2.3148930072784424,
		0.33977138996124268,
		2.7183897495269775,
		0.021217482164502144,
		0.23361103236675262,
		0.042507879436016083,
		5.7340431213378906,
		0.021217482164502144,
		3.9713878631591797,
		0.021217482164502144,
		4.1624908447265625,
		0.33984428644180298,
		1.6564948558807373,
		0.84950137138366699,
		4.1624908447265625,
		0.021217482164502144,
		3.7589943408966064,
		0.021217482164502144,
		0.2973363995552063,
		3.9713878631591797,
		0.021217482164502144,
		0.021217482164502144,
		4.6934385299682617,
		0.31855389475822449,
		2.4635612964630127,
		0.31855389475822449,
		0.042434964329004288,
		4.1412734985351562,
		0.19117607176303864,
		0.021217482164502144,
		0.021217482164502144,
		5.8189859390258789,
		0.02129039540886879,
		0.042434964329004288,
		0.02129039540886879,
		3.9713149070739746,
		9.0895404815673828
	],
	"end" : 12.079166412353516,
	"labels" : 
	[
		"Prep",
		"Scan",
		"Break",
		"Prep",
		"Scan",
		"Break",
		"Prep",
		"Scan",
		"Prep",
		"Scan",
		"Break",
		"Prep",
		"Scan",
		"Break",
		"Prep",
		"Break",
		"Scan",
		"Prep",
		"Break",
		"Prep",
		"Scan",
		"Break",
		"Prep",
		"Break",
		"Scan",
		"Break",
		"Prep",
		"Break",
		"Prep",
		"Scan",
		"Prep",
		"Scan",
		"Break",
		"Scan",
		"Break",
		"Prep",
		"Scan",
		"Prep",
		"Scan",
		"Break",
		"Prep",
		"Break",
		"Scan",
		"Break",
		"Scan",
		"Prep",
		"Scan",
		"Prep",
		"Scan",
		"Break",
		"Scan",
		"Break",
		"Scan",
		"Break",
		"Prep",
		"Scan",
		"Prep",
		"Break",
		"Scan",
		"Prep",
		"Scan",
		"Prep",
		"Break",
		"Scan",
		"Prep",
		"Break",
		"Prep",
		"Scan",
		"Break",
		"Break",
		"Break",
		"Scan",
		"Dead"
	],
	"start" : 10.772500038146973
}