{
	"data" : 
	[
		0.42630946636199951,
		0.19895742833614349,
		0.76733756065368652,
		0.51159089803695679,
		0.56842893362045288,
		0.14211942255496979,
		0.028394611552357674,
		0.88106238842010498,
		0.056838009506464005,
		0.45475286245346069,
		0.19895742833614349,
		0.88101351261138916,
		0.11372480541467667,
		0.48314747214317322,
		3.6947147846221924,
		0.028443397954106331,
		0.45470407605171204,
		3.3821301460266113,
		0.028394611552357674,
		4.547431468963623,
		0.028394611552357674,
		0.39791485667228699,
		3.1263346672058105,
		0.028394611552357674,
		5.598909854888916,
		0.22735203802585602,
		0.45480167865753174,
		5.0305299758911133,
		0.028394611552357674,
		6.2810640335083008,
		0.48319628834724426,
		4.2630949020385742,
		0.028394611552357674,
		0.028492188081145287,
		0.028394611552357674,
		6.4231348037719727,
		0.028492188081145287,
		0.45470407605171204,
		3.8652772903442383,
		0.28414127230644226,
		0.28423884510993958,
		5.0874166488647461,
		0.028394611552357674,
		0.056886795908212662,
		0.056789223104715347,
		6.4800209999084473,
		0.028394611552357674,
		0.028394611552357674,
		0.028492188081145287,
		5.2862768173217773,
		27.596830368041992
	],
	"end" : 8.8466663360595703,
	"labels" : 
	[
		"Prep",
		"Break",
		"Scan",
		"Break",
		"Prep",
		"Break",
		"Prep",
		"Scan",
		"Break",
		"Prep",
		"Break",
		"Scan",
		"Break",
		"Prep",
		"Scan",
		"Break",
		"Prep",
		"Scan",
		"Break",
		"Scan",
		"Break",
		"Prep",
		"Scan",
		"Break",
		"Scan",
		"Break",
		"Prep",
		"Scan",
		"Break",
		"Scan",
		"Prep",
		"Scan",
		"Break",
		"Break",
		"Prep",
		"Scan",
		"Break",
		"Prep",
		"Scan",
		"Break",
		"Prep",
		"Scan",
		"Break",
		"Break",
		"Prep",
		"Scan",
		"Prep",
		"Break",
		"Prep",
		"Scan",
		"Dead"
	],
	"start" : 7.8702778816223145
}