{
	"data" : 
	[
		0.44438832998275757,
		0.77027988433837891,
		0.59248387813568115,
		0.47408881783485413,
		0.17769430577754974,
		0.029700478538870811,
		0.91837543249130249,
		0.029598763212561607,
		0.47408881783485413,
		0.11849676817655563,
		0.029598763212561607,
		0.91837543249130249,
		0.17779602110385895,
		0.44438832998275757,
		0.7110823392868042,
		0.44438832998275757,
		3.2588138580322266,
		0.44438832998275757,
		3.2589156627655029,
		0.44438832998275757,
		3.9699978828430176,
		0.029598763212561607,
		5.0957684516906738,
		0.47398707270622253,
		5.3327617645263672,
		0.029598763212561607,
		5.0957684516906738,
		0.44438832998275757,
		0.029598763212561607,
		3.5552084445953369,
		0.029598763212561607,
		6.7844233512878418,
		0.47398707270622253,
		5.3327617645263672,
		5.1253671646118164,
		0.35549032688140869,
		0.44438832998275757,
		4.0291957855224609,
		0.029598763212561607,
		0.26669403910636902,
		4.4438834190368652,
		0.32589155435562134,
		4.3254885673522949,
		0.47398707270622253,
		7.3177094459533691,
		0.17779602110385895,
		0.029598763212561607,
		5.5697550773620605,
		1.7183557748794556,
		4.2068901062011719,
		10.221135139465332
	],
	"end" : 10.772500038146973,
	"labels" : 
	[
		"Prep",
		"Scan",
		"Break",
		"Prep",
		"Break",
		"Prep",
		"Scan",
		"Break",
		"Prep",
		"Break",
		"Prep",
		"Scan",
		"Break",
		"Prep",
		"Scan",
		"Prep",
		"Scan",
		"Prep",
		"Scan",
		"Prep",
		"Scan",
		"Prep",
		"Scan",
		"Prep",
		"Scan",
		"Prep",
		"Scan",
		"Break",
		"Prep",
		"Scan",
		"Break",
		"Scan",
		"Prep",
		"Scan",
		"Scan",
		"Break",
		"Prep",
		"Scan",
		"Break",
		"Prep",
		"Scan",
		"Prep",
		"Scan",
		"Prep",
		"Scan",
		"Break",
		"Prep",
		"Scan",
		"Break",
		"Scan",
		"Dead"
	],
	"start" : 9.8358335494995117
}