{
	"data" : 
	[
		0.37548187375068665,
		0.18774093687534332,
		0.83134526014328003,
		0.16094711422920227,
		0.48274928331375122,
		0.13406120240688324,
		0.83134526014328003,
		0.18774093687534332,
		0.45595544576644897,
		0.10726737976074219,
		0.026793826371431351,
		0.83143728971481323,
		0.99229234457015991,
		0.42906951904296875,
		4.2373838424682617,
		4.6128659248352051,
		0.026793826371431351,
		0.24132858216762543,
		5.5246844291687012,
		0.026793826371431351,
		4.6128659248352051,
		0.2950083315372467,
		3.647367000579834,
		0.026793826371431351,
		0.37548187375068665,
		5.5246844291687012,
		0.56313073635101318,
		5.6588382720947266,
		0.42906951904296875,
		5.9269604682922363,
		0.026793826371431351,
		5.0419354438781738,
		0.026793826371431351,
		0.4022756814956665,
		3.5937795639038086,
		0.026793826371431351,
		5.0687294006347656,
		37.948623657226562
	],
	"end" : 14.647500038146973,
	"labels" : 
	[
		"Prep",
		"Break",
		"Scan",
		"Break",
		"Prep",
		"Break",
		"Scan",
		"Break",
		"Prep",
		"Break",
		"Break",
		"Scan",
		"Break",
		"Prep",
		"Scan",
		"Scan",
		"Break",
		"Prep",
		"Scan",
		"Prep",
		"Scan",
		"Prep",
		"Scan",
		"Break",
		"Prep",
		"Scan",
		"Break",
		"Scan",
		"Prep",
		"Scan",
		"Prep",
		"Scan",
		"Break",
		"Prep",
		"Scan",
		"Prep",
		"Scan",
		"Dead"
	],
	"start" : 13.612777709960938
}