{
	"data" : 
	[
		0.65990763902664185,
		0.3957633376121521,
		0.59398478269577026,
		0.065922804176807404,
		2.1774911880493164,
		3.8271470069885254,
		0.46191269159317017,
		15.110366821289062,
		0.065922804176807404,
		1.187743067741394,
		9.6335639953613281,
		0.19799493253231049,
		0.13207215070724487,
		10.425543785095215,
		0.065922804176807404,
		9.5017185211181641,
		0.065922804176807404,
		0.33006706833839417,
		1.3855115175247192,
		0.065922804176807404,
		14.318613052368164,
		0.19799493253231049,
		9.8317852020263672,
		0.065922804176807404,
		8.2480525970458984,
		10.887229919433594
	],
	"end" : 15.068055152893066,
	"labels" : 
	[
		"Prep",
		"Scan",
		"Break",
		"Prep",
		"Scan",
		"Break",
		"Prep",
		"Scan",
		"Break",
		"Prep",
		"Scan",
		"Break",
		"Prep",
		"Scan",
		"Break",
		"Scan",
		"Prep",
		"Scan",
		"Break",
		"Prep",
		"Scan",
		"Prep",
		"Scan",
		"Prep",
		"Scan",
		"Dead"
	],
	"start" : 14.647500038146973
}