{
	"data" : 
	[
		0.095497891306877136,
		0.066845238208770752,
		0.085925154387950897,
		0.31511351466178894,
		0.32468625903129578,
		0.066845238208770752,
		2.1962218284606934,
		0.18142303824424744,
		1.3845717906951904,
		0.009572736918926239,
		0.028619861230254173,
		1.4036846160888672,
		1.5564548969268799,
		0.009572736918926239,
		0.0095399534329771996,
		0.0095399534329771996,
		2.0912168025970459,
		0.34373337030410767,
		0.019112691283226013,
		1.4227644205093384,
		0.009572736918926239,
		1.3941117525100708,
		46.770263671875,
		0.028587076812982559,
		5.2328124046325684,
		0.0095071708783507347,
		0.038225382566452026,
		0.12411773949861526,
		0.1336904764175415,
		0.26738095283508301,
		0.076385200023651123,
		1.8716013431549072,
		0.0095071708783507347,
		0.25780823826789856,
		0.17191585898399353,
		0.34376618266105652,
		0.16227756440639496,
		0.16234312951564789,
		0.12418331205844879,
		0.20050294697284698,
		1.8047231435775757,
		0.019079906865954399,
		0.23872832953929901,
		2.8455944061279297,
		0.019079906865954399,
		2.6736786365509033,
		0.0095071708783507347,
		1.890681266784668,
		0.028652643784880638,
		0.047732550650835037,
		0.028652643784880638,
		0.16234312951564789,
		0.97399324178695679,
		0.009572736918926239,
		1.2890411615371704,
		1.5278350114822388,
		0.14326322078704834,
		1.3272664546966553,
		0.009572736918926239,
		1.5564221143722534,
		0.009572736918926239,
		1.5182623863220215,
		0.0095071708783507347,
		0.30560633540153503,
		3.0842571258544922,
		0.009572736918926239,
		0.15277040004730225,
		2.7118384838104248,
		0.15283595025539398,
		2.7595710754394531,
		0.12411773949861526,
		1.2891067266464233,
		0.009572736918926239,
		0.028652643784880638,
		0.30554080009460449,
		0.009572736918926239,
		1.8047231435775757
	],
	"end" : 17.974166870117188,
	"labels" : 
	[
		"Prep",
		"Scan",
		"Break",
		"Scan",
		"Break",
		"Prep",
		"Scan",
		"Prep",
		"Scan",
		"Break",
		"Prep",
		"Scan",
		"Scan",
		"Prep",
		"Break",
		"Prep",
		"Scan",
		"Break",
		"Prep",
		"Scan",
		"Break",
		"Scan",
		"Break",
		"Prep",
		"Break",
		"Prep",
		"Break",
		"Prep",
		"Scan",
		"Break",
		"Prep",
		"Scan",
		"Break",
		"Prep",
		"Scan",
		"Break",
		"Prep",
		"Scan",
		"Break",
		"Prep",
		"Scan",
		"Break",
		"Prep",
		"Scan",
		"Prep",
		"Scan",
		"Break",
		"Scan",
		"Prep",
		"Scan",
		"Break",
		"Prep",
		"Scan",
		"Prep",
		"Scan",
		"Scan",
		"Prep",
		"Scan",
		"Break",
		"Scan",
		"Prep",
		"Scan",
		"Break",
		"Prep",
		"Scan",
		"Break",
		"Prep",
		"Scan",
		"Prep",
		"Scan",
		"Break",
		"Scan",
		"Prep",
		"Scan",
		"Break",
		"Prep",
		"Scan"
	],
	"start" : 15.068055152893066
}