{
	"data" : 
	[
		0.78842735290527344,
		0.78842735290527344,
		2.1398510932922363,
		4.1109194755554199,
		2.3650884628295898,
		9.854954719543457,
		1.4076849222183228,
		0.056454334408044815,
		8.2216453552246094,
		0.056454334408044815,
		9.5732622146606445,
		5.7438416481018066,
		0.11271533370018005,
		9.8547611236572266,
		0.95740360021591187,
		10.812164306640625,
		33.055942535400391
	],
	"end" : 10.033888816833496,
	"labels" : 
	[
		"Prep",
		"Scan",
		"Break",
		"Scan",
		"Break",
		"Scan",
		"Break",
		"Prep",
		"Scan",
		"Prep",
		"Scan",
		"Break",
		"Prep",
		"Scan",
		"Prep",
		"Scan",
		"Dead"
	],
	"start" : 9.5411109924316406
}