{
	"data" : 
	[
		0.35840177536010742,
		0.33453017473220825,
		1.1229485273361206,
		0.16726508736610413,
		1.9115307331085205,
		0.40622696280479431,
		3.5362746715545654,
		0.1911366730928421,
		3.8946762084960938,
		0.02387157641351223,
		0.71688556671142578,
		7.0964207649230957,
		0.02387157641351223,
		0.47792372107505798,
		0.43009853363037109,
		0.40614491701126099,
		0.38235539197921753,
		0.40614491701126099,
		0.26283344626426697,
		3.392963171005249,
		0.40614491701126099,
		1.9115307331085205,
		0.02387157641351223,
		2.8911678791046143,
		0.47784170508384705,
		0.38235539197921753,
		0.45397010445594788,
		0.02387157641351223,
		2.723902702331543,
		0.02387157641351223,
		0.47792372107505798,
		0.16726508736610413,
		0.02387157641351223,
		6.8575410842895508,
		0.02387157641351223,
		2.9389107227325439,
		0.02395360916852951,
		0.1911366730928421,
		6.8575410842895508,
		0.04774315282702446,
		0.02387157641351223,
		2.938992977142334,
		0.16726508736610413,
		0.74067509174346924,
		5.0177068710327148,
		0.071696758270263672,
		0.04774315282702446,
		0.02395360916852951,
		0.02387157641351223,
		3.7752363681793213,
		0.02387157641351223,
		0.21509027481079102,
		2.5566375255584717,
		31.80259895324707
	],
	"end" : 13.66944408416748,
	"labels" : 
	[
		"Prep",
		"Scan",
		"Break",
		"Prep",
		"Scan",
		"Prep",
		"Scan",
		"Prep",
		"Scan",
		"Break",
		"Prep",
		"Scan",
		"Break",
		"Prep",
		"Scan",
		"Break",
		"Prep",
		"Scan",
		"Prep",
		"Scan",
		"Prep",
		"Scan",
		"Prep",
		"Scan",
		"Break",
		"Prep",
		"Break",
		"Prep",
		"Scan",
		"Prep",
		"Break",
		"Break",
		"Prep",
		"Scan",
		"Prep",
		"Scan",
		"Prep",
		"Break",
		"Scan",
		"Break",
		"Prep",
		"Scan",
		"Break",
		"Prep",
		"Scan",
		"Break",
		"Prep",
		"Break",
		"Prep",
		"Scan",
		"Prep",
		"Break",
		"Scan",
		"Dead"
	],
	"start" : 12.508055686950684
}