{
	"data" : 
	[
		1.025418758392334,
		1.3915319442749023,
		3.7353103160858154,
		1.025418758392334,
		4.3210663795471191,
		0.073298081755638123,
		7.910031795501709,
		0.80565029382705688,
		7.8367338180541992,
		2.1971821784973145,
		15.380527496337891,
		54.197830200195312
	],
	"end" : 8.1049995422363281,
	"labels" : 
	[
		"Prep",
		"Scan",
		"Break",
		"Prep",
		"Scan",
		"Break",
		"Scan",
		"Break",
		"Scan",
		"Prep",
		"Scan",
		"Dead"
	],
	"start" : 7.7261109352111816
}