{
	"data" : 
	[
		0.94186455011367798,
		0.47070130705833435,
		1.1437256336212158,
		1.1437256336212158,
		3.9688575267791748,
		1.2111667394638062,
		10.09074592590332,
		4.2381596565246582,
		7.8707356452941895,
		0.067441008985042572,
		0.13442009687423706,
		7.1311945915222168,
		0.13442009687423706,
		7.8037567138671875,
		0.066979087889194489,
		0.067441008985042572,
		6.1888675689697266,
		0.80744445323944092,
		0.74000346660614014,
		2.6911735534667969,
		0.40326029062271118,
		1.4130277633666992,
		1.0088436603546143,
		4.5074615478515625,
		1.1437256336212158,
		9.6195821762084961,
		3.8348994255065918,
		0.066979087889194489,
		6.7274718284606934,
		0.067441008985042572,
		7.3995723724365234,
		0.13488201797008514,
		6.6600308418273926
	],
	"end" : 18.036111831665039,
	"labels" : 
	[
		"Prep",
		"Scan",
		"Break",
		"Scan",
		"Break",
		"Prep",
		"Scan",
		"Break",
		"Scan",
		"Break",
		"Prep",
		"Scan",
		"Prep",
		"Scan",
		"Prep",
		"Scan",
		"Break",
		"Prep",
		"Scan",
		"Break",
		"Scan",
		"Break",
		"Scan",
		"Break",
		"Prep",
		"Scan",
		"Break",
		"Prep",
		"Scan",
		"Break",
		"Scan",
		"Prep",
		"Scan"
	],
	"start" : 17.623611450195312
}