{
	"data" : 
	[
		0.7515684962272644,
		1.1273527145385742,
		1.6103986501693726,
		0.85883015394210815,
		0.96627599000930786,
		0.21470753848552704,
		4.5628576278686523,
		8.6962995529174805,
		0.053815104067325592,
		5.9047331809997559,
		0.053815104067325592,
		6.6026711463928223,
		0.053630806505680084,
		0.80519932508468628,
		0.96627599000930786,
		0.80519932508468628,
		0.10744591057300568,
		7.7300238609313965,
		0.053630806505680084,
		7.3542399406433105,
		0.053815104067325592,
		0.3757842481136322,
		6.3341484069824219,
		0.053815104067325592,
		0.7515684962272644,
		6.3343329429626465,
		0.053630806505680084,
		6.6026711463928223,
		7.7300238609313965,
		0.42941507697105408,
		7.6227617263793945,
		14.279064178466797
	],
	"end" : 14.782777786254883,
	"labels" : 
	[
		"Prep",
		"Scan",
		"Break",
		"Prep",
		"Scan",
		"Break",
		"Scan",
		"Scan",
		"Prep",
		"Scan",
		"Prep",
		"Scan",
		"Break",
		"Prep",
		"Scan",
		"Prep",
		"Break",
		"Scan",
		"Prep",
		"Scan",
		"Break",
		"Break",
		"Scan",
		"Break",
		"Prep",
		"Scan",
		"Prep",
		"Scan",
		"Scan",
		"Prep",
		"Scan",
		"Dead"
	],
	"start" : 14.265832901000977
}