{
	"data" : 
	[
		0.60679519176483154,
		1.048066258430481,
		3.8062951564788818,
		1.5997499227523804,
		0.055111546069383621,
		0.38615962862968445,
		1.3238134384155273,
		5.6817922592163086,
		1.5997499227523804,
		0.055300932377576828,
		0.055111546069383621,
		0.11022309213876724,
		0.38615962862968445,
		0.9929547905921936,
		0.055111546069383621,
		0.93784326314926147,
		0.38615962862968445,
		3.1441988945007324,
		1.9307980537414551,
		8.2743072509765625,
		1.3791143894195557,
		0.38615962862968445,
		7.0057950019836426,
		0.11022309213876724,
		0.93784326314926147,
		0.9929547905921936,
		6.1230635643005371,
		0.16552402079105377,
		0.16533464193344116,
		1.2688913345336914,
		0.055111546069383621,
		0.49638271331787109,
		0.9929547905921936,
		0.055111546069383621,
		0.93784326314926147,
		0.93784326314926147,
		0.055111546069383621,
		0.93784326314926147,
		0.99276542663574219,
		0.055300932377576828,
		0.93765389919281006,
		0.93784326314926147,
		0.055111546069383621,
		0.4965721070766449,
		0.93765389919281006,
		0.9929547905921936,
		39.055339813232422
	],
	"end" : 10.536944389343262,
	"labels" : 
	[
		"Prep",
		"Scan",
		"Break",
		"Prep",
		"Break",
		"Break",
		"Scan",
		"Break",
		"Prep",
		"Break",
		"Prep",
		"Break",
		"Break",
		"Scan",
		"Break",
		"Prep",
		"Break",
		"Scan",
		"Prep",
		"Scan",
		"Prep",
		"Break",
		"Scan",
		"Prep",
		"Break",
		"Scan",
		"Break",
		"Prep",
		"Break",
		"Scan",
		"Break",
		"Break",
		"Scan",
		"Prep",
		"Break",
		"Scan",
		"Break",
		"Break",
		"Scan",
		"Prep",
		"Break",
		"Scan",
		"Break",
		"Prep",
		"Break",
		"Scan",
		"Dead"
	],
	"start" : 10.033888816833496
}