{
	"data" : 
	[
		1.04926598072052,
		0.82438647747039795,
		1.7985211610794067,
		1.5736416578292847,
		3.7473049163818359,
		11.466279983520508,
		10.717024803161621,
		0.075131356716156006,
		0.59950703382492065,
		13.115053176879883,
		3.5975568294525146,
		14.38919734954834,
		0.22487947344779968,
		9.8175067901611328,
		2.4731595516204834,
		8.9931201934814453,
		15.438464164733887
	],
	"end" : 16.856666564941406,
	"labels" : 
	[
		"Prep",
		"Scan",
		"Break",
		"Scan",
		"Break",
		"Scan",
		"Scan",
		"Break",
		"Break",
		"Scan",
		"Prep",
		"Scan",
		"Prep",
		"Scan",
		"Prep",
		"Scan",
		"Dead"
	],
	"start" : 16.48638916015625
}