{
	"data" : 
	[
		0.64425116777420044,
		0.50617474317550659,
		3.221097469329834,
		0.045972801744937897,
		0.045972801744937897,
		0.046130780130624771,
		10.537566184997559,
		1.3804478645324707,
		0.13807637989521027,
		0.13791839778423309,
		0.046130780130624771,
		14.816985130310059,
		0.045972801744937897,
		0.092103585600852966,
		12.286111831665039,
		0.046130780130624771,
		1.0121915340423584,
		13.344593048095703,
		6.0740971565246582,
		0.13807637989521027,
		9.8933143615722656,
		0.13807637989521027,
		12.286111831665039,
		12.976494789123535
	],
	"end" : 11.140000343322754,
	"labels" : 
	[
		"Prep",
		"Scan",
		"Break",
		"Prep",
		"Break",
		"Break",
		"Scan",
		"Prep",
		"Break",
		"Break",
		"Prep",
		"Scan",
		"Break",
		"Prep",
		"Scan",
		"Break",
		"Prep",
		"Scan",
		"Break",
		"Prep",
		"Scan",
		"Prep",
		"Scan",
		"Dead"
	],
	"start" : 10.536944389343262
}