{
	"data" : 
	[
		1.3839547634124756,
		1.9369034767150879,
		4.6123380661010742,
		1.2914800643920898,
		0.36863234639167786,
		12.268743515014648,
		0.09184139221906662,
		5.6270270347595215,
		0.092474780976772308,
		0.09184139221906662,
		17.895771026611328,
		10.238731384277344,
		0.092474780976772308,
		0.6454232931137085,
		13.560223579406738,
		29.702140808105469
	],
	"end" : 17.157499313354492,
	"labels" : 
	[
		"Prep",
		"Scan",
		"Break",
		"Prep",
		"Break",
		"Scan",
		"Prep",
		"Break",
		"Prep",
		"Break",
		"Scan",
		"Scan",
		"Break",
		"Prep",
		"Scan",
		"Dead"
	],
	"start" : 16.856666564941406
}