{
	"data" : 
	[
		0.41050431132316589,
		0.78012734651565552,
		2.5047528743743896,
		1.3139803409576416,
		0.04102223739027977,
		0.04102223739027977,
		0.28743758797645569,
		0.90333503484725952,
		3.6953845024108887,
		0.90333503484725952,
		0.082185447216033936,
		0.28743758797645569,
		1.7655069828033447,
		0.61603838205337524,
		0.78012734651565552,
		0.28743758797645569,
		2.3403820991516113,
		0.65691965818405151,
		1.2317948341369629,
		6.1591153144836426,
		2.1762931346893311,
		1.0675649642944336,
		0.32845982909202576,
		6.3643674850463867,
		0.04102223739027977,
		0.082185447216033936,
		0.69794189929962158,
		0.73910510540008545,
		6.8570570945739746,
		0.32860079407691956,
		0.08204447478055954,
		0.82114958763122559,
		0.041163206100463867,
		0.28743758797645569,
		0.69794189929962158,
		0.041163206100463867,
		0.69794189929962158,
		0.73910510540008545,
		0.73910510540008545,
		0.69808292388916016,
		0.04102223739027977,
		0.69794189929962158,
		0.73910510540008545,
		0.36962306499481201,
		0.69794189929962158,
		0.73910510540008545,
		47.999683380126953
	],
	"end" : 9.5411109924316406,
	"labels" : 
	[
		"Prep",
		"Scan",
		"Break",
		"Prep",
		"Break",
		"Prep",
		"Break",
		"Scan",
		"Break",
		"Prep",
		"Break",
		"Break",
		"Scan",
		"Break",
		"Prep",
		"Break",
		"Scan",
		"Break",
		"Prep",
		"Scan",
		"Break",
		"Prep",
		"Break",
		"Scan",
		"Break",
		"Prep",
		"Break",
		"Scan",
		"Break",
		"Prep",
		"Break",
		"Scan",
		"Prep",
		"Break",
		"Scan",
		"Break",
		"Break",
		"Scan",
		"Break",
		"Scan",
		"Break",
		"Break",
		"Scan",
		"Prep",
		"Break",
		"Scan",
		"Dead"
	],
	"start" : 8.8652782440185547
}