{
	"data" : 
	[
		0.65145331621170044,
		0.65145331621170044,
		5.4440603256225586,
		0.046486739069223404,
		4.0481805801391602,
		0.046486739069223404,
		0.79091352224349976,
		7.7706336975097656,
		1.3958801031112671,
		13.865986824035645,
		0.41870015859603882,
		7.5843672752380371,
		0.046646486967802048,
		0.13946022093296051,
		7.5845274925231934,
		49.414764404296875
	],
	"end" : 14.265832901000977,
	"labels" : 
	[
		"Prep",
		"Scan",
		"Break",
		"Prep",
		"Scan",
		"Break",
		"Prep",
		"Scan",
		"Prep",
		"Scan",
		"Prep",
		"Scan",
		"Break",
		"Prep",
		"Scan",
		"Dead"
	],
	"start" : 13.66944408416748
}