{
	"data" : 
	[
		0.61927706003189087,
		0.61942893266677856,
		1.5927737951278687,
		0.66363048553466797,
		3.2297489643096924,
		0.88479000329971313,
		1.0176982879638672,
		7.2999348640441895,
		0.3539159893989563,
		7.2116837501525879,
		0.044201526790857315,
		1.8139333724975586,
		13.184357643127441,
		0.13275647163391113,
		6.2823882102966309,
		3.8048245906829834,
		0.044353421777486801,
		6.2823882102966309,
		0.044201526790857315,
		0.3982694149017334,
		12.874642372131348,
		31.500801086425781
	],
	"end" : 11.76722240447998,
	"labels" : 
	[
		"Prep",
		"Scan",
		"Break",
		"Prep",
		"Scan",
		"Break",
		"Prep",
		"Scan",
		"Prep",
		"Scan",
		"Break",
		"Prep",
		"Scan",
		"Prep",
		"Scan",
		"Break",
		"Prep",
		"Scan",
		"Break",
		"Prep",
		"Scan",
		"Dead"
	],
	"start" : 11.140000343322754
}