{
	"data" : 
	[
		0.52443575859069824,
		0.41203832626342773,
		3.296177864074707,
		0.037551555782556534,
		9.0272912979125977,
		1.0862945318222046,
		0.1123974621295929,
		2.1350374221801758,
		0.03742295503616333,
		2.2475636005401611,
		0.07484591007232666,
		12.061509132385254,
		1.9852172136306763,
		0.03742295503616333,
		10.263406753540039,
		4.1953573226928711,
		11.199880599975586,
		0.03742295503616333,
		1.2735378742218018,
		8.5029840469360352,
		3.4835498332977295,
		0.1123974621295929,
		6.4427928924560547,
		0.03742295503616333,
		0.07484591007232666,
		7.9037027359008789,
		13.297493934631348
	],
	"end" : 12.508055686950684,
	"labels" : 
	[
		"Prep",
		"Scan",
		"Break",
		"Prep",
		"Scan",
		"Prep",
		"Break",
		"Break",
		"Prep",
		"Break",
		"Break",
		"Scan",
		"Break",
		"Prep",
		"Scan",
		"Break",
		"Scan",
		"Break",
		"Prep",
		"Scan",
		"Break",
		"Prep",
		"Scan",
		"Break",
		"Prep",
		"Scan",
		"Dead"
	],
	"start" : 11.76722240447998
}