{
	"data" : 
	[
		0.73404276371002197,
		0.79065674543380737,
		1.6377334594726562,
		0.056420084089040756,
		4.9132003784179688,
		0.056420084089040756,
		0.95991694927215576,
		0.28248819708824158,
		9.487299919128418,
		0.45194235444068909,
		9.2050046920776367,
		0.056420084089040756,
		0.45174846053123474,
		16.772470474243164,
		7.3978171348571777,
		0.11303404718637466,
		13.045060157775879,
		0.056613970547914505,
		18.127716064453125,
		15.303997039794922
	],
	"end" : 15.633333206176758,
	"labels" : 
	[
		"Prep",
		"Scan",
		"Break",
		"Prep",
		"Scan",
		"Break",
		"Prep",
		"Break",
		"Scan",
		"Prep",
		"Scan",
		"Break",
		"Prep",
		"Scan",
		"Break",
		"Prep",
		"Scan",
		"Prep",
		"Scan",
		"Dead"
	],
	"start" : 15.141944885253906
}