{
	"data" : 
	[
		1.3244951963424683,
		1.7973899841308594,
		5.2031421661376953,
		8.987274169921875,
		0.094513997435569763,
		12.29851245880127,
		0.094513997435569763,
		10.122417449951172,
		1.3244951963424683,
		12.108835220336914,
		1.7028759717941284,
		22.515443801879883,
		22.326091766357422
	],
	"end" : 8.3983335494995117,
	"labels" : 
	[
		"Prep",
		"Scan",
		"Break",
		"Scan",
		"Prep",
		"Scan",
		"Prep",
		"Scan",
		"Prep",
		"Scan",
		"Prep",
		"Scan",
		"Dead"
	],
	"start" : 8.1049995422363281
}