{
	"data" : 
	[
		0.95472407341003418,
		0.95472407341003418,
		1.9092140197753906,
		5.5234928131103516,
		2.0457034111022949,
		13.433795928955078,
		10.024134635925293,
		0.06812768429517746,
		13.024561882019043,
		7.9100689888000488,
		0.06812768429517746,
		13.365669250488281,
		0.06812768429517746,
		1.0909794569015503,
		12.137965202331543,
		17.320585250854492
	],
	"end" : 16.040277481079102,
	"labels" : 
	[
		"Prep",
		"Scan",
		"Break",
		"Scan",
		"Break",
		"Scan",
		"Scan",
		"Prep",
		"Scan",
		"Break",
		"Prep",
		"Scan",
		"Break",
		"Prep",
		"Scan",
		"Dead"
	],
	"start" : 15.633333206176758
}