{
	"data" : 
	[
		0.83353221416473389,
		1.0718594789505005,
		0.65488898754119873,
		1.0714507102966309,
		1.012175440788269,
		1.1908186674118042,
		0.8928074836730957,
		3.8696498870849609,
		0.059684012085199356,
		7.0251350402832031,
		0.059684012085199356,
		0.8928074836730957,
		6.3702468872070312,
		0.11936802417039871,
		0.059275221079587936,
		9.6446914672851562,
		1.786023736000061,
		0.059684012085199356,
		10.239895820617676,
		0.059684012085199356,
		8.1562700271606445,
		1.786023736000061,
		12.561849594116211,
		1.012175440788269,
		5.7750415802001953,
		23.635278701782227
	],
	"end" : 17.623611450195312,
	"labels" : 
	[
		"Prep",
		"Scan",
		"Break",
		"Prep",
		"Scan",
		"Break",
		"Prep",
		"Scan",
		"Break",
		"Scan",
		"Break",
		"Prep",
		"Scan",
		"Break",
		"Prep",
		"Scan",
		"Break",
		"Prep",
		"Scan",
		"Break",
		"Scan",
		"Prep",
		"Scan",
		"Prep",
		"Scan",
		"Dead"
	],
	"start" : 17.157499313354492
}