{
	"data" : 
	[
		0.93326163291931152,
		1.3061392307281494,
		3.8564848899841309,
		0.87090188264846802,
		0.24901215732097626,
		8.210993766784668,
		0.061932697892189026,
		1.4932186603546143,
		1.1818467378616333,
		0.061932697892189026,
		0.9956214427947998,
		3.0479428768157959,
		0.87090188264846802,
		0.061932697892189026,
		0.062359817326068878,
		13.933575630187988,
		0.49759715795516968,
		0.31094485521316528,
		9.2685480117797852,
		0.062359817326068878,
		7.9000492095947266,
		44.662441253662109
	],
	"end" : 16.48638916015625,
	"labels" : 
	[
		"Prep",
		"Scan",
		"Break",
		"Prep",
		"Break",
		"Scan",
		"Break",
		"Break",
		"Break",
		"Prep",
		"Break",
		"Scan",
		"Break",
		"Break",
		"Prep",
		"Scan",
		"Prep",
		"Break",
		"Scan",
		"Prep",
		"Scan",
		"Dead"
	],
	"start" : 16.040277481079102
}