{
	"data" : 
	[
		0.7724684476852417,
		0.59434777498245239,
		0.47539657354354858,
		0.059373565018177032,
		1.069744348526001,
		2.6148853302001953,
		0.95099717378616333,
		10.815986633300781,
		1.7234656810760498,
		8.3200521469116211,
		0.11874713003635406,
		10.578492164611816,
		0.11874713003635406,
		8.9737730026245117,
		52.713520050048828
	],
	"end" : 8.8652782440185547,
	"labels" : 
	[
		"Prep",
		"Scan",
		"Break",
		"Prep",
		"Scan",
		"Break",
		"Prep",
		"Scan",
		"Break",
		"Scan",
		"Prep",
		"Scan",
		"Prep",
		"Scan",
		"Dead"
	],
	"start" : 8.3983335494995117
}