{
	"data" : 
	[
		1.1589137315750122,
		1.0817234516143799,
		0.077190175652503967,
		0.38621613383293152,
		2.7043087482452393,
		5.6401877403259277,
		0.077190175652503967,
		1.3135591745376587,
		12.129998207092285,
		0.077190175652503967,
		0.61831718683242798,
		12.670860290527344,
		2.3178274631500244,
		23.02415657043457,
		0.15464560687541962,
		10.971084594726562,
		25.49662971496582
	],
	"end" : 15.141944885253906,
	"labels" : 
	[
		"Prep",
		"Scan",
		"Prep",
		"Scan",
		"Break",
		"Scan",
		"Break",
		"Prep",
		"Scan",
		"Break",
		"Prep",
		"Scan",
		"Prep",
		"Scan",
		"Prep",
		"Scan",
		"Dead"
	],
	"start" : 14.782777786254883
}