{
	"data" : 
	[
		0.49916830658912659,
		0.85561215877532959,
		1.1408162117004395,
		0.64189273118972778,
		0.24946174025535583,
		1.1053186655044556,
		0.42792847752571106,
		0.49916830658912659,
		0.21371942758560181,
		0.03574230894446373,
		1.4260202646255493,
		0.74887484312057495,
		0.57040810585021973,
		4.4922699928283691,
		0.53491061925888062,
		1.1763136386871338,
		1.1765584945678711,
		0.49916830658912659,
		4.0645861625671387,
		0.035497501492500305,
		0.28544884920120239,
		3.9931015968322754,
		6.1679964065551758,
		0.57040810585021973,
		6.4174585342407227,
		0.03574230894446373,
		4.884455680847168,
		0.03574230894446373,
		6.595679759979248,
		0.03574230894446373,
		6.5244402885437012,
		0.03574230894446373,
		1.6757267713546753,
		1.604242205619812,
		0.03574230894446373,
		6.4886984825134277,
		0.1427244246006012,
		6.7741470336914062,
		0.035497501492500305,
		0.49916830658912659,
		0.03574230894446373,
		10.054116249084473,
		0.1427244246006012,
		0.53466582298278809,
		7.5227766036987305,
		0.57065290212631226,
		0.071239806711673737,
		7.7367415428161621
	],
	"end" : 19.532222747802734,
	"labels" : 
	[
		"Prep",
		"Scan",
		"Break",
		"Prep",
		"Break",
		"Scan",
		"Break",
		"Prep",
		"Break",
		"Prep",
		"Scan",
		"Break",
		"Prep",
		"Scan",
		"Prep",
		"Scan",
		"Break",
		"Prep",
		"Scan",
		"Prep",
		"Scan",
		"Break",
		"Scan",
		"Prep",
		"Scan",
		"Break",
		"Scan",
		"Break",
		"Scan",
		"Prep",
		"Scan",
		"Prep",
		"Scan",
		"Break",
		"Prep",
		"Scan",
		"Break",
		"Scan",
		"Break",
		"Prep",
		"Break",
		"Scan",
		"Break",
		"Prep",
		"Scan",
		"Prep",
		"Break",
		"Scan"
	],
	"start" : 18.753889083862305
}