{
	"data" : 
	[
		2.2136662006378174,
		2.2136662006378174,
		10.239869117736816,
		0.27742084860801697,
		4.9802737236022949,
		79.975105285644531
	],
	"end" : 18.121389389038086,
	"labels" : 
	[
		"Prep",
		"Scan",
		"Break",
		"Prep",
		"Scan",
		"Dead"
	],
	"start" : 18.021110534667969
}