{
	"data" : 
	[
		0.12966258823871613,
		0.13891512155532837,
		0.2685776948928833,
		0.23153579235076904,
		0.16670450568199158,
		0.055546969175338745,
		0.0092843249440193176,
		0.27783024311065674,
		0.35191404819488525,
		0.13891512155532837,
		0.055578764528036118,
		0.50008171796798706,
		0.2685776948928833,
		0.13891512155532837,
		0.41677713394165039,
		0.037041909992694855,
		0.15742017328739166,
		0.45378726720809937,
		0.74090182781219482,
		0.10187320411205292,
		1.3058148622512817,
		0.0092843249440193176,
		1.6021819114685059,
		0.12963080406188965,
		1.1206053495407104,
		1.5188455581665039,
		0.13891512155532837,
		1.5095611810684204,
		1.0928158760070801,
		0.13891512155532837,
		0.027789382264018059,
		0.0092525286599993706,
		2.3893780708312988,
		0.0092525286599993706,
		0.87056440114974976,
		0.30561962723731995,
		2.9450387954711914,
		0.13891512155532837,
		1.6670132875442505,
		1.8522228002548218,
		0.027789382264018059,
		0.13891512155532837,
		0.48157665133476257,
		0.14816763997077942,
		0.0092843249440193176,
		2.8709547519683838,
		0.055546969175338745,
		2.7135345935821533,
		0.018505057319998741,
		0.0092525286599993706,
		1.7410969734191895,
		0.14819943904876709,
		2.4819669723510742,
		65.633750915527344
	],
	"end" : 17.109443664550781,
	"labels" : 
	[
		"Prep",
		"Break",
		"Scan",
		"Break",
		"Prep",
		"Break",
		"Prep",
		"Scan",
		"Break",
		"Prep",
		"Break",
		"Scan",
		"Break",
		"Prep",
		"Scan",
		"Break",
		"Prep",
		"Scan",
		"Break",
		"Prep",
		"Scan",
		"Prep",
		"Scan",
		"Prep",
		"Scan",
		"Break",
		"Prep",
		"Scan",
		"Break",
		"Prep",
		"Break",
		"Prep",
		"Scan",
		"Prep",
		"Break",
		"Break",
		"Scan",
		"Prep",
		"Scan",
		"Scan",
		"Break",
		"Prep",
		"Break",
		"Break",
		"Prep",
		"Scan",
		"Break",
		"Scan",
		"Break",
		"Prep",
		"Scan",
		"Prep",
		"Scan",
		"Dead"
	],
	"start" : 14.113055229187012
}