{
	"data" : 
	[
		0.35096287727355957,
		0.35096287727355957,
		0.30697953701019287,
		0.83357447385787964,
		3.8608930110931396,
		0.043983332812786102,
		0.13164873421192169,
		12.767215728759766,
		0.043682072311639786,
		0.78989243507385254,
		0.087665408849716187,
		0.043983332812786102,
		11.056083679199219,
		0.13164873421192169,
		0.92123991250991821,
		0.043983332812786102,
		12.503918647766113,
		0.13164873421192169,
		4.0802068710327148,
		0.087665408849716187,
		6.6249136924743652,
		0.087966665625572205,
		10.266191482543945,
		0.043983332812786102,
		10.003195762634277,
		24.305912017822266
	],
	"end" : 18.753889083862305,
	"labels" : 
	[
		"Prep",
		"Scan",
		"Break",
		"Scan",
		"Break",
		"Prep",
		"Break",
		"Scan",
		"Break",
		"Prep",
		"Break",
		"Prep",
		"Scan",
		"Prep",
		"Break",
		"Prep",
		"Scan",
		"Prep",
		"Scan",
		"Prep",
		"Scan",
		"Prep",
		"Scan",
		"Break",
		"Scan",
		"Dead"
	],
	"start" : 18.121389389038086
}