{
	"data" : 
	[
		0.1689065545797348,
		0.49137890338897705,
		0.39922890067100525,
		0.1382250189781189,
		0.49132618308067322,
		1.0595142841339111,
		0.15356579422950745,
		0.23032231628894806,
		0.015340764075517654,
		1.8118970394134521,
		0.015340764075517654,
		0.2610565721988678,
		1.7504812479019165,
		4.7139902114868164,
		0.1689065545797348,
		0.49137890338897705,
		0.46064463257789612,
		0.13817229866981506,
		1.2130801677703857,
		0.81379854679107666,
		0.36854735016822815,
		1.7811628580093384,
		0.015340764075517654,
		0.030734244734048843,
		1.7197470664978027,
		8.7063312530517578,
		0.52206039428710938,
		0.66028541326522827,
		0.18424731492996216,
		2.2111260890960693,
		10.871382713317871,
		0.046075008809566498,
		0.52206039428710938,
		1.3051774501800537,
		0.41456964612007141,
		1.4434024095535278,
		0.092150017619132996,
		0.19958807528018951,
		1.7504812479019165,
		0.2149815559387207,
		0.046075008809566498,
		2.195732593536377,
		0.50671964883804321,
		0.19964079558849335,
		0.30707886815071106,
		1.8733128309249878,
		0.23032231628894806,
		0.030734244734048843,
		2.1957852840423584,
		44.268592834472656
	],
	"end" : 14.113055229187012,
	"labels" : 
	[
		"Prep",
		"Scan",
		"Break",
		"Prep",
		"Scan",
		"Break",
		"Prep",
		"Break",
		"Prep",
		"Scan",
		"Break",
		"Prep",
		"Scan",
		"Break",
		"Prep",
		"Scan",
		"Break",
		"Prep",
		"Scan",
		"Break",
		"Prep",
		"Scan",
		"Break",
		"Prep",
		"Scan",
		"Break",
		"Scan",
		"Break",
		"Prep",
		"Scan",
		"Break",
		"Prep",
		"Scan",
		"Break",
		"Prep",
		"Scan",
		"Break",
		"Prep",
		"Scan",
		"Break",
		"Prep",
		"Scan",
		"Break",
		"Prep",
		"Break",
		"Scan",
		"Break",
		"Prep",
		"Scan",
		"Dead"
	],
	"start" : 12.305832862854004
}