{
	"data" : 
	[
		0.42616385221481323,
		0.27400726079940796,
		0.030514920130372047,
		0.94345450401306152,
		0.36534303426742554,
		0.51749962568283081,
		0.63914132118225098,
		0.030514920130372047,
		0.18267151713371277,
		0.03030591644346714,
		1.2784916162490845,
		1.0958201885223389,
		0.51749962568283081,
		0.18246251344680786,
		1.3090065717697144,
		1.2174618244171143,
		0.45667877793312073,
		3.8352658748626709,
		0.48698469996452332,
		4.4744071960449219,
		0.030514920130372047,
		4.870265007019043,
		0.03030591644346714,
		5.2356081008911133,
		0.03030591644346714,
		5.509406566619873,
		0.030514920130372047,
		0.82181280851364136,
		0.030514920130372047,
		6.6965627670288086,
		0.03030591644346714,
		5.3877649307250977,
		6.7268681526184082,
		0.24349234998226166,
		0.48698469996452332,
		3.1047887802124023,
		0.30452221632003784,
		0.03030591644346714,
		5.7528986930847168,
		0.48719370365142822,
		4.5657429695129395,
		0.091335758566856384,
		0.27379825711250305,
		4.5962576866149902,
		0.21318644285202026,
		0.42616385221481323,
		5.5397124290466309,
		20.059171676635742
	],
	"end" : 18.021110534667969,
	"labels" : 
	[
		"Prep",
		"Break",
		"Prep",
		"Scan",
		"Break",
		"Prep",
		"Break",
		"Prep",
		"Break",
		"Prep",
		"Scan",
		"Break",
		"Prep",
		"Break",
		"Scan",
		"Break",
		"Prep",
		"Scan",
		"Prep",
		"Scan",
		"Prep",
		"Scan",
		"Prep",
		"Scan",
		"Prep",
		"Scan",
		"Break",
		"Break",
		"Prep",
		"Scan",
		"Break",
		"Scan",
		"Scan",
		"Break",
		"Prep",
		"Scan",
		"Break",
		"Prep",
		"Scan",
		"Prep",
		"Scan",
		"Break",
		"Prep",
		"Scan",
		"Break",
		"Prep",
		"Scan",
		"Dead"
	],
	"start" : 17.109443664550781
}