{
	"data" : 
	[
		0.84206390380859375,
		1.2030074596405029,
		1.4433611631393433,
		0.84206390380859375,
		6.7963933944702148,
		0.059881936758756638,
		9.4427623748779297,
		0.060294914990663528,
		0.30064859986305237,
		6.0142111778259277,
		0.060294914990663528,
		0.78176897764205933,
		0.060294914990663528,
		6.5556268692016602,
		1.082830548286438,
		11.968540191650391,
		52.385959625244141
	],
	"end" : 17.476667404174805,
	"labels" : 
	[
		"Prep",
		"Scan",
		"Break",
		"Prep",
		"Scan",
		"Break",
		"Scan",
		"Break",
		"Break",
		"Scan",
		"Prep",
		"Break",
		"Prep",
		"Scan",
		"Prep",
		"Scan",
		"Dead"
	],
	"start" : 17.015277862548828
}