{
	"data" : 
	[
		0.37730512022972107,
		0.37730512022972107,
		1.2396111488342285,
		0.21557649970054626,
		1.9672974348068237,
		0.4850933849811554,
		4.5274767875671387,
		0.43115299940109253,
		8.0308265686035156,
		0.21557649970054626,
		4.392672061920166,
		0.026923932135105133,
		0.053940385580062866,
		9.9172592163085938,
		0.37730512022972107,
		3.6920020580291748,
		0.70066988468170166,
		6.0095882415771484,
		0.026923932135105133,
		2.2907547950744629,
		0.21557649970054626,
		2.7218151092529297,
		1.6439327001571655,
		0.88932251930236816,
		1.1856707334518433,
		0.4043215811252594,
		0.70066988468170166,
		2.2367217540740967,
		0.37730512022972107,
		0.70066988468170166,
		0.45816946029663086,
		2.4253745079040527,
		0.43115299940109253,
		2.9913322925567627,
		0.027016455307602882,
		0.40422910451889038,
		2.1558575630187988,
		1.1857632398605347,
		0.26951688528060913,
		1.8864332437515259,
		0.4850933849811554,
		0.026923932135105133,
		2.1290261745452881,
		0.026923932135105133,
		0.72759383916854858,
		1.7247971296310425,
		0.40422910451889038,
		1.9942214488983154,
		0.67365342378616333,
		0.21566902101039886,
		2.4522984027862549,
		0.40422910451889038,
		3.6381540298461914,
		0.026923932135105133,
		3.1799845695495605,
		0.026923932135105133,
		2.4254670143127441,
		0.026923932135105133,
		3.1530606746673584,
		0.026923932135105133,
		0.13480471074581146,
		2.3445100784301758,
		4.9855537414550781
	],
	"end" : 11.348610877990723,
	"labels" : 
	[
		"Prep",
		"Scan",
		"Break",
		"Prep",
		"Scan",
		"Prep",
		"Scan",
		"Prep",
		"Scan",
		"Prep",
		"Scan",
		"Break",
		"Prep",
		"Scan",
		"Prep",
		"Scan",
		"Break",
		"Scan",
		"Prep",
		"Scan",
		"Prep",
		"Scan",
		"Prep",
		"Scan",
		"Break",
		"Prep",
		"Scan",
		"Break",
		"Prep",
		"Scan",
		"Prep",
		"Scan",
		"Prep",
		"Scan",
		"Break",
		"Prep",
		"Scan",
		"Break",
		"Prep",
		"Scan",
		"Break",
		"Prep",
		"Scan",
		"Prep",
		"Scan",
		"Break",
		"Prep",
		"Scan",
		"Break",
		"Prep",
		"Scan",
		"Prep",
		"Scan",
		"Prep",
		"Scan",
		"Prep",
		"Scan",
		"Break",
		"Scan",
		"Break",
		"Prep",
		"Scan",
		"Dead"
	],
	"start" : 10.318888664245605
}