{
	"data" : 
	[
		0.60480684041976929,
		0.41885992884635925,
		2.1403069496154785,
		2.2799270153045654,
		3.3502402305603027,
		0.7910732626914978,
		9.1198673248291016,
		3.3965671062469482,
		0.046646486967802048,
		7.5843672752380371,
		0.092973478138446808,
		9.4455938339233398,
		0.093133226037025452,
		7.0726938247680664,
		0.092973478138446808,
		6.0490269660949707,
		0.04632699117064476,
		4.2342867851257324,
		0.046646486967802048,
		4.3735871315002441,
		0.093292973935604095,
		6.2813005447387695,
		3.8157467842102051,
		0.13930046558380127,
		6.0490269660949707,
		0.092973478138446808,
		6.3282666206359863,
		15.820188522338867
	],
	"end" : 16.355278015136719,
	"labels" : 
	[
		"Prep",
		"Scan",
		"Break",
		"Scan",
		"Break",
		"Prep",
		"Scan",
		"Break",
		"Prep",
		"Scan",
		"Prep",
		"Scan",
		"Prep",
		"Scan",
		"Prep",
		"Scan",
		"Break",
		"Scan",
		"Prep",
		"Scan",
		"Prep",
		"Scan",
		"Break",
		"Prep",
		"Scan",
		"Prep",
		"Scan",
		"Dead"
	],
	"start" : 15.758889198303223
}