{
	"data" : 
	[
		0.60350775718688965,
		0.47427982091903687,
		1.7677433490753174,
		0.60365581512451172,
		10.218480110168457,
		1.2503875494003296,
		0.12937596440315247,
		0.043075978755950928,
		13.797191619873047,
		0.043075978755950928,
		0.043224003165960312,
		11.555019378662109,
		1.2073116302490234,
		12.460503578186035,
		3.0181310176849365,
		0.17245194315910339,
		13.279834747314453,
		0.043075978755950928,
		12.891706466674805,
		16.297966003417969
	],
	"end" : 15.758889198303223,
	"labels" : 
	[
		"Prep",
		"Scan",
		"Break",
		"Prep",
		"Scan",
		"Prep",
		"Break",
		"Prep",
		"Scan",
		"Break",
		"Prep",
		"Scan",
		"Prep",
		"Scan",
		"Break",
		"Prep",
		"Scan",
		"Prep",
		"Scan",
		"Dead"
	],
	"start" : 15.115278244018555
}