{
	"data" : 
	[
		0.70461994409561157,
		1.0569298267364502,
		0.95619583129882812,
		0.85563462972640991,
		1.6608157157897949,
		0.55360519886016846,
		0.75490051507949829,
		6.1902189254760742,
		0.10056124627590179,
		0.10073403269052505,
		6.894838809967041,
		0.050280623137950897,
		4.4288415908813477,
		0.65433931350708008,
		6.0896577835083008,
		0.050280623137950897,
		0.75490051507949829,
		6.1399383544921875,
		61.9027099609375
	],
	"end" : 13.884721755981445,
	"labels" : 
	[
		"Prep",
		"Scan",
		"Break",
		"Prep",
		"Scan",
		"Break",
		"Prep",
		"Scan",
		"Break",
		"Break",
		"Scan",
		"Break",
		"Scan",
		"Prep",
		"Scan",
		"Break",
		"Prep",
		"Scan",
		"Dead"
	],
	"start" : 13.333333015441895
}