{
	"data" : 
	[
		1.1616876125335693,
		1.1616876125335693,
		3.4018814563751221,
		6.9695558547973633,
		1.4938424825668335,
		13.939111709594727,
		0.24897374212741852,
		24.72645378112793,
		0.66374003887176514,
		13.358551979064941,
		0.08318115770816803,
		11.284151077270508,
		21.407182693481445
	],
	"end" : 16.689722061157227,
	"labels" : 
	[
		"Prep",
		"Scan",
		"Break",
		"Scan",
		"Prep",
		"Scan",
		"Prep",
		"Scan",
		"Prep",
		"Scan",
		"Prep",
		"Scan",
		"Dead"
	],
	"start" : 16.355278015136719
}