{
	"data" : 
	[
		0.78887856006622314,
		0.43014073371887207,
		3.6575503349304199,
		1.2192655801773071,
		1.7929506301879883,
		0.21494726836681366,
		1.0757211446762085,
		2.5101802349090576,
		0.2151934802532196,
		1.2909146547317505,
		86.704261779785156
	],
	"end" : 12.157221794128418,
	"labels" : 
	[
		"Prep",
		"Break",
		"Scan",
		"Break",
		"Prep",
		"Break",
		"Scan",
		"Break",
		"Prep",
		"Scan",
		"Dead"
	],
	"start" : 11.770277976989746
}