{
	"data" : 
	[
		0.44071462750434875,
		0.30833381414413452,
		0.96948134899139404,
		98.181472778320312
	],
	"end" : 13.736110687255859,
	"labels" : 
	[
		"Prep",
		"Break",
		"Scan",
		"Dead"
	],
	"start" : 13.106389045715332
}