{
	"data" : 
	[
		4.1625003814697266,
		2.6489818096160889,
		7.9469451904296875,
		23.839536666870117,
		9.0811100006103516,
		1.1354634761810303,
		6.8114814758300781,
		7.9469451904296875,
		1.513518214225769,
		1.1354634761810303,
		0.37805479764938354,
		1.513518214225769,
		1.513518214225769,
		30.272964477539062
	],
	"end" : 13.106389045715332,
	"labels" : 
	[
		"Prep",
		"Break",
		"Scan",
		"Break",
		"Prep",
		"Break",
		"Scan",
		"Break",
		"Prep",
		"Scan",
		"Prep",
		"Break",
		"Scan",
		"Dead"
	],
	"start" : 13.033055305480957
}