{
	"data" : 
	[
		1.1048190593719482,
		0.55278897285461426,
		5.1940155029296875,
		1.4364165067672729,
		2.7628066539764404,
		0.44200348854064941,
		1.5472019910812378,
		4.0888171195983887,
		0.33159747719764709,
		1.7680139541625977,
		3.0940244197845459,
		0.11078543215990067,
		0.11040603369474411,
		1.5472019910812378,
		43.761383056640625,
		0.22119145095348358,
		0.7736009955406189,
		1.5468225479125977,
		3.3155956268310547,
		1.9888261556625366,
		0.7736009955406189,
		0.11078543215990067,
		0.11040603369474411,
		0.99441307783126831,
		22.212478637695312
	],
	"end" : 11.770277976989746,
	"labels" : 
	[
		"Prep",
		"Break",
		"Scan",
		"Break",
		"Prep",
		"Break",
		"Scan",
		"Break",
		"Prep",
		"Scan",
		"Break",
		"Prep",
		"Break",
		"Scan",
		"Break",
		"Prep",
		"Break",
		"Scan",
		"Break",
		"Scan",
		"Break",
		"Prep",
		"Break",
		"Scan",
		"Dead"
	],
	"start" : 11.519166946411133
}