{
	"data" : 
	[
		0.94326657056808472,
		0.85759538412094116,
		4.4590253829956055,
		1.028937816619873,
		2.8297998905181885,
		0.60028731822967529,
		0.85759538412094116,
		8.6607418060302734,
		1.8865331411361694,
		2.1438412666320801,
		0.51461613178253174,
		1.2005746364593506,
		10.461604118347168,
		0.25701364874839783,
		0.94326657056808472,
		0.60028731822967529,
		1.2862459421157837,
		1.3722115755081177,
		1.2002803087234497,
		0.085965625941753387,
		18.608024597167969,
		0.085671216249465942,
		1.2862459421157837,
		1.3719171285629272,
		3.5157585144042969,
		0.68625295162200928,
		0.085671216249465942,
		0.51432174444198608,
		0.94326657056808472,
		30.613183975219727
	],
	"end" : 10.74305534362793,
	"labels" : 
	[
		"Prep",
		"Break",
		"Scan",
		"Break",
		"Prep",
		"Break",
		"Break",
		"Scan",
		"Break",
		"Prep",
		"Break",
		"Scan",
		"Break",
		"Prep",
		"Scan",
		"Break",
		"Scan",
		"Break",
		"Scan",
		"Break",
		"Break",
		"Prep",
		"Break",
		"Scan",
		"Break",
		"Scan",
		"Break",
		"Break",
		"Scan",
		"Dead"
	],
	"start" : 10.41944408416748
}