{
	"data" : 
	[
		0.8957897424697876,
		1.7920190095901489,
		1.4718899726867676,
		0.95994740724563599,
		12.159626007080078,
		1.2798565626144409,
		1.0880428552627563,
		4.607703685760498,
		1.6639235019683838,
		1.919894814491272,
		19.903362274169922,
		0.063937902450561523,
		0.19203342497348785,
		14.847434997558594,
		1.0238852500915527,
		0.12809550762176514,
		15.871319770812988,
		0.51194262504577637,
		5.24774169921875,
		2.0479903221130371,
		12.223564147949219
	],
	"end" : 15.355278015136719,
	"labels" : 
	[
		"Prep",
		"Scan",
		"Break",
		"Prep",
		"Scan",
		"Break",
		"Prep",
		"Scan",
		"Break",
		"Prep",
		"Scan",
		"Break",
		"Prep",
		"Scan",
		"Break",
		"Prep",
		"Scan",
		"Prep",
		"Scan",
		"Break",
		"Scan"
	],
	"start" : 14.921667098999023
}