{
	"data" : 
	[
		0.44926607608795166,
		0.28590932488441467,
		1.91961669921875,
		0.98028063774108887,
		1.0209444761276245,
		0.040944349020719528,
		0.61262279748916626,
		1.5111548900604248,
		0.12255260348320007,
		0.53087431192398071,
		0.40846195816993713,
		0.081608250737190247,
		0.081748470664024353,
		1.3886022567749023,
		1.429546594619751,
		0.1633567214012146,
		0.081608250737190247,
		0.61262279748916626,
		1.3886022567749023,
		0.040944349020719528,
		0.57181864976882935,
		0.040804125368595123,
		0.1633567214012146,
		0.61262279748916626,
		0.040804125368595123,
		1.5929033756256104,
		0.081608250737190247,
		0.081748470664024353,
		0.61262279748916626,
		3.5533242225646973,
		0.44926607608795166,
		0.040804125368595123,
		0.20416085422039032,
		0.57181864976882935,
		0.28590932488441467,
		0.040804125368595123,
		77.804351806640625
	],
	"end" : 12.836667060852051,
	"labels" : 
	[
		"Prep",
		"Break",
		"Scan",
		"Break",
		"Prep",
		"Break",
		"Scan",
		"Break",
		"Prep",
		"Scan",
		"Break",
		"Break",
		"Scan",
		"Break",
		"Break",
		"Prep",
		"Break",
		"Scan",
		"Break",
		"Prep",
		"Scan",
		"Prep",
		"Break",
		"Scan",
		"Prep",
		"Break",
		"Prep",
		"Break",
		"Scan",
		"Break",
		"Scan",
		"Break",
		"Break",
		"Scan",
		"Break",
		"Prep",
		"Dead"
	],
	"start" : 12.157221794128418
}