{
	"data" : 
	[
		1.7442934513092041,
		1.1100544929504395,
		3.3301632404327393,
		9.8315219879150391,
		3.6470105648040771,
		0.47581538558006287,
		3.3296191692352295,
		3.6475551128387451,
		0.47527098655700684,
		1.1100544929504395,
		0.15896807610988617,
		0.6342390775680542,
		3.3296191692352295,
		0.15896807610988617,
		1.4269018173217773,
		3.1711955070495605,
		5.3918485641479492,
		9.8315219879150391,
		0.15842366218566895,
		1.5853254795074463,
		2.8543479442596436,
		3.0133161544799805,
		0.15842366218566895,
		0.6342390775680542,
		0.15842366218566895,
		0.15842366218566895,
		0.95163077116012573,
		2.8543479442596436,
		34.568477630615234
	],
	"end" : 10.918055534362793,
	"labels" : 
	[
		"Prep",
		"Break",
		"Scan",
		"Break",
		"Prep",
		"Break",
		"Scan",
		"Break",
		"Prep",
		"Scan",
		"Break",
		"Break",
		"Scan",
		"Break",
		"Break",
		"Scan",
		"Break",
		"Break",
		"Prep",
		"Break",
		"Scan",
		"Break",
		"Prep",
		"Scan",
		"Break",
		"Prep",
		"Break",
		"Scan",
		"Dead"
	],
	"start" : 10.74305534362793
}