{
	"data" : 
	[
		0.39794588088989258,
		0.91289681196212769,
		0.42133080959320068,
		0.32763031125068665,
		1.2171421051025391,
		0.18732063472270966,
		0.32763031125068665,
		1.0533672571182251,
		0.023384943604469299,
		1.2171421051025391,
		0.070235192775726318,
		0.023384943604469299,
		2.66837477684021,
		0.491566002368927,
		0.44471576809883118,
		4.6110930442810059,
		0.21070559322834015,
		4.9621891975402832,
		0.42133080959320068,
		4.8217988014221191,
		0.023384943604469299,
		3.6982765197753906,
		0.023384943604469299,
		0.046850249171257019,
		1.6150076389312744,
		0.02346530556678772,
		0.070235192775726318,
		4.5877084732055664,
		65.000503540039062
	],
	"end" : 14.921667098999023,
	"labels" : 
	[
		"Prep",
		"Scan",
		"Break",
		"Prep",
		"Scan",
		"Break",
		"Prep",
		"Scan",
		"Break",
		"Scan",
		"Break",
		"Prep",
		"Scan",
		"Break",
		"Prep",
		"Scan",
		"Prep",
		"Scan",
		"Prep",
		"Scan",
		"Prep",
		"Scan",
		"Break",
		"Prep",
		"Scan",
		"Break",
		"Prep",
		"Scan",
		"Dead"
	],
	"start" : 13.736110687255859
}