{
	"data" : 
	[
		1.4126724004745483,
		3.532651424407959,
		6.3584814071655273,
		8.0544643402099609,
		3.532651424407959,
		0.28234043717384338,
		2.1194937229156494,
		5.9349708557128906,
		0.56516599655151367,
		0.98867666721343994,
		0.1416553407907486,
		0.70633620023727417,
		1.9783234596252441,
		0.14117021858692169,
		64.150947570800781
	],
	"end" : 13.033055305480957,
	"labels" : 
	[
		"Prep",
		"Break",
		"Scan",
		"Break",
		"Prep",
		"Break",
		"Scan",
		"Break",
		"Prep",
		"Scan",
		"Prep",
		"Break",
		"Scan",
		"Break",
		"Dead"
	],
	"start" : 12.836667060852051
}