{
	"data" : 
	[
		0.50781220197677612,
		0.64633524417877197,
		2.723705530166626,
		1.3387919664382935,
		1.1539889574050903,
		0.41556915640830994,
		0.64633524417877197,
		3.6008069515228271,
		0.13852304220199585,
		0.64617675542831421,
		0.046280011534690857,
		0.23076608777046204,
		0.69245678186416626,
		0.046121519058942795,
		0.69245678186416626,
		0.64633524417877197,
		15.788299560546875,
		0.13852304220199585,
		0.13852304220199585,
		0.64617675542831421,
		2.0312488079071045,
		0.18464456498622894,
		0.5540921688079834,
		0.046121519058942795,
		0.23076608777046204,
		0.64633524417877197,
		6.6938014030456543,
		0.092401526868343353,
		3.3700406551361084,
		0.69245678186416626,
		2.5851824283599854,
		0.64633524417877197,
		0.046121519058942795,
		0.23076608777046204,
		0.64633524417877197,
		0.046121519058942795,
		0.69261527061462402,
		0.69245678186416626,
		4.8471970558166504,
		0.092401526868343353,
		0.046121519058942795,
		0.64633524417877197,
		1.292512059211731,
		0.13852304220199585,
		0.69245678186416626,
		0.046121519058942795,
		0.18480305373668671,
		0.69245678186416626,
		0.69245678186416626,
		0.69245678186416626,
		1.1078673601150513,
		0.13852304220199585,
		1.3387919664382935,
		0.046121519058942795,
		0.2309245765209198,
		0.64617675542831421,
		25.159685134887695,
		0.092401526868343353,
		0.09224303811788559,
		0.64633524417877197,
		1.8927257061004639,
		0.046121519058942795,
		0.78485822677612305,
		0.60005521774291992,
		6.0015029907226562
	],
	"end" : 11.519166946411133,
	"labels" : 
	[
		"Prep",
		"Break",
		"Scan",
		"Break",
		"Prep",
		"Break",
		"Scan",
		"Break",
		"Prep",
		"Scan",
		"Break",
		"Break",
		"Scan",
		"Prep",
		"Break",
		"Scan",
		"Break",
		"Prep",
		"Break",
		"Scan",
		"Break",
		"Prep",
		"Scan",
		"Break",
		"Break",
		"Scan",
		"Break",
		"Prep",
		"Break",
		"Scan",
		"Break",
		"Scan",
		"Prep",
		"Break",
		"Scan",
		"Prep",
		"Break",
		"Scan",
		"Break",
		"Prep",
		"Break",
		"Scan",
		"Break",
		"Prep",
		"Scan",
		"Prep",
		"Break",
		"Scan",
		"Break",
		"Scan",
		"Break",
		"Prep",
		"Scan",
		"Break",
		"Break",
		"Scan",
		"Break",
		"Prep",
		"Break",
		"Scan",
		"Break",
		"Prep",
		"Scan",
		"Break",
		"Dead"
	],
	"start" : 10.918055534362793
}