{
	"data" : 
	[
		0.032638005912303925,
		0.16341434419155121,
		0.39199253916740417,
		0.62068289518356323,
		0.55540686845779419,
		0.49001869559288025,
		0.62068289518356323,
		3.6261835098266602,
		0.22869035601615906,
		2.0581009387969971,
		3.5607953071594238,
		0.032750163227319717,
		3.4627690315246582,
		0.032750163227319717,
		3.4627690315246582,
		0.62079507112503052,
		7.7750239372253418,
		72.164543151855469
	],
	"end" : 11.117777824401855,
	"labels" : 
	[
		"Prep",
		"Break",
		"Prep",
		"Scan",
		"Break",
		"Prep",
		"Scan",
		"Break",
		"Prep",
		"Scan",
		"Scan",
		"Break",
		"Scan",
		"Break",
		"Scan",
		"Prep",
		"Scan",
		"Dead"
	],
	"start" : 10.268333435058594
}