{
	"data" : 
	[
		0.60780870914459229,
		1.0808837413787842,
		3.3096699714660645,
		0.13519743084907532,
		1.2156174182891846,
		4.8633971214294434,
		1.6209777593612671,
		0.67552340030670166,
		0.06748276948928833,
		13.644272804260254,
		0.81048887968063354,
		0.540557861328125,
		9.8615283966064453,
		0.06748276948928833,
		1.2158492803573608,
		0.067714668810367584,
		0.13496553897857666,
		17.156623840332031,
		0.06748276948928833,
		7.2273812294006348,
		1.2158492803573608,
		7.2273812294006348,
		27.085866928100586
	],
	"end" : 14.173055648803711,
	"labels" : 
	[
		"Prep",
		"Scan",
		"Break",
		"Prep",
		"Scan",
		"Break",
		"Prep",
		"Break",
		"Prep",
		"Scan",
		"Break",
		"Prep",
		"Scan",
		"Break",
		"Scan",
		"Prep",
		"Break",
		"Scan",
		"Break",
		"Scan",
		"Prep",
		"Scan",
		"Dead"
	],
	"start" : 13.762222290039062
}