{
	"data" : 
	[
		0.53867954015731812,
		0.93041592836380005,
		1.6649636030197144,
		1.4201704263687134,
		0.048925016075372696,
		0.34281134605407715,
		1.0284340381622314,
		1.3710771799087524,
		0.049093142151832581,
		0.14694316685199738,
		0.34264320135116577,
		0.78364086151123047,
		0.88149082660675049,
		0.34281134605407715,
		2.7912476062774658,
		1.6160386800765991,
		7.3456454277038574,
		0.048925016075372696,
		0.39173635840415955,
		0.34281134605407715,
		5.1418342590332031,
		0.098018147051334381,
		0.34281134605407715,
		0.88149082660675049,
		5.6315884590148926,
		0.097850032150745392,
		0.88149082660675049,
		1.0284340381622314,
		0.048925016075372696,
		0.34281134605407715,
		0.88149082660675049,
		0.048925016075372696,
		0.83256584405899048,
		0.88149082660675049,
		0.8323976993560791,
		0.88149082660675049,
		0.049093142151832581,
		0.8323976993560791,
		0.88149082660675049,
		0.39173635840415955,
		0.83256584405899048,
		0.88149082660675049,
		54.749103546142578
	],
	"end" : 9.5377779006958008,
	"labels" : 
	[
		"Prep",
		"Scan",
		"Break",
		"Prep",
		"Break",
		"Break",
		"Scan",
		"Prep",
		"Break",
		"Break",
		"Break",
		"Scan",
		"Prep",
		"Break",
		"Scan",
		"Prep",
		"Scan",
		"Break",
		"Prep",
		"Break",
		"Scan",
		"Prep",
		"Break",
		"Scan",
		"Break",
		"Prep",
		"Break",
		"Scan",
		"Break",
		"Break",
		"Scan",
		"Prep",
		"Break",
		"Scan",
		"Break",
		"Scan",
		"Prep",
		"Break",
		"Scan",
		"Prep",
		"Break",
		"Scan",
		"Dead"
	],
	"start" : 8.9711112976074219
}