{
	"data" : 
	[
		0.35231509804725647,
		0.3524879515171051,
		0.57912439107894897,
		0.42803347110748291,
		0.22646358609199524,
		0.679909348487854,
		0.3524879515171051,
		2.265845775604248,
		0.02506658062338829,
		0.20139700174331665,
		4.5821704864501953,
		89.854698181152344
	],
	"end" : 18.16583251953125,
	"labels" : 
	[
		"Prep",
		"Scan",
		"Break",
		"Prep",
		"Scan",
		"Break",
		"Prep",
		"Scan",
		"Break",
		"Prep",
		"Scan",
		"Dead"
	],
	"start" : 17.06361198425293
}