{
	"data" : 
	[
		1.9078022241592407,
		1.7351235151290894,
		2.2543504238128662,
		0.17386960983276367,
		3.9882829189300537,
		5.0303101539611816,
		3.1213169097900391,
		13.00806713104248,
		7.8038873672485352,
		0.17386960983276367,
		20.811954498291016,
		0.34773921966552734,
		23.066305160522461,
		0.34654834866523743,
		16.130575180053711
	],
	"end" : 18.325834274291992,
	"labels" : 
	[
		"Prep",
		"Scan",
		"Break",
		"Prep",
		"Scan",
		"Break",
		"Prep",
		"Scan",
		"Break",
		"Prep",
		"Scan",
		"Prep",
		"Scan",
		"Prep",
		"Scan"
	],
	"start" : 18.16583251953125
}