{
	"data" : 
	[
		1.2414133548736572,
		2.0057384967803955,
		4.6797280311584473,
		1.2417411804199219,
		11.556358337402344,
		0.09541766345500946,
		0.573161780834198,
		0.286580890417099,
		14.134929656982422,
		0.09541766345500946,
		8.2134609222412109,
		2.8651530742645264,
		0.76432502269744873,
		13.37060546875,
		38.775970458984375
	],
	"end" : 8.467778205871582,
	"labels" : 
	[
		"Prep",
		"Scan",
		"Break",
		"Prep",
		"Scan",
		"Break",
		"Prep",
		"Break",
		"Scan",
		"Break",
		"Scan",
		"Break",
		"Prep",
		"Scan",
		"Dead"
	],
	"start" : 8.1772222518920898
}