{
	"data" : 
	[
		0.83855372667312622,
		1.4151043891906738,
		13.994489669799805,
		0.73382449150085449,
		1.5200135707855225,
		2.2536580562591553,
		0.73382449150085449,
		8.7006244659423828,
		1.1007367372512817,
		1.2578306198120117,
		12.36956787109375,
		0.10490918904542923,
		13.470124244689941,
		14.308857917785645,
		0.052544567734003067,
		0.52400612831115723,
		10.011000633239746,
		0.15727381408214569,
		4.088219165802002,
		0.41927686333656311,
		11.845561027526855
	],
	"end" : 15.717778205871582,
	"labels" : 
	[
		"Prep",
		"Scan",
		"Break",
		"Prep",
		"Scan",
		"Break",
		"Prep",
		"Scan",
		"Break",
		"Prep",
		"Scan",
		"Prep",
		"Scan",
		"Scan",
		"Break",
		"Prep",
		"Scan",
		"Prep",
		"Scan",
		"Prep",
		"Scan"
	],
	"start" : 15.188333511352539
}