{
	"data" : 
	[
		5.1983489990234375,
		0.58120322227478027,
		0.4520592987537384,
		6.3284974098205566,
		0.064627408981323242,
		0.83949112892150879,
		0.19366051256656647,
		1.13014817237854,
		0.032258275896310806,
		0.25828790664672852,
		0.032258275896310806,
		0.87186026573181152,
		0.032258275896310806,
		0.032258275896310806,
		8.5241670608520508,
		0.064516551792621613,
		0.032369129359722137,
		0.032258275896310806,
		8.3626527786254883,
		66.836822509765625
	],
	"end" : 15.520833015441895,
	"labels" : 
	[
		"Break",
		"Prep",
		"Break",
		"Scan",
		"Prep",
		"Break",
		"Scan",
		"Break",
		"Prep",
		"Break",
		"Prep",
		"Break",
		"Break",
		"Prep",
		"Scan",
		"Prep",
		"Break",
		"Prep",
		"Scan",
		"Dead"
	],
	"start" : 14.661389350891113
}