{
	"data" : 
	[
		0.5517997145652771,
		1.1773748397827148,
		0.91991889476776123,
		2.2077043056488037,
		0.62557512521743774,
		0.22082094848155975,
		1.1407397985458374,
		1.5452412366867065,
		0.5889400839805603,
		0.22056829929351807,
		0.036887709051370621,
		1.1407397985458374,
		0.036635056138038635,
		1.2511502504348755,
		1.3615607023239136,
		0.036635056138038635,
		4.047541618347168,
		0.88303107023239136,
		0.036887709051370621,
		4.0844297409057617,
		0.036635056138038635,
		4.7466397285461426,
		0.22082094848155975,
		6.3287687301635742,
		0.036887709051370621,
		0.62557512521743774,
		6.3287687301635742,
		6.4760665893554688,
		0.036887709051370621,
		0.5517997145652771,
		7.5799193382263184,
		1.4717185497283936,
		0.55205237865447998,
		7.763852596282959,
		1.6190166473388672,
		0.29434370994567871,
		4.820162296295166,
		0.80950832366943359,
		0.33123141527175903,
		0.47827693819999695,
		0.036887709051370621,
		8.2790164947509766,
		0.036887709051370621,
		7.0278668403625488,
		2.5755705833435059,
		0.5889400839805603,
		8.131718635559082
	],
	"end" : 18.614999771118164,
	"labels" : 
	[
		"Prep",
		"Break",
		"Scan",
		"Break",
		"Prep",
		"Break",
		"Scan",
		"Break",
		"Prep",
		"Break",
		"Prep",
		"Scan",
		"Prep",
		"Scan",
		"Break",
		"Prep",
		"Scan",
		"Break",
		"Prep",
		"Scan",
		"Break",
		"Scan",
		"Break",
		"Scan",
		"Break",
		"Prep",
		"Scan",
		"Scan",
		"Break",
		"Prep",
		"Scan",
		"Break",
		"Prep",
		"Scan",
		"Break",
		"Prep",
		"Scan",
		"Break",
		"Prep",
		"Break",
		"Prep",
		"Scan",
		"Break",
		"Scan",
		"Break",
		"Prep",
		"Scan"
	],
	"start" : 17.860834121704102
}