{
	"data" : 
	[
		0.22687260806560516,
		0.43750029802322388,
		0.66442853212356567,
		0.22681699693202972,
		0.4375559389591217,
		0.71299642324447632,
		0.129625603556633,
		3.3866775035858154,
		0.016244925558567047,
		0.27544048428535461,
		1.2639329433441162,
		0.16205981373786926,
		0.38893243670463562,
		5.0395426750183105,
		0.016189292073249817,
		0.048623509705066681,
		4.1159186363220215,
		0.048623509705066681,
		4.342735767364502,
		0.016244925558567047,
		1.5879970788955688,
		0.016244925558567047,
		0.17824910581111908,
		0.016189292073249817,
		0.032378584146499634,
		4.9909195899963379,
		0.37274312973022461,
		0.016244925558567047,
		8.3128395080566406,
		0.11338067799806595,
		0.32411962747573853,
		0.129625603556633,
		0.42125537991523743,
		0.38898807764053345,
		0.24300625920295715,
		0.11349193751811981,
		1.0856282711029053,
		0.27549612522125244,
		0.25925120711326599,
		0.081002093851566315,
		0.016244925558567047,
		0.50236868858337402,
		0.17824910581111908,
		0.25925120711326599,
		1.7662461996078491,
		0.016244925558567047,
		0.24300625920295715,
		1.7824910879135132,
		0.064868435263633728,
		0.24300625920295715,
		2.1714789867401123,
		0.11338067799806595,
		2.8033623695373535,
		0.25925120711326599,
		2.9168541431427002,
		0.097135752439498901,
		3.7594761848449707,
		0.048623509705066681,
		0.24300625920295715,
		2.1389892101287842,
		0.032378584146499634,
		0.016244925558567047,
		4.3913593292236328,
		0.11349193751811981,
		0.016133656725287437,
		3.1923503875732422,
		0.129625603556633,
		0.064757168292999268,
		0.24311754107475281,
		0.19438275694847107,
		3.6459841728210449,
		0.1621154397726059,
		3.2408623695373535,
		23.917646408081055
	],
	"end" : 17.233333587646484,
	"labels" : 
	[
		"Prep",
		"Scan",
		"Break",
		"Prep",
		"Scan",
		"Break",
		"Prep",
		"Scan",
		"Break",
		"Prep",
		"Scan",
		"Break",
		"Prep",
		"Scan",
		"Break",
		"Prep",
		"Scan",
		"Prep",
		"Scan",
		"Prep",
		"Scan",
		"Prep",
		"Scan",
		"Break",
		"Prep",
		"Scan",
		"Break",
		"Prep",
		"Scan",
		"Break",
		"Prep",
		"Break",
		"Scan",
		"Break",
		"Prep",
		"Break",
		"Scan",
		"Break",
		"Prep",
		"Break",
		"Prep",
		"Scan",
		"Break",
		"Prep",
		"Scan",
		"Break",
		"Prep",
		"Scan",
		"Break",
		"Prep",
		"Scan",
		"Prep",
		"Scan",
		"Prep",
		"Scan",
		"Break",
		"Scan",
		"Break",
		"Prep",
		"Scan",
		"Break",
		"Prep",
		"Scan",
		"Break",
		"Prep",
		"Scan",
		"Break",
		"Prep",
		"Break",
		"Prep",
		"Scan",
		"Prep",
		"Scan",
		"Dead"
	],
	"start" : 15.520833015441895
}