{
	"data" : 
	[
		0.011570598930120468,
		0.0010508877458050847,
		0.0063125491142272949,
		0.011570598930120468,
		0.012621485628187656,
		0.010519711300730705,
		0.032606411725282669,
		0.0010508877458050847,
		0.011570598930120468,
		0.046282395720481873,
		0.0010544990655034781,
		0.044177010655403137,
		0.0010508877458050847,
		0.030504634603857994,
		0.0010508877458050847,
		43.975395202636719,
		0.18302780389785767,
		55.518581390380859
	],
	"end" : 14.661389350891113,
	"labels" : 
	[
		"Prep",
		"Break",
		"Scan",
		"Break",
		"Prep",
		"Scan",
		"Break",
		"Prep",
		"Scan",
		"Break",
		"Prep",
		"Break",
		"Prep",
		"Break",
		"Break",
		"Scan",
		"Dead",
		"Break"
	],
	"start" : 14.554166793823242
}