{
	"data" : 
	[
		0.57482028007507324,
		0.26539510488510132,
		0.53079020977020264,
		0.4864564836025238,
		2.4322824478149414,
		0.61885035037994385,
		0.4864564836025238,
		1.7247645854949951,
		1.4153393507003784,
		7.0754818916320801,
		0.044333737343549728,
		0.84021544456481934,
		6.1028728485107422,
		1.2380044460296631,
		0.13269755244255066,
		0.044333737343549728,
		6.1028728485107422,
		0.088363818824291229,
		0.044333737343549728,
		0.044030081480741501,
		5.1742935180664062,
		0.17672763764858246,
		6.8987545967102051,
		0.13269755244255066,
		10.48098087310791,
		0.66318410634994507,
		0.088667474687099457,
		10.436647415161133,
		35.555355072021484
	],
	"end" : 17.860834121704102,
	"labels" : 
	[
		"Prep",
		"Scan",
		"Break",
		"Scan",
		"Break",
		"Prep",
		"Scan",
		"Break",
		"Prep",
		"Scan",
		"Break",
		"Prep",
		"Scan",
		"Break",
		"Prep",
		"Break",
		"Scan",
		"Prep",
		"Break",
		"Prep",
		"Scan",
		"Prep",
		"Scan",
		"Prep",
		"Scan",
		"Break",
		"Prep",
		"Scan",
		"Dead"
	],
	"start" : 17.233333587646484
}