{
	"data" : 
	[
		0.57324337959289551,
		0.46911489963531494,
		0.62512868642807007,
		0.46911489963531494,
		0.93787199258804321,
		2.0324733257293701,
		0.46911489963531494,
		1.1987298727035522,
		1.9279870986938477,
		0.41687172651290894,
		0.52135807275772095,
		0.10412847250699997,
		0.26050010323524475,
		4.1690750122070312,
		1.3028583526611328,
		7.3476772308349609,
		0.052243154495954514,
		0.052243154495954514,
		6.8266773223876953,
		0.051885321736335754,
		0.10448630899190903,
		1.0942436456680298,
		6.8266773223876953,
		0.41687172651290894,
		0.26085793972015381,
		1.3547435998916626,
		0.10412847250699997,
		0.46911489963531494,
		0.2086147665977478,
		0.88562881946563721,
		0.36498641967773438,
		1.6674869060516357,
		1.4592300653457642,
		7.9731636047363281,
		0.15637162327766418,
		0.93822979927062988,
		0.36462858319282532,
		0.10412847250699997,
		9.1718940734863281,
		3.5958318710327148,
		0.10412847250699997,
		9.1200084686279297,
		0.10412847250699997,
		8.3381500244140625,
		14.903968811035156
	],
	"end" : 18.577499389648438,
	"labels" : 
	[
		"Prep",
		"Scan",
		"Break",
		"Prep",
		"Scan",
		"Break",
		"Prep",
		"Scan",
		"Break",
		"Prep",
		"Scan",
		"Break",
		"Prep",
		"Break",
		"Prep",
		"Scan",
		"Break",
		"Prep",
		"Scan",
		"Break",
		"Prep",
		"Break",
		"Scan",
		"Prep",
		"Scan",
		"Break",
		"Prep",
		"Break",
		"Prep",
		"Break",
		"Prep",
		"Break",
		"Prep",
		"Scan",
		"Prep",
		"Scan",
		"Break",
		"Prep",
		"Scan",
		"Break",
		"Prep",
		"Scan",
		"Prep",
		"Scan",
		"Dead"
	],
	"start" : 18.045000076293945
}