{
	"data" : 
	[
		0.47577354311943054,
		0.51233285665512085,
		1.390510082244873,
		0.25616642832756042,
		0.51233285665512085,
		0.87817716598510742,
		0.25616642832756042,
		2.1955685615539551,
		1.390510082244873,
		5.6354098320007324,
		0.62213635444641113,
		4.9400291442871094,
		0.036684941500425339,
		0.62201076745986938,
		0.47577354311943054,
		0.036559306085109711,
		0.4025292694568634,
		0.036559306085109711,
		0.21960711479187012,
		7.9407820701599121,
		0.14636285603046417,
		0.69525504112243652,
		5.0498323440551758,
		7.0991635322570801,
		0.036559306085109711,
		0.25616642832756042,
		7.4651341438293457,
		21.407169342041016,
		0.76837360858917236,
		8.3066263198852539,
		0.54901772737503052,
		0.18292216956615448,
		8.7091550827026367,
		10.392642021179199
	],
	"end" : 16.241111755371094,
	"labels" : 
	[
		"Prep",
		"Scan",
		"Break",
		"Prep",
		"Scan",
		"Break",
		"Prep",
		"Scan",
		"Break",
		"Scan",
		"Prep",
		"Scan",
		"Break",
		"Break",
		"Break",
		"Prep",
		"Break",
		"Prep",
		"Break",
		"Scan",
		"Break",
		"Prep",
		"Scan",
		"Scan",
		"Break",
		"Prep",
		"Scan",
		"Break",
		"Prep",
		"Scan",
		"Break",
		"Prep",
		"Scan",
		"Dead"
	],
	"start" : 15.48277759552002
}