{
	"data" : 
	[
		0.47045749425888062,
		0.70568621158599854,
		0.77282851934432983,
		0.57117098569869995,
		0.60485744476318359,
		0.84008616209030151,
		0.50402861833572388,
		0.87365728616714478,
		0.033571146428585052,
		0.57128626108169556,
		0.10082880407571793,
		3.561887264251709,
		0.033571146428585052,
		0.77282851934432983,
		5.5780014991760254,
		0.033571146428585052,
		0.20165760815143585,
		3.0914294719696045,
		0.50402861833572388,
		3.9315156936645508,
		0.033571146428585052,
		4.032228946685791,
		4.3347158432006836,
		0.33605754375457764,
		0.47045749425888062,
		2.5201432704925537,
		1.9154011011123657,
		3.2594006061553955,
		0.033571146428585052,
		4.0994868278503418,
		0.033686511218547821,
		0.26879990100860596,
		3.8642580509185791,
		0.50402861833572388,
		0.033571146428585052,
		5.5780014991760254,
		0.033686511218547821,
		0.50402861833572388,
		5.2083730697631836,
		0.067142292857170105,
		0.33605754375457764,
		4.435544490814209,
		0.033571146428585052,
		0.067257657647132874,
		6.3172593116760254,
		0.033571146428585052,
		4.0659160614013672,
		23.723264694213867
	],
	"end" : 11.276666641235352,
	"labels" : 
	[
		"Prep",
		"Scan",
		"Break",
		"Prep",
		"Scan",
		"Break",
		"Prep",
		"Scan",
		"Break",
		"Prep",
		"Break",
		"Scan",
		"Break",
		"Break",
		"Scan",
		"Prep",
		"Break",
		"Scan",
		"Prep",
		"Scan",
		"Break",
		"Scan",
		"Scan",
		"Break",
		"Prep",
		"Scan",
		"Break",
		"Scan",
		"Break",
		"Scan",
		"Break",
		"Prep",
		"Scan",
		"Prep",
		"Break",
		"Scan",
		"Break",
		"Prep",
		"Scan",
		"Break",
		"Prep",
		"Scan",
		"Prep",
		"Break",
		"Scan",
		"Prep",
		"Scan",
		"Dead"
	],
	"start" : 10.450833320617676
}