{
	"data" : 
	[
		1.1118205785751343,
		1.6674584150314331,
		2.7002136707305908,
		1.1115480661392212,
		0.23828622698783875,
		10.561751365661621,
		0.1589483767747879,
		14.214564323425293,
		0.07961050420999527,
		0.79392391443252563,
		6.2736892700195312,
		0.079337865114212036,
		1.9060171842575073,
		9.1323060989379883,
		1.3498342037200928,
		0.71485871076583862,
		7.7028613090515137,
		40.102970123291016
	],
	"end" : 14.154722213745117,
	"labels" : 
	[
		"Prep",
		"Scan",
		"Break",
		"Prep",
		"Break",
		"Scan",
		"Break",
		"Scan",
		"Break",
		"Break",
		"Scan",
		"Break",
		"Prep",
		"Scan",
		"Break",
		"Prep",
		"Scan",
		"Dead"
	],
	"start" : 13.805277824401855
}