{
	"data" : 
	[
		0.88579511642456055,
		0.88579511642456055,
		1.8980082273483276,
		1.1388483047485352,
		0.50610655546188354,
		2.1510615348815918,
		0.50610655546188354,
		1.8980082273483276,
		0.063426226377487183,
		1.0754221677780151,
		2.7205941677093506,
		0.44289755821228027,
		1.3286925554275513,
		23.851953506469727,
		6.7696638107299805,
		0.69595080614089966,
		29.103082656860352,
		0.063426226377487183,
		4.9980735778808594,
		18.917089462280273
	],
	"end" : 9.3024997711181641,
	"labels" : 
	[
		"Prep",
		"Scan",
		"Break",
		"Prep",
		"Scan",
		"Break",
		"Prep",
		"Scan",
		"Prep",
		"Scan",
		"Break",
		"Prep",
		"Break",
		"Scan",
		"Break",
		"Prep",
		"Scan",
		"Prep",
		"Scan",
		"Dead"
	],
	"start" : 8.8638887405395508
}