{
	"data" : 
	[
		1.0539937019348145,
		1.2162964344024658,
		3.9734950065612793,
		0.56736373901367188,
		5.2708034515380859,
		1.3785991668701172,
		0.16202437877655029,
		0.081012189388275146,
		13.379538536071777,
		0.081012189388275146,
		0.64893269538879395,
		24.163904190063477,
		0.64893269538879395,
		13.217236518859863,
		0.72966653108596802,
		11.514588356018066,
		21.812601089477539
	],
	"end" : 8.4822225570678711,
	"labels" : 
	[
		"Prep",
		"Scan",
		"Break",
		"Prep",
		"Scan",
		"Prep",
		"Break",
		"Prep",
		"Scan",
		"Break",
		"Prep",
		"Scan",
		"Prep",
		"Scan",
		"Break",
		"Scan",
		"Dead"
	],
	"start" : 8.1400003433227539
}