{
	"data" : 
	[
		0.62050050497055054,
		0.056356322020292282,
		1.4102636575698853,
		3.5537402629852295,
		1.6922390460968018,
		0.056356322020292282,
		0.056549984961748123,
		0.39468789100646973,
		1.1282883882522583,
		0.056356322020292282,
		0.45123791694641113,
		0.16926263272762299,
		0.45123791694641113,
		1.2410010099411011,
		0.11290630698204041,
		1.3537137508392334,
		0.39488154649734497,
		2.4820020198822021,
		2.8768837451934814,
		0.39488154649734497,
		4.9640040397644043,
		0.11271264404058456,
		0.50778788328170776,
		0.39488154649734497,
		1.1280947923660278,
		25.609590530395508,
		0.056356322020292282,
		0.11290630698204041,
		1.2973573207855225,
		0.056356322020292282,
		1.1282883882522583,
		1.3537137508392334,
		0.39488154649734497,
		0.95902574062347412,
		42.870697021484375
	],
	"end" : 13.805277824401855,
	"labels" : 
	[
		"Prep",
		"Break",
		"Scan",
		"Break",
		"Prep",
		"Break",
		"Prep",
		"Break",
		"Scan",
		"Break",
		"Prep",
		"Break",
		"Break",
		"Scan",
		"Prep",
		"Break",
		"Break",
		"Scan",
		"Break",
		"Break",
		"Scan",
		"Prep",
		"Break",
		"Break",
		"Scan",
		"Break",
		"Prep",
		"Break",
		"Scan",
		"Break",
		"Scan",
		"Prep",
		"Break",
		"Scan",
		"Dead"
	],
	"start" : 13.313333511352539
}