{
	"data" : 
	[
		1.1607210636138916,
		1.1607210636138916,
		3.0674574375152588,
		1.1607210636138916,
		8.1244783401489258,
		1.4094877243041992,
		13.928083419799805,
		0.082827329635620117,
		0.16565465927124023,
		24.705596923828125,
		0.66318786144256592,
		3.8965842723846436,
		0.082827329635620117,
		12.518595695495605,
		0.083111956715583801,
		0.49724858999252319,
		0.082827329635620117,
		12.352941513061523,
		14.756926536560059
	],
	"end" : 14.978610992431641,
	"labels" : 
	[
		"Prep",
		"Scan",
		"Break",
		"Prep",
		"Scan",
		"Prep",
		"Scan",
		"Break",
		"Prep",
		"Scan",
		"Prep",
		"Break",
		"Prep",
		"Scan",
		"Prep",
		"Break",
		"Prep",
		"Scan",
		"Dead"
	],
	"start" : 14.643888473510742
}