{
	"data" : 
	[
		1.2680845260620117,
		1.9513629674911499,
		2.8295767307281494,
		1.3652172088623047,
		5.7562861442565918,
		10.633688926696777,
		10.438753128051758,
		4.2925963401794434,
		8.5851926803588867,
		1.6586251258850098,
		7.0243706703186035,
		44.096248626708984
	],
	"end" : 18.045000076293945,
	"labels" : 
	[
		"Prep",
		"Scan",
		"Break",
		"Prep",
		"Scan",
		"Scan",
		"Scan",
		"Break",
		"Scan",
		"Prep",
		"Scan",
		"Dead"
	],
	"start" : 17.760555267333984
}