{
	"data" : 
	[
		1.3849943876266479,
		1.212018609046936,
		5.5404233932495117,
		6.4060444831848145,
		1.4716308116912842,
		14.543481826782227,
		0.086636453866958618,
		0.17312429845333099,
		25.79730224609375,
		0.69249719381332397,
		15.149640083312988,
		0.086487844586372375,
		9.3493070602416992,
		18.006412506103516
	],
	"end" : 8.1400003433227539,
	"labels" : 
	[
		"Prep",
		"Scan",
		"Break",
		"Scan",
		"Prep",
		"Scan",
		"Break",
		"Prep",
		"Scan",
		"Prep",
		"Scan",
		"Break",
		"Scan",
		"Dead"
	],
	"start" : 7.8194446563720703
}