{
	"data" : 
	[
		0.64219611883163452,
		1.0377590656280518,
		0.3952237069606781,
		0.83997762203216553,
		0.88916850090026855,
		1.1856710910797119,
		0.7412564754486084,
		0.83997762203216553,
		0.049190931022167206,
		0.7904474139213562,
		4.6443023681640625,
		0.049530182033777237,
		0.049190931022167206,
		0.049530182033777237,
		8.102595329284668,
		1.0377590656280518,
		0.049190931022167206,
		0.049530182033777237,
		5.6817221641540527,
		0.7904474139213562,
		0.098721116781234741,
		0.049530182033777237,
		5.7312526702880859,
		0.049190931022167206,
		0.049530182033777237,
		0.049530182033777237,
		5.1874384880065918,
		0.049530182033777237,
		0.049530182033777237,
		6.8673934936523438,
		0.88916850090026855,
		0.49428409337997437,
		4.2982697486877441,
		6.2251973152160645,
		0.7904474139213562,
		4.5455813407897949,
		0.049190931022167206,
		4.4960513114929199,
		0.049530182033777237,
		6.5708913803100586,
		0.049530182033777237,
		0.44475391507148743,
		6.6204209327697754,
		18.280368804931641
	],
	"end" : 17.760555267333984,
	"labels" : 
	[
		"Prep",
		"Scan",
		"Break",
		"Prep",
		"Scan",
		"Break",
		"Prep",
		"Scan",
		"Break",
		"Prep",
		"Scan",
		"Break",
		"Break",
		"Prep",
		"Scan",
		"Break",
		"Prep",
		"Break",
		"Scan",
		"Prep",
		"Break",
		"Prep",
		"Scan",
		"Break",
		"Break",
		"Prep",
		"Scan",
		"Prep",
		"Break",
		"Scan",
		"Break",
		"Prep",
		"Scan",
		"Scan",
		"Prep",
		"Scan",
		"Prep",
		"Scan",
		"Prep",
		"Scan",
		"Break",
		"Prep",
		"Scan",
		"Dead"
	],
	"start" : 17.198888778686523
}