{
	"data" : 
	[
		0.3749251663684845,
		0.98844975233078003,
		2.6585283279418945,
		0.20454716682434082,
		0.13632577657699585,
		0.20454716682434082,
		0.23859937489032745,
		4.6012587547302246,
		0.30682078003883362,
		0.30670374631881714,
		0.034052193164825439,
		0.23859937489032745,
		3.7151992321014404,
		1.3633748292922974,
		5.2488350868225098,
		0.034169208258390427,
		0.74985033273696899,
		0.034052193164825439,
		0.23859937489032745,
		0.74985033273696899,
		0.068104386329650879,
		0.85212385654449463,
		1.3633748292922974,
		0.068104386329650879,
		12.406581878662109,
		0.3749251663684845,
		0.034052193164825439,
		0.81807172298431396,
		0.068104386329650879,
		14.417533874511719,
		0.98844975233078003,
		0.23859937489032745,
		2.215498685836792,
		0.2726515531539917,
		0.34075593948364258,
		1.0226188898086548,
		0.034052193164825439,
		0.10227358341217041,
		0.23859937489032745,
		4.6012587547302246,
		0.034052193164825439,
		0.57947236299514771,
		4.6354279518127441,
		0.23859937489032745,
		4.5331540107727051,
		0.068104386329650879,
		0.57947236299514771,
		0.64757674932479858,
		2.4540979862213135,
		0.034052193164825439,
		0.068104386329650879,
		0.81807172298431396,
		0.034052193164825439,
		0.23859937489032745,
		0.64757674932479858,
		0.61352449655532837,
		0.61352449655532837,
		0.034052193164825439,
		0.57947236299514771,
		0.64757674932479858,
		0.034052193164825439,
		0.57947236299514771,
		0.61352449655532837,
		0.034052193164825439,
		0.2726515531539917,
		0.57947236299514771,
		0.61352449655532837,
		16.121665954589844
	],
	"end" : 10.450833320617676,
	"labels" : 
	[
		"Prep",
		"Scan",
		"Break",
		"Prep",
		"Break",
		"Prep",
		"Break",
		"Scan",
		"Break",
		"Prep",
		"Break",
		"Break",
		"Scan",
		"Prep",
		"Scan",
		"Break",
		"Prep",
		"Break",
		"Break",
		"Scan",
		"Break",
		"Prep",
		"Break",
		"Prep",
		"Scan",
		"Break",
		"Prep",
		"Break",
		"Prep",
		"Scan",
		"Prep",
		"Break",
		"Scan",
		"Break",
		"Prep",
		"Scan",
		"Break",
		"Prep",
		"Break",
		"Scan",
		"Prep",
		"Break",
		"Scan",
		"Break",
		"Scan",
		"Prep",
		"Break",
		"Scan",
		"Break",
		"Prep",
		"Break",
		"Scan",
		"Break",
		"Break",
		"Scan",
		"Break",
		"Scan",
		"Break",
		"Break",
		"Scan",
		"Prep",
		"Break",
		"Scan",
		"Break",
		"Prep",
		"Break",
		"Scan",
		"Dead"
	],
	"start" : 9.6366662979125977
}