{
	"data" : 
	[
		1.0177066326141357,
		1.0179562568664551,
		3.0538687705993652,
		0.50897812843322754,
		9.161107063293457,
		0.072639837861061096,
		1.2361253499984741,
		10.905961036682129,
		0.58161795139312744,
		11.633358001708984,
		0.072639837861061096,
		0.21816915273666382,
		21.666893005371094,
		0.072639837861061096,
		0.50897812843322754,
		21.157915115356445,
		17.013448715209961
	],
	"end" : 8.8638887405395508,
	"labels" : 
	[
		"Prep",
		"Scan",
		"Break",
		"Prep",
		"Scan",
		"Break",
		"Prep",
		"Scan",
		"Prep",
		"Scan",
		"Break",
		"Prep",
		"Scan",
		"Break",
		"Prep",
		"Scan",
		"Dead"
	],
	"start" : 8.4822225570678711
}