{
	"data" : 
	[
		0.79424834251403809,
		0.79424834251403809,
		2.2123262882232666,
		0.90779590606689453,
		0.79405361413955688,
		2.4394214153289795,
		0.79424834251403809,
		0.056676376610994339,
		0.056676376610994339,
		5.1057429313659668,
		0.62402445077896118,
		0.45380052924156189,
		14.919715881347656,
		1.6451730728149414,
		0.056676376610994339,
		14.863039016723633,
		0.056871142238378525,
		0.85092467069625854,
		13.388089179992676,
		1.0778249502182007,
		20.876382827758789,
		17.132041931152344
	],
	"end" : 14.643888473510742,
	"labels" : 
	[
		"Prep",
		"Scan",
		"Break",
		"Prep",
		"Scan",
		"Break",
		"Prep",
		"Break",
		"Prep",
		"Scan",
		"Break",
		"Prep",
		"Scan",
		"Break",
		"Prep",
		"Scan",
		"Prep",
		"Break",
		"Scan",
		"Prep",
		"Scan",
		"Dead"
	],
	"start" : 14.154722213745117
}