{
	"data" : 
	[
		0.36030140519142151,
		0.21627981960773468,
		0.79286110401153564,
		1.8742601871490479,
		0.93688267469406128,
		1.0091408491134644,
		3.5317459106445312,
		1.0091408491134644,
		5.2614893913269043,
		1.2254207134246826,
		10.739753723144531,
		2.3063249588012695,
		21.407249450683594,
		0.072258248925209045,
		0.57658123970031738,
		11.74839973449707,
		0.072258248925209045,
		0.21627981960773468,
		10.307193756103516,
		26.236179351806641
	],
	"end" : 17.198888778686523,
	"labels" : 
	[
		"Prep",
		"Break",
		"Prep",
		"Break",
		"Prep",
		"Scan",
		"Break",
		"Prep",
		"Scan",
		"Prep",
		"Scan",
		"Prep",
		"Scan",
		"Break",
		"Prep",
		"Scan",
		"Break",
		"Prep",
		"Scan",
		"Dead"
	],
	"start" : 16.813888549804688
}