{
	"data" : 
	[
		1.1626522541046143,
		1.6607283353805542,
		10.048190116882324,
		1.1626522541046143,
		8.387176513671875,
		1.7439783811569214,
		0.16621537506580353,
		9.71575927734375,
		7.1418442726135254,
		2.6571650505065918,
		9.5501136779785156,
		0.74725645780563354,
		8.8025722503662109,
		36.953697204589844
	],
	"end" : 9.6366662979125977,
	"labels" : 
	[
		"Prep",
		"Scan",
		"Break",
		"Prep",
		"Scan",
		"Break",
		"Break",
		"Scan",
		"Scan",
		"Prep",
		"Scan",
		"Prep",
		"Scan",
		"Dead"
	],
	"start" : 9.3024997711181641
}