{
	"data" : 
	[
		0.67830866575241089,
		0.67797601222991943,
		3.3429739475250244,
		0.67830866575241089,
		3.6337254047393799,
		0.048569429665803909,
		0.77511489391326904,
		7.9939961433410645,
		0.72654545307159424,
		1.4534235000610352,
		14.389193534851074,
		0.048569429665803909,
		0.38755744695663452,
		7.9454269409179688,
		0.09680619090795517,
		8.5754985809326172,
		5.5715126991271973,
		8.5269298553466797,
		0.048236764967441559,
		0.38755744695663452,
		14.098442077636719,
		0.48469629883766174,
		0.048236764967441559,
		8.5269298553466797,
		10.755467414855957
	],
	"end" : 16.813888549804688,
	"labels" : 
	[
		"Prep",
		"Scan",
		"Break",
		"Prep",
		"Scan",
		"Break",
		"Prep",
		"Scan",
		"Break",
		"Prep",
		"Scan",
		"Break",
		"Prep",
		"Scan",
		"Prep",
		"Scan",
		"Break",
		"Scan",
		"Break",
		"Prep",
		"Scan",
		"Break",
		"Prep",
		"Scan",
		"Dead"
	],
	"start" : 16.241111755371094
}