{
	"data" : 
	[
		0.77061724662780762,
		0.77061724662780762,
		4.5133457183837891,
		0.77061724662780762,
		5.1188030242919922,
		0.054990101605653763,
		0.93577653169631958,
		9.2468404769897461,
		2.532001256942749,
		1.0457566976547241,
		16.402355194091797,
		0.44029873609542847,
		9.0266914367675781,
		0.44048768281936646,
		8.8065414428710938,
		0.054990101605653763,
		6.6050477027893066,
		5.1188030242919922,
		0.55046790838241577,
		10.84306526184082,
		15.851887702941895
	],
	"end" : 15.48277759552002,
	"labels" : 
	[
		"Prep",
		"Scan",
		"Break",
		"Prep",
		"Scan",
		"Break",
		"Prep",
		"Scan",
		"Break",
		"Prep",
		"Scan",
		"Prep",
		"Scan",
		"Prep",
		"Scan",
		"Break",
		"Scan",
		"Break",
		"Prep",
		"Scan",
		"Dead"
	],
	"start" : 14.978610992431641
}