{
	"data" : 
	[
		0.3913479745388031,
		1.2807974815368652,
		0.3913479745388031,
		0.3202604353427887,
		0.81836193799972534,
		0.81811761856079102,
		1.6721453666687012,
		0.3202604353427887,
		5.3364524841308594,
		0.071087554097175598,
		6.9020891189575195,
		0.24892857670783997,
		0.7826959490776062,
		0.035665921866893768,
		0.21350695192813873,
		0.035421635955572128,
		7.2577710151672363,
		0.035421635955572128,
		0.81836193799972534,
		0.035665921866893768,
		0.035421635955572128,
		5.4434504508972168,
		13.946107864379883,
		0.85378348827362061,
		8.2893953323364258,
		1.8499864339828491,
		0.10675347596406937,
		8.04046630859375,
		0.071087554097175598,
		0.10675347596406937,
		0.035421635955572128,
		0.035665921866893768,
		6.1904802322387695,
		0.035421635955572128,
		0.10675347596406937,
		0.071087554097175598,
		0.2491728812456131,
		0.071087554097175598,
		8.2893953323364258,
		0.21350695192813873,
		0.88944947719573975,
		8.0758886337280273,
		1.0672905445098877,
		0.10675347596406937,
		7.933713436126709
	],
	"end" : 19.357500076293945,
	"labels" : 
	[
		"Prep",
		"Scan",
		"Break",
		"Prep",
		"Scan",
		"Scan",
		"Break",
		"Prep",
		"Scan",
		"Break",
		"Scan",
		"Prep",
		"Break",
		"Prep",
		"Break",
		"Prep",
		"Scan",
		"Break",
		"Prep",
		"Break",
		"Prep",
		"Scan",
		"Break",
		"Prep",
		"Scan",
		"Break",
		"Prep",
		"Scan",
		"Break",
		"Prep",
		"Break",
		"Prep",
		"Scan",
		"Break",
		"Prep",
		"Scan",
		"Break",
		"Prep",
		"Scan",
		"Break",
		"Prep",
		"Scan",
		"Break",
		"Prep",
		"Scan"
	],
	"start" : 18.577499389648438
}