{
	"data" : 
	[
		1.6333625316619873,
		2.5134625434875488,
		5.2775812149047852,
		0.12554371356964111,
		9.2988624572753906,
		0.12597513198852539,
		13.571231842041016,
		0.12554371356964111,
		13.320143699645996,
		0.12554371356964111,
		1.633793830871582,
		11.686349868774414,
		2.2619438171386719,
		30.78668212890625,
		7.4139814376831055
	],
	"end" : 12.988888740539551,
	"labels" : 
	[
		"Prep",
		"Scan",
		"Break",
		"Prep",
		"Scan",
		"Prep",
		"Scan",
		"Prep",
		"Scan",
		"Break",
		"Prep",
		"Scan",
		"Prep",
		"Scan",
		"Dead"
	],
	"start" : 12.76805591583252
}