{
	"data" : 
	[
		1.7767844200134277,
		0.76179039478302002,
		1.6499645709991455,
		1.3963251113891602,
		7.4893407821655273,
		1.6504004001617432,
		5.5853004455566406,
		2.1576797962188721,
		11.805571556091309,
		0.2536395788192749,
		6.7279858589172363,
		0.38045936822891235,
		6.0930156707763672,
		52.171745300292969
	],
	"end" : 14.271389007568359,
	"labels" : 
	[
		"Prep",
		"Scan",
		"Break",
		"Scan",
		"Break",
		"Prep",
		"Scan",
		"Prep",
		"Scan",
		"Prep",
		"Scan",
		"Prep",
		"Scan",
		"Dead"
	],
	"start" : 14.052778244018555
}