{
	"data" : 
	[
		0.52979910373687744,
		0.52979910373687744,
		1.0594683885574341,
		3.21647047996521,
		0.68115174770355225,
		0.64334607124328613,
		2.3839662075042725,
		0.45405781269073486,
		3.1029236316680908,
		0.037935588508844376,
		0.68115174770355225,
		4.5408382415771484,
		1.5136560201644897,
		0.26489955186843872,
		8.2493019104003906,
		0.037805676460266113,
		12.146924018859863,
		0.037935588508844376,
		0.075611352920532227,
		3.3300173282623291,
		1.1352095603942871,
		11.238808631896973,
		0.11341702193021774,
		0.26489955186843872,
		0.07574126124382019,
		1.0216625928878784,
		1.0595982074737549,
		5.7139835357666016,
		0.037805676460266113,
		0.26489955186843872,
		6.3571996688842773,
		0.037935588508844376,
		0.26489955186843872,
		12.146924018859863,
		16.649957656860352
	],
	"end" : 15.808333396911621,
	"labels" : 
	[
		"Prep",
		"Scan",
		"Break",
		"Scan",
		"Prep",
		"Scan",
		"Break",
		"Prep",
		"Scan",
		"Break",
		"Prep",
		"Scan",
		"Break",
		"Prep",
		"Scan",
		"Break",
		"Scan",
		"Break",
		"Prep",
		"Break",
		"Prep",
		"Scan",
		"Break",
		"Prep",
		"Scan",
		"Break",
		"Prep",
		"Scan",
		"Break",
		"Prep",
		"Scan",
		"Break",
		"Prep",
		"Scan",
		"Dead"
	],
	"start" : 15.074999809265137
}