{
	"data" : 
	[
		0.39699041843414307,
		0.29782801866531372,
		3.8709123134613037,
		0.04958120733499527,
		1.4887993335723877,
		6.2034440040588379,
		1.5881321430206299,
		8.0396528244018555,
		0.14891400933265686,
		8.932795524597168,
		0.049751590937376022,
		1.0420572757720947,
		3.2258455753326416,
		0.049751590937376022,
		0.049410823732614517,
		7.4937477111816406,
		0.09916241466999054,
		0.89348405599594116,
		0.44674202799797058,
		6.9972548484802246,
		0.049751590937376022,
		0.09916241466999054,
		9.4292888641357422,
		0.14891400933265686,
		7.94049072265625,
		7.0470061302185059,
		0.049410823732614517,
		7.94049072265625,
		15.831228256225586
	],
	"end" : 16.367500305175781,
	"labels" : 
	[
		"Prep",
		"Scan",
		"Break",
		"Prep",
		"Scan",
		"Break",
		"Prep",
		"Scan",
		"Prep",
		"Scan",
		"Break",
		"Prep",
		"Scan",
		"Break",
		"Prep",
		"Scan",
		"Break",
		"Prep",
		"Break",
		"Scan",
		"Break",
		"Prep",
		"Scan",
		"Prep",
		"Scan",
		"Break",
		"Prep",
		"Scan",
		"Dead"
	],
	"start" : 15.808333396911621
}