{
	"data" : 
	[
		0.94575685262680054,
		1.8190706968307495,
		0.8733137845993042,
		1.0186995267868042,
		5.8204264640808105,
		1.0186995267868042,
		5.311826229095459,
		0.072443075478076935,
		1.2370280027389526,
		12.223895072937012,
		1.2370280027389526,
		1.3824137449264526,
		21.682462692260742,
		0.65498530864715576,
		11.859681129455566,
		0.072942681610584259,
		10.404824256896973,
		22.264505386352539
	],
	"end" : 16.74888801574707,
	"labels" : 
	[
		"Prep",
		"Break",
		"Prep",
		"Scan",
		"Break",
		"Prep",
		"Scan",
		"Break",
		"Prep",
		"Scan",
		"Break",
		"Prep",
		"Scan",
		"Prep",
		"Scan",
		"Break",
		"Scan",
		"Dead"
	],
	"start" : 16.367500305175781
}