{
	"data" : 
	[
		0.79978710412979126,
		1.3814051151275635,
		2.9083395004272461,
		0.072639837861061096,
		2.3993613719940186,
		0.072639837861061096,
		1.6722140312194824,
		0.29080897569656372,
		0.50897812843322754,
		7.997870922088623,
		0.14552929997444153,
		0.072639837861061096,
		0.072639837861061096,
		0.50897812843322754,
		9.0884675979614258,
		0.072639837861061096,
		1.2361253499984741,
		9.0155773162841797,
		2.6175305843353271,
		10.906210899353027,
		0.21816915273666382,
		0.50897812843322754,
		1.2358757257461548,
		5.3077011108398438,
		0.50897812843322754,
		0.072639837861061096,
		2.6175305843353271,
		0.072639837861061096,
		0.50897812843322754,
		1.3087652921676636,
		0.072639837861061096,
		1.2361253499984741,
		1.2358757257461548,
		0.072889462113380432,
		1.2358757257461548,
		1.3087652921676636,
		0.072639837861061096,
		1.2361253499984741,
		1.2361253499984741,
		0.072639837861061096,
		1.7448539733886719,
		0.50897812843322754,
		1.1634855270385742,
		24.502342224121094
	],
	"end" : 8.7511110305786133,
	"labels" : 
	[
		"Prep",
		"Scan",
		"Break",
		"Break",
		"Scan",
		"Break",
		"Prep",
		"Break",
		"Break",
		"Scan",
		"Prep",
		"Break",
		"Prep",
		"Break",
		"Scan",
		"Break",
		"Break",
		"Scan",
		"Prep",
		"Scan",
		"Prep",
		"Break",
		"Scan",
		"Break",
		"Prep",
		"Break",
		"Scan",
		"Break",
		"Break",
		"Scan",
		"Prep",
		"Break",
		"Scan",
		"Break",
		"Break",
		"Scan",
		"Prep",
		"Break",
		"Scan",
		"Break",
		"Prep",
		"Break",
		"Scan",
		"Dead"
	],
	"start" : 8.3694448471069336
}