{
	"data" : 
	[
		0.15729324519634247,
		0.37730947136878967,
		0.66037255525588989,
		1.0061585903167725,
		0.53460270166397095,
		0.69178807735443115,
		0.75461894273757935,
		0.47166386246681213,
		0.56601822376251221,
		1.0062665939331055,
		0.47166386246681213,
		2.8299829959869385,
		0.031523425132036209,
		3.7418951988220215,
		3.2074007987976074,
		0.50307929515838623,
		0.3144785463809967,
		0.031415469944477081,
		3.5847101211547852,
		0.25153964757919312,
		0.031415469944477081,
		5.0626401901245117,
		0.34589403867721558,
		7.0121269226074219,
		0.031523425132036209,
		0.44014042615890503,
		3.3645858764648438,
		3.3017549514770508,
		0.031415469944477081,
		0.031415469944477081,
		4.1507282257080078,
		0.25153964757919312,
		0.50318729877471924,
		3.647540807723999,
		5.0312252044677734,
		0.031415469944477081,
		4.5280380249023438,
		0.031415469944477081,
		0.28306308388710022,
		1.1634519100189209,
		6.5404629707336426,
		0.094354361295700073,
		3.8362495899200439,
		0.031415469944477081,
		0.34589403867721558,
		5.0626401901245117,
		0.031415469944477081,
		3.3645858764648438,
		0.031415469944477081,
		5.1255793571472168,
		0.031415469944477081,
		3.6161255836486816,
		0.031415469944477081,
		2.3269038200378418,
		8.9618291854858398
	],
	"end" : 12.76805591583252,
	"labels" : 
	[
		"Break",
		"Prep",
		"Scan",
		"Break",
		"Prep",
		"Scan",
		"Break",
		"Prep",
		"Scan",
		"Break",
		"Prep",
		"Scan",
		"Break",
		"Scan",
		"Scan",
		"Prep",
		"Break",
		"Prep",
		"Scan",
		"Break",
		"Prep",
		"Scan",
		"Break",
		"Scan",
		"Break",
		"Prep",
		"Scan",
		"Scan",
		"Break",
		"Break",
		"Scan",
		"Break",
		"Prep",
		"Scan",
		"Scan",
		"Break",
		"Scan",
		"Break",
		"Prep",
		"Scan",
		"Break",
		"Prep",
		"Scan",
		"Prep",
		"Break",
		"Scan",
		"Prep",
		"Scan",
		"Prep",
		"Scan",
		"Prep",
		"Scan",
		"Prep",
		"Scan",
		"Dead"
	],
	"start" : 11.885555267333984
}