{
	"data" : 
	[
		0.75715285539627075,
		1.2108209133148193,
		1.6650086641311646,
		1.2866921424865723,
		1.8162312507629395,
		0.15122270584106445,
		0.98424667119979858,
		2.2704191207885742,
		0.90785586833953857,
		9.5358648300170898,
		0.075871177017688751,
		0.075871177017688751,
		14.379147529602051,
		0.075871177017688751,
		0.075871177017688751,
		8.0220785140991211,
		0.075871177017688751,
		1.2861723899841309,
		9.2334184646606445,
		2.1945478916168213,
		11.655060768127441,
		32.164703369140625
	],
	"end" : 18.58277702331543,
	"labels" : 
	[
		"Prep",
		"Scan",
		"Break",
		"Scan",
		"Break",
		"Prep",
		"Scan",
		"Break",
		"Prep",
		"Scan",
		"Break",
		"Prep",
		"Scan",
		"Break",
		"Prep",
		"Scan",
		"Break",
		"Prep",
		"Scan",
		"Prep",
		"Scan",
		"Dead"
	],
	"start" : 18.216110229492188
}