{
	"data" : 
	[
		0.74581038951873779,
		0.80290782451629639,
		2.8670778274536133,
		0.057491190731525421,
		4.1291275024414062,
		0.057097412645816803,
		0.97498762607574463,
		9.5770082473754883,
		0.4587482213973999,
		8.6595125198364258,
		0.057491190731525421,
		1.3762446641921997,
		17.089845657348633,
		2.4658207893371582,
		0.11458860337734222,
		12.501971244812012,
		0.057097412645816803,
		18.408994674682617,
		19.498176574707031
	],
	"end" : 17.232778549194336,
	"labels" : 
	[
		"Prep",
		"Scan",
		"Break",
		"Prep",
		"Scan",
		"Break",
		"Prep",
		"Scan",
		"Prep",
		"Scan",
		"Break",
		"Prep",
		"Scan",
		"Break",
		"Prep",
		"Scan",
		"Prep",
		"Scan",
		"Dead"
	],
	"start" : 16.74888801574707
}