{
	"data" : 
	[
		0.7647746205329895,
		1.4454824924468994,
		2.2954914569854736,
		0.17046885192394257,
		1.1051285266876221,
		4.5063323974609375,
		1.0198941230773926,
		0.085234425961971283,
		15.219016075134277,
		0.16988505423069,
		10.627449035644531,
		2.5506110191345215,
		14.369006156921387,
		3.9108591079711914,
		0.085234425961971283,
		9.0973148345947266,
		1.4448986053466797,
		10.287678718566895,
		20.745243072509766
	],
	"end" : 18.216110229492188,
	"labels" : 
	[
		"Prep",
		"Scan",
		"Break",
		"Prep",
		"Scan",
		"Break",
		"Prep",
		"Break",
		"Scan",
		"Break",
		"Scan",
		"Prep",
		"Scan",
		"Break",
		"Prep",
		"Scan",
		"Prep",
		"Scan",
		"Dead"
	],
	"start" : 17.88972282409668
}