{
	"data" : 
	[
		1.18586266040802,
		1.277323842048645,
		2.6454823017120361,
		0.091461144387722015,
		0.82127100229263306,
		1.18586266040802,
		1.277323842048645,
		6.6597495079040527,
		0.091461144387722015,
		0.72980982065200806,
		16.60395622253418,
		67.330436706542969
	],
	"end" : 17.536945343017578,
	"labels" : 
	[
		"Prep",
		"Scan",
		"Break",
		"Prep",
		"Scan",
		"Break",
		"Prep",
		"Scan",
		"Break",
		"Prep",
		"Scan",
		"Dead"
	],
	"start" : 17.232778549194336
}