{
	"data" : 
	[
		0.10132693499326706,
		0.30432900786399841,
		1.3186429738998413,
		2.1296067237854004,
		3.1442687511444092,
		1.5212968587875366,
		10.44642448425293,
		0.10132693499326706,
		12.069047927856445,
		0.10167513787746429,
		8.7221250534057617,
		0.91263884305953979,
		12.272049903869629,
		0.10132693499326706,
		3.6512517929077148,
		12.373376846313477,
		30.629287719726562
	],
	"end" : 13.262499809265137,
	"labels" : 
	[
		"Prep",
		"Break",
		"Prep",
		"Scan",
		"Break",
		"Prep",
		"Scan",
		"Prep",
		"Scan",
		"Break",
		"Scan",
		"Prep",
		"Scan",
		"Break",
		"Prep",
		"Scan",
		"Dead"
	],
	"start" : 12.988888740539551
}