{
	"data" : 
	[
		1.629755973815918,
		2.3289079666137695,
		5.355769157409668,
		1.9795318841934204,
		13.97184944152832,
		0.11672522872686386,
		0.23265096545219421,
		15.951380729675293,
		0.11672522872686386,
		9.8968601226806641,
		0.11632548272609711,
		1.6301556825637817,
		14.437551498413086,
		1.74648118019104,
		3.609687328338623,
		26.779644012451172
	],
	"end" : 15.074999809265137,
	"labels" : 
	[
		"Prep",
		"Scan",
		"Break",
		"Prep",
		"Scan",
		"Break",
		"Break",
		"Scan",
		"Prep",
		"Scan",
		"Break",
		"Prep",
		"Scan",
		"Prep",
		"Scan",
		"Dead"
	],
	"start" : 14.836667060852051
}