{
	"data" : 
	[
		1.1007758378982544,
		1.101315975189209,
		3.6188414096832275,
		1.0224577188491821,
		4.9556522369384766,
		0.078318201005458832,
		1.3373508453369141,
		13.136393547058105,
		1.5733858346939087,
		23.441448211669922,
		0.70756447315216064,
		12.822040557861328,
		0.6292462944984436,
		9.2031993865966797,
		25.17201042175293
	],
	"end" : 17.88972282409668,
	"labels" : 
	[
		"Prep",
		"Scan",
		"Break",
		"Prep",
		"Scan",
		"Break",
		"Prep",
		"Scan",
		"Prep",
		"Scan",
		"Prep",
		"Scan",
		"Break",
		"Scan",
		"Dead"
	],
	"start" : 17.536945343017578
}