{
	"data" : 
	[
		0.96472501754760742,
		1.039130687713623,
		5.3439550399780273,
		1.039130687713623,
		4.8982853889465332,
		1.4103943109512329,
		1.2615830898284912,
		11.800935745239258,
		2.2265629768371582,
		0.14855644106864929,
		22.117582321166992,
		0.074150808155536652,
		0.51956534385681152,
		12.171944618225098,
		1.484545111656189,
		0.074150808155536652,
		10.761805534362793,
		22.562995910644531
	],
	"end" : 14.645277976989746,
	"labels" : 
	[
		"Prep",
		"Scan",
		"Break",
		"Prep",
		"Scan",
		"Break",
		"Prep",
		"Scan",
		"Break",
		"Prep",
		"Scan",
		"Break",
		"Prep",
		"Scan",
		"Break",
		"Prep",
		"Scan",
		"Dead"
	],
	"start" : 14.271389007568359
}