{
	"data" : 
	[
		0.48774433135986328,
		0.56270265579223633,
		11.704446792602539,
		0.22500377893447876,
		0.67526888847351074,
		0.037479162216186523,
		0.3751780092716217,
		0.48774433135986328,
		0.52509468793869019,
		16.393720626831055,
		0.037479162216186523,
		1.1628843545913696,
		0.48774433135986328,
		0.52522343397140503,
		1.2003635168075562,
		0.037607960402965546,
		2.8135130405426025,
		0.67526888847351074,
		6.2273368835449219,
		0.037479162216186523,
		0.71274811029434204,
		12.079625129699707,
		0.30009087920188904,
		6.152249813079834,
		5.3645434379577637,
		0.037479162216186523,
		0.30021971464157104,
		0.15004543960094452,
		0.037479162216186523,
		15.568277359008789,
		14.517959594726562
	],
	"end" : 11.605833053588867,
	"labels" : 
	[
		"Prep",
		"Scan",
		"Break",
		"Prep",
		"Break",
		"Prep",
		"Break",
		"Prep",
		"Scan",
		"Break",
		"Prep",
		"Break",
		"Prep",
		"Scan",
		"Break",
		"Prep",
		"Scan",
		"Prep",
		"Scan",
		"Break",
		"Prep",
		"Scan",
		"Prep",
		"Scan",
		"Scan",
		"Break",
		"Prep",
		"Break",
		"Prep",
		"Scan",
		"Dead"
	],
	"start" : 10.866110801696777
}