{
	"data" : 
	[
		0.87630176544189453,
		0.81793504953384399,
		2.0447373390197754,
		0.87630176544189453,
		0.52580106258392334,
		0.058366630226373672,
		0.058466915041208267,
		4.3231420516967773,
		0.058366630226373672,
		0.52580106258392334,
		10.574188232421875,
		79.160591125488281
	],
	"end" : 8.3694448471069336,
	"labels" : 
	[
		"Prep",
		"Scan",
		"Break",
		"Prep",
		"Scan",
		"Break",
		"Prep",
		"Scan",
		"Break",
		"Prep",
		"Scan",
		"Dead"
	],
	"start" : 7.894444465637207
}