{
	"data" : 
	[
		1.3889474868774414,
		1.3889474868774414,
		4.8609757423400879,
		0.099113218486309052,
		6.2502641677856445,
		0.099113218486309052,
		1.6862872838973999,
		16.567575454711914,
		0.29733967781066895,
		29.464216232299805,
		0.099113218486309052,
		0.6944737434387207,
		16.269895553588867,
		12.003599166870117,
		8.730137825012207
	],
	"end" : 11.885555267333984,
	"labels" : 
	[
		"Prep",
		"Scan",
		"Break",
		"Prep",
		"Scan",
		"Break",
		"Prep",
		"Scan",
		"Prep",
		"Scan",
		"Break",
		"Prep",
		"Scan",
		"Scan",
		"Dead"
	],
	"start" : 11.605833053588867
}