{
	"data" : 
	[
		0.70232498645782471,
		0.70249724388122559,
		2.4585680961608887,
		3.3619263172149658,
		0.050129156559705734,
		0.85288476943969727,
		8.1788043975830078,
		0.45150691270828247,
		14.952441215515137,
		0.40137776732444763,
		8.1786317825317383,
		0.10043057054281235,
		6.2217001914978027,
		8.881129264831543,
		6.2218723297119141,
		0.10043057054281235,
		0.40137776732444763,
		15.905757904052734,
		21.776208877563477
	],
	"end" : 10.866110801696777,
	"labels" : 
	[
		"Prep",
		"Scan",
		"Break",
		"Scan",
		"Break",
		"Prep",
		"Scan",
		"Prep",
		"Scan",
		"Prep",
		"Scan",
		"Prep",
		"Scan",
		"Break",
		"Scan",
		"Break",
		"Prep",
		"Scan",
		"Dead"
	],
	"start" : 10.313055992126465
}