{
	"data" : 
	[
		0.43248912692070007,
		0.43248912692070007,
		0.95756351947784424,
		0.21624456346035004,
		2.2550311088562012,
		0.030861778184771538,
		0.52518051862716675,
		5.1895513534545898,
		0.030861778184771538,
		0.061829611659049988,
		9.2054004669189453,
		0.030861778184771538,
		0.21624456346035004,
		5.0351362228393555,
		0.030861778184771538,
		4.3865084648132324,
		0.21624456346035004,
		0.27796810865402222,
		5.8074231147766113,
		6.4561567306518555,
		4.3864026069641113,
		0.030967831611633301,
		0.061723556369543076,
		8.9891557693481445,
		44.636844635009766
	],
	"end" : 9.649444580078125,
	"labels" : 
	[
		"Prep",
		"Scan",
		"Break",
		"Prep",
		"Scan",
		"Break",
		"Prep",
		"Scan",
		"Break",
		"Prep",
		"Scan",
		"Break",
		"Prep",
		"Scan",
		"Break",
		"Scan",
		"Break",
		"Prep",
		"Scan",
		"Break",
		"Scan",
		"Break",
		"Prep",
		"Scan",
		"Dead"
	],
	"start" : 8.7511110305786133
}