{
	"data" : 
	[
		1.2319567203521729,
		3.9204216003417969,
		3.4713189601898193,
		1.0081743001937866,
		2.2401309013366699,
		3.1360297203063965,
		0.22378240525722504,
		14.335146903991699,
		0.22378240525722504,
		0.11227571219205856,
		19.599031448364258,
		1.0081743001937866,
		1.0081743001937866,
		18.926916122436523,
		12.991683006286621,
		2.4639134407043457,
		11.647451400756836,
		2.3516378402709961
	],
	"end" : 18.857500076293945,
	"labels" : 
	[
		"Prep",
		"Scan",
		"Break",
		"Prep",
		"Scan",
		"Break",
		"Prep",
		"Scan",
		"Break",
		"Prep",
		"Scan",
		"Break",
		"Prep",
		"Break",
		"Scan",
		"Prep",
		"Break",
		"Scan"
	],
	"start" : 18.58277702331543
}