{
	"data" : 
	[
		0.49162355065345764,
		0.49162355065345764,
		1.0534100532531738,
		0.24581177532672882,
		2.5633623600006104,
		0.035081520676612854,
		0.59686809778213501,
		5.8641595840454102,
		0.035081520676612854,
		0.070283599197864532,
		10.46393871307373,
		0.24581177532672882,
		5.4426994323730469,
		0.035202078521251678,
		0.035081520676612854,
		0.035081520676612854,
		7.8656148910522461,
		0.24581177532672882,
		4.5297360420227051,
		6.4610276222229004,
		5.1616854667663574,
		6.0046062469482422,
		4.3540868759155273,
		0.070283599197864532,
		4.8809127807617188,
		0.10524456948041916,
		0.035202078521251678,
		7.7602500915527344,
		0.035081520676612854,
		0.38625842332839966,
		6.3556628227233887,
		0.070283599197864532,
		6.7419209480285645,
		11.131210327148438
	],
	"end" : 14.052778244018555,
	"labels" : 
	[
		"Prep",
		"Scan",
		"Break",
		"Prep",
		"Scan",
		"Break",
		"Prep",
		"Scan",
		"Break",
		"Prep",
		"Scan",
		"Prep",
		"Scan",
		"Prep",
		"Break",
		"Prep",
		"Scan",
		"Prep",
		"Scan",
		"Scan",
		"Scan",
		"Scan",
		"Break",
		"Prep",
		"Scan",
		"Prep",
		"Break",
		"Scan",
		"Break",
		"Break",
		"Scan",
		"Prep",
		"Scan",
		"Dead"
	],
	"start" : 13.262499809265137
}