{
	"data" : 
	[
		2.0299983024597168,
		0.86964362859725952,
		1.450069785118103,
		1.5949275493621826,
		7.5395665168762207,
		2.6099264621734619,
		7.1044960021972656,
		8.1194944381713867,
		0.43507072329521179,
		13.339346885681152,
		0.29021304845809937,
		7.8292818069458008,
		46.687965393066406
	],
	"end" : 14.836667060852051,
	"labels" : 
	[
		"Prep",
		"Scan",
		"Break",
		"Scan",
		"Break",
		"Prep",
		"Scan",
		"Scan",
		"Prep",
		"Scan",
		"Prep",
		"Scan",
		"Dead"
	],
	"start" : 14.645277976989746
}