{
	"data" : 
	[
		0.58546233177185059,
		0.58531880378723145,
		3.2198991775512695,
		4.0980930328369141,
		0.041777718812227249,
		0.66916137933731079,
		6.983339786529541,
		2.6762146949768066,
		1.2127023935317993,
		13.423137664794922,
		0.041777718812227249,
		0.29273116588592529,
		6.8160853385925293,
		0.041921284049749374,
		0.041777718812227249,
		7.4015474319458008,
		5.3525729179382324,
		7.4015474319458008,
		0.33450886607170105,
		13.297660827636719,
		25.38276481628418
	],
	"end" : 10.313055992126465,
	"labels" : 
	[
		"Prep",
		"Scan",
		"Break",
		"Scan",
		"Break",
		"Prep",
		"Scan",
		"Break",
		"Prep",
		"Scan",
		"Break",
		"Prep",
		"Scan",
		"Break",
		"Prep",
		"Scan",
		"Break",
		"Scan",
		"Prep",
		"Scan",
		"Dead"
	],
	"start" : 9.649444580078125
}