{
	"data" : 
	[
		0.44901105761528015,
		0.8980221152305603,
		1.5073469877243042,
		0.48094171285629272,
		6.0613183975219727,
		0.032150864601135254,
		0.12816303968429565,
		0.51331275701522827,
		0.51309257745742798,
		2.3091368675231934,
		0.22439542412757874,
		0.60932493209838867,
		9.0760126113891602,
		0.80178970098495483,
		0.80178970098495483,
		0.25654628872871399,
		0.44901105761528015,
		0.12816303968429565,
		0.032150864601135254,
		0.99425441026687622,
		0.19224454462528229,
		0.44901105761528015,
		0.16031388938426971,
		1.1867191791534424,
		0.25654628872871399,
		7.4402823448181152,
		0.032150864601135254,
		0.25654628872871399,
		7.9535956382751465,
		0.031930651515722275,
		3.1109263896942139,
		0.032150864601135254,
		0.064081519842147827,
		0.25654628872871399,
		5.4841446876525879,
		0.031930651515722275,
		4.3936576843261719,
		0.032150864601135254,
		0.032150864601135254,
		4.2974257469177246,
		0.032150864601135254,
		5.6123075485229492,
		0.031930651515722275,
		0.032150864601135254,
		0.032150864601135254,
		5.0670642852783203,
		0.032150864601135254,
		0.51309257745742798,
		0.032150864601135254,
		4.233123779296875,
		0.48116189241409302,
		0.064081519842147827,
		6.5103297233581543,
		0.096232376992702484,
		0.032150864601135254,
		0.031930651515722275,
		5.1954474449157715,
		0.51331275701522827,
		3.1428573131561279,
		0.031930651515722275,
		0.70555734634399414,
		0.032150864601135254,
		5.4841446876525879
	],
	"end" : 19.603055953979492,
	"labels" : 
	[
		"Prep",
		"Scan",
		"Break",
		"Prep",
		"Scan",
		"Break",
		"Prep",
		"Break",
		"Prep",
		"Scan",
		"Break",
		"Prep",
		"Scan",
		"Prep",
		"Scan",
		"Break",
		"Prep",
		"Break",
		"Prep",
		"Scan",
		"Break",
		"Prep",
		"Break",
		"Scan",
		"Prep",
		"Scan",
		"Break",
		"Prep",
		"Scan",
		"Prep",
		"Scan",
		"Break",
		"Prep",
		"Break",
		"Scan",
		"Prep",
		"Scan",
		"Prep",
		"Break",
		"Scan",
		"Break",
		"Scan",
		"Break",
		"Break",
		"Prep",
		"Scan",
		"Break",
		"Prep",
		"Break",
		"Scan",
		"Prep",
		"Break",
		"Scan",
		"Break",
		"Break",
		"Prep",
		"Scan",
		"Prep",
		"Scan",
		"Prep",
		"Break",
		"Prep",
		"Scan"
	],
	"start" : 18.737777709960938
}