{
	"data" : 
	[
		0.49563026428222656,
		0.95601463317871094,
		0.88479363918304443,
		0.60185408592224121,
		0.21244768798351288,
		1.0974843502044678,
		1.5928715467453003,
		0.60185408592224121,
		0.17695872485637665,
		1.0974843502044678,
		2.2657034397125244,
		0.035245899111032486,
		3.9650421142578125,
		1.8408081531524658,
		0.56636512279510498,
		4.637387752532959,
		0.035488970577716827,
		4.0355339050292969,
		0.035488970577716827,
		6.0887899398803711,
		0.035488970577716827,
		4.8498358726501465,
		0.035245899111032486,
		6.4429497718811035,
		0.035488970577716827,
		5.4869356155395508,
		0.035488970577716827,
		6.4429497718811035,
		0.035245899111032486,
		4.9208135604858398,
		0.035245899111032486,
		5.8410959243774414,
		0.035488970577716827,
		0.60161101818084717,
		5.7348723411560059,
		0.035488970577716827,
		0.53111922740936279,
		4.8143463134765625,
		0.035488970577716827,
		0.53087615966796875,
		4.5314068794250488,
		0.035245899111032486,
		4.283470630645752,
		13.310552597045898
	],
	"end" : 18.737777709960938,
	"labels" : 
	[
		"Prep",
		"Scan",
		"Break",
		"Prep",
		"Break",
		"Scan",
		"Break",
		"Prep",
		"Break",
		"Scan",
		"Break",
		"Prep",
		"Scan",
		"Break",
		"Prep",
		"Scan",
		"Prep",
		"Scan",
		"Prep",
		"Scan",
		"Prep",
		"Scan",
		"Break",
		"Scan",
		"Break",
		"Scan",
		"Prep",
		"Scan",
		"Prep",
		"Scan",
		"Prep",
		"Scan",
		"Prep",
		"Break",
		"Scan",
		"Break",
		"Prep",
		"Scan",
		"Break",
		"Prep",
		"Scan",
		"Prep",
		"Scan",
		"Dead"
	],
	"start" : 17.953887939453125
}