{
	"data" : 
	[
		0.4198811948299408,
		0.61597955226898193,
		0.64404851198196411,
		0.50389587879180908,
		0.14015264809131622,
		0.86783140897750854,
		0.22397509217262268,
		0.42007341980934143,
		0.1399603933095932,
		0.86802363395690918,
		0.64385628700256348,
		0.39200446009635925,
		3.0798976421356201,
		0.42007341980934143,
		0.78400892019271851,
		0.027876725420355797,
		0.36393547058105469,
		3.0798976421356201,
		0.44814243912696838,
		3.7237541675567627,
		0.028068980202078819,
		4.8157529830932617,
		0.028068980202078819,
		0.33586651086807251,
		0.30798977613449097,
		0.16802936792373657,
		5.0118508338928223,
		0.027876725420355797,
		0.11208366602659225,
		0.9239693284034729,
		0.028068980202078819,
		4.8157529830932617,
		0.2799207866191864,
		0.028068980202078819,
		5.0118508338928223,
		0.027876725420355797,
		0.44795018434524536,
		5.2919645309448242,
		0.027876725420355797,
		0.30798977613449097,
		5.1798806190490723,
		0.084014683961868286,
		0.44795018434524536,
		4.3958711624145508,
		0.027876725420355797,
		5.1239347457885742,
		0.22397509217262268,
		0.4198811948299408,
		3.4159564971923828,
		0.084014683961868286,
		0.44795018434524536,
		0.36393547058105469,
		4.7038612365722656,
		0.028068980202078819,
		4.3116645812988281,
		0.028068980202078819,
		0.25204405188560486,
		0.055945705622434616,
		5.0118508338928223,
		0.027876725420355797,
		0.33605873584747314,
		0.028068980202078819,
		3.5278480052947998,
		0.055945705622434616,
		0.028068980202078819,
		4.9557132720947266,
		10.499528884887695
	],
	"end" : 17.953887939453125,
	"labels" : 
	[
		"Prep",
		"Scan",
		"Break",
		"Prep",
		"Break",
		"Scan",
		"Break",
		"Prep",
		"Break",
		"Scan",
		"Break",
		"Prep",
		"Scan",
		"Prep",
		"Scan",
		"Break",
		"Prep",
		"Scan",
		"Prep",
		"Scan",
		"Break",
		"Scan",
		"Break",
		"Prep",
		"Break",
		"Prep",
		"Scan",
		"Break",
		"Scan",
		"Break",
		"Prep",
		"Scan",
		"Break",
		"Prep",
		"Scan",
		"Break",
		"Prep",
		"Scan",
		"Prep",
		"Break",
		"Scan",
		"Break",
		"Prep",
		"Scan",
		"Break",
		"Scan",
		"Break",
		"Prep",
		"Scan",
		"Break",
		"Prep",
		"Break",
		"Scan",
		"Break",
		"Scan",
		"Break",
		"Prep",
		"Break",
		"Scan",
		"Prep",
		"Break",
		"Prep",
		"Scan",
		"Break",
		"Prep",
		"Scan",
		"Dead"
	],
	"start" : 16.962778091430664
}