{
	"data" : 
	[
		0.11708851903676987,
		0.0089972959831357002,
		0.24314340949058533,
		0.42327481508255005,
		0.1260858029127121,
		1.7020655870437622,
		0.45029765367507935,
		0.21612061560153961,
		2.1253407001495361,
		0.018025510013103485,
		2.2694211006164551,
		0.063042901456356049,
		2.4495522975921631,
		0.0089972959831357002,
		0.027022805064916611,
		2.2874464988708496,
		0.026991887018084526,
		0.64842361211776733,
		0.0179945919662714,
		2.2244033813476562,
		1.8371796607971191,
		0.072040200233459473,
		2.3324637413024902,
		80.204582214355469
	],
	"end" : 16.962778091430664,
	"labels" : 
	[
		"Prep",
		"Break",
		"Scan",
		"Break",
		"Prep",
		"Scan",
		"Break",
		"Prep",
		"Scan",
		"Prep",
		"Scan",
		"Prep",
		"Scan",
		"Break",
		"Prep",
		"Scan",
		"Prep",
		"Scan",
		"Prep",
		"Scan",
		"Break",
		"Prep",
		"Scan",
		"Dead"
	],
	"start" : 13.881388664245605
}