{
	"data" : 
	[
		0.21711742877960205,
		0.43418163061141968,
		0.86841648817062378,
		0.21711742877960205,
		3.148043155670166,
		0.29463654756546021,
		0.37220892310142517,
		3.659797191619873,
		0.030986351892352104,
		4.233576774597168,
		0.01554641779512167,
		4.2180304527282715,
		0.01554641779512167,
		0.062025945633649826,
		3.9233942031860352,
		0.01554641779512167,
		0.04647953063249588,
		1.17859947681427,
		0.031039593741297722,
		3.8458750247955322,
		0.1550382524728775,
		4.931462287902832,
		67.985336303710938
	],
	"end" : 13.881388664245605,
	"labels" : 
	[
		"Prep",
		"Scan",
		"Break",
		"Prep",
		"Scan",
		"Break",
		"Prep",
		"Scan",
		"Prep",
		"Scan",
		"Prep",
		"Scan",
		"Break",
		"Prep",
		"Scan",
		"Break",
		"Prep",
		"Scan",
		"Prep",
		"Scan",
		"Break",
		"Scan",
		"Dead"
	],
	"start" : 12.091944694519043
}