{
	"data" : 
	[
		0.78094297647476196,
		0.33474460244178772,
		0.44619843363761902,
		0.055726930499076843,
		0.61357074975967407,
		2.0080845355987549,
		0.055726930499076843,
		3.1235806941986084,
		0.9483153223991394,
		5.4662179946899414,
		3.2909529209136963,
		1.5618859529495239,
		2.9562082290649414,
		1.28305983543396,
		0.11145386099815369,
		2.9562082290649414,
		2.3428289890289307,
		0.11145386099815369,
		2.95639967918396,
		68.496444702148438
	],
	"end" : 13.998611450195312,
	"labels" : 
	[
		"Prep",
		"Scan",
		"Break",
		"Prep",
		"Scan",
		"Break",
		"Prep",
		"Scan",
		"Prep",
		"Scan",
		"Break",
		"Prep",
		"Scan",
		"Break",
		"Prep",
		"Scan",
		"Break",
		"Prep",
		"Scan",
		"Dead"
	],
	"start" : 13.501111030578613
}