{
	"data" : 
	[
		0.65911126136779785,
		0.61491912603378296,
		1.010536789894104,
		4.0855846405029297,
		0.043890476226806641,
		0.74689221382141113,
		7.3803868293762207,
		0.043890476226806641,
		1.318071722984314,
		13.047537803649902,
		0.043890476226806641,
		0.35157626867294312,
		7.1607837677001953,
		0.043890476226806641,
		0.30753496289253235,
		8.2591018676757812,
		5.0081896781921387,
		8.2591018676757812,
		0.043890476226806641,
		0.35142546892166138,
		12.784043312072754,
		28.335752487182617
	],
	"end" : 10.601388931274414,
	"labels" : 
	[
		"Prep",
		"Scan",
		"Break",
		"Scan",
		"Break",
		"Prep",
		"Scan",
		"Break",
		"Prep",
		"Scan",
		"Break",
		"Prep",
		"Scan",
		"Break",
		"Prep",
		"Scan",
		"Break",
		"Scan",
		"Break",
		"Prep",
		"Scan",
		"Dead"
	],
	"start" : 9.969721794128418
}