{
	"data" : 
	[
		1.3654301166534424,
		2.101161003112793,
		3.9917011260986328,
		1.4707406759262085,
		9.6640424728393555,
		13.445843696594238,
		0.10531050711870193,
		11.134782791137695,
		0.10531050711870193,
		14.181574821472168,
		1.785950779914856,
		15.651594161987305,
		24.89655876159668
	],
	"end" : 17.943611145019531,
	"labels" : 
	[
		"Prep",
		"Scan",
		"Break",
		"Prep",
		"Scan",
		"Scan",
		"Prep",
		"Scan",
		"Break",
		"Scan",
		"Prep",
		"Scan",
		"Dead"
	],
	"start" : 17.679445266723633
}