{
	"data" : 
	[
		0.48146846890449524,
		0.74089682102203369,
		0.8149101734161377,
		0.29630786180496216,
		3.7411091327667236,
		0.03713386133313179,
		5.1857690811157227,
		0.036879517138004303,
		3.852510929107666,
		0.036879517138004303,
		0.03713386133313179,
		0.036879517138004303,
		4.3708586692810059,
		1.0372046232223511,
		4.3708586692810059,
		74.823204040527344
	],
	"end" : 18.692777633666992,
	"labels" : 
	[
		"Prep",
		"Scan",
		"Break",
		"Prep",
		"Scan",
		"Prep",
		"Scan",
		"Prep",
		"Scan",
		"Prep",
		"Break",
		"Prep",
		"Scan",
		"Break",
		"Scan",
		"Dead"
	],
	"start" : 17.943611145019531
}