{
	"data" : 
	[
		1.3899908065795898,
		1.3903316259384155,
		2.383474588394165,
		1.3903316259384155,
		6.8517646789550781,
		0.099552936851978302,
		3.6742532253265381,
		18.669242858886719,
		6.951317310333252,
		0.49640092253684998,
		28.798410415649414,
		27.804929733276367
	],
	"end" : 13.206388473510742,
	"labels" : 
	[
		"Prep",
		"Scan",
		"Break",
		"Prep",
		"Scan",
		"Break",
		"Prep",
		"Scan",
		"Break",
		"Prep",
		"Scan",
		"Dead"
	],
	"start" : 12.926944732666016
}