{
	"data" : 
	[
		0.50617474317550659,
		1.5185242891311646,
		1.6106278896331787,
		0.36809837818145752,
		0.36809837818145752,
		6.0740971565246582,
		0.045972801744937897,
		0.092103585600852966,
		0.78216952085494995,
		4.6017036437988281,
		1.7485462427139282,
		8.1447687149047852,
		0.045972801744937897,
		1.2423714399337769,
		0.046130780130624771,
		0.045972801744937897,
		0.32212558388710022,
		0.92024588584899902,
		0.092103585600852966,
		1.4725514650344849,
		2.0706717967987061,
		0.091945603489875793,
		0.092103585600852966,
		0.045972801744937897,
		11.964144706726074,
		0.091945603489875793,
		1.2885023355484009,
		0.32212558388710022,
		2.9909179210662842,
		0.092103585600852966,
		0.13807637989521027,
		7.6385941505432129,
		0.13791839778423309,
		0.046130780130624771,
		2.7608957290649414,
		0.091945603489875793,
		19.418689727783203,
		20.568958282470703
	],
	"end" : 9.5533332824707031,
	"labels" : 
	[
		"Prep",
		"Scan",
		"Break",
		"Prep",
		"Break",
		"Scan",
		"Prep",
		"Break",
		"Break",
		"Scan",
		"Prep",
		"Scan",
		"Break",
		"Prep",
		"Break",
		"Prep",
		"Break",
		"Scan",
		"Break",
		"Prep",
		"Break",
		"Prep",
		"Break",
		"Prep",
		"Scan",
		"Break",
		"Prep",
		"Break",
		"Scan",
		"Break",
		"Prep",
		"Scan",
		"Break",
		"Prep",
		"Break",
		"Prep",
		"Scan",
		"Dead"
	],
	"start" : 8.9502773284912109
}