{
	"data" : 
	[
		1.3182550668716431,
		1.9773825407028198,
		1.5063923597335815,
		0.65912753343582153,
		11.204521179199219,
		0.094391971826553345,
		0.094068706035614014,
		0.094068706035614014,
		12.052108764648438,
		0.094068706035614014,
		8.0032758712768555,
		0.094391971826553345,
		1.3179316520690918,
		10.827922821044922,
		0.094391971826553345,
		1.6004611253738403,
		16.289079666137695,
		32.578159332275391
	],
	"end" : 13.501111030578613,
	"labels" : 
	[
		"Prep",
		"Scan",
		"Break",
		"Prep",
		"Scan",
		"Prep",
		"Break",
		"Prep",
		"Scan",
		"Prep",
		"Scan",
		"Break",
		"Prep",
		"Scan",
		"Break",
		"Prep",
		"Scan",
		"Dead"
	],
	"start" : 13.206388473510742
}