{
	"data" : 
	[
		0.29417595267295837,
		1.0784207582473755,
		1.0784207582473755,
		0.98013770580291748,
		1.4708797931671143,
		3.3328721523284912,
		0.098283044993877411,
		2.7451934814453125,
		9.1174354553222656,
		0.19589290022850037,
		10.490032196044922,
		0.19589290022850037,
		14.313647270202637,
		0.19589290022850037,
		15.98041820526123,
		38.332405090332031
	],
	"end" : 16.966943740844727,
	"labels" : 
	[
		"Prep",
		"Break",
		"Prep",
		"Scan",
		"Break",
		"Scan",
		"Break",
		"Prep",
		"Scan",
		"Prep",
		"Scan",
		"Prep",
		"Scan",
		"Prep",
		"Scan",
		"Dead"
	],
	"start" : 16.683889389038086
}