{
	"data" : 
	[
		0.80007404088973999,
		0.86178076267242432,
		1.4773687124252319,
		0.92327618598937988,
		5.0472712516784668,
		1.1079736948013306,
		10.34073543548584,
		0.49238574504852295,
		10.033258438110352,
		1.9080476760864258,
		13.849353790283203,
		0.24619287252426147,
		18.342744827270508,
		0.49238574504852295,
		19.758405685424805,
		14.218748092651367
	],
	"end" : 12.926944732666016,
	"labels" : 
	[
		"Prep",
		"Scan",
		"Break",
		"Prep",
		"Scan",
		"Prep",
		"Scan",
		"Prep",
		"Scan",
		"Break",
		"Scan",
		"Prep",
		"Scan",
		"Prep",
		"Scan",
		"Dead"
	],
	"start" : 12.47611141204834
}