{
	"data" : 
	[
		1.0214252471923828,
		1.0216758251190186,
		2.4810335636138916,
		1.0216758251190186,
		5.327094554901123,
		0.072905264794826508,
		1.3135473728179932,
		12.259608268737793,
		0.7295536994934082,
		21.67315673828125,
		0.073155790567398071,
		0.58374315500259399,
		11.894330024719238,
		0.51108843088150024,
		0.21896633505821228,
		10.288911819458008,
		29.40812873840332
	],
	"end" : 16.306110382080078,
	"labels" : 
	[
		"Prep",
		"Scan",
		"Break",
		"Prep",
		"Scan",
		"Break",
		"Prep",
		"Scan",
		"Prep",
		"Scan",
		"Break",
		"Prep",
		"Scan",
		"Break",
		"Prep",
		"Scan",
		"Dead"
	],
	"start" : 15.925833702087402
}