{
	"data" : 
	[
		0.95529550313949585,
		1.0284305810928345,
		2.4971847534179688,
		1.0284305810928345,
		5.3620624542236328,
		1.322484016418457,
		12.340662956237793,
		0.66073763370513916,
		21.890087127685547,
		0.58760255575180054,
		11.972970008850098,
		0.36769291758537292,
		0.1467745453119278,
		10.430576324462891,
		29.309009552001953
	],
	"end" : 16.683889389038086,
	"labels" : 
	[
		"Prep",
		"Scan",
		"Break",
		"Prep",
		"Scan",
		"Prep",
		"Scan",
		"Prep",
		"Scan",
		"Prep",
		"Scan",
		"Break",
		"Prep",
		"Scan",
		"Dead"
	],
	"start" : 16.306110382080078
}