{
	"data" : 
	[
		0.89857363700866699,
		1.2575918436050415,
		2.6953096389770508,
		0.83853161334991455,
		0.53873294591903687,
		7.9058027267456055,
		0.060041993856430054,
		0.11967273056507111,
		10.840457916259766,
		0.12008398771286011,
		5.8092679977416992,
		0.53914415836334229,
		0.35942944884300232,
		13.475726127624512,
		0.17971472442150116,
		0.95820438861846924,
		5.2104930877685547,
		48.093223571777344
	],
	"end" : 17.430276870727539,
	"labels" : 
	[
		"Prep",
		"Scan",
		"Break",
		"Prep",
		"Break",
		"Scan",
		"Break",
		"Break",
		"Scan",
		"Break",
		"Scan",
		"Prep",
		"Break",
		"Scan",
		"Break",
		"Prep",
		"Scan",
		"Dead"
	],
	"start" : 16.966943740844727
}