{
	"data" : 
	[
		1.5580295324325562,
		1.453923225402832,
		2.9071335792541504,
		0.10410632938146591,
		7.6846156120300293,
		1.7655292749404907,
		17.446367263793945,
		0.10339326411485672,
		3.1153461933135986,
		30.842569351196289,
		0.10410632938146591,
		0.8307114839553833,
		16.926548004150391,
		0.31160593032836914,
		14.74601936340332
	],
	"end" : 18.959999084472656,
	"labels" : 
	[
		"Prep",
		"Scan",
		"Break",
		"Prep",
		"Scan",
		"Prep",
		"Scan",
		"Break",
		"Prep",
		"Scan",
		"Break",
		"Prep",
		"Scan",
		"Prep",
		"Scan"
	],
	"start" : 18.692777633666992
}