{
	"data" : 
	[
		1.2926725149154663,
		1.9390087127685547,
		1.6616452932357788,
		1.6619621515274048,
		1.8467656373977661,
		4.6162800788879395,
		1.2004293203353882,
		9.9714565277099609,
		0.092243179678916931,
		0.18480335175991058,
		11.818222045898438,
		0.092243179678916931,
		7.9402046203613281,
		0.73857945203781128,
		11.264128684997559,
		1.3849157094955444,
		11.264446258544922,
		30.929996490478516
	],
	"end" : 14.748332977294922,
	"labels" : 
	[
		"Prep",
		"Scan",
		"Break",
		"Prep",
		"Scan",
		"Break",
		"Prep",
		"Scan",
		"Break",
		"Break",
		"Scan",
		"Break",
		"Scan",
		"Prep",
		"Scan",
		"Prep",
		"Scan",
		"Dead"
	],
	"start" : 14.44777774810791
}