{
	"data" : 
	[
		0.6026146411895752,
		0.47346183657646179,
		1.0330748558044434,
		0.344309002161026,
		0.344309002161026,
		12.56816577911377,
		1.2482309341430664,
		0.64561629295349121,
		0.086151137948036194,
		9.6843929290771484,
		0.086003363132476807,
		12.869472503662109,
		0.043001681566238403,
		0.94692367315292358,
		12.439160346984863,
		5.724543571472168,
		0.1291528195142746,
		13.256783485412598,
		0.043001681566238403,
		12.869620323181152,
		14.46201229095459
	],
	"end" : 15.925833702087402,
	"labels" : 
	[
		"Prep",
		"Scan",
		"Break",
		"Prep",
		"Break",
		"Scan",
		"Prep",
		"Break",
		"Break",
		"Scan",
		"Prep",
		"Scan",
		"Break",
		"Prep",
		"Scan",
		"Break",
		"Prep",
		"Scan",
		"Prep",
		"Scan",
		"Dead"
	],
	"start" : 15.281110763549805
}