{
	"data" : 
	[
		0.57414102554321289,
		1.6702772378921509,
		1.7745689153671265,
		0.052145767956972122,
		0.052145767956972122,
		0.36537876725196838,
		5.323885440826416,
		4.5931282043457031,
		0.052145767956972122,
		0.36537876725196838,
		5.3760313987731934,
		0.41752451658248901,
		0.46967029571533203,
		0.052324961870908737,
		0.36537876725196838,
		6.5764594078063965,
		0.052145767956972122,
		1.8268938064575195,
		7.7768874168395996,
		0.052145767956972122,
		1.1482820510864258,
		0.052145767956972122,
		0.36537876725196838,
		1.1482820510864258,
		0.052324961870908737,
		0.88719487190246582,
		0.83522826433181763,
		15.710390090942383,
		0.10447072982788086,
		0.9916655421257019,
		3.4448461532592773,
		0.052145767956972122,
		0.10447072982788086,
		0.10429153591394424,
		16.806526184082031,
		1.4615150690078735,
		0.36537876725196838,
		3.3927004337310791,
		15.084104537963867
	],
	"end" : 11.133055686950684,
	"labels" : 
	[
		"Prep",
		"Scan",
		"Break",
		"Break",
		"Prep",
		"Break",
		"Scan",
		"Break",
		"Prep",
		"Break",
		"Scan",
		"Break",
		"Prep",
		"Break",
		"Break",
		"Scan",
		"Break",
		"Prep",
		"Scan",
		"Break",
		"Prep",
		"Break",
		"Break",
		"Scan",
		"Break",
		"Prep",
		"Break",
		"Scan",
		"Break",
		"Prep",
		"Break",
		"Prep",
		"Break",
		"Prep",
		"Scan",
		"Prep",
		"Break",
		"Scan",
		"Dead"
	],
	"start" : 10.601388931274414
}