{
	"data" : 
	[
		1.7566984891891479,
		2.6356940269470215,
		3.765031099319458,
		1.7571293115615845,
		11.044321060180664,
		0.12538613379001617,
		13.05222225189209,
		0.12581701576709747,
		10.667731285095215,
		0.12538613379001617,
		1.003950834274292,
		15.185941696166992,
		38.654693603515625
	],
	"end" : 8.9502773284912109,
	"labels" : 
	[
		"Prep",
		"Scan",
		"Break",
		"Prep",
		"Scan",
		"Break",
		"Scan",
		"Prep",
		"Scan",
		"Break",
		"Prep",
		"Scan",
		"Dead"
	],
	"start" : 8.7291669845581055
}