{
	"data" : 
	[
		0.86648714542388916,
		1.3327932357788086,
		1.1996282339096069,
		0.53311729431152344,
		1.2662107944488525,
		2.6658153533935547,
		0.066582456231117249,
		4.6651196479797363,
		0.066811263561248779,
		7.9972167015075684,
		0.066582456231117249,
		7.1309585571289062,
		0.066811263561248779,
		7.397517204284668,
		0.066582456231117249,
		1.1330457925796509,
		11.129566192626953,
		52.249153137207031
	],
	"end" : 9.969721794128418,
	"labels" : 
	[
		"Prep",
		"Scan",
		"Break",
		"Prep",
		"Scan",
		"Break",
		"Prep",
		"Scan",
		"Break",
		"Scan",
		"Prep",
		"Scan",
		"Prep",
		"Scan",
		"Break",
		"Prep",
		"Scan",
		"Dead"
	],
	"start" : 9.5533332824707031
}