{
	"data" : 
	[
		0.51611429452896118,
		0.51611429452896118,
		1.806273341178894,
		2.6910586357116699,
		1.3269882202148438,
		0.88478535413742065,
		10.985336303710938,
		0.25805714726448059,
		0.036829143762588501,
		6.0087189674377441,
		0.073784850537776947,
		5.2345476150512695,
		5.0134463310241699,
		0.036829143762588501,
		4.9766173362731934,
		2.3960459232330322,
		0.036955706775188446,
		5.7874908447265625,
		0.036955706775188446,
		0.66343086957931519,
		0.073784850537776947,
		6.193117618560791,
		0.036829143762588501,
		6.8197197914123535,
		0.036829143762588501,
		0.25805714726448059,
		7.4464473724365234,
		2.2117736339569092,
		0.1843988448381424,
		8.3679361343383789,
		0.073784850537776947,
		9.1789369583129883,
		9.7320060729980469
	],
	"end" : 12.47611141204834,
	"labels" : 
	[
		"Prep",
		"Scan",
		"Break",
		"Scan",
		"Break",
		"Prep",
		"Scan",
		"Prep",
		"Break",
		"Scan",
		"Prep",
		"Scan",
		"Scan",
		"Break",
		"Scan",
		"Break",
		"Prep",
		"Scan",
		"Prep",
		"Break",
		"Prep",
		"Scan",
		"Prep",
		"Scan",
		"Break",
		"Prep",
		"Scan",
		"Break",
		"Prep",
		"Scan",
		"Prep",
		"Scan",
		"Dead"
	],
	"start" : 11.723333358764648
}