{
	"data" : 
	[
		1.5592646598815918,
		2.3392794132232666,
		2.2268655300140381,
		0.89166390895843506,
		11.35915470123291,
		0.2232983261346817,
		13.809319496154785,
		0.11164916306734085,
		8.2413911819458008,
		0.11164916306734085,
		0.89089912176132202,
		14.589334487915039,
		2.0050966739654541,
		10.57990550994873,
		0.11164916306734085,
		9.3548240661621094,
		21.494758605957031
	],
	"end" : 17.679445266723633,
	"labels" : 
	[
		"Prep",
		"Scan",
		"Break",
		"Prep",
		"Scan",
		"Break",
		"Scan",
		"Prep",
		"Scan",
		"Break",
		"Prep",
		"Scan",
		"Prep",
		"Scan",
		"Prep",
		"Scan",
		"Dead"
	],
	"start" : 17.430276870727539
}