{
	"data" : 
	[
		0.92670273780822754,
		0.86497920751571655,
		1.544363260269165,
		0.86497920751571655,
		4.5717902183532715,
		0.061723623424768448,
		1.0503621101379395,
		10.379325866699219,
		0.18517085909843445,
		18.410820007324219,
		2.9037675857543945,
		0.49421319365501404,
		10.132219314575195,
		8.834538459777832,
		38.675045013427734
	],
	"end" : 14.44777774810791,
	"labels" : 
	[
		"Prep",
		"Scan",
		"Break",
		"Prep",
		"Scan",
		"Break",
		"Prep",
		"Scan",
		"Prep",
		"Scan",
		"Break",
		"Prep",
		"Scan",
		"Scan",
		"Dead"
	],
	"start" : 13.998611450195312
}