{
	"data" : 
	[
		0.72923362255096436,
		0.72923362255096436,
		1.6145782470703125,
		0.052215848118066788,
		5.1042780876159668,
		0.052037026733160019,
		0.88552349805831909,
		8.7504463195800781,
		0.20832693576812744,
		15.469301223754883,
		0.052215848118066788,
		0.41665387153625488,
		8.4899024963378906,
		0.052037026733160019,
		9.7920808792114258,
		1.4584672451019287,
		0.20832693576812744,
		0.46869087219238281,
		9.271174430847168,
		0.10425287485122681,
		0.41665387153625488,
		16.511114120483398,
		19.063253402709961
	],
	"end" : 15.281110763549805,
	"labels" : 
	[
		"Prep",
		"Scan",
		"Break",
		"Prep",
		"Scan",
		"Break",
		"Prep",
		"Scan",
		"Prep",
		"Scan",
		"Break",
		"Prep",
		"Scan",
		"Break",
		"Scan",
		"Break",
		"Prep",
		"Break",
		"Scan",
		"Break",
		"Prep",
		"Scan",
		"Dead"
	],
	"start" : 14.748332977294922
}