{
	"data" : 
	[
		0.45643511414527893,
		0.42603397369384766,
		0.97372478246688843,
		0.21301698684692383,
		2.0692107677459717,
		0.030453383922576904,
		0.51728963851928711,
		5.020838737487793,
		0.030453383922576904,
		0.27387151122093201,
		9.0679521560668945,
		0.21301698684692383,
		4.9904370307922363,
		0.060802295804023743,
		4.2906360626220703,
		71.265830993652344
	],
	"end" : 8.7291669845581055,
	"labels" : 
	[
		"Prep",
		"Scan",
		"Break",
		"Prep",
		"Scan",
		"Break",
		"Prep",
		"Scan",
		"Break",
		"Prep",
		"Scan",
		"Prep",
		"Scan",
		"Prep",
		"Scan",
		"Dead"
	],
	"start" : 7.8172221183776855
}