{
	"data" : 
	[
		0.51713240146636963,
		1.222298264503479,
		3.1967301368713379,
		1.0342648029327393,
		0.047129418700933456,
		0.37606695294380188,
		1.0812327861785889,
		3.7609920501708984,
		1.1751688718795776,
		1.2694276571273804,
		0.3290989100933075,
		18.804637908935547,
		0.3290989100933075,
		0.51713240146636963,
		0.094097435474395752,
		0.046968013048171997,
		0.3290989100933075,
		1.0812327861785889,
		0.046968013048171997,
		0.046968013048171997,
		0.84623134136199951,
		0.047129418700933456,
		3.9959936141967773,
		0.14090405404567719,
		0.84623134136199951,
		0.3290989100933075,
		3.9959936141967773,
		0.047129418700933456,
		0.42303496599197388,
		0.79926329851150513,
		0.84606993198394775,
		0.047129418700933456,
		1.3162343502044678,
		0.3290989100933075,
		4.3720602989196777,
		1.2694276571273804,
		0.046968013048171997,
		0.14106544852256775,
		0.046968013048171997,
		0.3290989100933075,
		0.89319932460784912,
		1.1753302812576294,
		0.42303496599197388,
		0.047129418700933456,
		1.0812327861785889,
		1.1753302812576294,
		0.046968013048171997,
		0.3290989100933075,
		4.3250923156738281,
		0.046968013048171997,
		0.2821308970451355,
		0.3290989100933075,
		1.0342648029327393,
		1.5983650684356689,
		0.046968013048171997,
		0.046968013048171997,
		1.1283621788024902,
		0.046968013048171997,
		1.0812327861785889,
		0.14106544852256775,
		0.61122977733612061,
		0.84623134136199951,
		0.046968013048171997,
		0.3290989100933075,
		0.89319932460784912,
		0.046968013048171997,
		0.79926329851150513,
		0.89319932460784912,
		0.046968013048171997,
		0.79926329851150513,
		0.84623134136199951,
		0.046968013048171997,
		0.79926329851150513,
		0.89319932460784912,
		0.046968013048171997,
		0.37606695294380188,
		0.79926329851150513,
		0.84623134136199951,
		19.133735656738281
	],
	"end" : 11.723333358764648,
	"labels" : 
	[
		"Prep",
		"Scan",
		"Break",
		"Prep",
		"Break",
		"Break",
		"Scan",
		"Break",
		"Prep",
		"Break",
		"Break",
		"Scan",
		"Break",
		"Prep",
		"Break",
		"Prep",
		"Break",
		"Scan",
		"Break",
		"Prep",
		"Break",
		"Prep",
		"Scan",
		"Prep",
		"Break",
		"Break",
		"Scan",
		"Break",
		"Prep",
		"Break",
		"Scan",
		"Break",
		"Break",
		"Break",
		"Scan",
		"Break",
		"Prep",
		"Break",
		"Prep",
		"Break",
		"Scan",
		"Break",
		"Break",
		"Scan",
		"Break",
		"Break",
		"Prep",
		"Break",
		"Scan",
		"Break",
		"Break",
		"Break",
		"Scan",
		"Break",
		"Prep",
		"Break",
		"Scan",
		"Break",
		"Scan",
		"Prep",
		"Break",
		"Scan",
		"Prep",
		"Break",
		"Scan",
		"Break",
		"Break",
		"Scan",
		"Prep",
		"Break",
		"Scan",
		"Break",
		"Break",
		"Scan",
		"Break",
		"Prep",
		"Break",
		"Scan",
		"Dead"
	],
	"start" : 11.133055686950684
}