{
	"data" : 
	[
		0.20538477599620819,
		0.20538477599620819,
		0.32273313403129578,
		0.029311904683709145,
		0.55742979049682617,
		0.46939337253570557,
		0.41076955199241638,
		0.58684241771697998,
		1.4669046401977539,
		0.52811789512634277,
		2.5525529384613037,
		0.058623809367418289,
		2.8458735942840576,
		0.058724533766508102,
		2.9632220268249512,
		0.029412630945444107,
		0.029311904683709145,
		0.058623809367418289,
		3.2273311614990234,
		0.058724533766508102,
		2.9632220268249512,
		0.029311904683709145,
		0.058724533766508102,
		3.6967244148254395,
		76.487342834472656
	],
	"end" : 14.705833435058594,
	"labels" : 
	[
		"Prep",
		"Scan",
		"Break",
		"Prep",
		"Scan",
		"Break",
		"Prep",
		"Scan",
		"Break",
		"Prep",
		"Scan",
		"Break",
		"Scan",
		"Prep",
		"Scan",
		"Break",
		"Prep",
		"Break",
		"Scan",
		"Prep",
		"Scan",
		"Break",
		"Prep",
		"Scan",
		"Dead"
	],
	"start" : 13.760000228881836
}