{
	"data" : 
	[
		0.60065615177154541,
		0.6008034348487854,
		1.1157146692276001,
		0.043019764125347137,
		2.7892131805419922,
		0.042872440069913864,
		0.72956806421279907,
		6.3081412315368652,
		0.042872440069913864,
		0.64367586374282837,
		0.38629394769668579,
		1.0298224687576294,
		11.028530120849609,
		0.34327414631843567,
		6.5226507186889648,
		0.085892200469970703,
		5.7502107620239258,
		0.042872440069913864,
		0.6008034348487854,
		7.7671303749084473,
		53.425983428955078
	],
	"end" : 13.760000228881836,
	"labels" : 
	[
		"Prep",
		"Scan",
		"Break",
		"Prep",
		"Scan",
		"Break",
		"Prep",
		"Scan",
		"Break",
		"Prep",
		"Scan",
		"Prep",
		"Scan",
		"Prep",
		"Scan",
		"Prep",
		"Scan",
		"Break",
		"Prep",
		"Scan",
		"Dead"
	],
	"start" : 13.113333702087402
}