{
	"data" : 
	[
		0.3426584005355835,
		0.80991017818450928,
		0.96573197841644287,
		0.28030824661254883,
		0.77878850698471069,
		2.6477954387664795,
		0.31153678894042969,
		2.7411601543426514,
		0.031228542327880859,
		0.031121596693992615,
		0.031121596693992615,
		4.454559326171875,
		0.37377998232841492,
		0.31153678894042969,
		0.093471735715866089,
		6.7596960067749023,
		0.28030824661254883,
		0.31153678894042969,
		6.7596960067749023,
		0.062243193387985229,
		0.031121596693992615,
		4.7660961151123047,
		0.031121596693992615,
		4.8283390998840332,
		0.031121596693992615,
		0.031228542327880859,
		0.031121596693992615,
		3.9873075485229492,
		0.031121596693992615,
		3.6446487903594971,
		5.6693706512451172,
		0.40500852465629578,
		0.65408819913864136,
		2.1805436611175537,
		0.46725171804428101,
		0.062350135296583176,
		4.111900806427002,
		0.40490159392356873,
		0.28041520714759827,
		3.7068920135498047,
		0.062243193387985229,
		7.0401115417480469,
		1.1213399171829224,
		4.5480308532714844,
		0.24918666481971741,
		0.46725171804428101,
		3.9249570369720459,
		0.031228542327880859,
		0.74755996465682983,
		3.5511772632598877,
		14.422773361206055
	],
	"end" : 12.626667022705078,
	"labels" : 
	[
		"Prep",
		"Scan",
		"Break",
		"Prep",
		"Scan",
		"Break",
		"Prep",
		"Scan",
		"Break",
		"Break",
		"Prep",
		"Scan",
		"Break",
		"Prep",
		"Break",
		"Scan",
		"Break",
		"Prep",
		"Scan",
		"Break",
		"Prep",
		"Scan",
		"Break",
		"Scan",
		"Prep",
		"Break",
		"Prep",
		"Scan",
		"Prep",
		"Scan",
		"Break",
		"Prep",
		"Scan",
		"Break",
		"Prep",
		"Break",
		"Scan",
		"Break",
		"Prep",
		"Break",
		"Break",
		"Scan",
		"Prep",
		"Scan",
		"Break",
		"Prep",
		"Scan",
		"Break",
		"Break",
		"Scan",
		"Dead"
	],
	"start" : 11.735833168029785
}