{
	"data" : 
	[
		0.62722951173782349,
		1.9956233501434326,
		2.6230487823486328,
		0.51309877634048462,
		1.4825247526168823,
		5.3028693199157715,
		0.513294517993927,
		7.3556556701660156,
		0.056967474520206451,
		8.8951482772827148,
		0.513294517993927,
		0.51309877634048462,
		9.1234092712402344,
		2.2806565761566162,
		1.3685897588729858,
		10.035672187805176,
		0.1139349490404129,
		12.715688705444336,
		4.7895746231079102,
		1.4255572557449341,
		9.5795402526855469,
		18.075525283813477
	],
	"end" : 13.113333702087402,
	"labels" : 
	[
		"Prep",
		"Scan",
		"Break",
		"Prep",
		"Scan",
		"Break",
		"Prep",
		"Scan",
		"Prep",
		"Scan",
		"Break",
		"Prep",
		"Scan",
		"Break",
		"Prep",
		"Scan",
		"Prep",
		"Scan",
		"Break",
		"Prep",
		"Scan",
		"Dead"
	],
	"start" : 12.626667022705078
}