{
	"data" : 
	[
		1.1562974452972412,
		0.53386366367340088,
		0.97854644060134888,
		0.97854644060134888,
		4.1811175346374512,
		0.088875472545623779,
		10.94176197052002,
		1.423534631729126,
		9.6962833404541016,
		0.089180886745452881,
		0.17775094509124756,
		9.0738496780395508,
		0.088875472545623779,
		0.17805635929107666,
		14.41096019744873,
		0.089180886745452881,
		1.5121047496795654,
		7.1167569160461426,
		37.184459686279297
	],
	"end" : 15.017777442932129,
	"labels" : 
	[
		"Prep",
		"Scan",
		"Break",
		"Scan",
		"Break",
		"Prep",
		"Scan",
		"Prep",
		"Scan",
		"Break",
		"Prep",
		"Scan",
		"Break",
		"Prep",
		"Scan",
		"Break",
		"Prep",
		"Scan",
		"Dead"
	],
	"start" : 14.705833435058594
}