{
	"data" : 
	[
		0.7965092658996582,
		0.7965092658996582,
		2.9582955837249756,
		0.3982546329498291,
		5.2907905578613281,
		0.056837718933820724,
		0.96721774339675903,
		9.5006885528564453,
		0.45509237051010132,
		9.9559755325317383,
		2.6168787479400635,
		0.56896311044692993,
		0.056837718933820724,
		13.710780143737793,
		0.17070846259593964,
		16.896427154541016,
		0.056837718933820724,
		18.261899948120117,
		16.384496688842773
	],
	"end" : 15.505555152893066,
	"labels" : 
	[
		"Prep",
		"Scan",
		"Break",
		"Prep",
		"Scan",
		"Break",
		"Prep",
		"Scan",
		"Prep",
		"Scan",
		"Break",
		"Break",
		"Prep",
		"Scan",
		"Prep",
		"Scan",
		"Break",
		"Scan",
		"Dead"
	],
	"start" : 15.017777442932129
}