{
	"data" : 
	[
		1.768226146697998,
		1.768226146697998,
		13.89215087890625,
		0.7579350471496582,
		0.63132345676422119,
		0.25278952717781067,
		0.12617798149585724,
		47.613758087158203,
		33.089412689208984
	],
	"end" : 10.095833778381348,
	"labels" : 
	[
		"Prep",
		"Scan",
		"Break",
		"Prep",
		"Break",
		"Break",
		"Prep",
		"Scan",
		"Dead"
	],
	"start" : 9.8761110305786133
}