{
	"data" : 
	[
		0.48476403951644897,
		1.2602534294128418,
		2.0843355655670166,
		0.43617114424705505,
		5.7196497917175293,
		9.4035568237304688,
		0.58161699771881104,
		0.43633756041526794,
		0.096852965652942657,
		0.048426482826471329,
		9.6458559036254883,
		0.33931818604469299,
		6.5437321662902832,
		0.82391577959060669,
		9.4519834518432617,
		9.1126651763916016,
		0.097019374370574951,
		9.4033908843994141,
		33.930152893066406
	],
	"end" : 11.735833168029785,
	"labels" : 
	[
		"Prep",
		"Scan",
		"Break",
		"Prep",
		"Scan",
		"Scan",
		"Break",
		"Prep",
		"Break",
		"Prep",
		"Scan",
		"Prep",
		"Scan",
		"Prep",
		"Scan",
		"Break",
		"Prep",
		"Scan",
		"Dead"
	],
	"start" : 11.163332939147949
}