{
	"data" : 
	[
		1.4057023525238037,
		1.4057023525238037,
		3.7145287990570068,
		0.80315995216369629,
		7.6303644180297852,
		1.8076270818710327,
		16.666431427001953,
		3.0120222568511963,
		29.920293807983398,
		0.90381354093551636,
		17.570243835449219,
		0.90381354093551636,
		14.15629768371582
	],
	"end" : 17.296388626098633,
	"labels" : 
	[
		"Prep",
		"Scan",
		"Break",
		"Prep",
		"Scan",
		"Prep",
		"Scan",
		"Prep",
		"Scan",
		"Prep",
		"Scan",
		"Prep",
		"Scan"
	],
	"start" : 17.020000457763672
}