{
	"data" : 
	[
		0.63375961780548096,
		1.0134934186935425,
		1.1400712728500366,
		0.063506454229354858,
		0.82340902090072632,
		2.6607463359832764,
		0.95042192935943604,
		5.0043954849243164,
		1.0134934186935425,
		27.74622917175293,
		0.57025313377380371,
		1.0769999027252197,
		0.82340902090072632,
		0.063506454229354858,
		1.2666492462158203,
		1.2670842409133911,
		1.8373373746871948,
		8.2349605560302734,
		0.19008438289165497,
		1.7738310098648071,
		0.25315585732460022,
		1.8373373746871948,
		5.7012267112731934,
		0.63332462310791016,
		0.12701290845870972,
		7.9182982444763184,
		7.5385637283325195,
		17.737438201904297
	],
	"end" : 17.020000457763672,
	"labels" : 
	[
		"Prep",
		"Scan",
		"Break",
		"Prep",
		"Scan",
		"Break",
		"Prep",
		"Scan",
		"Prep",
		"Break",
		"Prep",
		"Scan",
		"Break",
		"Prep",
		"Scan",
		"Break",
		"Prep",
		"Scan",
		"Prep",
		"Scan",
		"Break",
		"Prep",
		"Scan",
		"Break",
		"Prep",
		"Scan",
		"Scan",
		"Dead"
	],
	"start" : 16.581943511962891
}