{
	"data" : 
	[
		0.50710982084274292,
		0.87588822841644287,
		1.2907242774963379,
		0.46105208992958069,
		0.046057727187871933,
		0.36877837777137756,
		5.0250406265258789,
		0.046057727187871933,
		1.4292140007019043,
		0.046057727187871933,
		0.32272061705589294,
		0.87588822841644287,
		0.046057727187871933,
		0.046215999871492386,
		0.046057727187871933,
		0.7836143970489502,
		4.6562623977661133,
		1.0142196416854858,
		0.046057727187871933,
		0.13833145797252655,
		0.32272061705589294,
		1.1063351631164551,
		0.092273727059364319,
		1.1986088752746582,
		2.0284392833709717,
		0.046057727187871933,
		25.77032470703125,
		0.87588822841644287,
		0.32272061705589294,
		2.6276645660400391,
		1.4752717018127441,
		6.9149899482727051,
		0.046215999871492386,
		0.36877837777137756,
		0.32272061705589294,
		4.2412676811218262,
		0.092115454375743866,
		0.32272061705589294,
		0.82983046770095825,
		3.4114372730255127,
		0.092273727059364319,
		1.1523928642272949,
		0.046215999871492386,
		0.32272061705589294,
		0.82967221736907959,
		0.046215999871492386,
		0.7836143970489502,
		0.82983046770095825,
		0.78377276659011841,
		0.82983046770095825,
		0.046057727187871933,
		0.78377276659011841,
		0.82967221736907959,
		0.36893662810325623,
		0.7836143970489502,
		0.82983046770095825,
		20.053787231445312
	],
	"end" : 9.8761110305786133,
	"labels" : 
	[
		"Prep",
		"Scan",
		"Break",
		"Prep",
		"Break",
		"Break",
		"Scan",
		"Break",
		"Prep",
		"Break",
		"Break",
		"Scan",
		"Prep",
		"Break",
		"Prep",
		"Break",
		"Scan",
		"Prep",
		"Break",
		"Break",
		"Break",
		"Scan",
		"Break",
		"Prep",
		"Break",
		"Prep",
		"Scan",
		"Prep",
		"Break",
		"Scan",
		"Prep",
		"Scan",
		"Break",
		"Prep",
		"Break",
		"Scan",
		"Prep",
		"Break",
		"Scan",
		"Break",
		"Break",
		"Scan",
		"Break",
		"Break",
		"Scan",
		"Prep",
		"Break",
		"Scan",
		"Break",
		"Scan",
		"Prep",
		"Break",
		"Scan",
		"Prep",
		"Break",
		"Scan",
		"Dead"
	],
	"start" : 9.2741670608520508
}