{
	"data" : 
	[
		0.6337430477142334,
		0.6337430477142334,
		1.6748034954071045,
		0.6337430477142334,
		2.8969113826751709,
		0.04522295668721199,
		1.0412158966064453,
		7.4686260223388672,
		0.045378364622592926,
		1.3579319715499878,
		0.18104724586009979,
		0.04522295668721199,
		12.629016876220703,
		0.36209449172019958,
		7.3781800270080566,
		0.04522295668721199,
		0.36224988102912903,
		6.3823428153991699,
		56.083305358886719
	],
	"end" : 16.118610382080078,
	"labels" : 
	[
		"Prep",
		"Scan",
		"Break",
		"Prep",
		"Scan",
		"Break",
		"Prep",
		"Scan",
		"Break",
		"Prep",
		"Break",
		"Prep",
		"Scan",
		"Prep",
		"Scan",
		"Break",
		"Prep",
		"Scan",
		"Dead"
	],
	"start" : 15.505555152893066
}