{
	"data" : 
	[
		1.1030515432357788,
		0.5515257716178894,
		3.0724771022796631,
		0.86664468050003052,
		8.5087518692016602,
		1.2607462406158447,
		12.526856422424316,
		5.1208853721618652,
		0.15769469738006592,
		7.7998018264770508,
		0.078712105751037598,
		9.1392602920532227,
		0.1574242115020752,
		8.3513278961181641,
		41.204841613769531
	],
	"end" : 9.2741670608520508,
	"labels" : 
	[
		"Prep",
		"Scan",
		"Break",
		"Scan",
		"Break",
		"Prep",
		"Scan",
		"Break",
		"Prep",
		"Scan",
		"Break",
		"Scan",
		"Prep",
		"Scan",
		"Dead"
	],
	"start" : 8.9219446182250977
}