{
	"data" : 
	[
		0.83853161334991455,
		0.83853161334991455,
		4.252288818359375,
		0.060041993856430054,
		5.7496376037597656,
		0.060041993856430054,
		1.0778770446777344,
		9.942296028137207,
		0.059630740433931351,
		1.8567779064178467,
		17.788057327270508,
		0.059630740433931351,
		0.47910219430923462,
		10.481439590454102,
		0.059630740433931351,
		0.11967273056507111,
		10.42139720916748,
		35.755416870117188
	],
	"end" : 16.581943511962891,
	"labels" : 
	[
		"Prep",
		"Scan",
		"Break",
		"Prep",
		"Scan",
		"Break",
		"Prep",
		"Scan",
		"Break",
		"Prep",
		"Scan",
		"Break",
		"Prep",
		"Scan",
		"Break",
		"Prep",
		"Scan",
		"Dead"
	],
	"start" : 16.118610382080078
}