{
	"data" : 
	[
		0.6844489574432373,
		1.0269252061843872,
		2.9338803291320801,
		0.39116165041923523,
		5.4767665863037109,
		0.048853233456611633,
		0.097874358296394348,
		6.3079433441162109,
		0.048853233456611633,
		0.29345518350601196,
		5.965634822845459,
		0.048853233456611633,
		4.2052397727966309,
		72.3701171875
	],
	"end" : 11.163332939147949,
	"labels" : 
	[
		"Prep",
		"Scan",
		"Break",
		"Prep",
		"Scan",
		"Break",
		"Break",
		"Scan",
		"Break",
		"Prep",
		"Scan",
		"Prep",
		"Scan",
		"Dead"
	],
	"start" : 10.595833778381348
}