{
	"data" : 
	[
		0.7768484354019165,
		0.61050337553024292,
		3.4410364627838135,
		0.055448342114686966,
		0.38851949572563171,
		0.055638886988162994,
		12.764932632446289,
		1.5540779829025269,
		1.5538873672485352,
		0.11108722537755966,
		0.72140008211135864,
		0.11108722537755966,
		15.262393951416016,
		0.72159063816070557,
		18.758878707885742,
		0.055638886988162994,
		1.1653679609298706,
		16.095071792602539,
		0.16653557121753693,
		10.600542068481445,
		14.929513931274414
	],
	"end" : 10.595833778381348,
	"labels" : 
	[
		"Prep",
		"Scan",
		"Break",
		"Prep",
		"Break",
		"Prep",
		"Scan",
		"Prep",
		"Break",
		"Prep",
		"Break",
		"Prep",
		"Scan",
		"Break",
		"Scan",
		"Break",
		"Prep",
		"Scan",
		"Prep",
		"Scan",
		"Dead"
	],
	"start" : 10.095833778381348
}