{
	"data" : 
	[
		1.0179562568664551,
		1.0179562568664551,
		1.9630230665206909,
		0.072889462113380432,
		6.543576717376709,
		0.072390221059322357,
		1.2361253499984741,
		12.21497631072998,
		2.2540817260742188,
		21.593753814697266,
		0.072889462113380432,
		0.58161795139312744,
		13.669271469116211,
		0.21816915273666382,
		11.632858276367188,
		25.738468170166016
	],
	"end" : 19.155277252197266,
	"labels" : 
	[
		"Prep",
		"Scan",
		"Break",
		"Prep",
		"Scan",
		"Break",
		"Prep",
		"Scan",
		"Prep",
		"Scan",
		"Break",
		"Prep",
		"Scan",
		"Prep",
		"Scan",
		"Dead"
	],
	"start" : 18.773611068725586
}