{
	"data" : 
	[
		0.90236824750900269,
		0.90236824750900269,
		2.5781002044677734,
		0.96675986051559448,
		4.7047948837280273,
		1.0957645177841187,
		10.827977180480957,
		0.064391650259494781,
		1.2245478630065918,
		19.206636428833008,
		0.064612932503223419,
		0.5155758261680603,
		14.501620292663574,
		0.064170375466346741,
		0.58018875122070312,
		11.343552589416504,
		0.064170375466346741,
		9.2166366577148438,
		21.075765609741211
	],
	"end" : 16.260555267333984,
	"labels" : 
	[
		"Prep",
		"Scan",
		"Break",
		"Prep",
		"Scan",
		"Prep",
		"Scan",
		"Break",
		"Prep",
		"Scan",
		"Break",
		"Prep",
		"Scan",
		"Break",
		"Prep",
		"Scan",
		"Prep",
		"Scan",
		"Dead"
	],
	"start" : 15.829999923706055
}