{
	"data" : 
	[
		0.40400928258895874,
		0.6978113055229187,
		0.036819823086261749,
		0.88140606880187988,
		1.3956226110458374,
		0.33062183856964111,
		1.065126895904541,
		0.7711988091468811,
		0.88153213262557983,
		0.25710830092430115,
		4.5174899101257324,
		0.03669372946023941,
		0.036819823086261749,
		0.62429779767990112,
		4.5543093681335449,
		0.03669372946023941,
		0.62442386150360107,
		4.4441022872924805,
		0.03669372946023941,
		1.1752080917358398,
		5.5092291831970215,
		0.07351355254650116,
		0.25710830092430115,
		0.66099148988723755,
		1.7997579574584961,
		0.25710830092430115,
		0.14690101146697998,
		1.248721718788147,
		0.25710830092430115,
		0.66111761331558228,
		0.03669372946023941,
		0.62442386150360107,
		0.66099148988723755,
		0.62442386150360107,
		0.66111761331558228,
		0.03669372946023941,
		0.62442386150360107,
		0.66111761331558228,
		0.88140606880187988,
		0.25710830092430115,
		0.66111761331558228,
		60.490936279296875
	],
	"end" : 11.37861156463623,
	"labels" : 
	[
		"Prep",
		"Scan",
		"Prep",
		"Scan",
		"Break",
		"Prep",
		"Scan",
		"Break",
		"Prep",
		"Break",
		"Scan",
		"Break",
		"Prep",
		"Break",
		"Scan",
		"Break",
		"Break",
		"Scan",
		"Break",
		"Prep",
		"Scan",
		"Prep",
		"Break",
		"Scan",
		"Break",
		"Prep",
		"Break",
		"Scan",
		"Break",
		"Scan",
		"Prep",
		"Break",
		"Scan",
		"Break",
		"Scan",
		"Prep",
		"Break",
		"Scan",
		"Prep",
		"Break",
		"Scan",
		"Dead"
	],
	"start" : 10.623055458068848
}