{
	"data" : 
	[
		3.0706455707550049,
		4.2991852760314941,
		0.20452228188514709,
		39.714221954345703,
		1.0236656665802002,
		0.2048736959695816,
		51.382884979248047
	],
	"end" : 7.9922223091125488,
	"labels" : 
	[
		"Prep",
		"Scan",
		"Break",
		"Prep",
		"Break",
		"Prep",
		"Dead"
	],
	"start" : 7.8566665649414062
}