{
	"data" : 
	[
		0.89269572496414185,
		2.1910607814788818,
		4.2199654579162598,
		0.89269572496414185,
		0.080799542367458344,
		0.08135678619146347,
		11.199374198913574,
		3.8950953483581543,
		0.89269572496414185,
		0.48702624440193176,
		11.199374198913574,
		0.89269572496414185,
		13.471235275268555,
		0.48702624440193176,
		11.03721809387207,
		5.6804866790771484,
		14.445287704467773,
		17.853914260864258
	],
	"end" : 18.773611068725586,
	"labels" : 
	[
		"Prep",
		"Scan",
		"Break",
		"Prep",
		"Break",
		"Prep",
		"Scan",
		"Break",
		"Prep",
		"Break",
		"Scan",
		"Prep",
		"Scan",
		"Prep",
		"Scan",
		"Prep",
		"Scan",
		"Dead"
	],
	"start" : 18.431667327880859
}