{
	"data" : 
	[
		0.60780221223831177,
		1.049805760383606,
		5.3044214248657227,
		1.6024050712585449,
		0.055203016847372055,
		0.82880395650863647,
		0.055203016847372055,
		0.38680049777030945,
		2.5418047904968262,
		2.8732125759124756,
		1.2708075046539307,
		0.055203016847372055,
		0.055203016847372055,
		0.11059572547674179,
		0.38680049777030945,
		2.4864120483398438,
		3.5362176895141602,
		1.0499955415725708,
		0.38661077618598938,
		5.5256133079528809,
		1.9338128566741943,
		11.879650115966797,
		0.49739623069763184,
		1.3814033269882202,
		0.055203016847372055,
		0.055203016847372055,
		0.38680049777030945,
		6.1332254409790039,
		0.055203016847372055,
		1.3262002468109131,
		0.38680049777030945,
		0.99460279941558838,
		3.0390112400054932,
		0.44200348854064941,
		0.16579873859882355,
		1.7128111124038696,
		0.055203016847372055,
		0.38680049777030945,
		0.99460279941558838,
		0.055203016847372055,
		0.93939965963363647,
		0.93921005725860596,
		0.055392716079950333,
		0.93921005725860596,
		0.99460279941558838,
		0.99460279941558838,
		0.93939965963363647,
		0.055203016847372055,
		0.60780221223831177,
		0.38680049777030945,
		0.99460279941558838,
		29.947919845581055
	],
	"end" : 14.568333625793457,
	"labels" : 
	[
		"Prep",
		"Scan",
		"Break",
		"Prep",
		"Break",
		"Break",
		"Prep",
		"Break",
		"Scan",
		"Break",
		"Prep",
		"Break",
		"Prep",
		"Break",
		"Break",
		"Scan",
		"Break",
		"Prep",
		"Break",
		"Scan",
		"Prep",
		"Scan",
		"Break",
		"Prep",
		"Break",
		"Prep",
		"Break",
		"Scan",
		"Break",
		"Prep",
		"Break",
		"Scan",
		"Break",
		"Prep",
		"Break",
		"Scan",
		"Break",
		"Break",
		"Scan",
		"Prep",
		"Break",
		"Scan",
		"Break",
		"Break",
		"Scan",
		"Break",
		"Scan",
		"Break",
		"Prep",
		"Break",
		"Scan",
		"Dead"
	],
	"start" : 14.06611156463623
}