{
	"data" : 
	[
		0.65024197101593018,
		0.65024197101593018,
		1.1145639419555664,
		0.32512098550796509,
		3.3904109001159668,
		0.046400297433137894,
		0.78960233926773071,
		7.8024258613586426,
		1.9041661024093628,
		1.3468842506408691,
		13.840204238891602,
		0.37152129411697388,
		8.7313880920410156,
		0.13936033844947815,
		6.5949015617370605,
		8.4992265701293945,
		0.046400297433137894,
		6.6414608955383301,
		0.37152129411697388,
		14.769006729125977,
		21.874950408935547
	],
	"end" : 10.623055458068848,
	"labels" : 
	[
		"Prep",
		"Scan",
		"Break",
		"Prep",
		"Scan",
		"Break",
		"Prep",
		"Scan",
		"Break",
		"Prep",
		"Scan",
		"Prep",
		"Scan",
		"Prep",
		"Scan",
		"Break",
		"Prep",
		"Scan",
		"Prep",
		"Scan",
		"Dead"
	],
	"start" : 10.025555610656738
}