{
	"data" : 
	[
		1.1004472970962524,
		1.1004472970962524,
		2.2791509628295898,
		0.62874996662139893,
		6.209782600402832,
		0.15705256164073944,
		1.3362960815429688,
		13.204288482666016,
		4.4805850982666016,
		0.23530900478363037,
		23.344161987304688,
		0.078796133399009705,
		1.178703784942627,
		14.776972770690918,
		11.239782333374023,
		18.549472808837891
	],
	"end" : 17.701389312744141,
	"labels" : 
	[
		"Prep",
		"Scan",
		"Break",
		"Prep",
		"Scan",
		"Break",
		"Prep",
		"Scan",
		"Break",
		"Prep",
		"Scan",
		"Break",
		"Prep",
		"Scan",
		"Scan",
		"Dead"
	],
	"start" : 17.348333358764648
}