{
	"data" : 
	[
		0.28061944246292114,
		0.61221283674240112,
		0.73991048336029053,
		0.28061944246292114,
		0.22964552044868469,
		0.51008981466293335,
		0.81645900011062622,
		0.20407095551490784,
		5.2806205749511719,
		0.17867155373096466,
		0.25504490733146667,
		0.48469039797782898,
		0.25504490733146667,
		0.025574557483196259,
		5.3061952590942383,
		0.22964552044868469,
		0.76530987024307251,
		14.745134353637695,
		0.48486560583114624,
		0.33159339427947998,
		4.6939821243286133,
		0.025399388745427132,
		3.6736276149749756,
		0.025574557483196259,
		0.22947035729885101,
		3.5461051464080811,
		0.025399388745427132,
		0.81645900011062622,
		4.0306200981140137,
		0.22964552044868469,
		0.22947035729885101,
		1.5817687511444092,
		0.025399388745427132,
		2.9848661422729492,
		45.766197204589844
	],
	"end" : 17.348333358764648,
	"labels" : 
	[
		"Prep",
		"Scan",
		"Break",
		"Prep",
		"Break",
		"Scan",
		"Break",
		"Prep",
		"Scan",
		"Break",
		"Prep",
		"Scan",
		"Break",
		"Prep",
		"Scan",
		"Break",
		"Prep",
		"Scan",
		"Break",
		"Prep",
		"Scan",
		"Break",
		"Scan",
		"Break",
		"Prep",
		"Scan",
		"Break",
		"Prep",
		"Scan",
		"Break",
		"Prep",
		"Scan",
		"Break",
		"Scan",
		"Dead"
	],
	"start" : 16.260555267333984
}