{
	"data" : 
	[
		1.0106029510498047,
		1.0106029510498047,
		2.8147196769714355,
		0.50554925203323364,
		8.9506998062133789,
		1.2267004251480103,
		11.260862350463867,
		0.071867294609546661,
		0.50554925203323364,
		11.837782859802246,
		0.072362929582595825,
		0.14423023164272308,
		21.510129928588867,
		0.57741653919219971,
		22.882051467895508,
		15.518876075744629
	],
	"end" : 18.085832595825195,
	"labels" : 
	[
		"Prep",
		"Scan",
		"Break",
		"Prep",
		"Scan",
		"Prep",
		"Scan",
		"Break",
		"Prep",
		"Scan",
		"Break",
		"Prep",
		"Scan",
		"Prep",
		"Scan",
		"Dead"
	],
	"start" : 17.701389312744141
}