{
	"data" : 
	[
		0.39489611983299255,
		0.39499294757843018,
		1.2695373296737671,
		0.028282970190048218,
		3.15975022315979,
		0.028186110779643059,
		0.81817203760147095,
		5.3321146965026855,
		2.905881404876709,
		0.81817203760147095,
		5.3039283752441406,
		1.0438547134399414,
		0.36680686473846436,
		3.3007774353027344,
		3.3855297565460205,
		0.2256825864315033,
		8.2098093032836914,
		0.14102740585803986,
		0.50783431529998779,
		0.81817203760147095,
		1.2695373296737671,
		0.42317906022071838,
		0.62067562341690063,
		1.1003237962722778,
		0.42317906022071838,
		0.7335168719291687,
		1.2131650447845459,
		0.31033781170845032,
		2.1722676753997803,
		1.9466819763183594,
		2.8495092391967773,
		5.0781493186950684,
		0.42317906022071838,
		0.19749647378921509,
		4.2883567810058594,
		0.056372221559286118,
		4.9654049873352051,
		0.028186110779643059,
		0.42317906022071838,
		2.3980472087860107,
		2.9905364513397217,
		0.47964820265769958,
		0.056372221559286118,
		4.8242802619934082,
		1.1285098791122437,
		0.42317906022071838,
		3.6958673000335693,
		16.927453994750977
	],
	"end" : 14.06611156463623,
	"labels" : 
	[
		"Prep",
		"Scan",
		"Break",
		"Prep",
		"Scan",
		"Break",
		"Prep",
		"Scan",
		"Break",
		"Prep",
		"Scan",
		"Break",
		"Prep",
		"Scan",
		"Break",
		"Prep",
		"Scan",
		"Break",
		"Prep",
		"Scan",
		"Break",
		"Prep",
		"Scan",
		"Break",
		"Prep",
		"Scan",
		"Break",
		"Prep",
		"Scan",
		"Break",
		"Scan",
		"Break",
		"Prep",
		"Break",
		"Scan",
		"Break",
		"Scan",
		"Break",
		"Prep",
		"Scan",
		"Scan",
		"Prep",
		"Break",
		"Scan",
		"Break",
		"Prep",
		"Scan",
		"Dead"
	],
	"start" : 13.082500457763672
}