{
	"data" : 
	[
		0.80502408742904663,
		0.80522161722183228,
		1.0927162170410156,
		0.057656869292259216,
		4.2559456825256348,
		0.9775998592376709,
		0.11511627584695816,
		0.057459410279989243,
		9.6622648239135742,
		1.4378675222396851,
		17.138702392578125,
		0.46007019281387329,
		10.122334480285645,
		0.1725756973028183,
		8.1092805862426758,
		44.630165100097656
	],
	"end" : 15.050833702087402,
	"labels" : 
	[
		"Prep",
		"Scan",
		"Break",
		"Prep",
		"Scan",
		"Prep",
		"Break",
		"Prep",
		"Scan",
		"Prep",
		"Scan",
		"Prep",
		"Scan",
		"Prep",
		"Scan",
		"Dead"
	],
	"start" : 14.568333625793457
}