{
	"data" : 
	[
		0.8335338830947876,
		0.8335338830947876,
		3.4528908729553223,
		0.8335338830947876,
		4.8223557472229004,
		0.059479739516973495,
		1.0121774673461914,
		10.001998901367188,
		0.059479739516973495,
		0.11895947903394699,
		17.741518020629883,
		1.1311370134353638,
		0.4167669415473938,
		0.4167669415473938,
		3.7506983280181885,
		1.7860273122787476,
		10.418765068054199,
		0.47624668478965759,
		8.4540939331054688,
		1.4882198572158813,
		0.2381233423948288,
		17.682039260864258,
		13.871655464172363
	],
	"end" : 15.829999923706055,
	"labels" : 
	[
		"Prep",
		"Scan",
		"Break",
		"Prep",
		"Scan",
		"Break",
		"Prep",
		"Scan",
		"Break",
		"Prep",
		"Scan",
		"Break",
		"Prep",
		"Scan",
		"Break",
		"Prep",
		"Scan",
		"Prep",
		"Scan",
		"Break",
		"Prep",
		"Scan",
		"Dead"
	],
	"start" : 15.363888740539551
}