{
	"data" : 
	[
		0.48847368359565735,
		0.36625045537948608,
		1.7708743810653687,
		0.061216447502374649,
		2.9920587539672852,
		2.8700451850891113,
		0.42746692895889282,
		6.4725914001464844,
		0.85493385791778564,
		0.36646011471748352,
		0.36625045537948608,
		0.12222324311733246,
		0.12201360613107681,
		0.061216447502374649,
		15.204739570617676,
		0.12222324311733246,
		6.9612746238708496,
		1.0991706848144531,
		10.563819885253906,
		0.12222324311733246,
		11.724207878112793,
		0.18323005735874176,
		11.601984024047852,
		24.975053787231445
	],
	"end" : 9.1672220230102539,
	"labels" : 
	[
		"Prep",
		"Scan",
		"Break",
		"Prep",
		"Scan",
		"Break",
		"Prep",
		"Scan",
		"Break",
		"Prep",
		"Break",
		"Break",
		"Break",
		"Prep",
		"Scan",
		"Break",
		"Scan",
		"Prep",
		"Scan",
		"Break",
		"Scan",
		"Prep",
		"Scan",
		"Dead"
	],
	"start" : 8.7127780914306641
}