{
	"data" : 
	[
		0.69516348838806152,
		0.54617547988891602,
		2.3832957744598389,
		0.84398096799850464,
		0.049776293337345123,
		11.817096710205078,
		1.4895385503768921,
		0.3973580002784729,
		15.987907409667969,
		0.049605827778577805,
		0.099382124841213226,
		14.796175003051758,
		0.049776293337345123,
		1.6385265588760376,
		14.39898681640625,
		0.99313938617706299,
		15.292744636535645,
		18.371374130249023
	],
	"end" : 13.082500457763672,
	"labels" : 
	[
		"Prep",
		"Scan",
		"Break",
		"Prep",
		"Break",
		"Scan",
		"Prep",
		"Break",
		"Scan",
		"Break",
		"Prep",
		"Scan",
		"Break",
		"Prep",
		"Scan",
		"Prep",
		"Scan",
		"Dead"
	],
	"start" : 12.523611068725586
}