{
	"data" : 
	[
		0.55221366882324219,
		1.3052165508270264,
		5.3213472366333008,
		0.45190519094467163,
		1.4055250883102417,
		1.1044273376464844,
		0.45190519094467163,
		0.40157860517501831,
		6.0743503570556641,
		0.40157860517501831,
		0.4517328143119812,
		0.35142436623573303,
		4.7189793586730957,
		1.907584547996521,
		7.5302019119262695,
		1.3553708791732788,
		0.35142436623573303,
		2.1083738803863525,
		1.1044273376464844,
		1.004118800163269,
		23.092319488525391,
		0.40157860517501831,
		1.455851674079895,
		0.35142436623573303,
		3.2631278038024902,
		0.05015423521399498,
		1.2049081325531006,
		0.20078930258750916,
		0.05015423521399498,
		18.172723770141602,
		13.303281784057617
	],
	"end" : 10.025555610656738,
	"labels" : 
	[
		"Prep",
		"Scan",
		"Break",
		"Prep",
		"Scan",
		"Break",
		"Prep",
		"Break",
		"Scan",
		"Break",
		"Prep",
		"Break",
		"Scan",
		"Prep",
		"Scan",
		"Prep",
		"Break",
		"Scan",
		"Break",
		"Prep",
		"Scan",
		"Break",
		"Prep",
		"Break",
		"Scan",
		"Break",
		"Prep",
		"Break",
		"Prep",
		"Scan",
		"Dead"
	],
	"start" : 9.4727773666381836
}