{
	"data" : 
	[
		0.55335474014282227,
		0.55349040031433105,
		1.4627186059951782,
		0.27674520015716553,
		1.2651015520095825,
		0.55349040031433105,
		3.5974161624908447,
		4.7835254669189453,
		0.31624147295951843,
		8.4600696563720703,
		5.4951367378234863,
		0.039496250450611115,
		9.0530567169189453,
		0.71161115169525146,
		15.971414566040039,
		0.55335474014282227,
		9.2113132476806641,
		37.042465209960938
	],
	"end" : 12.08055591583252,
	"labels" : 
	[
		"Prep",
		"Scan",
		"Break",
		"Prep",
		"Break",
		"Prep",
		"Scan",
		"Break",
		"Prep",
		"Scan",
		"Break",
		"Prep",
		"Scan",
		"Prep",
		"Scan",
		"Prep",
		"Scan",
		"Dead"
	],
	"start" : 11.37861156463623
}