{
	"data" : 
	[
		1.362252950668335,
		1.8165450096130371,
		3.4509990215301514,
		0.63575959205627441,
		11.988075256347656,
		0.090733714401721954,
		0.18146742880344391,
		14.712580680847168,
		0.09104551374912262,
		8.4460296630859375,
		0.090733714401721954,
		0.63575959205627441,
		11.897340774536133,
		44.500675201416016
	],
	"end" : 9.4727773666381836,
	"labels" : 
	[
		"Prep",
		"Scan",
		"Break",
		"Prep",
		"Scan",
		"Prep",
		"Break",
		"Scan",
		"Prep",
		"Scan",
		"Break",
		"Prep",
		"Scan",
		"Dead"
	],
	"start" : 9.1672220230102539
}