{
	"data" : 
	[
		0.87669491767883301,
		0.87690997123718262,
		2.5053648948669434,
		6.7643346786499023,
		0.062790021300315857,
		1.0646349191665649,
		8.5807294845581055,
		0.062790021300315857,
		0.50102996826171875,
		1.1899999380111694,
		3.382274866104126,
		0.062574990093708038,
		0.18794000148773193,
		1.8163949251174927,
		18.601974487304688,
		0.062574990093708038,
		0.50102996826171875,
		9.4576396942138672,
		0.062790021300315857,
		0.56360495090484619,
		12.839914321899414,
		29.876008987426758
	],
	"end" : 12.523611068725586,
	"labels" : 
	[
		"Prep",
		"Scan",
		"Break",
		"Scan",
		"Break",
		"Prep",
		"Scan",
		"Break",
		"Prep",
		"Scan",
		"Break",
		"Prep",
		"Break",
		"Prep",
		"Scan",
		"Break",
		"Prep",
		"Scan",
		"Break",
		"Prep",
		"Scan",
		"Dead"
	],
	"start" : 12.08055591583252
}