{
	"data" : 
	[
		0.038476090878248215,
		0.30813929438591003,
		0.50065195560455322,
		0.53912806510925293,
		1.2324249744415283,
		0.26959708333015442,
		3.8896551132202148,
		0.077084407210350037,
		0.69323074817657471,
		6.8550906181335449,
		0.038476090878248215,
		0.077084407210350037,
		12.40080451965332,
		0.30807319283485413,
		7.2402491569519043,
		0.038476090878248215,
		6.5470180511474609,
		58.846340179443359
	],
	"end" : 8.7127780914306641,
	"labels" : 
	[
		"Prep",
		"Break",
		"Prep",
		"Scan",
		"Break",
		"Prep",
		"Scan",
		"Break",
		"Prep",
		"Scan",
		"Break",
		"Prep",
		"Scan",
		"Prep",
		"Scan",
		"Prep",
		"Scan",
		"Dead"
	],
	"start" : 7.9922223091125488
}