{
	"data" : 
	[
		1.1234253644943237,
		1.1234253644943237,
		1.6854134798049927,
		1.12287437915802,
		5.8578996658325195,
		0.07989046722650528,
		1.3641986846923828,
		13.480551719665527,
		0.080441437661647797,
		1.5245305299758911,
		23.911493301391602,
		0.7223200798034668,
		13.078895568847656,
		0.080441437661647797,
		11.474474906921387,
		23.189723968505859
	],
	"end" : 18.431667327880859,
	"labels" : 
	[
		"Prep",
		"Scan",
		"Break",
		"Prep",
		"Scan",
		"Break",
		"Prep",
		"Scan",
		"Break",
		"Prep",
		"Scan",
		"Prep",
		"Scan",
		"Prep",
		"Scan",
		"Dead"
	],
	"start" : 18.085832595825195
}