{
	"data" : 
	[
		2.5555665493011475,
		4.6469197273254395,
		8.5951261520385742,
		1.8600441217422485,
		20.44453239440918,
		0.23130908608436584,
		19.747415542602539,
		1.394235372543335,
		2.322662353515625,
		38.102188110351562
	],
	"end" : 19.274723052978516,
	"labels" : 
	[
		"Prep",
		"Scan",
		"Break",
		"Prep",
		"Scan",
		"Break",
		"Scan",
		"Break",
		"Prep",
		"Scan"
	],
	"start" : 19.155277252197266
}