{
	"data" : 
	[
		1.2407537698745728,
		0.79795348644256592,
		1.2410581111907959,
		1.6841626167297363,
		5.3184728622436523,
		2.570676326751709,
		17.107915878295898,
		0.088864386081695557,
		0.17712010443210602,
		13.207621574401855,
		0.17742444574832916,
		16.75337028503418,
		0.088864386081695557,
		0.17712010443210602,
		16.044281005859375,
		23.224342346191406
	],
	"end" : 15.363888740539551,
	"labels" : 
	[
		"Prep",
		"Scan",
		"Break",
		"Scan",
		"Break",
		"Prep",
		"Scan",
		"Break",
		"Prep",
		"Scan",
		"Prep",
		"Scan",
		"Break",
		"Prep",
		"Scan",
		"Dead"
	],
	"start" : 15.050833702087402
}