{
	"data" : 
	[
		1.0901556015014648,
		2.1800436973571777,
		3.7374851703643799,
		0.54507780075073242,
		15.72866153717041,
		2.4136867523193359,
		0.54507780075073242,
		2.9590315818786621,
		0.077791877090930939,
		0.54507780075073242,
		14.482654571533203,
		0.077791877090930939,
		1.9466680288314819,
		0.077791877090930939,
		17.286102294921875,
		0.077791877090930939,
		9.8108654022216797,
		26.318246841430664
	],
	"end" : 12.752778053283691,
	"labels" : 
	[
		"Prep",
		"Scan",
		"Break",
		"Prep",
		"Scan",
		"Break",
		"Prep",
		"Scan",
		"Break",
		"Prep",
		"Scan",
		"Prep",
		"Break",
		"Prep",
		"Scan",
		"Prep",
		"Scan",
		"Dead"
	],
	"start" : 12.396389007568359
}