{
	"data" : 
	[
		0.15290959179401398,
		0.28534960746765137,
		0.49938800930976868,
		0.081563450396060944,
		1.9262409210205078,
		0.42804190516471863,
		0.30574920773506165,
		2.2116255760192871,
		0.01018230989575386,
		0.010217300616204739,
		2.1708261966705322,
		2.2829718589782715,
		0.01018230989575386,
		0.030581917613744736,
		2.3645002841949463,
		0.01018230989575386,
		0.020399609580636024,
		0.74400842189788818,
		0.020364619791507721,
		2.5173747539520264,
		83.817337036132812
	],
	"end" : 12.396389007568359,
	"labels" : 
	[
		"Prep",
		"Scan",
		"Break",
		"Prep",
		"Scan",
		"Break",
		"Prep",
		"Scan",
		"Break",
		"Prep",
		"Scan",
		"Scan",
		"Break",
		"Prep",
		"Scan",
		"Break",
		"Prep",
		"Scan",
		"Prep",
		"Scan",
		"Dead"
	],
	"start" : 9.6736106872558594
}