{
	"data" : 
	[
		0.20436446368694305,
		0.40872892737388611,
		0.67142599821090698,
		0.20436446368694305,
		2.4960229396820068,
		0.014633257873356342,
		0.24811390042304993,
		1.167754054069519,
		2.3208746910095215,
		0.13134852051734924,
		3.7221598625183105,
		0.13139864802360535,
		0.014583144336938858,
		3.079899787902832,
		0.029216403141617775,
		0.043799545615911484,
		3.2988476753234863,
		0.14598178863525391,
		0.014583144336938858,
		2.3062915802001953,
		0.014583144336938858,
		0.11676537990570068,
		1.8538132905960083,
		0.014583144336938858,
		1.2261368036270142,
		0.014583144336938858,
		0.10218223184347153,
		2.1311435699462891,
		73.771812438964844
	],
	"end" : 16.940277099609375,
	"labels" : 
	[
		"Prep",
		"Scan",
		"Break",
		"Prep",
		"Scan",
		"Break",
		"Prep",
		"Scan",
		"Break",
		"Prep",
		"Scan",
		"Prep",
		"Break",
		"Scan",
		"Break",
		"Prep",
		"Scan",
		"Break",
		"Prep",
		"Scan",
		"Break",
		"Prep",
		"Scan",
		"Prep",
		"Scan",
		"Break",
		"Prep",
		"Scan",
		"Dead"
	],
	"start" : 15.039166450500488
}