{
	"data" : 
	[
		0.48196697235107422,
		0.92942327260971069,
		1.4113903045654297,
		0.51647758483886719,
		6.5061993598937988,
		0.034510631114244461,
		0.5852624773979187,
		2.4783833026885986,
		2.1344587802886963,
		0.68832159042358398,
		10.706095695495605,
		0.034510631114244461,
		0.10329551249742508,
		8.7092065811157227,
		0.034510631114244461,
		0.10329551249742508,
		8.5028514862060547,
		0.034510631114244461,
		3.3735320568084717,
		0.89491266012191772,
		0.44769269227981567,
		0.034274257719516754,
		0.34439718723297119,
		0.034274257719516754,
		10.602800369262695,
		1.1015037298202515,
		0.034510631114244461,
		17.659749984741211,
		3.7179293632507324,
		17.659749984741211
	],
	"end" : 17.746389389038086,
	"labels" : 
	[
		"Prep",
		"Scan",
		"Break",
		"Prep",
		"Scan",
		"Break",
		"Prep",
		"Scan",
		"Break",
		"Prep",
		"Scan",
		"Break",
		"Prep",
		"Scan",
		"Break",
		"Prep",
		"Scan",
		"Break",
		"Scan",
		"Break",
		"Prep",
		"Break",
		"Scan",
		"Prep",
		"Scan",
		"Break",
		"Prep",
		"Scan",
		"Break",
		"Scan"
	],
	"start" : 16.940277099609375
}