{
	"data" : 
	[
		0.24651646614074707,
		0.76672077178955078,
		1.506176233291626,
		0.62982988357543945,
		4.0255894660949707,
		0.21906305849552155,
		5.6412973403930664,
		86.86480712890625
	],
	"end" : 15.039166450500488,
	"labels" : 
	[
		"Prep",
		"Scan",
		"Break",
		"Prep",
		"Scan",
		"Prep",
		"Scan",
		"Dead"
	],
	"start" : 14.025833129882812
}