{
	"data" : 
	[
		0.23977886140346527,
		0.17437101900577545,
		1.3950430154800415,
		1.3951177597045898,
		0.15251851081848145,
		2.0490467548370361,
		1.0899311304092407,
		0.19614869356155396,
		0.85015225410461426,
		1.373265266418457,
		0.71933656930923462,
		0.15251851081848145,
		1.9182308912277222,
		0.65392875671386719,
		0.56674325466156006,
		0.021852504462003708,
		0.13074085116386414,
		4.4468350410461426,
		0.23977886140346527,
		0.52311307191848755,
		0.19622351229190826,
		5.3840985298156738,
		0.30511185526847839,
		4.7737994194030762,
		0.021777668967843056,
		0.63215106725692749,
		8.3050003051757812,
		1.1117087602615356,
		4.9263176918029785,
		0.021852504462003708,
		1.4168206453323364,
		4.9263176918029785,
		0.065407842397689819,
		0.80652213096618652,
		0.43600237369537354,
		12.490203857421875,
		0.087185509502887726,
		7.4331445693969727,
		0.3705197274684906,
		0.043630175292491913,
		0.43592756986618042,
		2.092602014541626,
		0.021777668967843056,
		0.087260350584983826,
		0.45770522952079773,
		9.6347103118896484,
		0.021777668967843056,
		0.13081568479537964,
		0.43592756986618042,
		3.4005343914031982,
		0.80652213096618652,
		1.613044261932373,
		0.10896317660808563,
		0.065407842397689819,
		0.23977886140346527,
		0.021777668967843056,
		0.065407842397689819,
		0.43592756986618042,
		0.087260350584983826,
		0.61029857397079468,
		0.43600237369537354,
		0.021777668967843056,
		0.58852088451385498,
		0.45778003334999084,
		0.69748407602310181,
		0.15259335935115814,
		0.17444586753845215,
		0.043555337935686111,
		0.43600237369537354,
		0.65392875671386719,
		0.19614869356155396,
		0.021777668967843056,
		0.30518671870231628,
		2.8991239070892334
	],
	"end" : 14.025833129882812,
	"labels" : 
	[
		"Prep",
		"Break",
		"Scan",
		"Break",
		"Break",
		"Scan",
		"Break",
		"Prep",
		"Scan",
		"Break",
		"Prep",
		"Break",
		"Scan",
		"Break",
		"Prep",
		"Break",
		"Break",
		"Scan",
		"Break",
		"Prep",
		"Break",
		"Scan",
		"Prep",
		"Scan",
		"Break",
		"Prep",
		"Scan",
		"Prep",
		"Scan",
		"Break",
		"Prep",
		"Scan",
		"Prep",
		"Break",
		"Scan",
		"Break",
		"Prep",
		"Break",
		"Prep",
		"Break",
		"Scan",
		"Break",
		"Prep",
		"Break",
		"Scan",
		"Break",
		"Prep",
		"Break",
		"Scan",
		"Break",
		"Prep",
		"Break",
		"Prep",
		"Break",
		"Scan",
		"Break",
		"Break",
		"Scan",
		"Break",
		"Break",
		"Scan",
		"Break",
		"Break",
		"Scan",
		"Break",
		"Scan",
		"Break",
		"Break",
		"Scan",
		"Break",
		"Prep",
		"Break",
		"Scan",
		"Dead"
	],
	"start" : 12.752778053283691
}