{
	"data" : 
	[
		0.60997265577316284,
		0.9148094654083252,
		1.5250812768936157,
		0.74070245027542114,
		0.9148094654083252,
		1.394052267074585,
		0.60997265577316284,
		5.2279953956604004,
		0.043676316738128662,
		0.043676316738128662,
		0.043377164751291275,
		5.5768074989318848,
		0.043377164751291275,
		0.30513590574264526,
		5.2716717720031738,
		0.043377164751291275,
		3.746889591217041,
		72.844619750976562
	],
	"end" : 18.37611198425293,
	"labels" : 
	[
		"Prep",
		"Scan",
		"Break",
		"Prep",
		"Scan",
		"Break",
		"Prep",
		"Scan",
		"Prep",
		"Break",
		"Prep",
		"Scan",
		"Break",
		"Prep",
		"Scan",
		"Break",
		"Scan",
		"Dead"
	],
	"start" : 17.739166259765625
}