{
	"data" : 
	[
		0.57052737474441528,
		0.92179501056671143,
		0.043851941823959351,
		0.7900884747505188,
		0.7900884747505188,
		0.043851941823959351,
		0.61452996730804443,
		0.7900884747505188,
		1.2729119062423706,
		0.70223391056060791,
		2.2385587692260742,
		0.043851941823959351,
		2.9847953319549561,
		2.7652342319488525,
		0.39496886730194092,
		0.13170652091503143,
		6.2328529357910156,
		6.1009955406188965,
		0.044002637267112732,
		0.96564698219299316,
		0.65838193893432617,
		4.1258502006530762,
		0.043851941823959351,
		0.30726498365402222,
		6.6278214454650879,
		0.043851941823959351,
		5.2233543395996094,
		0.35111695528030396,
		5.5304684638977051,
		0.043851941823959351,
		0.044002637267112732,
		0.087703883647918701,
		9.4369077682495117,
		0.70238453149795532,
		6.1449985504150391,
		32.085605621337891
	],
	"end" : 12.298055648803711,
	"labels" : 
	[
		"Prep",
		"Scan",
		"Break",
		"Prep",
		"Scan",
		"Break",
		"Prep",
		"Scan",
		"Break",
		"Prep",
		"Scan",
		"Break",
		"Scan",
		"Scan",
		"Prep",
		"Break",
		"Scan",
		"Scan",
		"Prep",
		"Break",
		"Prep",
		"Scan",
		"Prep",
		"Break",
		"Scan",
		"Prep",
		"Scan",
		"Break",
		"Scan",
		"Prep",
		"Break",
		"Prep",
		"Scan",
		"Prep",
		"Scan",
		"Dead"
	],
	"start" : 11.665833473205566
}