{
	"data" : 
	[
		0.32633459568023682,
		0.25639432668685913,
		1.9812144041061401,
		0.023286750540137291,
		0.79246979951858521,
		5.2444005012512207,
		0.48950192332267761,
		2.3774893283843994,
		1.4450589418411255,
		0.046653524041175842,
		4.8481254577636719,
		0.32633459568023682,
		0.023286750540137291,
		2.6338834762573242,
		0.67595595121383667,
		0.023286750540137291,
		2.5872299671173096,
		0.023366773501038551,
		0.20974080264568329,
		0.88569676876068115,
		3.3797798156738281,
		1.4684257507324219,
		0.023286750540137291,
		3.3796999454498291,
		66.429100036621094
	],
	"end" : 13.488611221313477,
	"labels" : 
	[
		"Prep",
		"Scan",
		"Break",
		"Prep",
		"Scan",
		"Break",
		"Prep",
		"Scan",
		"Break",
		"Prep",
		"Scan",
		"Break",
		"Prep",
		"Scan",
		"Break",
		"Prep",
		"Scan",
		"Prep",
		"Scan",
		"Break",
		"Scan",
		"Break",
		"Prep",
		"Scan",
		"Dead"
	],
	"start" : 12.298055648803711
}