{
	"data" : 
	[
		0.53760892152786255,
		0.86837965250015259,
		0.041310850530862808,
		0.78561598062515259,
		0.70299428701400757,
		0.041310850530862808,
		0.62023061513900757,
		0.74430513381958008,
		2.3983008861541748,
		2.1501517295837402,
		2.7290713787078857,
		2.0673880577087402,
		1.9434554576873779,
		0.37208157777786255,
		4.7966017723083496,
		0.041310850530862808,
		4.0936074256896973,
		5.7061500549316406,
		0.62023061513900757,
		3.4733765125274658,
		0.041310850530862808,
		4.0522966384887695,
		0.041310850530862808,
		5.9957518577575684,
		0.041310850530862808,
		0.41353440284729004,
		5.7474608421325684,
		0.041452813893556595,
		0.41339242458343506,
		4.134918212890625,
		44.243778228759766
	],
	"end" : 11.37138843536377,
	"labels" : 
	[
		"Prep",
		"Scan",
		"Break",
		"Prep",
		"Scan",
		"Break",
		"Prep",
		"Scan",
		"Break",
		"Scan",
		"Scan",
		"Scan",
		"Break",
		"Prep",
		"Scan",
		"Break",
		"Scan",
		"Scan",
		"Prep",
		"Scan",
		"Break",
		"Scan",
		"Prep",
		"Scan",
		"Break",
		"Prep",
		"Scan",
		"Break",
		"Prep",
		"Scan",
		"Dead"
	],
	"start" : 10.700277328491211
}