{
	"data" : 
	[
		1.5502550601959229,
		0.66466665267944336,
		1.9936196804046631,
		0.11065102368593216,
		1.6612863540649414,
		7.531494140625,
		3.2119216918945312,
		5.5374941825866699,
		4.3195724487304688,
		0.22130204737186432,
		5.8702077865600586,
		0.11065102368593216,
		0.11065102368593216,
		6.0915098190307617,
		0.44298431277275085,
		0.22168228030204773,
		10.853686332702637,
		49.396366119384766
	],
	"end" : 14.244999885559082,
	"labels" : 
	[
		"Prep",
		"Scan",
		"Break",
		"Prep",
		"Scan",
		"Break",
		"Prep",
		"Scan",
		"Break",
		"Prep",
		"Scan",
		"Break",
		"Prep",
		"Scan",
		"Break",
		"Prep",
		"Scan",
		"Dead"
	],
	"start" : 13.994444847106934
}