{
	"data" : 
	[
		0.33530443906784058,
		0.81039100885391235,
		1.2854295969009399,
		0.2794683575630188,
		0.027918053790926933,
		0.22353629767894745,
		3.8004050254821777,
		0.2794683575630188,
		0.22353629767894745,
		0.19557027518749237,
		2.8224096298217773,
		1.0618454217910767,
		0.22353629767894745,
		0.055932041257619858,
		4.3871636390686035,
		0.61477279663085938,
		0.028013991191983223,
		0.19552230834960938,
		0.61477279663085938,
		0.50300467014312744,
		0.67070484161376953,
		0.83830904960632324,
		0.027918053790926933,
		0.027918053790926933,
		9.5010604858398438,
		1.1736135482788086,
		0.25145435333251953,
		0.97809123992919922,
		0.7544589638710022,
		0.028013991191983223,
		0.19552230834960938,
		1.8443182706832886,
		0.30738639831542969,
		0.055932041257619858,
		1.5090138912200928,
		0.67060887813568115,
		0.36331844329833984,
		7.8801817893981934,
		54.854179382324219
	],
	"end" : 8.9202775955200195,
	"labels" : 
	[
		"Prep",
		"Scan",
		"Break",
		"Prep",
		"Break",
		"Break",
		"Scan",
		"Prep",
		"Break",
		"Break",
		"Scan",
		"Prep",
		"Break",
		"Prep",
		"Scan",
		"Prep",
		"Break",
		"Break",
		"Scan",
		"Break",
		"Prep",
		"Break",
		"Break",
		"Prep",
		"Scan",
		"Break",
		"Prep",
		"Break",
		"Prep",
		"Break",
		"Break",
		"Scan",
		"Break",
		"Prep",
		"Break",
		"Prep",
		"Break",
		"Scan",
		"Dead"
	],
	"start" : 7.9272222518920898
}