{
	"data" : 
	[
		0.20269401371479034,
		0.23384477198123932,
		0.45211419463157654,
		0.10913469642400742,
		1.1380195617675781,
		2.7282605171203613,
		0.015575379133224487,
		2.2917218208312988,
		2.6658520698547363,
		1.4966280460357666,
		0.015628902241587639,
		2.774986743927002,
		0.015575379133224487,
		0.26504907011985779,
		2.9932560920715332,
		82.501663208007812
	],
	"end" : 10.700277328491211,
	"labels" : 
	[
		"Prep",
		"Scan",
		"Break",
		"Prep",
		"Scan",
		"Scan",
		"Break",
		"Scan",
		"Scan",
		"Break",
		"Prep",
		"Scan",
		"Break",
		"Prep",
		"Scan",
		"Dead"
	],
	"start" : 8.9202775955200195
}