{
	"data" : 
	[
		0.45176702737808228,
		0.32270655035972595,
		0.74212539196014404,
		0.67765051126480103,
		1.9682551622390747,
		1.1294175386428833,
		5.291811466217041,
		1.1294175386428833,
		3.6461520195007324,
		0.032237421721220016,
		0.29046913981437683,
		3.3557937145233154,
		0.032237421721220016,
		4.0012068748474121,
		1.548836350440979,
		3.1622583866119385,
		72.117660522460938
	],
	"end" : 15.104999542236328,
	"labels" : 
	[
		"Prep",
		"Scan",
		"Break",
		"Scan",
		"Break",
		"Prep",
		"Scan",
		"Break",
		"Scan",
		"Prep",
		"Break",
		"Scan",
		"Prep",
		"Scan",
		"Prep",
		"Scan",
		"Dead"
	],
	"start" : 14.244999885559082
}