{
	"data" : 
	[
		0.66762298345565796,
		1.0014344453811646,
		2.0027050971984863,
		1.0014344453811646,
		1.1443561315536499,
		0.047804292291402817,
		0.14292174577713013,
		0.047804292291402817,
		6.5328168869018555,
		1.668893575668335,
		0.047804292291402817,
		0.33381149172782898,
		0.52453750371932983,
		0.047640580683946609,
		0.047640580683946609,
		11.968917846679688,
		0.047640580683946609,
		3.0041396617889404,
		9.4893159866333008,
		0.38161575794219971,
		0.14292174577713013,
		0.047804292291402817,
		7.6295323371887207,
		0.047640580683946609,
		2.5750467777252197,
		1.9550646543502808,
		0.047640580683946609,
		2.7657730579376221,
		0.61998236179351807,
		8.9169740676879883,
		9.6800413131713867,
		0.76306784152984619,
		0.047640580683946609,
		0.28617089986801147,
		0.047640580683946609,
		6.3897314071655273,
		0.047804292291402817,
		0.047476865351200104,
		7.4866108894348145,
		10.20457935333252
	],
	"end" : 16.105833053588867,
	"labels" : 
	[
		"Prep",
		"Scan",
		"Break",
		"Break",
		"Break",
		"Prep",
		"Break",
		"Prep",
		"Scan",
		"Break",
		"Prep",
		"Scan",
		"Break",
		"Prep",
		"Break",
		"Scan",
		"Break",
		"Break",
		"Scan",
		"Prep",
		"Break",
		"Break",
		"Scan",
		"Prep",
		"Break",
		"Break",
		"Prep",
		"Break",
		"Break",
		"Scan",
		"Break",
		"Break",
		"Prep",
		"Break",
		"Prep",
		"Scan",
		"Prep",
		"Break",
		"Scan",
		"Dead"
	],
	"start" : 15.52388858795166
}