{
	"data" : 
	[
		2.031959056854248,
		3.0499327182769775,
		3.0489356517791748,
		0.14556723833084106,
		16.698356628417969,
		7.2604155540466309,
		0.29013741016387939,
		23.377498626708984,
		1.8873889446258545,
		11.180759429931641,
		0.14556723833084106,
		1.0169765949249268,
		13.64842414855957,
		16.118082046508789
	],
	"end" : 18.567222595214844,
	"labels" : 
	[
		"Prep",
		"Scan",
		"Break",
		"Prep",
		"Scan",
		"Break",
		"Break",
		"Scan",
		"Break",
		"Scan",
		"Break",
		"Prep",
		"Scan",
		"Scan"
	],
	"start" : 18.37611198425293
}