{
	"data" : 
	[
		0.60346263647079468,
		1.042310357093811,
		5.1019339561462402,
		1.5909640789031982,
		0.38403880596160889,
		2.3040444850921631,
		4.8826985359191895,
		1.590775728225708,
		0.10980609059333801,
		0.38403880596160889,
		2.0298116207122803,
		0.054808873683214188,
		0.93269258737564087,
		0.38403880596160889,
		3.1269307136535645,
		2.578465461730957,
		1.8103878498077393,
		7.9546322822570801,
		2.7430806159973145,
		1.3165429830551147,
		0.38403880596160889,
		5.3213577270507812,
		0.43884769082069397,
		0.38403880596160889,
		0.98750150203704834,
		9.8200168609619141,
		0.38403880596160889,
		0.1646149605512619,
		1.2067369222640991,
		0.054997216910123825,
		0.38403880596160889,
		0.98750150203704834,
		0.054808873683214188,
		0.93250429630279541,
		0.93269258737564087,
		0.054808873683214188,
		0.93269258737564087,
		0.98750150203704834,
		0.054808873683214188,
		0.93269258737564087,
		0.93250429630279541,
		0.054997216910123825,
		0.43884769082069397,
		0.93250429630279541,
		0.98750150203704834,
		30.227941513061523
	],
	"end" : 13.994444847106934,
	"labels" : 
	[
		"Prep",
		"Scan",
		"Break",
		"Prep",
		"Break",
		"Scan",
		"Break",
		"Prep",
		"Break",
		"Break",
		"Scan",
		"Break",
		"Prep",
		"Break",
		"Scan",
		"Break",
		"Prep",
		"Scan",
		"Break",
		"Prep",
		"Break",
		"Scan",
		"Prep",
		"Break",
		"Scan",
		"Break",
		"Prep",
		"Break",
		"Scan",
		"Break",
		"Break",
		"Scan",
		"Prep",
		"Break",
		"Scan",
		"Break",
		"Break",
		"Scan",
		"Prep",
		"Break",
		"Scan",
		"Break",
		"Prep",
		"Break",
		"Scan",
		"Dead"
	],
	"start" : 13.488611221313477
}