{
	"data" : 
	[
		1.012813925743103,
		0.46057116985321045,
		1.5650566816329956,
		1.381081223487854,
		1.1051179170608521,
		3.6829888820648193,
		0.92051005363464355,
		0.27627947926521301,
		1.5653729438781738,
		9.5755805969238281,
		2.3019075393676758,
		3.4986968040466309,
		2.393895149230957,
		0.6445467472076416,
		2.6701748371124268,
		4.0512557029724121,
		0.092303894460201263,
		0.27627947926521301,
		0.091987781226634979,
		1.4730690717697144,
		1.7493484020233154,
		1.4733850955963135,
		0.64423066377639771,
		0.46057116985321045,
		1.2890934944152832,
		0.091987781226634979,
		6.4451513290405273,
		1.9336401224136353,
		0.091987781226634979,
		0.091987781226634979,
		1.2890934944152832,
		0.091987781226634979,
		0.091987781226634979,
		1.8416523933410645,
		0.92082619667053223,
		2.393895149230957,
		1.9333239793777466,
		1.1051179170608521,
		3.4067091941833496,
		4.8797783851623535,
		28.634754180908203
	],
	"end" : 15.52388858795166,
	"labels" : 
	[
		"Prep",
		"Break",
		"Scan",
		"Break",
		"Prep",
		"Break",
		"Prep",
		"Break",
		"Scan",
		"Break",
		"Prep",
		"Break",
		"Scan",
		"Break",
		"Break",
		"Prep",
		"Prep",
		"Break",
		"Prep",
		"Break",
		"Scan",
		"Prep",
		"Break",
		"Break",
		"Scan",
		"Break",
		"Break",
		"Scan",
		"Break",
		"Break",
		"Scan",
		"Prep",
		"Break",
		"Scan",
		"Break",
		"Prep",
		"Break",
		"Scan",
		"Break",
		"Prep",
		"Dead"
	],
	"start" : 15.104999542236328
}