{
	"data" : 
	[
		0.45976018905639648,
		3.1409933567047119,
		1.1494005918502808,
		1.0720725059509277,
		3.8306336402893066,
		1.1494005918502808,
		3.6007537841796875,
		0.99579638242721558,
		1.3787544965744019,
		9.8064641952514648,
		1.0725984573364258,
		2.2982749938964844,
		16.01112174987793,
		6.8185486793518066,
		0.6128382682800293,
		10.265698432922363,
		0.22988009452819824,
		6.8185486793518066,
		29.188461303710938
	],
	"end" : 16.468055725097656,
	"labels" : 
	[
		"Prep",
		"Break",
		"Prep",
		"Scan",
		"Break",
		"Prep",
		"Scan",
		"Break",
		"Prep",
		"Scan",
		"Break",
		"Prep",
		"Scan",
		"Break",
		"Prep",
		"Scan",
		"Prep",
		"Scan",
		"Dead"
	],
	"start" : 16.105833053588867
}