{
	"data" : 
	[
		0.52993607521057129,
		0.46352347731590271,
		1.192697286605835,
		0.46352347731590271,
		0.86154419183731079,
		2.7160928249359131,
		0.19878289103507996,
		10.466806411743164,
		1.1922425031661987,
		6.094947338104248,
		0.066412590444087982,
		0.86108928918838501,
		0.065957710146903992,
		13.24976634979248,
		0.065957710146903992,
		0.13237030804157257,
		9.6721296310424805,
		0.19878289103507996,
		9.0098237991333008,
		0.19832801818847656,
		16.230600357055664,
		0.19878289103507996,
		3.7759649753570557,
		21.993938446044922
	],
	"end" : 16.886943817138672,
	"labels" : 
	[
		"Prep",
		"Scan",
		"Break",
		"Prep",
		"Scan",
		"Break",
		"Break",
		"Scan",
		"Prep",
		"Scan",
		"Break",
		"Break",
		"Prep",
		"Scan",
		"Break",
		"Prep",
		"Scan",
		"Prep",
		"Scan",
		"Prep",
		"Scan",
		"Prep",
		"Scan",
		"Dead"
	],
	"start" : 16.468055725097656
}