{
	"data" : 
	[
		1.4139784574508667,
		1.3191738128662109,
		5.6549429893493652,
		1.3191738128662109,
		6.8799600601196289,
		8.1994571685791016,
		0.75390607118606567,
		17.152496337890625,
		57.206916809082031
	],
	"end" : 11.665833473205566,
	"labels" : 
	[
		"Prep",
		"Scan",
		"Break",
		"Prep",
		"Scan",
		"Break",
		"Prep",
		"Scan",
		"Dead"
	],
	"start" : 11.37138843536377
}