{
	"data" : 
	[
		0.4885331392288208,
		0.45588976144790649,
		1.3023824691772461,
		0.45588976144790649,
		0.1627698540687561,
		0.52095299959182739,
		1.725852370262146,
		0.58623981475830078,
		4.0050778388977051,
		0.97684270143508911,
		7.0983753204345703,
		0.2604764997959137,
		4.265777587890625,
		0.065063223242759705,
		3.0608782768249512,
		74.469001770019531
	],
	"end" : 17.739166259765625,
	"labels" : 
	[
		"Prep",
		"Scan",
		"Break",
		"Prep",
		"Scan",
		"Break",
		"Scan",
		"Prep",
		"Scan",
		"Prep",
		"Scan",
		"Prep",
		"Scan",
		"Prep",
		"Scan",
		"Dead"
	],
	"start" : 16.886943817138672
}