{
	"data" : 
	[
		0.62412774562835693,
		0.93611514568328857,
		0.9807283878326416,
		0.80242812633514404,
		0.66866457462310791,
		0.80242812633514404,
		1.1590287685394287,
		0.71320140361785889,
		0.13376352190971375,
		5.1264791488647461,
		0.044613350182771683,
		0.57951438426971436,
		7.8011379241943359,
		0.044689875096082687,
		1.5601663589477539,
		6.597571849822998,
		0.44582739472389221,
		0.4903641939163208,
		6.7758722305297852,
		0.044689875096082687,
		0.044536825269460678,
		7.8903641700744629,
		0.044536825269460678,
		0.84696495532989502,
		0.044536825269460678,
		6.9543256759643555,
		1.4264028072357178,
		3.1204855442047119,
		0.044689875096082687,
		4.5023517608642578,
		0.044536825269460678,
		5.0374059677124023,
		0.75789129734039307,
		1.1143388748168945,
		0.044689875096082687,
		9.6733684539794922,
		0.044689875096082687,
		0.71320140361785889,
		7.8012905120849609,
		13.417981147766113
	],
	"end" : 8.5247220993041992,
	"labels" : 
	[
		"Prep",
		"Scan",
		"Prep",
		"Scan",
		"Prep",
		"Scan",
		"Break",
		"Prep",
		"Break",
		"Scan",
		"Prep",
		"Break",
		"Scan",
		"Prep",
		"Break",
		"Scan",
		"Prep",
		"Break",
		"Scan",
		"Prep",
		"Break",
		"Scan",
		"Prep",
		"Break",
		"Prep",
		"Scan",
		"Break",
		"Scan",
		"Break",
		"Scan",
		"Break",
		"Scan",
		"Break",
		"Break",
		"Prep",
		"Scan",
		"Break",
		"Prep",
		"Scan",
		"Dead"
	],
	"start" : 7.9022221565246582
}