{
	"data" : 
	[
		0.52247107028961182,
		0.56261873245239258,
		1.8484466075897217,
		0.56261873245239258,
		4.540959358215332,
		0.68306159973144531,
		7.2734818458557129,
		0.040147632360458374,
		1.0046565532684326,
		15.149728775024414,
		0.040285594761371613,
		0.32145699858665466,
		7.5547914505004883,
		0.040147632360458374,
		0.60276633501052856,
		9.5238180160522461,
		6.3895440101623535,
		0.40175226330757141,
		9.523956298828125,
		0.36160460114479065,
		0.60276633501052856,
		17.199190139770508,
		15.149728775024414
	],
	"end" : 10.704166412353516,
	"labels" : 
	[
		"Prep",
		"Scan",
		"Break",
		"Prep",
		"Scan",
		"Prep",
		"Scan",
		"Break",
		"Prep",
		"Scan",
		"Break",
		"Prep",
		"Scan",
		"Prep",
		"Break",
		"Scan",
		"Break",
		"Break",
		"Scan",
		"Prep",
		"Break",
		"Scan",
		"Dead"
	],
	"start" : 10.01361083984375
}