{
	"data" : 
	[
		0.84142899513244629,
		1.4533296823501587,
		3.0597658157348633,
		2.1419148445129395,
		0.076421923935413361,
		0.076421923935413361,
		0.53547871112823486,
		1.4533296823501587,
		3.2128722667694092,
		1.8357019424438477,
		0.076684549450874329,
		0.15284384787082672,
		0.6119006872177124,
		1.1473793983459473,
		0.38263487815856934,
		1.3002232313156128,
		0.53547871112823486,
		4.3602514266967773,
		0.68832260370254517,
		2.218336820602417,
		11.474056243896484,
		0.6119006872177124,
		1.9888085126876831,
		0.076421923935413361,
		0.53547871112823486,
		7.1902265548706055,
		0.22952838242053986,
		0.53547871112823486,
		1.3769077062606812,
		3.7480883598327637,
		0.612163245677948,
		0.15284384787082672,
		2.1419148445129395,
		0.076421923935413361,
		0.53547871112823486,
		1.3002232313156128,
		0.076684549450874329,
		1.3002232313156128,
		1.3769077062606812,
		1.3004858493804932,
		1.3769077062606812,
		0.076421923935413361,
		1.3004858493804932,
		1.3766452074050903,
		0.612163245677948,
		1.3002232313156128,
		1.3769077062606812,
		29.679281234741211
	],
	"end" : 10.01361083984375,
	"labels" : 
	[
		"Prep",
		"Scan",
		"Break",
		"Prep",
		"Break",
		"Prep",
		"Break",
		"Scan",
		"Break",
		"Prep",
		"Break",
		"Break",
		"Break",
		"Scan",
		"Break",
		"Prep",
		"Break",
		"Scan",
		"Break",
		"Prep",
		"Scan",
		"Break",
		"Prep",
		"Break",
		"Break",
		"Scan",
		"Prep",
		"Break",
		"Scan",
		"Break",
		"Prep",
		"Break",
		"Scan",
		"Prep",
		"Break",
		"Scan",
		"Break",
		"Break",
		"Scan",
		"Break",
		"Scan",
		"Break",
		"Break",
		"Scan",
		"Prep",
		"Break",
		"Scan",
		"Dead"
	],
	"start" : 9.6508331298828125
}