{
	"data" : 
	[
		0.48734155297279358,
		0.41767013072967529,
		2.0189182758331299,
		0.76578831672668457,
		0.83534026145935059,
		3.7941656112670898,
		0.034775968641042709,
		0.41767013072967529,
		0.034775968641042709,
		8.980565071105957,
		1.0094591379165649,
		0.83545970916748047,
		12.391716957092285,
		0.034895472228527069,
		0.069551937282085419,
		10.929811477661133,
		0.034775968641042709,
		1.1486824750900269,
		11.173482894897461,
		4.4207305908203125,
		0.20889481902122498,
		10.720916748046875,
		0.034775968641042709,
		10.929811477661133,
		18.170024871826172
	],
	"end" : 12.591111183166504,
	"labels" : 
	[
		"Prep",
		"Scan",
		"Break",
		"Prep",
		"Scan",
		"Break",
		"Prep",
		"Break",
		"Prep",
		"Scan",
		"Prep",
		"Break",
		"Scan",
		"Break",
		"Prep",
		"Scan",
		"Break",
		"Prep",
		"Scan",
		"Break",
		"Prep",
		"Scan",
		"Prep",
		"Scan",
		"Dead"
	],
	"start" : 11.793889045715332
}