{
	"data" : 
	[
		0.034250903874635696,
		17.244213104248047,
		0.30861124396324158,
		1.3027113676071167,
		2.8111636638641357,
		0.34286212921142578,
		1.7484439611434937,
		5.3138337135314941,
		1.0969705581665039,
		10.627667427062988,
		0.34297984838485718,
		0.30837583541870117,
		9.0850820541381836,
		0.30837583541870117,
		0.27447801828384399,
		0.99410015344619751,
		0.034368604421615601,
		5.9650716781616211,
		6.6507964134216309,
		0.30861124396324158,
		10.216421127319336,
		0.034133203327655792,
		4.9709715843200684,
		0.034368604421615601,
		7.3708887100219727,
		12.170252799987793
	],
	"end" : 16.553888320922852,
	"labels" : 
	[
		"Prep",
		"Break",
		"Prep",
		"Scan",
		"Break",
		"Prep",
		"Scan",
		"Break",
		"Prep",
		"Scan",
		"Break",
		"Prep",
		"Scan",
		"Break",
		"Prep",
		"Break",
		"Prep",
		"Scan",
		"Scan",
		"Prep",
		"Scan",
		"Prep",
		"Scan",
		"Break",
		"Scan",
		"Dead"
	],
	"start" : 15.744444847106934
}