{
	"data" : 
	[
		0.47622421383857727,
		0.71421957015991211,
		0.034099429845809937,
		0.067965306341648102,
		1.5647201538085938,
		0.64625424146652222,
		0.7143363356590271,
		0.033982653170824051,
		0.47622421383857727,
		0.57817214727401733,
		0.033982653170824051,
		0.54430627822875977,
		0.57817214727401733,
		0.034099429845809937,
		0.30607742071151733,
		3.4695000648498535,
		0.51020687818527222,
		4.5918622016906738,
		0.51032364368438721,
		2.755047082901001,
		1.4966379404067993,
		0.23811210691928864,
		1.3945732116699219,
		0.10206473618745804,
		0.20412947237491608,
		0.37415948510169983,
		5.6463751792907715,
		0.54418951272964478,
		5.6123924255371094,
		0.033982653170824051,
		0.51020687818527222,
		0.47622421383857727,
		0.033982653170824051,
		0.47622421383857727,
		4.8300909996032715,
		4.2518019676208496,
		0.067965306341648102,
		4.8980560302734375,
		1.4626553058624268,
		0.78230160474777222,
		9.8981761932373047,
		0.033982653170824051,
		3.5374655723571777,
		0.034099429845809937,
		4.6599440574645996,
		0.033982653170824051,
		2.8232457637786865,
		0.033982653170824051,
		5.7143402099609375,
		5.7484397888183594,
		15.306439399719238
	],
	"end" : 13.406944274902344,
	"labels" : 
	[
		"Prep",
		"Scan",
		"Break",
		"Prep",
		"Break",
		"Prep",
		"Scan",
		"Break",
		"Prep",
		"Scan",
		"Break",
		"Prep",
		"Scan",
		"Break",
		"Prep",
		"Scan",
		"Prep",
		"Scan",
		"Prep",
		"Scan",
		"Break",
		"Prep",
		"Break",
		"Prep",
		"Break",
		"Prep",
		"Scan",
		"Prep",
		"Scan",
		"Break",
		"Prep",
		"Scan",
		"Break",
		"Prep",
		"Scan",
		"Break",
		"Prep",
		"Scan",
		"Break",
		"Prep",
		"Scan",
		"Prep",
		"Scan",
		"Prep",
		"Scan",
		"Break",
		"Scan",
		"Break",
		"Scan",
		"Scan",
		"Dead"
	],
	"start" : 12.591111183166504
}