{
	"data" : 
	[
		0.36188802123069763,
		0.64317244291305542,
		3.1356728076934814,
		0.36174997687339783,
		0.64331048727035522,
		2.2914054393768311,
		0.40205180644989014,
		1.4472759962081909,
		5.4270777702331543,
		0.28142243623733521,
		0.080465562641620636,
		5.5477070808410645,
		1.8493276834487915,
		0.72363799810409546,
		5.788966178894043,
		0.080327548086643219,
		0.32158622145652771,
		0.16079311072826385,
		0.040301792323589325,
		6.9145174026489258,
		0.080465562641620636,
		5.306586742401123,
		0.040163774043321609,
		1.768862247467041,
		0.040163774043321609,
		1.5276035070419312,
		0.040301792323589325,
		0.040163774043321609,
		11.497466087341309,
		0.92473292350769043,
		0.28142243623733521,
		0.040163774043321609,
		9.6482763290405273,
		0.040163774043321609,
		0.040163774043321609,
		0.040301792323589325,
		10.693501472473145,
		21.346837997436523
	],
	"end" : 9.2150001525878906,
	"labels" : 
	[
		"Prep",
		"Scan",
		"Break",
		"Prep",
		"Scan",
		"Break",
		"Prep",
		"Scan",
		"Break",
		"Prep",
		"Break",
		"Scan",
		"Break",
		"Prep",
		"Scan",
		"Break",
		"Prep",
		"Break",
		"Prep",
		"Scan",
		"Break",
		"Scan",
		"Prep",
		"Break",
		"Prep",
		"Break",
		"Break",
		"Prep",
		"Scan",
		"Prep",
		"Break",
		"Prep",
		"Scan",
		"Prep",
		"Break",
		"Prep",
		"Scan",
		"Dead"
	],
	"start" : 8.5247220993041992
}