{
	"data" : 
	[
		0.36971360445022583,
		0.34500965476036072,
		0.83773547410964966,
		0.024703975766897202,
		1.8235255479812622,
		0.4189523458480835,
		4.139946460723877,
		0.024534769356250763,
		0.71472322940826416,
		7.3433413505554199,
		0.024703975766897202,
		0.197124183177948,
		4.0165958404541016,
		0.073942720890045166,
		3.4746310710906982,
		0.024703975766897202,
		0.197124183177948,
		0.17242021858692169,
		0.024703975766897202,
		8.4029054641723633,
		67.24896240234375
	],
	"end" : 17.680000305175781,
	"labels" : 
	[
		"Prep",
		"Scan",
		"Break",
		"Prep",
		"Scan",
		"Prep",
		"Scan",
		"Break",
		"Prep",
		"Scan",
		"Break",
		"Prep",
		"Scan",
		"Prep",
		"Scan",
		"Break",
		"Prep",
		"Break",
		"Prep",
		"Scan",
		"Dead"
	],
	"start" : 16.553888320922852
}