{
	"data" : 
	[
		0.70926433801651001,
		0.70926433801651001,
		2.3808531761169434,
		0.70926433801651001,
		4.4074220657348633,
		0.05061204731464386,
		0.8612743616104126,
		8.1054058074951172,
		0.05061204731464386,
		2.5330371856689453,
		15.096476554870605,
		0.05061204731464386,
		0.40524420142173767,
		8.257415771484375,
		0.05061204731464386,
		8.2068042755126953,
		6.2311949729919434,
		8.257415771484375,
		0.05061204731464386,
		0.60786628723144531,
		16.058975219726562,
		16.109762191772461
	],
	"end" : 14.504722595214844,
	"labels" : 
	[
		"Prep",
		"Scan",
		"Break",
		"Prep",
		"Scan",
		"Break",
		"Prep",
		"Scan",
		"Break",
		"Prep",
		"Scan",
		"Break",
		"Prep",
		"Scan",
		"Prep",
		"Scan",
		"Break",
		"Scan",
		"Break",
		"Prep",
		"Scan",
		"Dead"
	],
	"start" : 13.956944465637207
}