{
	"data" : 
	[
		0.82761073112487793,
		0.70038688182830811,
		1.9101063013076782,
		2.4832694530487061,
		3.3108799457550049,
		2.3558270931243896,
		11.970188140869141,
		0.063611917197704315,
		0.12744243443012238,
		7.8314790725708008,
		0.06383051723241806,
		11.715303421020508,
		0.06383051723241806,
		11.078747749328613,
		3.1198258399963379,
		10.951523780822754,
		31.326137542724609
	],
	"end" : 9.6508331298828125,
	"labels" : 
	[
		"Prep",
		"Scan",
		"Break",
		"Scan",
		"Break",
		"Prep",
		"Scan",
		"Break",
		"Prep",
		"Scan",
		"Prep",
		"Scan",
		"Prep",
		"Scan",
		"Prep",
		"Scan",
		"Dead"
	],
	"start" : 9.2150001525878906
}