{
	"data" : 
	[
		0.30137285590171814,
		0.30137285590171814,
		1.0331516265869141,
		0.40897431969642639,
		0.62432509660720825,
		0.60259789228439331,
		0.3229522705078125,
		0.55973470211029053,
		0.34438389539718628,
		0.36581549048423767,
		2.1310417652130127,
		0.47356477379798889,
		3.6379058361053467,
		0.043011035770177841,
		0.40897431969642639,
		6.4147038459777832,
		0.34438389539718628,
		1.8080892562866211,
		0.021579420194029808,
		0.23678238689899445,
		6.263944149017334,
		0.021431615576148033,
		0.79651707410812378,
		1.5282958745956421,
		0.30137285590171814,
		2.1310417652130127,
		0.17219194769859314,
		0.49499639868736267,
		6.4147038459777832,
		0.021431615576148033,
		0.15076033771038055,
		3.6593375205993652,
		0.38739490509033203,
		0.043158840388059616,
		2.6260378360748291,
		0.23678238689899445,
		6.263944149017334,
		0.36596331000328064,
		2.8628203868865967,
		0.021579420194029808,
		0.15076033771038055,
		3.6593375205993652,
		0.021431615576148033,
		0.34438389539718628,
		0.021579420194029808,
		0.1937713623046875,
		6.1131834983825684,
		0.021579420194029808,
		0.15061253309249878,
		0.4521331787109375,
		0.021431615576148033,
		0.129180908203125,
		4.3482532501220703,
		0.021431615576148033,
		0.68891555070877075,
		5.4244160652160645,
		0.021431615576148033,
		0.34438389539718628,
		0.34453171491622925,
		6.4575672149658203,
		0.021579420194029808,
		0.34438389539718628,
		1.8082371950149536,
		0.32280445098876953,
		0.021579420194029808,
		6.8020987510681152,
		0.23678238689899445,
		6.2637958526611328
	],
	"end" : 18.969165802001953,
	"labels" : 
	[
		"Prep",
		"Scan",
		"Break",
		"Prep",
		"Scan",
		"Break",
		"Prep",
		"Scan",
		"Break",
		"Prep",
		"Scan",
		"Prep",
		"Scan",
		"Break",
		"Prep",
		"Scan",
		"Prep",
		"Scan",
		"Break",
		"Prep",
		"Scan",
		"Prep",
		"Scan",
		"Break",
		"Prep",
		"Scan",
		"Break",
		"Prep",
		"Scan",
		"Break",
		"Prep",
		"Scan",
		"Prep",
		"Break",
		"Scan",
		"Prep",
		"Scan",
		"Prep",
		"Scan",
		"Break",
		"Prep",
		"Scan",
		"Prep",
		"Break",
		"Prep",
		"Break",
		"Scan",
		"Break",
		"Prep",
		"Break",
		"Prep",
		"Break",
		"Scan",
		"Break",
		"Prep",
		"Scan",
		"Break",
		"Prep",
		"Break",
		"Scan",
		"Break",
		"Prep",
		"Break",
		"Break",
		"Prep",
		"Scan",
		"Prep",
		"Scan"
	],
	"start" : 17.680000305175781
}