{
	"data" : 
	[
		0.48296573758125305,
		0.48296573758125305,
		2.5526833534240723,
		0.2070191502571106,
		2.5526833534240723,
		1.8972806930541992,
		6.0711798667907715,
		5.0709033012390137,
		6.0368342399597168,
		6.3817086219787598,
		0.034463714808225632,
		6.0368342399597168,
		0.58635687828063965,
		7.0716934204101562,
		54.434425354003906
	],
	"end" : 15.744444847106934,
	"labels" : 
	[
		"Prep",
		"Scan",
		"Break",
		"Prep",
		"Scan",
		"Break",
		"Scan",
		"Scan",
		"Scan",
		"Break",
		"Prep",
		"Scan",
		"Prep",
		"Scan",
		"Dead"
	],
	"start" : 14.939999580383301
}