{
	"data" : 
	[
		0.35653060674667358,
		0.35653060674667358,
		0.50926703214645386,
		0.025528920814394951,
		1.858890175819397,
		0.025528920814394951,
		0.43285509943962097,
		0.63664937019348145,
		0.025441493839025497,
		0.050970416516065598,
		0.025441493839025497,
		4.2781925201416016,
		0.40741360187530518,
		7.588646411895752,
		0.20370680093765259,
		4.4563708305358887,
		0.025528920814394951,
		3.6160144805908203,
		6.8501439094543457,
		0.152823805809021,
		0.73850274085998535,
		0.28011870384216309,
		0.22914829850196838,
		0.63664937019348145,
		0.20370680093765259,
		0.56023740768432617,
		1.1713578701019287,
		0.025528920814394951,
		0.25458976626396179,
		2.2155082225799561,
		0.28011870384216309,
		0.56023740768432617,
		0.91676801443099976,
		0.25458976626396179,
		3.8707790374755859,
		0.20370680093765259,
		3.3104541301727295,
		0.025441493839025497,
		4.1508102416992188,
		0.45838400721549988,
		3.081305980682373,
		0.28011870384216309,
		0.25467720627784729,
		4.2781052589416504,
		0.025528920814394951,
		4.3545169830322266,
		5.0166077613830566,
		0.63664937019348145,
		4.6347231864929199,
		2.5973927974700928,
		0.22923573851585388,
		0.35644319653511047,
		0.84035611152648926,
		0.025528920814394951,
		3.6160144805908203,
		0.20370680093765259,
		0.66209077835083008,
		7.4103813171386719,
		9.1675052642822266
	],
	"end" : 11.793889045715332,
	"labels" : 
	[
		"Prep",
		"Scan",
		"Break",
		"Prep",
		"Scan",
		"Break",
		"Prep",
		"Break",
		"Prep",
		"Break",
		"Prep",
		"Scan",
		"Prep",
		"Scan",
		"Prep",
		"Scan",
		"Break",
		"Scan",
		"Break",
		"Prep",
		"Break",
		"Prep",
		"Scan",
		"Break",
		"Prep",
		"Scan",
		"Break",
		"Prep",
		"Scan",
		"Break",
		"Prep",
		"Scan",
		"Break",
		"Prep",
		"Scan",
		"Prep",
		"Scan",
		"Break",
		"Scan",
		"Prep",
		"Scan",
		"Break",
		"Prep",
		"Scan",
		"Break",
		"Scan",
		"Break",
		"Prep",
		"Scan",
		"Break",
		"Prep",
		"Scan",
		"Break",
		"Prep",
		"Scan",
		"Break",
		"Prep",
		"Scan",
		"Dead"
	],
	"start" : 10.704166412353516
}