{
	"data" : 
	[
		0.89236104488372803,
		0.89257991313934326,
		1.59386146068573,
		4.6539788246154785,
		0.063693173229694366,
		0.44628995656967163,
		11.156591415405273,
		9.3716506958007812,
		10.901819229125977,
		8.1601676940917969,
		11.156810760498047,
		0.063693173229694366,
		1.0838782787322998,
		12.240469932556152,
		27.222156524658203
	],
	"end" : 14.939999580383301,
	"labels" : 
	[
		"Prep",
		"Scan",
		"Break",
		"Scan",
		"Break",
		"Prep",
		"Scan",
		"Scan",
		"Scan",
		"Break",
		"Scan",
		"Break",
		"Prep",
		"Scan",
		"Dead"
	],
	"start" : 14.504722595214844
}