{
	"data" : 
	[
		0.70639884471893311,
		0.70639884471893311,
		2.2200117111206055,
		0.85762155055999756,
		3.7842049598693848,
		0.050407562404870987,
		1.1100058555603027,
		9.0312690734863281,
		0.050580792129039764,
		0.15122270584106445,
		16.246480941772461,
		0.40360698103904724,
		9.4350490570068359,
		0.050407562404870987,
		7.2654457092285156,
		7.5176558494567871,
		7.3160262107849121,
		0.050407562404870987,
		0.65581798553466797,
		14.631879806518555,
		17.65910530090332
	],
	"end" : 13.956944465637207,
	"labels" : 
	[
		"Prep",
		"Scan",
		"Break",
		"Prep",
		"Scan",
		"Break",
		"Prep",
		"Scan",
		"Break",
		"Prep",
		"Scan",
		"Prep",
		"Scan",
		"Break",
		"Scan",
		"Break",
		"Scan",
		"Break",
		"Prep",
		"Scan",
		"Dead"
	],
	"start" : 13.406944274902344
}