{
	"data" : 
	[
		0.35299810767173767,
		0.63546121120452881,
		0.40002143383026123,
		0.35299810767173767,
		4.4478249549865723,
		0.023592457175254822,
		0.47063720226287842,
		6.3070235252380371,
		0.49414891004562378,
		0.28246313333511353,
		0.023511661216616631,
		2.3533477783203125,
		0.18825489282608032,
		2.4474751949310303,
		0.023592457175254822,
		1.9297338724136353,
		0.023511661216616631,
		0.18825489282608032,
		3.4124228954315186,
		0.094127446413040161,
		0.047023322433233261,
		6.1187686920166016,
		0.42361387610435486,
		0.16474322974681854,
		3.6477010250091553,
		0.44712558388710022,
		0.23535901308059692,
		3.6947243213653564,
		1.1060984134674072,
		0.023511661216616631,
		4.9420547485351562,
		0.023511661216616631,
		0.32948645949363708,
		0.023511661216616631,
		5.1303091049194336,
		0.023592457175254822,
		0.40002143383026123,
		0.28246313333511353,
		0.023511661216616631,
		0.047023322433233261,
		5.930513858795166,
		0.25887066125869751,
		0.070615783333778381,
		4.9419732093811035,
		37.112472534179688
	],
	"end" : 11.891388893127441,
	"labels" : 
	[
		"Prep",
		"Scan",
		"Break",
		"Prep",
		"Scan",
		"Break",
		"Prep",
		"Scan",
		"Prep",
		"Scan",
		"Break",
		"Scan",
		"Prep",
		"Scan",
		"Prep",
		"Scan",
		"Break",
		"Prep",
		"Scan",
		"Break",
		"Prep",
		"Scan",
		"Prep",
		"Break",
		"Scan",
		"Break",
		"Prep",
		"Scan",
		"Break",
		"Prep",
		"Scan",
		"Break",
		"Break",
		"Prep",
		"Scan",
		"Break",
		"Prep",
		"Break",
		"Prep",
		"Break",
		"Scan",
		"Break",
		"Prep",
		"Scan",
		"Dead"
	],
	"start" : 10.712222099304199
}