{
	"data" : 
	[
		0.40371322631835938,
		0.25691986083984375,
		1.9451065063476562,
		0.77075964212417603,
		1.0275535583496094,
		0.25691986083984375,
		2.4222793579101562,
		0.84409326314926147,
		1.0643464326858521,
		1.9452325105667114,
		1.0642203092575073,
		0.036792844533920288,
		1.3579331636428833,
		0.29358673095703125,
		0.69729995727539062,
		1.027679443359375,
		0.073333680629730225,
		7.5970921516418457,
		0.11012651771306992,
		0.18358619511127472,
		0.22012703120708466,
		4.8813519477844238,
		0.4770469069480896,
		7.5604248046875,
		5.8354458808898926,
		1.2844734191894531,
		0.25704589486122131,
		1.0274275541305542,
		1.9084397554397583,
		0.11012651771306992,
		0.29358673095703125,
		3.7803385257720947,
		0.073333680629730225,
		0.25704589486122131,
		0.88076019287109375,
		0.40371322631835938,
		0.55038058757781982,
		7.7073440551757812,
		0.18346020579338074,
		0.1469193696975708,
		3.3395805358886719,
		3.2664988040924072,
		0.9540938138961792,
		0.2938387393951416,
		0.036540836095809937,
		3.3766255378723145,
		0.5871734619140625,
		8.3678522109985352,
		0.036540836095809937,
		6.4228711128234863,
		2.2020263671875,
		9.7989921569824219
	],
	"end" : 16.553054809570312,
	"labels" : 
	[
		"Prep",
		"Break",
		"Scan",
		"Break",
		"Prep",
		"Break",
		"Scan",
		"Break",
		"Prep",
		"Break",
		"Scan",
		"Break",
		"Prep",
		"Prep",
		"Scan",
		"Break",
		"Prep",
		"Scan",
		"Break",
		"Prep",
		"Break",
		"Scan",
		"Break",
		"Scan",
		"Break",
		"Prep",
		"Break",
		"Scan",
		"Break",
		"Prep",
		"Break",
		"Scan",
		"Prep",
		"Break",
		"Scan",
		"Break",
		"Prep",
		"Scan",
		"Break",
		"Prep",
		"Break",
		"Scan",
		"Prep",
		"Break",
		"Prep",
		"Scan",
		"Prep",
		"Scan",
		"Break",
		"Scan",
		"Prep",
		"Scan"
	],
	"start" : 15.796944618225098
}