{
	"data" : 
	[
		1.0179176330566406,
		0.46958070993423462,
		0.62655556201934814,
		0.8609427809715271,
		4.9326133728027344,
		1.3307921886444092,
		9.94317626953125,
		2.583634614944458,
		0.15643730759620667,
		9.5515451431274414,
		0.078218653798103333,
		1.0961363315582275,
		7.8291225433349609,
		0.078487448394298553,
		9.7079830169677734,
		0.078487448394298553,
		0.15643730759620667,
		18.476804733276367,
		30.925127029418945
	],
	"end" : 10.712222099304199,
	"labels" : 
	[
		"Prep",
		"Scan",
		"Break",
		"Scan",
		"Break",
		"Prep",
		"Scan",
		"Break",
		"Prep",
		"Scan",
		"Break",
		"Prep",
		"Scan",
		"Prep",
		"Scan",
		"Break",
		"Prep",
		"Scan",
		"Dead"
	],
	"start" : 10.35777759552002
}