{
	"data" : 
	[
		0.518993079662323,
		0.27951052784919739,
		1.5572534799575806,
		0.43921124935150146,
		2.3956480026245117,
		0.67883092164993286,
		5.7096095085144043,
		1.6770632266998291,
		0.039890911430120468,
		6.3884401321411133,
		3.9927923679351807,
		0.079918906092643738,
		4.7914333343505859,
		4.3919754028320312,
		0.04002799466252327,
		0.079781822860240936,
		9.3432464599609375,
		57.496376037597656
	],
	"end" : 9.1383333206176758,
	"labels" : 
	[
		"Prep",
		"Scan",
		"Break",
		"Scan",
		"Break",
		"Prep",
		"Scan",
		"Break",
		"Prep",
		"Scan",
		"Break",
		"Prep",
		"Scan",
		"Scan",
		"Break",
		"Prep",
		"Scan",
		"Dead"
	],
	"start" : 8.443333625793457
}