{
	"data" : 
	[
		0.26676896214485168,
		0.11434824019670486,
		0.15242071449756622,
		0.019036233425140381,
		0.19055859744548798,
		0.87645184993743896,
		0.53353792428970337,
		2.9723999500274658,
		0.38111719489097595,
		0.038072466850280762,
		3.0486104488372803,
		0.019101651385426521,
		0.038072466850280762,
		2.6294863224029541,
		0.019036233425140381,
		0.019036233425140381,
		0.038137886673212051,
		0.20959481596946716,
		2.362652063369751,
		0.038137886673212051,
		4.4967379570007324,
		81.436683654785156
	],
	"end" : 14.007778167724609,
	"labels" : 
	[
		"Prep",
		"Scan",
		"Break",
		"Prep",
		"Scan",
		"Break",
		"Prep",
		"Scan",
		"Break",
		"Prep",
		"Scan",
		"Break",
		"Prep",
		"Scan",
		"Break",
		"Prep",
		"Scan",
		"Break",
		"Scan",
		"Prep",
		"Scan",
		"Dead"
	],
	"start" : 12.551388740539551
}