{
	"data" : 
	[
		0.32871866226196289,
		0.20909133553504944,
		1.5838823318481445,
		0.74710649251937866,
		0.95619779825210571,
		0.20919391512870789,
		1.9723118543624878,
		0.26900759339332581,
		0.86652863025665283,
		1.6137378215789795,
		0.86663126945495605,
		0.44824337959289551,
		1.0758252143859863,
		0.35857418179512024,
		0.56776809692382812,
		0.20919391512870789,
		0.74710649251937866,
		0.20919391512870789,
		3.9446237087249756,
		8.3075332641601562,
		0.53791260719299316,
		0.17933839559555054,
		0.83667314052581787,
		1.4343993663787842,
		0.20919391512870789,
		3.0182814598083496,
		0.029855534434318542,
		0.23904944956302643,
		0.17933839559555054,
		0.71714836359024048,
		0.38853231072425842,
		0.44824337959289551,
		6.2755098342895508,
		0.089566603302955627,
		0.41838783025741577,
		6.4249935150146484,
		0.11952472478151321,
		2.8089849948883057,
		2.6895630359649658,
		0.11952472478151321,
		2.5997912883758545,
		0.029958130791783333,
		0.1792358011007309,
		0.029958130791783333,
		2.7791295051574707,
		0.26890498399734497,
		0.26900759339332581,
		6.6340842247009277,
		0.23904944956302643,
		0.26890498399734497,
		0.059813663363456726,
		7.2915215492248535,
		0.23904944956302643,
		4.751441478729248,
		2.2113614082336426,
		7.1421413421630859,
		12.252157211303711
	],
	"end" : 14.943055152893066,
	"labels" : 
	[
		"Prep",
		"Break",
		"Scan",
		"Break",
		"Prep",
		"Break",
		"Scan",
		"Break",
		"Prep",
		"Break",
		"Scan",
		"Break",
		"Prep",
		"Prep",
		"Scan",
		"Break",
		"Prep",
		"Break",
		"Scan",
		"Break",
		"Prep",
		"Break",
		"Scan",
		"Break",
		"Break",
		"Scan",
		"Break",
		"Prep",
		"Break",
		"Scan",
		"Break",
		"Prep",
		"Scan",
		"Break",
		"Prep",
		"Scan",
		"Prep",
		"Break",
		"Scan",
		"Prep",
		"Scan",
		"Break",
		"Prep",
		"Break",
		"Scan",
		"Break",
		"Prep",
		"Scan",
		"Break",
		"Prep",
		"Break",
		"Scan",
		"Prep",
		"Scan",
		"Prep",
		"Scan",
		"Dead"
	],
	"start" : 14.007778167724609
}