{
	"data" : 
	[
		0.6306723952293396,
		1.1773320436477661,
		2.8590288162231445,
		0.6306723952293396,
		6.601201057434082,
		0.71468502283096313,
		3.0273427963256836,
		0.33633935451507568,
		0.42049634456634521,
		3.2795250415802002,
		0.33633935451507568,
		0.12616333365440369,
		9.1238899230957031,
		0.042006328701972961,
		0.084157012403011322,
		8.619236946105957,
		0.12616333365440369,
		8.4932184219360352,
		0.042006328701972961,
		0.54651534557342529,
		0.37849003076553345,
		7.9045519828796387,
		44.399967193603516
	],
	"end" : 12.551388740539551,
	"labels" : 
	[
		"Prep",
		"Scan",
		"Break",
		"Prep",
		"Scan",
		"Prep",
		"Scan",
		"Break",
		"Prep",
		"Scan",
		"Break",
		"Prep",
		"Scan",
		"Break",
		"Prep",
		"Scan",
		"Prep",
		"Scan",
		"Break",
		"Prep",
		"Break",
		"Scan",
		"Dead"
	],
	"start" : 11.891388893127441
}