{
	"data" : 
	[
		0.34133881330490112,
		0.68267762660980225,
		1.1378481388092041,
		0.36407390236854553,
		0.1137535572052002,
		0.022813213989138603,
		0.70541268587112427,
		0.34133881330490112,
		0.34133881330490112,
		0.022813213989138603,
		0.70541268587112427,
		0.65994250774383545,
		0.045470170676708221,
		0.7965092658996582,
		0.29579049348831177,
		0.45517048239707947,
		0.22750711441040039,
		0.31860372424125671,
		2.6852402687072754,
		4.4830307960510254,
		0.1137535572052002,
		0.38688710331916809,
		0.5233757495880127,
		0.34133881330490112,
		0.022735085338354111,
		0.022813213989138603,
		4.6422543525695801,
		0.1137535572052002,
		0.18203695118427277,
		0.022813213989138603,
		0.25032031536102295,
		0.045470170676708221,
		4.6422543525695801,
		0.022813213989138603,
		0.97846812009811401,
		0.15930186212062836,
		5.5980658531188965,
		0.022735085338354111,
		0.36415201425552368,
		2.5259385108947754,
		0.045470170676708221,
		1.1605831384658813,
		4.8243699073791504,
		0.31852558255195618,
		0.022813213989138603,
		0.1364886462688446,
		0.022735085338354111,
		5.5980658531188965,
		0.25032031536102295,
		0.22758524119853973,
		0.022735085338354111,
		0.022735085338354111,
		2.8445422649383545,
		0.045548301190137863,
		0.22758524119853973,
		0.022735085338354111,
		0.20477202534675598,
		0.2958686351776123,
		0.31860372424125671,
		0.38680899143218994,
		4.8698396682739258,
		1.0922998189926147,
		0.34133881330490112,
		0.2958686351776123,
		0.022735085338354111,
		4.8698396682739258,
		0.022735085338354111,
		0.022813213989138603,
		1.0012812614440918,
		0.43235728144645691,
		0.15930186212062836,
		0.022735085338354111,
		2.9810307025909424,
		2.0481109619140625,
		0.36407390236854553,
		3.0265791416168213,
		0.18203695118427277,
		0.31860372424125671,
		0.045548301190137863,
		0.022735085338354111,
		0.59165918827056885,
		1.2288665771484375,
		4.8470268249511719,
		0.34133881330490112,
		0.15930186212062836,
		2.5487515926361084,
		15.314932823181152
	],
	"end" : 10.35777759552002,
	"labels" : 
	[
		"Prep",
		"Scan",
		"Break",
		"Prep",
		"Break",
		"Prep",
		"Scan",
		"Break",
		"Prep",
		"Break",
		"Scan",
		"Break",
		"Prep",
		"Break",
		"Prep",
		"Scan",
		"Break",
		"Prep",
		"Scan",
		"Scan",
		"Break",
		"Prep",
		"Scan",
		"Break",
		"Prep",
		"Break",
		"Scan",
		"Break",
		"Break",
		"Prep",
		"Scan",
		"Break",
		"Scan",
		"Prep",
		"Break",
		"Break",
		"Scan",
		"Break",
		"Prep",
		"Scan",
		"Scan",
		"Break",
		"Scan",
		"Break",
		"Prep",
		"Break",
		"Prep",
		"Scan",
		"Break",
		"Prep",
		"Break",
		"Prep",
		"Scan",
		"Break",
		"Prep",
		"Break",
		"Scan",
		"Break",
		"Prep",
		"Break",
		"Scan",
		"Break",
		"Prep",
		"Break",
		"Prep",
		"Scan",
		"Break",
		"Prep",
		"Break",
		"Scan",
		"Break",
		"Prep",
		"Scan",
		"Break",
		"Prep",
		"Scan",
		"Break",
		"Prep",
		"Break",
		"Prep",
		"Scan",
		"Break",
		"Scan",
		"Break",
		"Prep",
		"Scan",
		"Dead"
	],
	"start" : 9.1383333206176758
}