{
	"data" : 
	[
		0.45499974489212036,
		0.90999948978424072,
		1.0398719310760498,
		0.48757940530776978,
		5.6546940803527832,
		0.55240404605865479,
		2.3724029064178467,
		0.19503176212310791,
		0.64991992712020874,
		7.344597339630127,
		0.032579675316810608,
		0.064936205744743347,
		6.8897089958190918,
		0.097515881061553955,
		0.55240404605865479,
		0.25996798276901245,
		2.762354850769043,
		0.032579675316810608,
		6.9871134757995605,
		27.006095886230469,
		0.12998399138450623,
		7.3447089195251465,
		28.078550338745117
	],
	"end" : 15.796944618225098,
	"labels" : 
	[
		"Prep",
		"Scan",
		"Break",
		"Prep",
		"Scan",
		"Prep",
		"Scan",
		"Break",
		"Prep",
		"Scan",
		"Break",
		"Prep",
		"Scan",
		"Prep",
		"Break",
		"Prep",
		"Scan",
		"Prep",
		"Scan",
		"Break",
		"Prep",
		"Scan",
		"Dead"
	],
	"start" : 14.943055152893066
}