{
	"data" : 
	[
		1.1625097990036011,
		1.6276199817657471,
		3.1001145839691162,
		6.8976283073425293,
		0.077429689466953278,
		0.077429689466953278,
		0.077695772051811218,
		15.267751693725586,
		0.077429689466953278,
		0.54254001379013062,
		18.213006973266602,
		1.9376049041748047,
		12.400192260742188,
		38.441047668457031
	],
	"end" : 10.791666984558105,
	"labels" : 
	[
		"Prep",
		"Scan",
		"Break",
		"Scan",
		"Break",
		"Break",
		"Prep",
		"Scan",
		"Break",
		"Prep",
		"Scan",
		"Break",
		"Scan",
		"Dead"
	],
	"start" : 10.433610916137695
}