{
	"data" : 
	[
		0.66986018419265747,
		0.66986018419265747,
		1.6266858577728271,
		0.66986018419265747,
		3.492701530456543,
		0.047800224274396896,
		0.81342506408691406,
		8.0378293991088867,
		0.047800224274396896,
		0.14356492459774017,
		14.257771492004395,
		0.38273030519485474,
		7.7986640930175781,
		0.047964483499526978,
		6.7938733100891113,
		11.578495025634766,
		6.7938733100891113,
		0.047964483499526978,
		0.095600448548793793,
		13.92284107208252,
		21.960834503173828
	],
	"end" : 16.26472282409668,
	"labels" : 
	[
		"Prep",
		"Scan",
		"Break",
		"Prep",
		"Scan",
		"Break",
		"Prep",
		"Scan",
		"Break",
		"Prep",
		"Scan",
		"Prep",
		"Scan",
		"Break",
		"Scan",
		"Break",
		"Scan",
		"Break",
		"Prep",
		"Scan",
		"Dead"
	],
	"start" : 15.684721946716309
}