{
	"data" : 
	[
		0.41775238513946533,
		0.027824662625789642,
		0.58489155769348145,
		0.47340172529220581,
		0.50132197141647339,
		0.4456726610660553,
		0.47340172529220581,
		2.0052878856658936,
		0.44557708501815796,
		0.50132197141647339,
		3.1192307472229004,
		0.027920279651880264,
		0.77975982427597046,
		0.027824662625789642,
		0.25070881843566895,
		7.3246750831604004,
		0.22278854250907898,
		1.1140382289886475,
		0.69628584384918213,
		0.027824662625789642,
		0.25070881843566895,
		6.5169949531555176,
		3.8434367179870605,
		0.44557708501815796,
		0.08356960117816925,
		4.456057071685791,
		0.19496385753154755,
		3.4535088539123535,
		0.72411054372787476,
		0.055649325251579285,
		3.8712613582611084,
		0.2785334587097168,
		3.9269106388092041,
		0.027824662625789642,
		0.41775238513946533,
		0.027824662625789642,
		4.6789412498474121,
		0.027824662625789642,
		0.027824662625789642,
		4.4839773178100586,
		42.639240264892578
	],
	"end" : 9.2952775955200195,
	"labels" : 
	[
		"Prep",
		"Break",
		"Scan",
		"Prep",
		"Scan",
		"Prep",
		"Scan",
		"Break",
		"Prep",
		"Break",
		"Scan",
		"Prep",
		"Break",
		"Prep",
		"Break",
		"Scan",
		"Break",
		"Break",
		"Break",
		"Prep",
		"Break",
		"Scan",
		"Break",
		"Prep",
		"Break",
		"Scan",
		"Prep",
		"Scan",
		"Break",
		"Break",
		"Scan",
		"Prep",
		"Scan",
		"Break",
		"Prep",
		"Break",
		"Scan",
		"Prep",
		"Break",
		"Scan",
		"Dead"
	],
	"start" : 8.29888916015625
}