{
	"data" : 
	[
		2.0953011512756348,
		2.794694185256958,
		5.1691770553588867,
		2.3754420280456543,
		13.134007453918457,
		0.27918159961700439,
		15.928702354431152,
		0.13911110162734985,
		11.876251220703125,
		0.14007048308849335,
		1.1176856756210327,
		15.648560523986816,
		29.201820373535156
	],
	"end" : 18.985555648803711,
	"labels" : 
	[
		"Prep",
		"Scan",
		"Break",
		"Prep",
		"Scan",
		"Break",
		"Scan",
		"Prep",
		"Scan",
		"Break",
		"Prep",
		"Scan",
		"Dead"
	],
	"start" : 18.786945343017578
}