{
	"data" : 
	[
		1.3712384700775146,
		1.3712384700775146,
		3.624131441116333,
		1.3705660104751587,
		8.1292457580566406,
		0.098185785114765167,
		1.6651233434677124,
		16.453517913818359,
		0.88165456056594849,
		2.9381759166717529,
		29.186735153198242,
		0.78346878290176392,
		17.23765754699707,
		0.78346878290176392,
		14.005596160888672
	],
	"end" : 20.004167556762695,
	"labels" : 
	[
		"Prep",
		"Scan",
		"Break",
		"Prep",
		"Scan",
		"Break",
		"Prep",
		"Scan",
		"Break",
		"Prep",
		"Scan",
		"Prep",
		"Scan",
		"Prep",
		"Scan"
	],
	"start" : 19.720832824707031
}