{
	"data" : 
	[
		0.50922441482543945,
		1.6201727390289307,
		1.2498565912246704,
		0.4167248010635376,
		1.0184488296508789,
		1.9906476736068726,
		0.6943824291229248,
		7.267890453338623,
		0.092658489942550659,
		9.3510379791259766,
		0.37047502398490906,
		1.6201727390289307,
		0.04624977707862854,
		10.46230411529541,
		0.97204005718231201,
		1.111107349395752,
		7.5919570922851562,
		0.37031608819961548,
		10.323395729064941,
		1.1109483242034912,
		9.7679214477539062,
		0.64797371625900269,
		7.3142991065979004,
		23.979795455932617
	],
	"end" : 11.391111373901367,
	"labels" : 
	[
		"Prep",
		"Scan",
		"Break",
		"Prep",
		"Scan",
		"Break",
		"Prep",
		"Scan",
		"Break",
		"Scan",
		"Prep",
		"Break",
		"Prep",
		"Scan",
		"Break",
		"Prep",
		"Scan",
		"Prep",
		"Scan",
		"Prep",
		"Scan",
		"Break",
		"Scan",
		"Dead"
	],
	"start" : 10.791666984558105
}