{
	"data" : 
	[
		0.71917980909347534,
		2.2881770133972168,
		5.0342583656311035,
		0.065543226897716522,
		1.9613587856292725,
		1.3072731494903564,
		0.065543226897716522,
		8.368433952331543,
		0.39236152172088623,
		14.710414886474609,
		2.4192633628845215,
		0.5880933403968811,
		0.98090380430221558,
		17.587133407592773,
		0.58854228258132935,
		11.637515068054199,
		12.879693984985352,
		18.306312561035156
	],
	"end" : 17.890277862548828,
	"labels" : 
	[
		"Prep",
		"Scan",
		"Break",
		"Prep",
		"Scan",
		"Break",
		"Prep",
		"Scan",
		"Break",
		"Scan",
		"Break",
		"Prep",
		"Break",
		"Break",
		"Scan",
		"Break",
		"Prep",
		"Dead"
	],
	"start" : 17.46583366394043
}