{
	"data" : 
	[
		1.1362024545669556,
		0.81133437156677246,
		0.73053526878356934,
		1.6232259273529053,
		4.3820972442626953,
		1.3797142505645752,
		14.688717842102051,
		0.16215543448925018,
		12.416871070861816,
		0.080799095332622528,
		0.081356331706047058,
		15.905720710754395,
		0.16271266341209412,
		13.065491676330566,
		33.273067474365234
	],
	"end" : 18.786945343017578,
	"labels" : 
	[
		"Prep",
		"Scan",
		"Break",
		"Scan",
		"Break",
		"Prep",
		"Scan",
		"Break",
		"Scan",
		"Break",
		"Prep",
		"Scan",
		"Prep",
		"Scan",
		"Dead"
	],
	"start" : 18.444999694824219
}