{
	"data" : 
	[
		0.45298716425895691,
		1.3584432601928711,
		2.3022530078887939,
		0.37757569551467896,
		1.4341139793395996,
		1.6981836557388306,
		0.52839869260787964,
		5.3215632438659668,
		0.60381019115447998,
		0.075411483645439148,
		7.3219103813171387,
		0.52813953161239624,
		0.49082252383232117,
		0.22649358212947845,
		0.037576168775558472,
		9.5106573104858398,
		0.037835314869880676,
		1.0943734645843506,
		6.3029489517211914,
		0.60381019115447998,
		0.075411483645439148,
		0.037835314869880676,
		8.378448486328125,
		0.94355052709579468,
		8.5292720794677734,
		0.037835314869880676,
		0.075411483645439148,
		6.3026890754699707,
		0.037835314869880676,
		0.075411483645439148,
		8.4162845611572266,
		1.1700441837310791,
		8.5671072006225586,
		16.945554733276367
	],
	"end" : 19.720832824707031,
	"labels" : 
	[
		"Prep",
		"Scan",
		"Break",
		"Prep",
		"Scan",
		"Break",
		"Prep",
		"Scan",
		"Break",
		"Break",
		"Scan",
		"Prep",
		"Break",
		"Break",
		"Prep",
		"Scan",
		"Break",
		"Prep",
		"Scan",
		"Break",
		"Prep",
		"Break",
		"Scan",
		"Prep",
		"Scan",
		"Break",
		"Prep",
		"Scan",
		"Break",
		"Prep",
		"Scan",
		"Prep",
		"Scan",
		"Dead"
	],
	"start" : 18.985555648803711
}