{
	"data" : 
	[
		0.55767697095870972,
		0.52053254842758179,
		1.5614700317382812,
		2.7140960693359375,
		0.037144426256418228,
		0.63209348917007446,
		6.2460074424743652,
		0.037144426256418228,
		0.29753836989402771,
		5.614041805267334,
		6.8036847114562988,
		0.037144426256418228,
		0.29753836989402771,
		11.079251289367676,
		0.074416495859622955,
		11.934466361999512,
		0.074416495859622955,
		5.2793593406677246,
		9.6666145324707031,
		0.037144426256418228,
		5.2422146797180176,
		0.9666486382484436,
		0.29741069674491882,
		10.819111824035645,
		19.072834014892578
	],
	"end" : 12.137499809265137,
	"labels" : 
	[
		"Prep",
		"Scan",
		"Break",
		"Scan",
		"Break",
		"Prep",
		"Scan",
		"Break",
		"Prep",
		"Scan",
		"Scan",
		"Break",
		"Prep",
		"Scan",
		"Prep",
		"Scan",
		"Break",
		"Scan",
		"Break",
		"Prep",
		"Scan",
		"Break",
		"Prep",
		"Scan",
		"Dead"
	],
	"start" : 11.391111373901367
}