{
	"data" : 
	[
		0.8924567699432373,
		0.96128863096237183,
		2.4029858112335205,
		0.068831853568553925,
		5.011995792388916,
		0.068831853568553925,
		1.1673127412796021,
		11.534520149230957,
		0.068831853568553925,
		0.20602409541606903,
		0.61807233095169067,
		1.8537454605102539,
		22.108224868774414,
		0.82409638166427612,
		0.54924041032791138,
		12.015400886535645,
		0.068831853568553925,
		0.54924041032791138,
		9.6812467575073242,
		29.248821258544922
	],
	"end" : 16.668888092041016,
	"labels" : 
	[
		"Prep",
		"Scan",
		"Break",
		"Prep",
		"Scan",
		"Break",
		"Prep",
		"Scan",
		"Break",
		"Prep",
		"Break",
		"Prep",
		"Scan",
		"Break",
		"Prep",
		"Scan",
		"Break",
		"Prep",
		"Scan",
		"Dead"
	],
	"start" : 16.26472282409668
}