{
	"data" : 
	[
		0.92321401834487915,
		0.92321401834487915,
		1.9125336408615112,
		1.1206252574920654,
		4.813934326171875,
		0.065652795135974884,
		1.0554251670837402,
		11.077663421630859,
		0.066105566918849945,
		0.52748620510101318,
		19.650558471679688,
		0.065652795135974884,
		0.4618334174156189,
		10.814146041870117,
		9.4295520782470703,
		36.992404937744141
	],
	"end" : 17.0897216796875,
	"labels" : 
	[
		"Prep",
		"Scan",
		"Break",
		"Prep",
		"Scan",
		"Break",
		"Prep",
		"Scan",
		"Break",
		"Prep",
		"Scan",
		"Break",
		"Prep",
		"Scan",
		"Scan",
		"Dead"
	],
	"start" : 16.668888092041016
}