{
	"data" : 
	[
		0.3741302490234375,
		0.49110615253448486,
		0.91204285621643066,
		0.39749330282211304,
		0.60800182819366455,
		0.42093667387962341,
		0.37421053647994995,
		0.56119537353515625,
		0.86523640155792236,
		0.070169493556022644,
		0.58463871479034424,
		0.023363068699836731,
		0.51446926593780518,
		1.1458340883255005,
		0.32740411162376404,
		1.6369402408599854,
		1.1926405429840088,
		2.9231133460998535,
		3.5311150550842285,
		2.7594113349914551,
		0.023363068699836731,
		0.3741302490234375,
		3.2271544933319092,
		0.023363068699836731,
		3.2972438335418701,
		0.023363068699836731,
		0.37421053647994995,
		2.7594113349914551,
		0.023363068699836731,
		0.32740411162376404,
		1.753835916519165,
		0.023363068699836731,
		2.3619179725646973,
		0.023363068699836731,
		2.8997502326965332,
		0.14025869965553284,
		0.023443354293704033,
		5.4252901077270508,
		0.023363068699836731,
		3.086815357208252,
		0.023363068699836731,
		0.39749330282211304,
		4.1391167640686035,
		0.023443354293704033,
		0.3741302490234375,
		2.8295807838439941,
		0.56119537353515625,
		0.023443354293704033,
		6.1969938278198242,
		4.7471184730529785,
		0.023363068699836731,
		6.1268243789672852,
		0.023363068699836731,
		2.3852810859680176,
		0.093532562255859375,
		3.3907759189605713,
		2.1280462741851807,
		0.023363068699836731,
		3.6012845039367676,
		16.860427856445312
	],
	"end" : 14.879444122314453,
	"labels" : 
	[
		"Prep",
		"Scan",
		"Break",
		"Prep",
		"Scan",
		"Break",
		"Prep",
		"Scan",
		"Break",
		"Prep",
		"Break",
		"Prep",
		"Scan",
		"Break",
		"Prep",
		"Scan",
		"Break",
		"Scan",
		"Scan",
		"Scan",
		"Break",
		"Prep",
		"Scan",
		"Prep",
		"Scan",
		"Break",
		"Break",
		"Scan",
		"Break",
		"Prep",
		"Scan",
		"Break",
		"Scan",
		"Break",
		"Scan",
		"Break",
		"Prep",
		"Scan",
		"Break",
		"Scan",
		"Break",
		"Prep",
		"Scan",
		"Break",
		"Prep",
		"Scan",
		"Break",
		"Prep",
		"Scan",
		"Break",
		"Prep",
		"Scan",
		"Prep",
		"Scan",
		"Prep",
		"Scan",
		"Scan",
		"Prep",
		"Scan",
		"Dead"
	],
	"start" : 13.692777633666992
}