{
	"data" : 
	[
		1.2258296012878418,
		1.7509704828262329,
		5.778653621673584,
		1.1380555629730225,
		8.4052591323852539,
		0.087773963809013367,
		0.087473377585411072,
		10.156229972839355,
		0.087773963809013367,
		7.5296239852905273,
		2.5391325950622559,
		1.2258296012878418,
		11.469532012939453,
		48.417865753173828
	],
	"end" : 13.692777633666992,
	"labels" : 
	[
		"Prep",
		"Scan",
		"Break",
		"Prep",
		"Scan",
		"Prep",
		"Break",
		"Scan",
		"Break",
		"Scan",
		"Break",
		"Prep",
		"Scan",
		"Dead"
	],
	"start" : 13.375833511352539
}