{
	"data" : 
	[
		0.44803828001022339,
		0.37906381487846375,
		0.99936091899871826,
		0.034428082406520844,
		0.72369956970214844,
		2.0331497192382812,
		0.51689445972442627,
		0.72358131408691406,
		1.7920349836349487,
		1.2060476541519165,
		6.478513240814209,
		0.79255574941635132,
		0.10340255498886108,
		4.5143380165100098,
		3.9973251819610596,
		6.3751111030578613,
		6.8231487274169922,
		1.6885141134262085,
		5.3068938255310059,
		0.51689445972442627,
		5.513580322265625,
		48.933425903320312
	],
	"end" : 15.684721946716309,
	"labels" : 
	[
		"Prep",
		"Scan",
		"Break",
		"Prep",
		"Scan",
		"Break",
		"Prep",
		"Scan",
		"Break",
		"Prep",
		"Scan",
		"Break",
		"Prep",
		"Scan",
		"Scan",
		"Break",
		"Scan",
		"Prep",
		"Scan",
		"Prep",
		"Scan",
		"Dead"
	],
	"start" : 14.879444122314453
}