{
	"data" : 
	[
		0.65566039085388184,
		0.7060425877571106,
		2.0675723552703857,
		0.70586943626403809,
		3.6813590526580811,
		0.05038214847445488,
		0.8069799542427063,
		0.40340343117713928,
		8.4721641540527344,
		0.45378553867340088,
		17.246795654296875,
		1.2605924606323242,
		16.187904357910156,
		0.05038214847445488,
		0.40340343117713928,
		8.270289421081543,
		0.15131956338882446,
		7.1610169410705566,
		31.165079116821289
	],
	"end" : 12.687777519226074,
	"labels" : 
	[
		"Prep",
		"Scan",
		"Break",
		"Prep",
		"Scan",
		"Break",
		"Prep",
		"Break",
		"Scan",
		"Prep",
		"Scan",
		"Prep",
		"Scan",
		"Break",
		"Prep",
		"Scan",
		"Prep",
		"Scan",
		"Dead"
	],
	"start" : 12.137499809265137
}