{
	"data" : 
	[
		0.65023589134216309,
		1.0507509708404541,
		1.5007293224334717,
		0.80034315586090088,
		1.3004717826843262,
		1.1005576848983765,
		0.70038610696792603,
		1.6010297536849976,
		3.3514800071716309,
		0.80034315586090088,
		5.5027885437011719,
		9.6048049926757812,
		0.050150256603956223,
		0.75019288063049316,
		6.5033893585205078,
		0.050150256603956223,
		0.75019288063049316,
		0.20025753974914551,
		9.4045476913452148,
		0.099957019090652466,
		8.1542263031005859,
		0.050150256603956223,
		1.0002572536468506,
		0.55027884244918823,
		11.956027984619141,
		0.70038610696792603,
		7.3538823127746582,
		0.049806762486696243,
		7.854011058807373,
		16.458215713500977
	],
	"end" : 18.444999694824219,
	"labels" : 
	[
		"Prep",
		"Scan",
		"Break",
		"Prep",
		"Scan",
		"Break",
		"Prep",
		"Scan",
		"Break",
		"Prep",
		"Scan",
		"Scan",
		"Break",
		"Prep",
		"Scan",
		"Break",
		"Prep",
		"Break",
		"Scan",
		"Break",
		"Scan",
		"Break",
		"Break",
		"Break",
		"Scan",
		"Prep",
		"Scan",
		"Prep",
		"Scan",
		"Dead"
	],
	"start" : 17.890277862548828
}