{
	"data" : 
	[
		0.048793807625770569,
		0.12185896933078766,
		0.19500783085823059,
		0.39009934663772583,
		0.75567626953125,
		0.21936288475990295,
		0.41445443034172058,
		0.82882511615753174,
		0.2194465696811676,
		0.31686678528785706,
		4.0711441040039062,
		0.31686678528785706,
		0.097503915429115295,
		5.5337867736816406,
		2.3889713287353516,
		0.048793807625770569,
		2.3646163940429688,
		3.8029038906097412,
		0.68261110782623291,
		6.557619571685791,
		0.024355055764317513,
		0.048793807625770569,
		0.048710111528635025,
		0.63381725549697876,
		3.4860367774963379,
		0.048793807625770569,
		5.4605541229248047,
		0.048793807625770569,
		0.24380163848400116,
		0.073065169155597687,
		0.2194465696811676,
		0.31686678528785706,
		0.26815670728683472,
		0.92641270160675049,
		2.3889713287353516,
		0.048793807625770569,
		0.36566060781478882,
		0.024355055764317513,
		3.9248466491699219,
		0.024355055764317513,
		0.024355055764317513,
		7.4595937728881836,
		0.46316453814506531,
		0.024438749998807907,
		3.8272590637207031,
		0.073148861527442932,
		0.51195830106735229,
		2.5839793682098389,
		0.19509153068065643,
		5.0705380439758301,
		0.024355055764317513,
		0.073148861527442932,
		4.7780265808105469,
		7.9471969604492188,
		0.048710111528635025,
		4.6561675071716309,
		0.024355055764317513,
		0.073148861527442932,
		5.7287945747375488,
		8.3127737045288086
	],
	"end" : 10.433610916137695,
	"labels" : 
	[
		"Prep",
		"Break",
		"Prep",
		"Scan",
		"Break",
		"Prep",
		"Scan",
		"Break",
		"Prep",
		"Scan",
		"Break",
		"Prep",
		"Break",
		"Scan",
		"Break",
		"Break",
		"Scan",
		"Break",
		"Prep",
		"Scan",
		"Break",
		"Prep",
		"Break",
		"Scan",
		"Break",
		"Prep",
		"Scan",
		"Prep",
		"Scan",
		"Break",
		"Prep",
		"Scan",
		"Break",
		"Scan",
		"Break",
		"Scan",
		"Break",
		"Prep",
		"Scan",
		"Break",
		"Break",
		"Scan",
		"Prep",
		"Break",
		"Scan",
		"Prep",
		"Scan",
		"Break",
		"Prep",
		"Scan",
		"Break",
		"Prep",
		"Scan",
		"Break",
		"Prep",
		"Scan",
		"Break",
		"Prep",
		"Scan",
		"Dead"
	],
	"start" : 9.2952775955200195
}