{
	"data" : 
	[
		0.44364368915557861,
		1.1293251514434814,
		1.7342813014984131,
		0.36291825771331787,
		0.28233128786087036,
		4.2751245498657227,
		0.16131238639354706,
		0.40321174263954163,
		0.040431946516036987,
		0.040293481200933456,
		0.28233128786087036,
		3.226524829864502,
		0.52423065900802612,
		1.0083063840866089,
		0.040293481200933456,
		0.28233128786087036,
		1.1696187257766724,
		0.040293481200933456,
		1.0485998392105103,
		21.940145492553711,
		0.040293481200933456,
		1.3309310674667358,
		6.0496993064880371,
		0.32262477278709412,
		1.1696187257766724,
		0.28219282627105713,
		2.6215686798095703,
		0.3630567193031311,
		1.129186749458313,
		0.1210189089179039,
		0.28233128786087036,
		4.2346925735473633,
		0.040431946516036987,
		0.68554306030273438,
		4.2751245498657227,
		0.040293481200933456,
		0.68568152189254761,
		4.1136736869812012,
		0.1210189089179039,
		0.68568152189254761,
		0.72597497701644897,
		6.4529109001159668,
		0.28233128786087036,
		0.16131238639354706,
		1.1293251514434814,
		0.28233128786087036,
		0.72583651542663574,
		0.040431946516036987,
		0.68554306030273438,
		0.72597497701644897,
		0.72597497701644897,
		0.68568152189254761,
		0.040293481200933456,
		0.68568152189254761,
		0.72583651542663574,
		0.32276323437690735,
		0.72597497701644897,
		0.68554306030273438,
		17.060066223144531
	],
	"end" : 13.375833511352539,
	"labels" : 
	[
		"Prep",
		"Scan",
		"Break",
		"Prep",
		"Break",
		"Scan",
		"Break",
		"Prep",
		"Break",
		"Prep",
		"Break",
		"Scan",
		"Break",
		"Prep",
		"Break",
		"Break",
		"Scan",
		"Break",
		"Prep",
		"Scan",
		"Break",
		"Prep",
		"Scan",
		"Break",
		"Prep",
		"Break",
		"Scan",
		"Prep",
		"Scan",
		"Prep",
		"Break",
		"Scan",
		"Prep",
		"Break",
		"Scan",
		"Prep",
		"Break",
		"Scan",
		"Prep",
		"Break",
		"Scan",
		"Break",
		"Prep",
		"Break",
		"Scan",
		"Break",
		"Scan",
		"Break",
		"Break",
		"Scan",
		"Break",
		"Scan",
		"Break",
		"Break",
		"Scan",
		"Prep",
		"Break",
		"Scan",
		"Dead"
	],
	"start" : 12.687777519226074
}