{
	"data" : 
	[
		0.81159788370132446,
		1.549736499786377,
		3.4672760963439941,
		0.66417282819747925,
		1.549736499786377,
		3.3198506832122803,
		0.81159788370132446,
		0.22139093279838562,
		0.073965847492218018,
		9.7391748428344727,
		0.073459237813949585,
		0.1474250853061676,
		13.05953311920166,
		0.073965847492218018,
		0.36881601810455322,
		7.5257720947265625,
		0.073459237813949585,
		0.59020698070526123,
		9.7391748428344727,
		0.59020698070526123,
		0.66417282819747925,
		14.092014312744141,
		0.073965847492218018,
		14.830154418945312,
		15.789175987243652
	],
	"end" : 17.46583366394043,
	"labels" : 
	[
		"Prep",
		"Scan",
		"Break",
		"Prep",
		"Scan",
		"Break",
		"Prep",
		"Break",
		"Prep",
		"Scan",
		"Break",
		"Break",
		"Scan",
		"Break",
		"Prep",
		"Scan",
		"Break",
		"Prep",
		"Scan",
		"Break",
		"Prep",
		"Scan",
		"Prep",
		"Scan",
		"Dead"
	],
	"start" : 17.0897216796875
}