{
	"data" : 
	[
		0.25682306289672852,
		0.4621640145778656,
		1.0784218311309814,
		0.25676432251930237,
		3.2352654933929443,
		0.017101947218179703,
		0.29102697968482971,
		1.2325156927108765,
		0.10267045348882675,
		0.5306892991065979,
		4.4677224159240723,
		0.051364615559577942,
		3.6118607521057129,
		6.9499139785766602,
		0.017101947218179703,
		0.051364615559577942,
		0.034203894436359406,
		4.228118896484375,
		0.051364615559577942,
		1.6604169607162476,
		0.49642664194107056,
		0.017101947218179703,
		0.18829773366451263,
		1.1297863721847534,
		5.2894382476806641,
		0.23966234922409058,
		0.017101947218179703,
		8.781468391418457,
		55.153842926025391
	],
	"end" : 14.636944770812988,
	"labels" : 
	[
		"Prep",
		"Scan",
		"Break",
		"Prep",
		"Scan",
		"Break",
		"Prep",
		"Scan",
		"Break",
		"Prep",
		"Scan",
		"Prep",
		"Scan",
		"Break",
		"Prep",
		"Break",
		"Prep",
		"Scan",
		"Prep",
		"Scan",
		"Break",
		"Prep",
		"Scan",
		"Break",
		"Scan",
		"Break",
		"Prep",
		"Scan",
		"Dead"
	],
	"start" : 13.015832901000977
}