{
	"data" : 
	[
		0.24152480065822601,
		0.48304960131645203,
		0.96603995561599731,
		0.13799725472927094,
		3.2777013778686523,
		0.34499311447143555,
		1.2420936822891235,
		0.10346832126379013,
		0.051763776689767838,
		4.2092123031616211,
		0.017294077202677727,
		0.03446970134973526,
		3.294935941696167,
		0.051763776689767838,
		4.2609763145446777,
		0.01723485067486763,
		1.690555214881897,
		2.380659818649292,
		0.13799725472927094,
		0.20699587464332581,
		0.24152480065822601,
		1.2937983274459839,
		0.18976102769374847,
		1.8631404638290405,
		0.15523210167884827,
		0.13799725472927094,
		0.37952205538749695,
		3.6744582653045654,
		68.8138427734375
	],
	"end" : 13.015832901000977,
	"labels" : 
	[
		"Prep",
		"Scan",
		"Break",
		"Prep",
		"Scan",
		"Prep",
		"Scan",
		"Break",
		"Prep",
		"Scan",
		"Break",
		"Prep",
		"Scan",
		"Prep",
		"Scan",
		"Prep",
		"Scan",
		"Break",
		"Prep",
		"Scan",
		"Break",
		"Prep",
		"Scan",
		"Break",
		"Prep",
		"Break",
		"Prep",
		"Scan",
		"Dead"
	],
	"start" : 11.407221794128418
}