{
	"data" : 
	[
		0.24951258301734924,
		0.42097553610801697,
		0.67048811912536621,
		0.26503685116767883,
		2.9469892978668213,
		0.54570508003234863,
		0.37424212694168091,
		3.6641573905944824,
		0.015631338581442833,
		0.031155616044998169,
		0.49897164106369019,
		4.0696086883544922,
		0.015577808022499084,
		0.046786956489086151,
		4.2410717010498047,
		0.015631338581442833,
		0.046733424067497253,
		3.9604568481445312,
		0.046786956489086151,
		1.1226727962493896,
		0.031155616044998169,
		3.8513052463531494,
		72.76934814453125
	],
	"end" : 11.407221794128418,
	"labels" : 
	[
		"Prep",
		"Scan",
		"Break",
		"Prep",
		"Scan",
		"Break",
		"Prep",
		"Scan",
		"Break",
		"Prep",
		"Break",
		"Scan",
		"Prep",
		"Break",
		"Scan",
		"Break",
		"Prep",
		"Scan",
		"Prep",
		"Scan",
		"Prep",
		"Scan",
		"Dead"
	],
	"start" : 9.6274995803833008
}