{
	"data" : 
	[
		0.6429097056388855,
		1.2402464151382446,
		1.9290446043014526,
		0.32153370976448059,
		8.7269830703735352,
		0.78073245286941528,
		3.3071136474609375,
		0.32153370976448059,
		0.91855508089065552,
		14.284517288208008,
		0.046046022325754166,
		0.091776661574840546,
		11.66651725769043,
		0.13782268762588501,
		11.344983100891113,
		0.045888330787420273,
		4.5013141632080078,
		0.4591987133026123,
		0.64306741952896118,
		0.4593563973903656,
		0.045888330787420273,
		14.146852493286133,
		0.22959935665130615,
		23.608522415161133
	],
	"end" : 15.241110801696777,
	"labels" : 
	[
		"Prep",
		"Scan",
		"Break",
		"Prep",
		"Scan",
		"Prep",
		"Scan",
		"Break",
		"Prep",
		"Scan",
		"Break",
		"Prep",
		"Scan",
		"Prep",
		"Scan",
		"Break",
		"Scan",
		"Break",
		"Prep",
		"Scan",
		"Break",
		"Scan",
		"Break",
		"Scan"
	],
	"start" : 14.636944770812988
}