{
	"data" : 
	[
		0.27381950616836548,
		0.54763901233673096,
		0.72362744808197021,
		0.25421300530433655,
		3.2270145416259766,
		0.60625702142715454,
		0.35204404592514038,
		3.8919565677642822,
		3.5790584087371826,
		0.25421300530433655,
		3.7550468444824219,
		0.019606497138738632,
		5.3196048736572266,
		1.3494910001754761,
		0.46934732794761658,
		3.715968132019043,
		0.019539350643754005,
		0.13690975308418274,
		1.5254794359207153,
		0.156449094414711,
		3.5008337497711182,
		66.221878051757812
	],
	"end" : 13.30222225189209,
	"labels" : 
	[
		"Prep",
		"Scan",
		"Break",
		"Prep",
		"Scan",
		"Break",
		"Prep",
		"Scan",
		"Break",
		"Prep",
		"Scan",
		"Prep",
		"Scan",
		"Break",
		"Prep",
		"Scan",
		"Break",
		"Prep",
		"Scan",
		"Prep",
		"Scan",
		"Dead"
	],
	"start" : 11.883333206176758
}