{
	"data" : 
	[
		0.2950780987739563,
		0.56902754306793213,
		1.0959423780441284,
		0.35831946134567261,
		3.3510682582855225,
		0.021056333556771278,
		0.63226890563964844,
		4.0255222320556641,
		0.084297694265842438,
		0.063241355121135712,
		4.9739255905151367,
		0.042185023427009583,
		4.973853588104248,
		0.021128691732883453,
		5.2268185615539551,
		0.37937578558921814,
		1.6439135074615479,
		0.042185023427009583,
		4.0043935775756836,
		0.021056333556771278,
		0.18972407281398773,
		2.5923168659210205,
		0.021056333556771278,
		0.14753904938697815,
		2.1708283424377441,
		0.021056333556771278,
		1.8546938896179199,
		61.078128814697266
	],
	"end" : 14.618888854980469,
	"labels" : 
	[
		"Prep",
		"Scan",
		"Break",
		"Prep",
		"Scan",
		"Break",
		"Prep",
		"Scan",
		"Break",
		"Prep",
		"Scan",
		"Prep",
		"Scan",
		"Break",
		"Scan",
		"Prep",
		"Scan",
		"Prep",
		"Scan",
		"Break",
		"Prep",
		"Scan",
		"Break",
		"Prep",
		"Scan",
		"Prep",
		"Scan",
		"Dead"
	],
	"start" : 13.30222225189209
}