{
	"data" : 
	[
		0.78450459241867065,
		0.33643624186515808,
		1.1213257312774658,
		0.056201018393039703,
		0.61667144298553467,
		2.9709551334381104,
		0.056201018393039703,
		0.95310759544372559,
		3.8682467937469482,
		1.0089237689971924,
		5.4938416481018066,
		7.344240665435791,
		0.89690667390823364,
		0.055816080421209335,
		9.1380548477172852,
		0.056201018393039703,
		10.090777397155762,
		0.056201018393039703,
		0.89690667390823364,
		9.0818538665771484,
		45.016628265380859
	],
	"end" : 17.814722061157227,
	"labels" : 
	[
		"Prep",
		"Scan",
		"Break",
		"Prep",
		"Scan",
		"Break",
		"Prep",
		"Scan",
		"Break",
		"Prep",
		"Scan",
		"Scan",
		"Break",
		"Prep",
		"Scan",
		"Prep",
		"Scan",
		"Break",
		"Prep",
		"Scan",
		"Dead"
	],
	"start" : 17.319723129272461
}