{
	"data" : 
	[
		0.354632169008255,
		0.17722912132740021,
		0.70926433801651001,
		0.25340807437896729,
		0.65847837924957275,
		0.12661707401275635,
		0.025392984971404076,
		0.75987637042999268,
		0.025392984971404076,
		0.37985122203826904,
		0.15201005339622498,
		0.025392984971404076,
		0.78509539365768433,
		0.4306371808052063,
		0.50664222240447998,
		0.025219060480594635,
		3.4703166484832764,
		0.025219060480594635,
		0.40524420142173767,
		0.20262210071086884,
		4.3820290565490723,
		0.4306371808052063,
		4.3820290565490723,
		0.1774030476808548,
		6.1804089546203613,
		0.27862712740898132,
		2.786271333694458,
		0.37985122203826904,
		3.3941376209259033,
		0.025392984971404076,
		0.40524420142173767,
		2.760878324508667,
		0.025392984971404076,
		0.30402010679244995,
		3.2421276569366455,
		0.025392984971404076,
		0.37985122203826904,
		0.53186130523681641,
		0.025392984971404076,
		0.05061204731464386,
		0.025392984971404076,
		5.6231546401977539,
		0.025392984971404076,
		2.8874952793121338,
		0.50664222240447998,
		0.025392984971404076,
		0.025219060480594635,
		3.3181326389312744,
		0.025392984971404076,
		4.9392833709716797,
		0.025392984971404076,
		0.354632169008255,
		0.025219060480594635,
		0.025392984971404076,
		5.6737666130065918,
		0.32923918962478638,
		5.471318244934082,
		0.17722912132740021,
		0.025392984971404076,
		4.9138903617858887,
		0.40524420142173767,
		4.736661434173584,
		0.025392984971404076,
		0.40524420142173767,
		3.9513916969299316,
		0.45585626363754272,
		4.2301926612854004,
		0.025219060480594635,
		2.6090421676635742,
		0.30384621024131775,
		0.025392984971404076,
		4.2806310653686523,
		0.38002514839172363,
		3.9767847061157227
	],
	"end" : 18.9102783203125,
	"labels" : 
	[
		"Prep",
		"Break",
		"Scan",
		"Break",
		"Prep",
		"Break",
		"Prep",
		"Scan",
		"Break",
		"Prep",
		"Break",
		"Prep",
		"Scan",
		"Prep",
		"Scan",
		"Prep",
		"Scan",
		"Prep",
		"Scan",
		"Break",
		"Scan",
		"Prep",
		"Scan",
		"Break",
		"Scan",
		"Prep",
		"Scan",
		"Prep",
		"Scan",
		"Break",
		"Prep",
		"Scan",
		"Break",
		"Prep",
		"Scan",
		"Break",
		"Prep",
		"Scan",
		"Break",
		"Break",
		"Prep",
		"Scan",
		"Prep",
		"Scan",
		"Scan",
		"Break",
		"Prep",
		"Scan",
		"Prep",
		"Scan",
		"Break",
		"Prep",
		"Break",
		"Prep",
		"Scan",
		"Prep",
		"Scan",
		"Prep",
		"Break",
		"Scan",
		"Prep",
		"Scan",
		"Break",
		"Prep",
		"Scan",
		"Prep",
		"Scan",
		"Prep",
		"Scan",
		"Break",
		"Prep",
		"Scan",
		"Prep",
		"Scan"
	],
	"start" : 17.814722061157227
}