{
	"data" : 
	[
		0.38605311512947083,
		0.1653837263584137,
		0.19302655756473541,
		0.027548175305128098,
		0.30331394076347351,
		2.4265115261077881,
		0.46879228949546814,
		1.5716660022735596,
		0.055191017687320709,
		0.055096350610256195,
		2.8953037261962891,
		0.46879228949546814,
		0.055096350610256195,
		5.5699381828308105,
		8.8787479400634766,
		0.24821756780147552,
		0.1653837263584137,
		0.38605311512947083,
		0.30331394076347351,
		0.30331394076347351,
		0.44114947319030762,
		0.027642842382192612,
		0.1653837263584137,
		0.99268096685409546,
		0.49634048342704773,
		0.027548175305128098,
		3.6122188568115234,
		0.027548175305128098,
		0.22057473659515381,
		0.055191017687320709,
		6.3694982528686523,
		0.055191017687320709,
		0.082739196717739105,
		0.082644529640674591,
		0.027642842382192612,
		7.5552048683166504,
		0.027548175305128098,
		0.027642842382192612,
		0.85475075244903564,
		2.4265115261077881,
		0.055096350610256195,
		6.5626192092895508,
		0.027548175305128098,
		0.055191017687320709,
		6.1213750839233398,
		38.575775146484375
	],
	"end" : 9.7122220993041992,
	"labels" : 
	[
		"Prep",
		"Scan",
		"Break",
		"Prep",
		"Scan",
		"Break",
		"Prep",
		"Scan",
		"Break",
		"Prep",
		"Scan",
		"Break",
		"Prep",
		"Scan",
		"Break",
		"Prep",
		"Scan",
		"Break",
		"Prep",
		"Scan",
		"Break",
		"Prep",
		"Scan",
		"Break",
		"Prep",
		"Break",
		"Scan",
		"Break",
		"Prep",
		"Break",
		"Scan",
		"Break",
		"Prep",
		"Break",
		"Prep",
		"Scan",
		"Break",
		"Prep",
		"Break",
		"Scan",
		"Break",
		"Scan",
		"Break",
		"Prep",
		"Scan",
		"Dead"
	],
	"start" : 8.7058334350585938
}