{
	"data" : 
	[
		0.2522236704826355,
		0.48656836152076721,
		1.7298696041107178,
		0.21621823310852051,
		0.50457108020782471,
		0.70272475481033325,
		0.27028825879096985,
		3.405731201171875,
		0.018002720549702644,
		0.32435828447341919,
		1.2973712682723999,
		0.054070025682449341,
		0.45050108432769775,
		5.0995335578918457,
		0.018002720549702644,
		0.036005441099405289,
		4.5769596099853516,
		0.32435828447341919,
		0.054070025682449341,
		4.0903911590576172,
		0.018064584583044052,
		1.765874981880188,
		0.55864113569259644,
		2.9732327461242676,
		0.017940854653716087,
		0.14414548873901367,
		1.7119287252426147,
		0.017940854653716087,
		0.5767056941986084,
		0.10814005136489868,
		0.34236100316047668,
		0.14414548873901367,
		0.55851733684539795,
		0.52263563871383667,
		0.27022638916969299,
		0.21628010272979736,
		0.55864113569259644,
		0.50457108020782471,
		0.28829097747802734,
		2.126300573348999,
		0.017940854653716087,
		4.0724501609802246,
		0.2703501284122467,
		1.8559504747390747,
		0.28829097747802734,
		2.126300573348999,
		0.018064584583044052,
		4.1804666519165039,
		0.018064584583044052,
		0.28829097747802734,
		1.9640905857086182,
		0.018064584583044052,
		3.7299656867980957,
		0.16221007704734802,
		1.8560742139816284,
		0.017940854653716087,
		0.5405765175819397,
		4.793177604675293,
		0.43256020545959473,
		0.017940854653716087,
		2.5047907829284668,
		0.017940854653716087,
		2.9191627502441406,
		0.16221007704734802,
		2.8470282554626465,
		0.018064584583044052,
		3.1173782348632812,
		0.37836644053459167,
		0.18027466535568237,
		4.5408921241760254,
		19.208717346191406
	],
	"end" : 17.127777099609375,
	"labels" : 
	[
		"Prep",
		"Scan",
		"Break",
		"Prep",
		"Scan",
		"Break",
		"Prep",
		"Scan",
		"Break",
		"Prep",
		"Scan",
		"Break",
		"Prep",
		"Scan",
		"Break",
		"Prep",
		"Scan",
		"Break",
		"Prep",
		"Scan",
		"Prep",
		"Scan",
		"Prep",
		"Scan",
		"Break",
		"Prep",
		"Scan",
		"Break",
		"Scan",
		"Break",
		"Prep",
		"Break",
		"Scan",
		"Break",
		"Prep",
		"Break",
		"Scan",
		"Break",
		"Prep",
		"Scan",
		"Prep",
		"Scan",
		"Prep",
		"Scan",
		"Prep",
		"Scan",
		"Prep",
		"Scan",
		"Break",
		"Prep",
		"Scan",
		"Break",
		"Scan",
		"Prep",
		"Scan",
		"Break",
		"Prep",
		"Scan",
		"Break",
		"Prep",
		"Scan",
		"Break",
		"Scan",
		"Prep",
		"Scan",
		"Break",
		"Scan",
		"Break",
		"Prep",
		"Scan",
		"Dead"
	],
	"start" : 15.587778091430664
}