{
	"data" : 
	[
		0.53140932321548462,
		1.0628186464309692,
		1.6699388027191162,
		6.7181968688964844,
		0.79711401462554932,
		0.72114253044128418,
		7.1357145309448242,
		0.03805088996887207,
		8.6159200668334961,
		0.037920575588941574,
		0.18986350297927856,
		10.323909759521484,
		0.15194292366504669,
		1.1386598348617554,
		8.0465898513793945,
		0.11389204114675522,
		2.5051038265228271,
		0.037920575588941574,
		0.037920575588941574,
		8.6160507202148438,
		0.037920575588941574,
		6.6802763938903809,
		34.691722869873047
	],
	"end" : 10.443333625793457,
	"labels" : 
	[
		"Prep",
		"Scan",
		"Break",
		"Scan",
		"Break",
		"Prep",
		"Scan",
		"Prep",
		"Scan",
		"Prep",
		"Break",
		"Scan",
		"Break",
		"Prep",
		"Scan",
		"Prep",
		"Scan",
		"Break",
		"Prep",
		"Scan",
		"Prep",
		"Scan",
		"Dead"
	],
	"start" : 9.7122220993041992
}