{
	"data" : 
	[
		0.49882277846336365,
		0.81626957654953003,
		1.224326491355896,
		0.045305065810680389,
		0.81626957654953003,
		2.0407519340515137,
		0.77080881595611572,
		9.2054910659790039,
		1.2697873115539551,
		0.68019872903823853,
		9.1601858139038086,
		0.49882277846336365,
		0.36275187134742737,
		9.5229377746582031,
		3.6731352806091309,
		0.045305065810680389,
		7.9357037544250488,
		0.04546075314283371,
		3.0835466384887695,
		12.153121948242188,
		0.045305065810680389,
		6.4392352104187012,
		29.566459655761719
	],
	"end" : 11.835277557373047,
	"labels" : 
	[
		"Prep",
		"Scan",
		"Break",
		"Prep",
		"Scan",
		"Break",
		"Prep",
		"Scan",
		"Break",
		"Prep",
		"Scan",
		"Break",
		"Prep",
		"Scan",
		"Break",
		"Prep",
		"Scan",
		"Break",
		"Prep",
		"Scan",
		"Prep",
		"Scan",
		"Dead"
	],
	"start" : 11.223333358764648
}