{
	"data" : 
	[
		0.46243607997894287,
		0.99620413780212402,
		1.5297279357910156,
		0.24905103445053101,
		6.2615756988525391,
		0.035543821752071381,
		1.2097114324569702,
		0.81824076175689697,
		0.24905103445053101,
		6.6172580718994141,
		0.78269696235656738,
		0.24905103445053101,
		4.4826741218566895,
		0.035543821752071381,
		7.8981790542602539,
		5.5144224166870117,
		0.60473352670669556,
		5.2298274040222168,
		0.07120978832244873,
		6.6884675025939941,
		49.914394378662109
	],
	"end" : 11.223333358764648,
	"labels" : 
	[
		"Prep",
		"Scan",
		"Break",
		"Prep",
		"Scan",
		"Prep",
		"Scan",
		"Break",
		"Prep",
		"Scan",
		"Break",
		"Prep",
		"Scan",
		"Prep",
		"Scan",
		"Break",
		"Prep",
		"Scan",
		"Prep",
		"Scan",
		"Dead"
	],
	"start" : 10.443333625793457
}