{
	"data" : 
	[
		0.39488115906715393,
		0.78976231813430786,
		1.1845467090606689,
		0.39488115906715393,
		1.156368613243103,
		0.14098748564720154,
		5.7254867553710938,
		0.028274966403841972,
		0.50769054889678955,
		8.5176401138305664,
		1.7205122709274292,
		0.028178133070468903,
		5.6973085403442383,
		0.028178133070468903,
		0.22571554780006409,
		0.028178133070468903,
		0.56404680013656616,
		0.028178133070468903,
		2.8205244541168213,
		0.084534399211406708,
		0.19744057953357697,
		4.5409398078918457,
		0.25379684567451477,
		0.028274966403841972,
		5.7254867553710938,
		0.028178133070468903,
		0.056453093886375427,
		2.030665397644043,
		0.056453093886375427,
		5.2741522789001465,
		0.028274966403841972,
		0.25379684567451477,
		6.3741650581359863,
		12.15610408782959,
		0.81794053316116333,
		7.8126049041748047,
		0.22561872005462646,
		0.39488115906715393,
		1.7205122709274292,
		0.14098748564720154,
		0.25379684567451477,
		6.3742618560791016,
		15.089341163635254
	],
	"end" : 15.587778091430664,
	"labels" : 
	[
		"Prep",
		"Scan",
		"Break",
		"Prep",
		"Scan",
		"Break",
		"Scan",
		"Break",
		"Prep",
		"Scan",
		"Break",
		"Prep",
		"Scan",
		"Break",
		"Prep",
		"Scan",
		"Break",
		"Prep",
		"Scan",
		"Break",
		"Prep",
		"Scan",
		"Break",
		"Prep",
		"Scan",
		"Break",
		"Prep",
		"Scan",
		"Prep",
		"Scan",
		"Break",
		"Prep",
		"Scan",
		"Break",
		"Prep",
		"Scan",
		"Break",
		"Prep",
		"Scan",
		"Break",
		"Prep",
		"Scan",
		"Dead"
	],
	"start" : 14.603888511657715
}