{
	"data" : 
	[
		0.23824550211429596,
		0.59548592567443848,
		0.59553706645965576,
		0.20844565331935883,
		0.77418285608291626,
		0.38709142804145813,
		0.10422282665967941,
		0.75930851697921753,
		0.22332000732421875,
		0.10422282665967941,
		0.77418285608291626,
		0.25311988592147827,
		0.11909718811511993,
		1.3845943212509155,
		0.029799854382872581,
		0.357291579246521,
		2.4863200187683105,
		0.014925484545528889,
		0.029748739674687386,
		2.6352169513702393,
		0.28286859393119812,
		2.5161197185516357,
		0.014874369837343693,
		0.10422282665967941,
		1.6525884866714478,
		0.4615655243396759,
		2.605417013168335,
		0.10422282665967941,
		1.4292685985565186,
		0.044674225151538849,
		1.0123772621154785,
		77.597442626953125
	],
	"end" : 14.603888511657715,
	"labels" : 
	[
		"Prep",
		"Scan",
		"Break",
		"Prep",
		"Scan",
		"Break",
		"Prep",
		"Scan",
		"Break",
		"Prep",
		"Scan",
		"Break",
		"Prep",
		"Scan",
		"Break",
		"Prep",
		"Scan",
		"Break",
		"Prep",
		"Scan",
		"Prep",
		"Scan",
		"Break",
		"Prep",
		"Scan",
		"Prep",
		"Scan",
		"Prep",
		"Scan",
		"Prep",
		"Scan",
		"Dead"
	],
	"start" : 12.739999771118164
}