{
	"data" : 
	[
		0.59081006050109863,
		0.37617120146751404,
		2.9002060890197754,
		3.4910159111022949,
		1.5577912330627441,
		0.37580239772796631,
		4.6191606521606445,
		2.5778789520263672,
		1.5577912330627441,
		5.8007807731628418,
		7.5728421211242676,
		1.5577912330627441,
		0.32232707738876343,
		8.5932979583740234,
		0.59081006050109863,
		1.0204564332962036,
		0.32232707738876343,
		1.6651105880737305,
		2.9002060890197754,
		0.37617120146751404,
		5.5319290161132812,
		0.053844109177589417,
		1.2889394760131836,
		0.42964649200439453,
		0.053844109177589417,
		0.32232707738876343,
		1.5035783052444458,
		0.69849824905395508,
		0.48312181234359741,
		12.084683418273926,
		1.5039471387863159,
		7.9490137100219727,
		0.48349061608314514,
		0.53696590662002563,
		4.028350830078125,
		5.1022825241088867,
		0.26848295331001282,
		0.37617120146751404,
		0.053475312888622284,
		8.3786602020263672
	],
	"end" : 17.657499313354492,
	"labels" : 
	[
		"Prep",
		"Break",
		"Scan",
		"Break",
		"Prep",
		"Break",
		"Scan",
		"Break",
		"Prep",
		"Break",
		"Scan",
		"Prep",
		"Break",
		"Scan",
		"Break",
		"Prep",
		"Break",
		"Scan",
		"Break",
		"Break",
		"Scan",
		"Break",
		"Prep",
		"Break",
		"Prep",
		"Break",
		"Scan",
		"Break",
		"Prep",
		"Scan",
		"Prep",
		"Scan",
		"Break",
		"Prep",
		"Break",
		"Scan",
		"Prep",
		"Break",
		"Prep",
		"Scan"
	],
	"start" : 17.127777099609375
}