{
	"data" : 
	[
		0.77964478731155396,
		0.46771550178527832,
		0.51982271671295166,
		0.62368017435073853,
		0.57175141572952271,
		3.4824373722076416,
		0.052107185125350952,
		8.0564489364624023,
		7.2246966361999512,
		0.052107185125350952,
		0.88350236415863037,
		6.705052375793457,
		0.93560945987701416,
		2.4948990345001221,
		6.3933019638061523,
		0.05192873626947403,
		9.3559160232543945,
		1.7152543067932129,
		17.308328628540039,
		32.225795745849609
	],
	"end" : 8.7058334350585938,
	"labels" : 
	[
		"Prep",
		"Scan",
		"Break",
		"Prep",
		"Scan",
		"Break",
		"Prep",
		"Scan",
		"Scan",
		"Prep",
		"Break",
		"Scan",
		"Break",
		"Prep",
		"Scan",
		"Break",
		"Scan",
		"Prep",
		"Scan",
		"Dead"
	],
	"start" : 8.1719446182250977
}