{
	"data" : 
	[
		0.42943510413169861,
		0.82812106609344482,
		0.95090705156326294,
		0.2147175520658493,
		5.79705810546875,
		0.030643848702311516,
		0.2147175520658493,
		1.0735877752304077,
		0.61340349912643433,
		0.2147175520658493,
		5.7050213813781738,
		0.70554566383361816,
		0.030643848702311516,
		3.8647053241729736,
		6.8398962020874023,
		3.5580563545227051,
		0.552115797996521,
		4.4781088829040527,
		1.288305401802063,
		0.061287697404623032,
		5.7664141654968262,
		56.682590484619141
	],
	"end" : 12.739999771118164,
	"labels" : 
	[
		"Prep",
		"Scan",
		"Break",
		"Prep",
		"Scan",
		"Break",
		"Prep",
		"Scan",
		"Break",
		"Prep",
		"Scan",
		"Break",
		"Prep",
		"Scan",
		"Scan",
		"Break",
		"Prep",
		"Scan",
		"Break",
		"Prep",
		"Scan",
		"Dead"
	],
	"start" : 11.835277557373047
}