{
	"data" : 
	[
		1.2202614545822144,
		2.277691125869751,
		3.8236160278320312,
		0.081276282668113708,
		0.81360071897506714,
		2.5217990875244141,
		1.8713095188140869,
		1.4640903472900391,
		0.48821631073951721,
		0.081276282668113708,
		2.5220785140991211,
		0.32538443803787231,
		1.4643696546554565,
		2.1964147090911865,
		0.081276282668113708,
		2.6033546924591064,
		2.2779703140258789,
		0.081276282668113708,
		16.351613998413086,
		30.507095336914062,
		2.4405229091644287,
		24.405508041381836
	],
	"end" : 13.561944007873535,
	"labels" : 
	[
		"Prep",
		"Scan",
		"Break",
		"Prep",
		"Break",
		"Scan",
		"Break",
		"Prep",
		"Break",
		"Prep",
		"Scan",
		"Break",
		"Prep",
		"Scan",
		"Break",
		"Prep",
		"Break",
		"Prep",
		"Scan",
		"Break",
		"Prep",
		"Scan"
	],
	"start" : 13.220833778381348
}