{
	"data" : 
	[
		1.0757066011428833,
		0.71672749519348145,
		1.1950929164886475,
		0.83652400970458984,
		3.5848681926727295,
		2.0316169261932373,
		9.2013540267944336,
		2.2703893184661865,
		13.383563995361328,
		0.1193862110376358,
		5.6164851188659668,
		2.1510031223297119,
		0.1193862110376358,
		0.35856887698173523,
		0.23918268084526062,
		5.2575063705444336,
		0.11979646980762482,
		0.1193862110376358,
		0.1193862110376358,
		0.11979646980762482,
		38.238868713378906,
		3.1069133281707764,
		0.11979646980762482,
		2.6289582252502441,
		0.35815861821174622,
		6.8115782737731934
	],
	"end" : 13.505000114440918,
	"labels" : 
	[
		"Prep",
		"Scan",
		"Break",
		"Prep",
		"Scan",
		"Break",
		"Scan",
		"Prep",
		"Scan",
		"Prep",
		"Break",
		"Break",
		"Prep",
		"Break",
		"Break",
		"Scan",
		"Break",
		"Prep",
		"Break",
		"Prep",
		"Scan",
		"Break",
		"Prep",
		"Break",
		"Break",
		"Scan"
	],
	"start" : 13.272777557373047
}