{
	"data" : 
	[
		0.67500424385070801,
		0.06130656972527504,
		1.5341389179229736,
		7.9772276878356934,
		1.7795759439468384,
		0.061517242342233658,
		0.42935663461685181,
		2.1478366851806641,
		1.4113152027130127,
		0.49087393283843994,
		0.1228238120675087,
		0.06130656972527504,
		0.42956733703613281,
		1.350008487701416,
		0.1228238120675087,
		1.0430543422698975,
		5.3387274742126465,
		2.8226304054260254,
		0.49087393283843994,
		0.1228238120675087,
		0.42956733703613281,
		1.350008487701416,
		4.6022062301635742,
		0.42956733703613281,
		0.18413038551807404,
		1.350008487701416,
		0.06130656972527504,
		0.06130656972527504,
		1.2887020111083984,
		0.06130656972527504,
		1.1658781766891479,
		0.42956733703613281,
		1.0432649850845337,
		58.970390319824219
	],
	"end" : 12.62138843536377,
	"labels" : 
	[
		"Prep",
		"Break",
		"Scan",
		"Break",
		"Prep",
		"Break",
		"Break",
		"Scan",
		"Break",
		"Prep",
		"Break",
		"Prep",
		"Break",
		"Scan",
		"Prep",
		"Break",
		"Scan",
		"Break",
		"Prep",
		"Break",
		"Break",
		"Scan",
		"Break",
		"Prep",
		"Break",
		"Scan",
		"Break",
		"Break",
		"Scan",
		"Break",
		"Prep",
		"Break",
		"Scan",
		"Dead"
	],
	"start" : 12.169166564941406
}