{
	"data" : 
	[
		0.11419601738452911,
		0.68322068452835083,
		1.4810284376144409,
		2.2780539989471436,
		3.872887134552002,
		0.34180587530136108,
		0.11419601738452911,
		15.035938262939453,
		11.277247428894043,
		0.11380492150783539,
		3.189666748046875,
		13.327691078186035,
		2.9616658687591553,
		1.5948333740234375,
		14.352717399597168,
		29.161046981811523
	],
	"end" : 11.17027759552002,
	"labels" : 
	[
		"Prep",
		"Break",
		"Prep",
		"Scan",
		"Break",
		"Break",
		"Prep",
		"Scan",
		"Scan",
		"Prep",
		"Break",
		"Scan",
		"Break",
		"Prep",
		"Scan",
		"Dead"
	],
	"start" : 10.926666259765625
}