{
	"data" : 
	[
		0.97604221105575562,
		1.3944144248962402,
		2.6490521430969238,
		0.97604221105575562,
		7.807858943939209,
		0.06988825649023056,
		5.9950723648071289,
		0.06988825649023056,
		0.06988825649023056,
		8.9930877685546875,
		0.6270795464515686,
		11.712027549743652,
		58.559658050537109
	],
	"end" : 17.281944274902344,
	"labels" : 
	[
		"Prep",
		"Scan",
		"Break",
		"Prep",
		"Scan",
		"Break",
		"Scan",
		"Prep",
		"Break",
		"Scan",
		"Prep",
		"Scan",
		"Dead"
	],
	"start" : 16.883888244628906
}