{
	"data" : 
	[
		0.50879251956939697,
		0.036306675523519516,
		0.36344105005264282,
		1.5626842975616455,
		1.0901983976364136,
		4.0337839126586914,
		0.94484692811965942,
		5.3420720100402832,
		3.0526304244995117,
		3.7793877124786377,
		6.9773697853088379,
		0.036306675523519516,
		4.4335317611694336,
		0.036306675523519516,
		1.7443424463272095,
		6.1779990196228027,
		59.779998779296875
	],
	"end" : 9.1511106491088867,
	"labels" : 
	[
		"Prep",
		"Break",
		"Scan",
		"Break",
		"Scan",
		"Break",
		"Prep",
		"Scan",
		"Break",
		"Scan",
		"Scan",
		"Break",
		"Scan",
		"Break",
		"Prep",
		"Scan",
		"Dead"
	],
	"start" : 8.3874998092651367
}