{
	"data" : 
	[
		0.87230497598648071,
		0.73801565170288086,
		1.4760313034057617,
		2.6837141513824463,
		3.0861215591430664,
		2.4153659343719482,
		13.149991989135742,
		2.2810766696929932,
		0.20131887495517731,
		8.4535503387451172,
		0.067259848117828369,
		9.1915664672851562,
		0.067029505968093872,
		11.137264251708984,
		3.15338134765625,
		10.331989288330078,
		30.594018936157227
	],
	"end" : 12.169166564941406,
	"labels" : 
	[
		"Prep",
		"Scan",
		"Break",
		"Scan",
		"Break",
		"Prep",
		"Scan",
		"Break",
		"Prep",
		"Scan",
		"Prep",
		"Scan",
		"Prep",
		"Scan",
		"Prep",
		"Scan",
		"Dead"
	],
	"start" : 11.755555152893066
}