{
	"data" : 
	[
		0.5385708212852478,
		0.4231438934803009,
		2.5388636589050293,
		0.5385708212852478,
		0.038431610912084579,
		8.8090267181396484,
		0.038563676178455353,
		1.1154412031173706,
		0.076995290815830231,
		0.038431610912084579,
		9.9630327224731445,
		0.038563676178455353,
		0.038431610912084579,
		0.23085379600524902,
		2.3464412689208984,
		0.19242219626903534,
		1.0385780334472656,
		6.7317390441894531,
		0.038563676178455353,
		0.84628778696060181,
		9.8860368728637695,
		8.1551618576049805,
		0.34614863991737366,
		11.848030090332031,
		0.038431610912084579,
		7.5395951271057129,
		2.7697172164916992,
		1.0770095586776733,
		11.463316917419434,
		11.155600547790527
	],
	"end" : 9.8725004196166992,
	"labels" : 
	[
		"Prep",
		"Scan",
		"Break",
		"Prep",
		"Break",
		"Scan",
		"Break",
		"Prep",
		"Break",
		"Prep",
		"Scan",
		"Break",
		"Prep",
		"Scan",
		"Break",
		"Break",
		"Prep",
		"Scan",
		"Break",
		"Prep",
		"Scan",
		"Break",
		"Prep",
		"Scan",
		"Prep",
		"Scan",
		"Break",
		"Prep",
		"Scan",
		"Dead"
	],
	"start" : 9.1511106491088867
}