{
	"data" : 
	[
		0.73788535594940186,
		1.4018049240112305,
		4.353093147277832,
		1.6231957674026489,
		0.51649445295333862,
		3.0250005722045898,
		4.353093147277832,
		2.1396901607513428,
		0.073712542653083801,
		2.2873685359954834,
		0.1474250853061676,
		0.073965847492218018,
		0.51649445295333862,
		1.1067013740539551,
		0.073712542653083801,
		1.2543797492980957,
		0.51624113321304321,
		4.2056679725646973,
		0.073712542653083801,
		2.5085062980651855,
		11.067266464233398,
		1.6969084739685059,
		0.51649445295333862,
		6.4927830696105957,
		0.14767840504646301,
		1.2541265487670898,
		1.3280923366546631,
		4.6481962203979492,
		0.14767840504646301,
		2.0657243728637695,
		0.073965847492218018,
		0.51624113321304321,
		1.2543797492980957,
		0.073712542653083801,
		1.2543797492980957,
		1.3280923366546631,
		0.073712542653083801,
		1.2543797492980957,
		1.2541265487670898,
		0.073965847492218018,
		1.2541265487670898,
		1.3280923366546631,
		0.66391950845718384,
		1.3280923366546631,
		1.2543797492980957,
		26.56134033203125
	],
	"end" : 12.997500419616699,
	"labels" : 
	[
		"Prep",
		"Scan",
		"Break",
		"Prep",
		"Break",
		"Scan",
		"Break",
		"Prep",
		"Break",
		"Break",
		"Break",
		"Prep",
		"Break",
		"Scan",
		"Break",
		"Prep",
		"Break",
		"Scan",
		"Break",
		"Prep",
		"Scan",
		"Prep",
		"Break",
		"Scan",
		"Prep",
		"Break",
		"Scan",
		"Break",
		"Break",
		"Scan",
		"Prep",
		"Break",
		"Scan",
		"Break",
		"Break",
		"Scan",
		"Prep",
		"Break",
		"Scan",
		"Break",
		"Break",
		"Scan",
		"Prep",
		"Break",
		"Scan",
		"Dead"
	],
	"start" : 12.62138843536377
}