{
	"data" : 
	[
		0.6976969838142395,
		2.6509132385253906,
		2.7208504676818848,
		0.62775957584381104,
		1.2557587623596191,
		1.8835183382034302,
		0.62775957584381104,
		16.952383041381836,
		0.6976969838142395,
		0.62775957584381104,
		12.976014137268066,
		0.6976969838142395,
		2.7206110954284668,
		12.906076431274414,
		0.069697842001914978,
		7.6042499542236328,
		8.0923738479614258,
		0.6976969838142395,
		7.8830413818359375,
		0.6976969838142395,
		0.069697842001914978,
		7.5345525741577148,
		9.2084980010986328
	],
	"end" : 10.926666259765625,
	"labels" : 
	[
		"Prep",
		"Break",
		"Scan",
		"Prep",
		"Break",
		"Scan",
		"Prep",
		"Scan",
		"Break",
		"Prep",
		"Break",
		"Scan",
		"Break",
		"Prep",
		"Prep",
		"Break",
		"Scan",
		"Prep",
		"Scan",
		"Break",
		"Prep",
		"Scan",
		"Dead"
	],
	"start" : 10.483888626098633
}