{
	"data" : 
	[
		1.2116585969924927,
		1.1306965351104736,
		1.8571370840072632,
		0.80795729160308838,
		0.08040754497051239,
		7.1069178581237793,
		0.080962084233760834,
		0.64603304862976074,
		14.69849967956543,
		72.279731750488281
	],
	"end" : 18.611665725708008,
	"labels" : 
	[
		"Prep",
		"Scan",
		"Break",
		"Scan",
		"Break",
		"Scan",
		"Break",
		"Prep",
		"Scan",
		"Dead"
	],
	"start" : 18.268054962158203
}