{
	"data" : 
	[
		0.097898446023464203,
		1.5623519420623779,
		14.940912246704102,
		1.4651240110397339,
		12.792510986328125,
		69.041206359863281
	],
	"end" : 18.268054962158203,
	"labels" : 
	[
		"Break",
		"Prep",
		"Scan",
		"Prep",
		"Scan",
		"Dead"
	],
	"start" : 17.983888626098633
}