{
	"data" : 
	[
		0.68081730604171753,
		0.6353151798248291,
		2.5872304439544678,
		0.63547098636627197,
		3.994210958480835,
		0.04534626379609108,
		0.99855273962020874,
		7.5798382759094238,
		0.86235815286636353,
		13.525809288024902,
		0.36308178305625916,
		7.9884219169616699,
		0.63547098636627197,
		9.1230144500732422,
		5.1743049621582031,
		9.1685161590576172,
		0.36308178305625916,
		13.208073616027832,
		22.331087112426758
	],
	"end" : 10.483888626098633,
	"labels" : 
	[
		"Prep",
		"Scan",
		"Break",
		"Prep",
		"Scan",
		"Break",
		"Prep",
		"Scan",
		"Prep",
		"Scan",
		"Prep",
		"Scan",
		"Prep",
		"Scan",
		"Break",
		"Scan",
		"Prep",
		"Scan",
		"Dead"
	],
	"start" : 9.8725004196166992
}