{
	"data" : 
	[
		0.71119022369384766,
		0.47418108582496643,
		1.8491921424865723,
		1.6120202541351318,
		13.986957550048828,
		2.275841236114502,
		5.6895217895507812,
		2.3233733177185059,
		5.2153406143188477,
		3.8880243301391602,
		0.047369271516799927,
		5.4998817443847656,
		0.047532051801681519,
		6.3059730529785156,
		0.094738543033599854,
		1.6120202541351318,
		10.99992561340332,
		0.047532051801681519,
		0.80592870712280273,
		1.2327405214309692,
		0.047532051801681519,
		0.33174768090248108,
		0.047532051801681519,
		13.749785423278809,
		0.047532051801681519,
		0.7585594654083252,
		7.4913444519042969,
		12.706685066223145
	],
	"end" : 11.755555152893066,
	"labels" : 
	[
		"Prep",
		"Scan",
		"Break",
		"Scan",
		"Break",
		"Prep",
		"Scan",
		"Break",
		"Scan",
		"Break",
		"Prep",
		"Scan",
		"Prep",
		"Scan",
		"Break",
		"Prep",
		"Scan",
		"Break",
		"Break",
		"Break",
		"Prep",
		"Break",
		"Prep",
		"Scan",
		"Break",
		"Break",
		"Scan",
		"Dead"
	],
	"start" : 11.17027759552002
}