{
	"data" : 
	[
		0.6075892448425293,
		0.6075892448425293,
		1.6490429639816284,
		0.043505650013685226,
		3.3414425849914551,
		6.0755939483642578,
		0.30379462242126465,
		0.6075892448425293,
		1.5189729928970337,
		0.086713321506977081,
		0.043356660753488541,
		7.160552978515625,
		6.2925262451171875,
		0.043505650013685226,
		1.6056863069534302,
		8.1151447296142578,
		0.043505650013685226,
		0.73765915632247925,
		7.2907724380493164,
		0.3471512496471405,
		7.854856014251709,
		8.1152935028076172,
		0.13021896779537201,
		10.415283203125,
		0.043356660753488541,
		0.086713321506977081,
		0.043505650013685226,
		9.5472555160522461,
		17.141822814941406
	],
	"end" : 15.914443969726562,
	"labels" : 
	[
		"Prep",
		"Scan",
		"Break",
		"Prep",
		"Scan",
		"Break",
		"Prep",
		"Scan",
		"Break",
		"Break",
		"Prep",
		"Scan",
		"Scan",
		"Prep",
		"Break",
		"Scan",
		"Break",
		"Prep",
		"Scan",
		"Prep",
		"Scan",
		"Break",
		"Prep",
		"Scan",
		"Break",
		"Prep",
		"Break",
		"Scan",
		"Dead"
	],
	"start" : 15.274999618530273
}