{
	"data" : 
	[
		0.010902038775384426,
		0.017617190256714821,
		0.061225343495607376,
		0.01174287311732769,
		0.0033575748093426228,
		0.11154865473508835,
		0.019293095916509628,
		0.00083507434464991093,
		0.11826380342245102,
		0.00084083346882835031,
		45.149921417236328,
		0.09309639036655426,
		54.301357269287109
	],
	"end" : 17.983888626098633,
	"labels" : 
	[
		"Prep",
		"Scan",
		"Break",
		"Prep",
		"Break",
		"Scan",
		"Break",
		"Prep",
		"Scan",
		"Prep",
		"Scan",
		"Dead",
		"Break"
	],
	"start" : 17.835277557373047
}