{
	"data" : 
	[
		0.17054855823516846,
		0.17059038579463959,
		0.47521013021469116,
		0.20710963010787964,
		0.18276347219944,
		0.23153942823410034,
		0.012173076160252094,
		0.43864905834197998,
		0.35331204533576965,
		0.17059038579463959,
		1.0600615739822388,
		0.10964135080575943,
		0.36552694439888,
		0.012214907445013523,
		0.085295192897319794,
		2.2175495624542236,
		0.012173076160252094,
		0.17059038579463959,
		2.4978229999542236,
		0.48734137415885925,
		0.012214907445013523,
		1.7058203220367432,
		0.012173076160252094,
		4.4107532501220703,
		84.328338623046875
	],
	"end" : 15.274999618530273,
	"labels" : 
	[
		"Prep",
		"Scan",
		"Break",
		"Prep",
		"Scan",
		"Break",
		"Prep",
		"Scan",
		"Break",
		"Prep",
		"Scan",
		"Prep",
		"Scan",
		"Break",
		"Prep",
		"Scan",
		"Break",
		"Prep",
		"Scan",
		"Break",
		"Prep",
		"Scan",
		"Prep",
		"Scan",
		"Dead"
	],
	"start" : 12.997500419616699
}