{
	"data" : 
	[
		0.55165970325469971,
		1.1033194065093994,
		1.8557392358779907,
		0.45110756158828735,
		0.45145189762115479,
		1.003111720085144,
		0.50138360261917114,
		0.45145189762115479,
		11.584855079650879,
		0.049931749701499939,
		0.70214372873306274,
		7.7735128402709961,
		0.049931749701499939,
		9.4784231185913086,
		0.40152013301849365,
		9.9798069000244141,
		1.6549792289733887,
		0.85262769460678101,
		22.818464279174805,
		1.705255389213562,
		9.2776641845703125,
		0.75241982936859131,
		3.2094063758850098,
		13.239833831787109
	],
	"end" : 17.835277557373047,
	"labels" : 
	[
		"Prep",
		"Scan",
		"Break",
		"Prep",
		"Break",
		"Scan",
		"Break",
		"Prep",
		"Scan",
		"Break",
		"Prep",
		"Scan",
		"Prep",
		"Scan",
		"Prep",
		"Scan",
		"Break",
		"Prep",
		"Scan",
		"Prep",
		"Scan",
		"Prep",
		"Scan",
		"Dead"
	],
	"start" : 17.281944274902344
}