{
	"data" : 
	[
		1.195441722869873,
		0.93923377990722656,
		2.2202737331390381,
		0.085598081350326538,
		3.7569351196289062,
		3.5007269382476807,
		1.1098436117172241,
		1.2804535627365112,
		4.6111574172973633,
		1.9634792804718018,
		0.68302583694458008,
		18.870275497436523,
		3.5007269382476807,
		11.527013778686523,
		10.416583061218262,
		14.857131004333496,
		0.085011795163154602,
		4.0987410545349121,
		15.19835090637207
	],
	"end" : 18.936666488647461,
	"labels" : 
	[
		"Prep",
		"Scan",
		"Break",
		"Prep",
		"Scan",
		"Break",
		"Prep",
		"Scan",
		"Break",
		"Prep",
		"Break",
		"Scan",
		"Break",
		"Scan",
		"Scan",
		"Scan",
		"Break",
		"Prep",
		"Scan"
	],
	"start" : 18.611665725708008
}