{
	"data" : 
	[
		0.40076515078544617,
		0.40076515078544617,
		2.4903850555419922,
		0.40066686272621155,
		2.4903850555419922,
		0.028598003089427948,
		0.6297457218170166,
		4.2364354133605957,
		0.20048084855079651,
		4.6943964958190918,
		0.028696278110146523,
		0.68694174289703369,
		8.5300664901733398,
		0.028696278110146523,
		0.20028430223464966,
		8.3297824859619141,
		66.122909545898438
	],
	"end" : 16.883888244628906,
	"labels" : 
	[
		"Prep",
		"Scan",
		"Break",
		"Prep",
		"Scan",
		"Break",
		"Prep",
		"Scan",
		"Prep",
		"Scan",
		"Break",
		"Prep",
		"Scan",
		"Break",
		"Prep",
		"Scan",
		"Dead"
	],
	"start" : 15.914443969726562
}