{
	"data" : 
	[
		0.71616429090499878,
		1.0742464065551758,
		3.427156925201416,
		0.71616429090499878,
		5.6778583526611328,
		0.051104415208101273,
		0.051104415208101273,
		0.051280032843351364,
		6.7008252143859863,
		0.40918654203414917,
		7.1612915992736816,
		0.051280032843351364,
		4.4501233100891113,
		69.362213134765625
	],
	"end" : 11.676111221313477,
	"labels" : 
	[
		"Prep",
		"Scan",
		"Break",
		"Prep",
		"Scan",
		"Break",
		"Break",
		"Prep",
		"Scan",
		"Prep",
		"Scan",
		"Break",
		"Scan",
		"Dead"
	],
	"start" : 11.133610725402832
}