{
	"data" : 
	[
		0.6041266918182373,
		1.0434572696685791,
		0.055057734251022339,
		1.5927146673202515,
		3.2951679229736328,
		1.4279186725616455,
		0.2196652889251709,
		0.38446140289306641,
		6.9199280738830566,
		0.10992692410945892,
		0.93353033065795898,
		6.8101892471313477,
		0.054869186133146286,
		0.93371891975402832,
		6.8100008964538574,
		1.8123800754547119,
		8.2381086349487305,
		0.054869186133146286,
		0.4393305778503418,
		6.8101892471313477,
		0.49419975280761719,
		0.38446140289306641,
		0.93371891975402832,
		4.228886604309082,
		0.38446140289306641,
		0.10973837226629257,
		1.26312255859375,
		0.38446140289306641,
		0.98858809471130371,
		0.054869186133146286,
		0.93371891975402832,
		0.98858809471130371,
		0.93371891975402832,
		0.98839950561523438,
		0.055057734251022339,
		0.93353033065795898,
		0.98858809471130371,
		1.3181803226470947,
		0.4393305778503418,
		0.93353033065795898,
		33.611240386962891
	],
	"end" : 11.133610725402832,
	"labels" : 
	[
		"Prep",
		"Scan",
		"Prep",
		"Scan",
		"Break",
		"Prep",
		"Break",
		"Break",
		"Scan",
		"Prep",
		"Break",
		"Scan",
		"Prep",
		"Break",
		"Scan",
		"Prep",
		"Scan",
		"Prep",
		"Break",
		"Scan",
		"Prep",
		"Break",
		"Scan",
		"Break",
		"Prep",
		"Break",
		"Scan",
		"Break",
		"Scan",
		"Break",
		"Break",
		"Scan",
		"Break",
		"Scan",
		"Break",
		"Break",
		"Scan",
		"Prep",
		"Break",
		"Scan",
		"Dead"
	],
	"start" : 10.62833309173584
}