{
	"data" : 
	[
		0.35224872827529907,
		0.39134269952774048,
		2.1520490646362305,
		0.35224872827529907,
		0.39134269952774048,
		0.27392646670341492,
		0.31302043795585632,
		0.86087334156036377,
		5.4782605171203613,
		0.66513484716415405,
		0.039093967527151108,
		4.5782933235168457,
		1.9956732988357544,
		0.27392646670341492,
		0.039093967527151108,
		4.2652726173400879,
		3.0521507263183594,
		4.2260446548461914,
		0.039093967527151108,
		0.70436310768127441,
		3.3653056621551514,
		0.039093967527151108,
		6.0261135101318359,
		0.5477185845375061,
		4.7740316390991211,
		0.039093967527151108,
		3.3651711940765381,
		0.43043667078018188,
		6.0261135101318359,
		0.15651021897792816,
		8.8043375015258789,
		0.039093967527151108,
		0.078322276473045349,
		6.3391337394714355,
		7.786954402923584,
		0.078187935054302216,
		8.8434314727783203,
		12.717495918273926
	],
	"end" : 10.076389312744141,
	"labels" : 
	[
		"Prep",
		"Scan",
		"Break",
		"Prep",
		"Scan",
		"Break",
		"Prep",
		"Scan",
		"Break",
		"Prep",
		"Break",
		"Scan",
		"Break",
		"Prep",
		"Break",
		"Scan",
		"Break",
		"Scan",
		"Break",
		"Prep",
		"Scan",
		"Prep",
		"Scan",
		"Prep",
		"Scan",
		"Prep",
		"Scan",
		"Break",
		"Scan",
		"Prep",
		"Scan",
		"Break",
		"Prep",
		"Scan",
		"Break",
		"Prep",
		"Scan",
		"Dead"
	],
	"start" : 9.3672218322753906
}