{
	"data" : 
	[
		2.5523269176483154,
		1.0927814245223999,
		1.4595454931259155,
		2.0053102970123291,
		1.8225542306900024,
		2.3695707321166992,
		21.147134780883789,
		3.0993432998657227,
		26.069032669067383,
		0.36426049470901489,
		19.323329925537109,
		0.36426049470901489,
		18.230548858642578
	],
	"end" : 18.669166564941406,
	"labels" : 
	[
		"Prep",
		"Scan",
		"Break",
		"Scan",
		"Break",
		"Prep",
		"Scan",
		"Prep",
		"Scan",
		"Prep",
		"Scan",
		"Prep",
		"Scan"
	],
	"start" : 18.516944885253906
}