{
	"data" : 
	[
		1.3295352458953857,
		0.5695679783821106,
		1.9943029880523682,
		0.09487365186214447,
		1.8042296171188354,
		6.1726560592651367,
		1.6144822835922241,
		15.383550643920898,
		7.9768853187561035,
		0.09487365186214447,
		12.155239105224609,
		0.19007332623004913,
		12.819679260253906,
		0.19007332623004913,
		12.060038566589355,
		25.449939727783203
	],
	"end" : 8.7427778244018555,
	"labels" : 
	[
		"Prep",
		"Scan",
		"Break",
		"Prep",
		"Scan",
		"Break",
		"Prep",
		"Scan",
		"Break",
		"Prep",
		"Scan",
		"Prep",
		"Scan",
		"Prep",
		"Scan",
		"Dead"
	],
	"start" : 8.4505558013916016
}