{
	"data" : 
	[
		1.264828085899353,
		1.1797343492507935,
		2.8665578365325928,
		0.58986717462539673,
		8.6836099624633789,
		0.084514826536178589,
		1.4327000379562378,
		14.163181304931641,
		0.25296562910079956,
		25.122323989868164,
		0.6749609112739563,
		13.741185188293457,
		0.084514826536178589,
		15.258979797363281,
		14.500082015991211
	],
	"end" : 17.796388626098633,
	"labels" : 
	[
		"Prep",
		"Scan",
		"Break",
		"Prep",
		"Scan",
		"Break",
		"Prep",
		"Scan",
		"Prep",
		"Scan",
		"Prep",
		"Scan",
		"Break",
		"Scan",
		"Dead"
	],
	"start" : 17.467222213745117
}