{
	"data" : 
	[
		0.47676658630371094,
		0.25437009334564209,
		0.095266014337539673,
		0.50863105058670044,
		0.38139143586158752,
		0.4450111985206604,
		1.6845606565475464,
		0.4450111985206604,
		2.3838329315185547,
		0.031864460557699203,
		0.73102754354476929,
		0.063510678708553314,
		0.031864460557699203,
		5.5623130798339844,
		0.031755339354276657,
		0.76289200782775879,
		10.234712600708008,
		0.28612542152404785,
		5.9437046051025391,
		0.031864460557699203,
		4.5451602935791016,
		64.968368530273438
	],
	"end" : 13.476943969726562,
	"labels" : 
	[
		"Prep",
		"Break",
		"Prep",
		"Break",
		"Prep",
		"Scan",
		"Break",
		"Prep",
		"Scan",
		"Break",
		"Prep",
		"Break",
		"Prep",
		"Scan",
		"Break",
		"Prep",
		"Scan",
		"Prep",
		"Scan",
		"Break",
		"Scan",
		"Dead"
	],
	"start" : 12.603888511657715
}