{
	"data" : 
	[
		1.6893733739852905,
		0.67590397596359253,
		0.90094757080078125,
		1.2388994693756104,
		2.3652772903442383,
		13.064512252807617,
		1.8022817373275757,
		11.93813419342041,
		0.11290844529867172,
		0.11252177506685257,
		11.262618064880371,
		0.22543022036552429,
		17.794681549072266,
		36.716510772705078
	],
	"end" : 8.4505558013916016,
	"labels" : 
	[
		"Prep",
		"Scan",
		"Break",
		"Scan",
		"Break",
		"Scan",
		"Prep",
		"Scan",
		"Break",
		"Prep",
		"Scan",
		"Prep",
		"Scan",
		"Dead"
	],
	"start" : 8.2041664123535156
}