{
	"data" : 
	[
		0.41876372694969177,
		0.41866105794906616,
		0.86740982532501221,
		3.1705076694488525,
		0.029882356524467468,
		0.50851351022720337,
		0.059764713048934937,
		5.0249595642089844,
		0.029882356524467468,
		0.89729219675064087,
		8.9132595062255859,
		0.26924929022789001,
		4.8753423690795898,
		0.029882356524467468,
		5.5034880638122559,
		0.4785284698009491,
		0.80764514207839966,
		5.2641210556030273,
		3.8584182262420654,
		0.02998504601418972,
		5.4735031127929688,
		0.02998504601418972,
		0.26914659142494202,
		1.3459382057189941,
		0.029882356524467468,
		9.3918914794921875,
		1.555320143699646,
		0.44864609837532043,
		8.7038784027099609,
		31.196254730224609
	],
	"end" : 12.603888511657715,
	"labels" : 
	[
		"Prep",
		"Scan",
		"Break",
		"Scan",
		"Break",
		"Prep",
		"Break",
		"Scan",
		"Break",
		"Prep",
		"Scan",
		"Prep",
		"Scan",
		"Prep",
		"Scan",
		"Break",
		"Break",
		"Scan",
		"Break",
		"Prep",
		"Scan",
		"Break",
		"Prep",
		"Break",
		"Prep",
		"Scan",
		"Break",
		"Prep",
		"Scan",
		"Dead"
	],
	"start" : 11.676111221313477
}