{
	"data" : 
	[
		1.2959266901016235,
		0.59833067655563354,
		0.79754602909088135,
		1.0967113971710205,
		3.6892495155334473,
		0.099265389144420624,
		10.86784839630127,
		0.099265389144420624,
		1.5957767963409424,
		9.5712375640869141,
		0.79754602909088135,
		0.1992153525352478,
		12.761421203613281,
		0.19989995658397675,
		9.2720718383789062,
		0.79754602909088135,
		9.0728559494018555,
		37.088287353515625
	],
	"end" : 18.074722290039062,
	"labels" : 
	[
		"Prep",
		"Scan",
		"Break",
		"Scan",
		"Break",
		"Prep",
		"Scan",
		"Break",
		"Prep",
		"Scan",
		"Break",
		"Prep",
		"Scan",
		"Prep",
		"Scan",
		"Break",
		"Scan",
		"Dead"
	],
	"start" : 17.796388626098633
}