{
	"data" : 
	[
		0.72758197784423828,
		0.67879897356033325,
		1.3094810247421265,
		0.67879897356033325,
		3.6856939792633057,
		0.048449967056512833,
		0.82448196411132812,
		8.1470861434936523,
		0.048616461455821991,
		1.6003473997116089,
		14.451410293579102,
		0.43654915690422058,
		7.904670238494873,
		0.14551639556884766,
		6.8862218856811523,
		0.72741550207138062,
		0.92154836654663086,
		1.8427636623382568,
		0.67896550893783569,
		3.1036281585693359,
		0.048449967056512833,
		5.2375912666320801,
		0.048449967056512833,
		5.1889748573303223,
		4.5584592819213867,
		29.970048904418945
	],
	"end" : 15.351388931274414,
	"labels" : 
	[
		"Prep",
		"Scan",
		"Break",
		"Prep",
		"Scan",
		"Break",
		"Prep",
		"Scan",
		"Break",
		"Prep",
		"Scan",
		"Prep",
		"Scan",
		"Prep",
		"Scan",
		"Prep",
		"Scan",
		"Break",
		"Prep",
		"Scan",
		"Break",
		"Scan",
		"Break",
		"Scan",
		"Scan",
		"Dead"
	],
	"start" : 14.779166221618652
}