{
	"data" : 
	[
		0.52033841609954834,
		0.52033841609954834,
		1.6724069118499756,
		0.63185775279998779,
		0.59459954500198364,
		0.52033841609954834,
		3.4563331604003906,
		1.1521961688995361,
		0.33443033695220947,
		7.5816550254821777,
		82.915504455566406
	],
	"end" : 14.223610877990723,
	"labels" : 
	[
		"Prep",
		"Scan",
		"Break",
		"Prep",
		"Scan",
		"Prep",
		"Scan",
		"Break",
		"Prep",
		"Scan",
		"Dead"
	],
	"start" : 13.476943969726562
}