{
	"data" : 
	[
		0.48883756995201111,
		1.3775638341903687,
		1.4665127992630005,
		0.44443938136100769,
		0.088948912918567657,
		0.31093975901603699,
		3.2885160446166992,
		0.044550742954015732,
		0.3110923171043396,
		4.8882231712341309,
		0.044550742954015732,
		0.044398169964551926,
		0.044398169964551926,
		0.3110923171043396,
		4.2217926979064941,
		1.1998186111450195,
		0.044550742954015732,
		0.31093975901603699,
		0.97767513990402222,
		0.044550742954015732,
		0.75537919998168945,
		5.5993566513061523,
		1.4665127992630005,
		6.6659808158874512,
		0.088948912918567657,
		0.88872623443603516,
		1.8220032453536987,
		0.088948912918567657,
		0.13319450616836548,
		0.044550742954015732,
		16.220436096191406,
		0.35549050569534302,
		1.2887674570083618,
		0.3110923171043396,
		2.888474702835083,
		1.3331656455993652,
		1.2887674570083618,
		0.044550742954015732,
		16.575925827026367,
		22.086334228515625
	],
	"end" : 9.3672218322753906,
	"labels" : 
	[
		"Prep",
		"Scan",
		"Break",
		"Prep",
		"Break",
		"Break",
		"Scan",
		"Break",
		"Break",
		"Scan",
		"Prep",
		"Break",
		"Prep",
		"Break",
		"Scan",
		"Prep",
		"Break",
		"Break",
		"Scan",
		"Prep",
		"Break",
		"Scan",
		"Prep",
		"Scan",
		"Break",
		"Prep",
		"Break",
		"Prep",
		"Break",
		"Prep",
		"Scan",
		"Break",
		"Prep",
		"Break",
		"Scan",
		"Break",
		"Prep",
		"Break",
		"Scan",
		"Dead"
	],
	"start" : 8.7427778244018555
}