{
	"data" : 
	[
		0.09972178190946579,
		1.5286870002746582,
		0.033316660672426224,
		0.69782423973083496,
		0.16624099016189575,
		1.4622818231582642,
		0.4319756031036377,
		0.69793838262557983,
		0.93047034740447998,
		0.43208965659141541,
		3.3233368396759033,
		0.033202562481164932,
		0.033316660672426224,
		3.9547557830810547,
		0.033202562481164932,
		2.8580446243286133,
		0.26596277952194214,
		4.0211610794067383,
		0.033316660672426224,
		0.56489992141723633,
		4.0212750434875488,
		74.2769775390625
	],
	"end" : 16.602500915527344,
	"labels" : 
	[
		"Prep",
		"Break",
		"Prep",
		"Break",
		"Prep",
		"Break",
		"Prep",
		"Scan",
		"Break",
		"Prep",
		"Scan",
		"Prep",
		"Break",
		"Scan",
		"Break",
		"Scan",
		"Prep",
		"Scan",
		"Break",
		"Prep",
		"Scan",
		"Dead"
	],
	"start" : 15.767499923706055
}