{
	"data" : 
	[
		0.44907987117767334,
		0.44930022954940796,
		0.73818331956863403,
		0.44930022954940796,
		2.8881697654724121,
		1.9895693063735962,
		1.059017539024353,
		6.0654430389404297,
		5.1024994850158691,
		0.031951218843460083,
		9.3385696411132812,
		0.38517746329307556,
		0.6738402247428894,
		0.48147180676460266,
		0.57754582166671753,
		0.51342302560806274,
		0.54559463262557983,
		0.35300585627555847,
		0.51342302560806274,
		0.54559463262557983,
		0.38517746329307556,
		0.51342302560806274,
		3.9793589115142822,
		0.031951218843460083,
		0.8664289116859436,
		1.6687350273132324,
		0.44930022954940796,
		6.1615171432495117,
		0.032171573489904404,
		0.032171573489904404,
		0.064122796058654785,
		4.9740338325500488,
		0.54559463262557983,
		1.7972009181976318,
		0.16041715443134308,
		0.51342302560806274,
		0.064122796058654785,
		3.7548191547393799,
		0.031951218843460083,
		2.7279729843139648,
		0.031951218843460083,
		1.925446629524231,
		0.032171573489904404,
		0.064122796058654785,
		3.4337644577026367,
		2.5032126903533936,
		0.51342302560806274,
		3.915015697479248,
		0.51364338397979736,
		5.4233336448669434,
		0.032171573489904404,
		0.51342302560806274,
		3.5620100498199463,
		15.532258033752441
	],
	"end" : 17.467222213745117,
	"labels" : 
	[
		"Prep",
		"Scan",
		"Break",
		"Prep",
		"Scan",
		"Break",
		"Prep",
		"Scan",
		"Break",
		"Prep",
		"Scan",
		"Prep",
		"Scan",
		"Prep",
		"Scan",
		"Prep",
		"Scan",
		"Break",
		"Prep",
		"Scan",
		"Break",
		"Prep",
		"Scan",
		"Prep",
		"Break",
		"Break",
		"Break",
		"Scan",
		"Prep",
		"Break",
		"Prep",
		"Scan",
		"Prep",
		"Scan",
		"Break",
		"Prep",
		"Break",
		"Scan",
		"Break",
		"Scan",
		"Break",
		"Scan",
		"Prep",
		"Break",
		"Scan",
		"Scan",
		"Prep",
		"Scan",
		"Prep",
		"Scan",
		"Break",
		"Prep",
		"Scan",
		"Dead"
	],
	"start" : 16.602500915527344
}