{
	"data" : 
	[
		0.73358237743377686,
		1.7339011430740356,
		6.6022419929504395,
		1.8671549558639526,
		0.066855825483798981,
		0.46684595942497253,
		1.4671647548675537,
		0.13325372338294983,
		0.20010955631732941,
		0.46684595942497253,
		1.4671647548675537,
		3.6010563373565674,
		0.066855825483798981,
		0.46684595942497253,
		6.2686495780944824,
		0.53347283601760864,
		0.60032868385314941,
		0.066626861691474915,
		0.46684595942497253,
		1.2670551538467407,
		19.00628662109375,
		0.066855825483798981,
		0.39999014139175415,
		0.46684595942497253,
		1.3336820602416992,
		16.005559921264648,
		0.39999014139175415,
		1.6672743558883667,
		0.066626861691474915,
		1.3339110612869263,
		1.2670551538467407,
		0.46684595942497253,
		1.2004283666610718,
		27.67579460144043
	],
	"end" : 15.767499923706055,
	"labels" : 
	[
		"Prep",
		"Scan",
		"Break",
		"Prep",
		"Break",
		"Break",
		"Scan",
		"Prep",
		"Break",
		"Break",
		"Scan",
		"Break",
		"Prep",
		"Break",
		"Scan",
		"Prep",
		"Break",
		"Prep",
		"Break",
		"Scan",
		"Break",
		"Prep",
		"Break",
		"Break",
		"Scan",
		"Break",
		"Break",
		"Scan",
		"Prep",
		"Scan",
		"Prep",
		"Break",
		"Scan",
		"Dead"
	],
	"start" : 15.351388931274414
}