{
	"data" : 
	[
		0.81565260887145996,
		1.3805341720581055,
		1.4434424638748169,
		1.06685471534729,
		0.06247735396027565,
		0.87856096029281616,
		1.1297630071640015,
		4.4552822113037109,
		1.0039465427398682,
		7.0280566215515137,
		0.062908239662647247,
		0.06247735396027565,
		11.985742568969727,
		0.06247735396027565,
		0.43949589133262634,
		7.9695253372192383,
		1.0039465427398682,
		7.6554150581359863,
		7.2792582511901855,
		0.062908239662647247,
		7.8437089920043945,
		1.0039465427398682,
		6.7772846221923828,
		1.0039465427398682,
		8.9105644226074219,
		18.511825561523438
	],
	"end" : 18.516944885253906,
	"labels" : 
	[
		"Prep",
		"Scan",
		"Prep",
		"Scan",
		"Break",
		"Prep",
		"Scan",
		"Break",
		"Prep",
		"Scan",
		"Prep",
		"Break",
		"Scan",
		"Prep",
		"Break",
		"Scan",
		"Prep",
		"Scan",
		"Scan",
		"Prep",
		"Scan",
		"Prep",
		"Scan",
		"Prep",
		"Scan",
		"Dead"
	],
	"start" : 18.074722290039062
}