{
	"data" : 
	[
		0.55304855108261108,
		1.4076501131057739,
		3.2680611610412598,
		0.40218570828437805,
		0.050230063498020172,
		0.35195565223693848,
		7.8935422897338867,
		0.050230063498020172,
		0.10046012699604034,
		0.35195565223693848,
		5.5807151794433594,
		1.6591454744338989,
		9.8544130325317383,
		1.1060971021652222,
		0.050230063498020172,
		0.35195565223693848,
		1.1060971021652222,
		0.55304855108261108,
		1.2567871809005737,
		2.1619641780853271,
		0.050230063498020172,
		4.3239283561706543,
		1.6591454744338989,
		0.050230063498020172,
		5.2789897918701172,
		0.25149554014205933,
		0.050230063498020172,
		3.1171982288360596,
		0.10046012699604034,
		23.328498840332031,
		0.050230063498020172,
		1.910641074180603,
		0.35195565223693848,
		3.3181188106536865,
		17.948875427246094
	],
	"end" : 10.62833309173584,
	"labels" : 
	[
		"Prep",
		"Scan",
		"Break",
		"Prep",
		"Break",
		"Break",
		"Scan",
		"Prep",
		"Break",
		"Break",
		"Scan",
		"Prep",
		"Scan",
		"Prep",
		"Break",
		"Break",
		"Scan",
		"Break",
		"Prep",
		"Break",
		"Prep",
		"Scan",
		"Break",
		"Prep",
		"Scan",
		"Break",
		"Prep",
		"Break",
		"Prep",
		"Scan",
		"Break",
		"Prep",
		"Break",
		"Scan",
		"Dead"
	],
	"start" : 10.076389312744141
}