{
	"data" : 
	[
		0.69933533668518066,
		0.49954971671104431,
		0.34966766834259033,
		1.048831582069397,
		1.2986921072006226,
		0.64943182468414307,
		1.049003005027771,
		3.8460016250610352,
		3.1470088958740234,
		6.0938892364501953,
		6.0438146591186523,
		6.7433209419250488,
		0.049903523176908493,
		5.544435977935791,
		0.050075016915798187,
		0.29959267377853394,
		0.050075016915798187,
		8.791081428527832,
		1.7483384609222412,
		7.8921308517456055,
		4.7451224327087402,
		0.099978543817996979,
		6.0938892364501953,
		0.049903523176908493,
		0.099978543817996979,
		7.8921308517456055,
		25.024818420410156
	],
	"end" : 14.779166221618652,
	"labels" : 
	[
		"Prep",
		"Scan",
		"Break",
		"Scan",
		"Break",
		"Prep",
		"Scan",
		"Break",
		"Prep",
		"Scan",
		"Break",
		"Scan",
		"Prep",
		"Scan",
		"Prep",
		"Break",
		"Prep",
		"Scan",
		"Prep",
		"Scan",
		"Break",
		"Prep",
		"Scan",
		"Break",
		"Prep",
		"Scan",
		"Dead"
	],
	"start" : 14.223610877990723
}