{
	"data" : 
	[
		1.5081560611724854,
		1.6244745254516602,
		4.7571048736572266,
		1.6244745254516602,
		1.0440773963928223,
		2.204871654510498,
		1.0440773963928223,
		8.4701328277587891,
		0.11592007428407669,
		0.92815732955932617,
		21.117372512817383,
		55.461185455322266
	],
	"end" : 12.98277759552002,
	"labels" : 
	[
		"Prep",
		"Scan",
		"Break",
		"Prep",
		"Scan",
		"Break",
		"Prep",
		"Scan",
		"Break",
		"Prep",
		"Scan",
		"Dead"
	],
	"start" : 12.743611335754395
}