{
	"data" : 
	[
		1.116253137588501,
		0.7970890998840332,
		3.0301427841186523,
		0.079380430281162262,
		2.6310508251190186,
		6.0591907501220703,
		1.9138896465301514,
		11.002128601074219,
		7.8931522369384766,
		0.079927884042263031,
		7.4146804809570312,
		8.9294776916503906,
		3.9865400791168213,
		11.640456199645996,
		33.326641082763672
	],
	"end" : 18.004167556762695,
	"labels" : 
	[
		"Prep",
		"Scan",
		"Break",
		"Prep",
		"Scan",
		"Break",
		"Prep",
		"Scan",
		"Scan",
		"Prep",
		"Scan",
		"Scan",
		"Prep",
		"Scan",
		"Dead"
	],
	"start" : 17.656110763549805
}