{
	"data" : 
	[
		0.74755251407623291,
		1.121145486831665,
		1.8155370950698853,
		0.9075852632522583,
		0.053527548909187317,
		0.74736922979354858,
		0.96111279726028442,
		4.2182273864746094,
		0.85424095392227173,
		6.2471413612365723,
		1.8153537511825562,
		10.465185165405273,
		0.053344234824180603,
		0.90776854753494263,
		8.0091514587402344,
		0.85424095392227173,
		4.5384759902954102,
		1.0678012371063232,
		0.85442435741424561,
		6.8342947959899902,
		0.053527548909187317,
		7.154726505279541,
		0.053344234824180603,
		7.7422466278076172,
		0.9075852632522583,
		6.4607019424438477,
		0.10687177628278732,
		0.80089682340621948,
		4.8053803443908691,
		0.53399229049682617,
		6.9411664009094238,
		11.266082763671875
	],
	"end" : 10.946944236755371,
	"labels" : 
	[
		"Prep",
		"Scan",
		"Prep",
		"Scan",
		"Break",
		"Prep",
		"Scan",
		"Break",
		"Prep",
		"Scan",
		"Break",
		"Scan",
		"Prep",
		"Break",
		"Scan",
		"Prep",
		"Scan",
		"Break",
		"Prep",
		"Scan",
		"Prep",
		"Scan",
		"Break",
		"Scan",
		"Prep",
		"Scan",
		"Break",
		"Prep",
		"Scan",
		"Prep",
		"Scan",
		"Dead"
	],
	"start" : 10.42722225189209
}