{
	"data" : 
	[
		0.52849835157394409,
		0.48787680268287659,
		1.3417658805847168,
		0.73188501596450806,
		0.44725531339645386,
		2.8867788314819336,
		0.52863788604736328,
		0.040621500462293625,
		0.04076109454035759,
		9.1889753341674805,
		1.5450130701065063,
		13.05164623260498,
		0.040621500462293625,
		0.61002051830291748,
		9.1075916290283203,
		0.04076109454035759,
		8.9855880737304688,
		0.36601230502128601,
		0.97575360536575317,
		0.04076109454035759,
		6.7900729179382324,
		9.3516006469726562,
		0.081382595002651215,
		8.0098342895507812,
		0.81326764822006226,
		7.8878302574157715,
		15.97918701171875
	],
	"end" : 9.9905557632446289,
	"labels" : 
	[
		"Prep",
		"Scan",
		"Break",
		"Prep",
		"Scan",
		"Break",
		"Prep",
		"Break",
		"Prep",
		"Scan",
		"Prep",
		"Scan",
		"Break",
		"Prep",
		"Scan",
		"Prep",
		"Scan",
		"Break",
		"Prep",
		"Break",
		"Scan",
		"Break",
		"Prep",
		"Scan",
		"Prep",
		"Scan",
		"Dead"
	],
	"start" : 9.3080558776855469
}