{
	"data" : 
	[
		0.93681806325912476,
		0.93681806325912476,
		2.2081155776977539,
		0.93681806325912476,
		4.9514904022216797,
		1.1371381282806396,
		11.04057788848877,
		0.06707967072725296,
		2.0073361396789551,
		18.333883285522461,
		0.60233867168426514,
		10.906418800354004,
		0.20077955722808838,
		9.5018806457519531,
		36.13250732421875
	],
	"end" : 16.555000305175781,
	"labels" : 
	[
		"Prep",
		"Scan",
		"Break",
		"Prep",
		"Scan",
		"Prep",
		"Scan",
		"Break",
		"Prep",
		"Scan",
		"Prep",
		"Scan",
		"Prep",
		"Scan",
		"Dead"
	],
	"start" : 16.140277862548828
}