{
	"data" : 
	[
		0.63575857877731323,
		0.63575857877731323,
		2.6791348457336426,
		0.045366786420345306,
		3.3148932456970215,
		0.77201485633850098,
		7.4923791885375977,
		0.36324608325958252,
		6.8567767143249512,
		0.045522686094045639,
		0.31787928938865662,
		7.7648921012878418,
		0.13625624775886536,
		13.486407279968262,
		0.045522686094045639,
		12.078789710998535,
		43.229400634765625
	],
	"end" : 12.743611335754395,
	"labels" : 
	[
		"Prep",
		"Scan",
		"Break",
		"Prep",
		"Scan",
		"Prep",
		"Scan",
		"Prep",
		"Scan",
		"Break",
		"Prep",
		"Scan",
		"Prep",
		"Scan",
		"Break",
		"Scan",
		"Dead"
	],
	"start" : 12.132499694824219
}