{
	"data" : 
	[
		0.44852441549301147,
		0.44857940077781677,
		1.5058430433273315,
		0.60879421234130859,
		0.28836461901664734,
		2.499086856842041,
		0.48058938980102539,
		0.096139878034591675,
		12.175114631652832,
		0.096139878034591675,
		0.67275911569595337,
		0.54471927881240845,
		0.51259934902191162,
		2.5312066078186035,
		0.064019918441772461,
		0.54471927881240845,
		0.7368890643119812,
		0.03200995922088623,
		0.35243955254554749,
		0.67286914587020874,
		5.8633222579956055,
		0.03200995922088623,
		0.064019918441772461,
		7.2410707473754883,
		0.54460930824279785,
		11.246055603027344,
		0.096029877662658691,
		0.80101895332336426,
		11.406214714050293,
		0.60873925685882568,
		0.80101895332336426,
		9.5477676391601562,
		0.064129918813705444,
		4.4214444160461426,
		21.851142883300781
	],
	"end" : 8.7624998092651367,
	"labels" : 
	[
		"Prep",
		"Scan",
		"Break",
		"Prep",
		"Scan",
		"Break",
		"Prep",
		"Break",
		"Scan",
		"Break",
		"Break",
		"Break",
		"Prep",
		"Scan",
		"Break",
		"Prep",
		"Break",
		"Prep",
		"Break",
		"Prep",
		"Scan",
		"Break",
		"Prep",
		"Scan",
		"Prep",
		"Scan",
		"Break",
		"Prep",
		"Scan",
		"Break",
		"Prep",
		"Scan",
		"Prep",
		"Scan",
		"Dead"
	],
	"start" : 7.8963890075683594
}