{
	"data" : 
	[
		1.8590375185012817,
		1.3290566205978394,
		0.92951875925064087,
		0.13317932188510895,
		2.5240218639373779,
		6.7748136520385742,
		2.258575439453125,
		18.333137512207031,
		5.8452954292297363,
		1.4613238573074341,
		15.410490036010742,
		2.1253960132598877,
		13.151914596557617,
		0.13226714730262756,
		0.2663586437702179,
		13.151001930236816,
		14.21461296081543
	],
	"end" : 18.213054656982422,
	"labels" : 
	[
		"Prep",
		"Scan",
		"Break",
		"Prep",
		"Scan",
		"Break",
		"Prep",
		"Scan",
		"Break",
		"Prep",
		"Scan",
		"Prep",
		"Scan",
		"Break",
		"Prep",
		"Scan",
		"Dead"
	],
	"start" : 18.004167556762695
}