{
	"data" : 
	[
		0.66133499145507812,
		0.76297134160995483,
		2.5431797504425049,
		0.050992820411920547,
		3.713045597076416,
		0.91560053825378418,
		8.3928594589233398,
		0.1018110066652298,
		1.220684289932251,
		13.937106132507324,
		0.40706938505172729,
		8.2910490036010742,
		0.05081818625330925,
		0.35607656836509705,
		6.2564005851745605,
		18.311660766601562,
		0.05081818625330925,
		6.2564005851745605,
		0.050992820411920547,
		0.45771294832229614,
		13.835470199584961,
		13.275946617126465
	],
	"end" : 9.3080558776855469,
	"labels" : 
	[
		"Prep",
		"Scan",
		"Break",
		"Prep",
		"Scan",
		"Prep",
		"Scan",
		"Break",
		"Prep",
		"Scan",
		"Prep",
		"Scan",
		"Break",
		"Prep",
		"Scan",
		"Break",
		"Prep",
		"Scan",
		"Break",
		"Prep",
		"Scan",
		"Dead"
	],
	"start" : 8.7624998092651367
}