{
	"data" : 
	[
		1.0978554487228394,
		1.0978554487228394,
		2.9796626567840576,
		0.078072115778923035,
		7.2144021987915039,
		0.078610546886920929,
		1.4112207889556885,
		12.15394401550293,
		2.4310040473937988,
		23.367792129516602,
		0.7053411602973938,
		12.781750679016113,
		0.078610546886920929,
		0.62726902961730957,
		13.879067420959473,
		19.91754150390625
	],
	"end" : 17.227500915527344,
	"labels" : 
	[
		"Prep",
		"Scan",
		"Break",
		"Prep",
		"Scan",
		"Break",
		"Prep",
		"Scan",
		"Prep",
		"Scan",
		"Prep",
		"Scan",
		"Break",
		"Prep",
		"Scan",
		"Dead"
	],
	"start" : 16.873611450195312
}