{
	"data" : 
	[
		0.71287763118743896,
		0.76765644550323486,
		2.8511340618133545,
		0.76746821403503418,
		4.0573978424072266,
		0.93218117952346802,
		9.1017551422119141,
		1.6448705196380615,
		16.339336395263672,
		0.43860703706741333,
		8.937230110168457,
		0.054967060685157776,
		0.10955764353275299,
		6.853752613067627,
		46.331211090087891
	],
	"end" : 13.488888740539551,
	"labels" : 
	[
		"Prep",
		"Scan",
		"Break",
		"Prep",
		"Scan",
		"Prep",
		"Scan",
		"Prep",
		"Scan",
		"Prep",
		"Scan",
		"Break",
		"Prep",
		"Scan",
		"Dead"
	],
	"start" : 12.98277759552002
}