{
	"data" : 
	[
		1.7098639011383057,
		1.3434046506881714,
		1.5874313116073608,
		2.5652153491973877,
		2.6868093013763428,
		2.5643768310546875,
		7.0834827423095703,
		0.48889195919036865,
		0.12159405648708344,
		12.457101821899414,
		0.122432641685009,
		10.868831634521484,
		2.6868093013763428,
		10.747237205505371,
		0.122432641685009,
		0.12159405648708344,
		10.625643730163574,
		0.12159405648708344,
		8.6709136962890625,
		23.204339981079102
	],
	"end" : 17.656110763549805,
	"labels" : 
	[
		"Prep",
		"Scan",
		"Break",
		"Scan",
		"Break",
		"Scan",
		"Break",
		"Break",
		"Prep",
		"Scan",
		"Break",
		"Scan",
		"Prep",
		"Scan",
		"Break",
		"Prep",
		"Scan",
		"Prep",
		"Scan",
		"Dead"
	],
	"start" : 17.428888320922852
}