{
	"data" : 
	[
		0.82603096961975098,
		0.88973969221115112,
		3.3680505752563477,
		0.88973969221115112,
		4.6391696929931641,
		0.063490495085716248,
		1.143919825553894,
		10.67643928527832,
		0.50836032629013062,
		10.358551025390625,
		2.2243490219116211,
		18.9376220703125,
		0.44486984610557556,
		8.5157995223999023,
		36.413871765136719
	],
	"end" : 10.42722225189209,
	"labels" : 
	[
		"Prep",
		"Scan",
		"Break",
		"Prep",
		"Scan",
		"Break",
		"Prep",
		"Scan",
		"Prep",
		"Scan",
		"Prep",
		"Scan",
		"Prep",
		"Scan",
		"Dead"
	],
	"start" : 9.9905557632446289
}