{
	"data" : 
	[
		0.52528834342956543,
		0.84031713008880615,
		2.8888156414031982,
		0.10512980818748474,
		1.2080008983612061,
		6.9331574440002441,
		1.4705549478530884,
		8.5088415145874023,
		4.1494712829589844,
		0.63023781776428223,
		1.7857639789581299,
		2.6787362098693848,
		0.21007928252220154,
		7.7734742164611816,
		0.052474737167358398,
		5.1998677253723145,
		0.15760454535484314,
		5.6200265884399414,
		0.10512980818748474,
		0.052474737167358398,
		6.5654735565185547,
		0.052474737167358398,
		7.7734742164611816,
		1.5232100486755371,
		7.7736549377441406,
		0.052294414490461349,
		7.8787846565246582,
		17.385187149047852
	],
	"end" : 16.140277862548828,
	"labels" : 
	[
		"Prep",
		"Scan",
		"Break",
		"Prep",
		"Scan",
		"Break",
		"Prep",
		"Scan",
		"Break",
		"Prep",
		"Scan",
		"Break",
		"Prep",
		"Scan",
		"Break",
		"Scan",
		"Prep",
		"Scan",
		"Break",
		"Prep",
		"Scan",
		"Break",
		"Scan",
		"Prep",
		"Scan",
		"Break",
		"Scan",
		"Dead"
	],
	"start" : 15.611944198608398
}