{
	"data" : 
	[
		1.7910753488540649,
		1.2404119968414307,
		2.8933486938476562,
		2.6180167198181152,
		4.9607019424438477,
		2.4798779487609863,
		17.913593292236328,
		2.7561557292938232,
		15.708101272583008,
		0.27533173561096191,
		15.432768821716309,
		0.27627789974212646,
		13.778885841369629,
		17.775453567504883
	],
	"end" : 17.428888320922852,
	"labels" : 
	[
		"Prep",
		"Scan",
		"Break",
		"Scan",
		"Break",
		"Prep",
		"Scan",
		"Break",
		"Scan",
		"Prep",
		"Scan",
		"Prep",
		"Scan",
		"Dead"
	],
	"start" : 17.227500915527344
}