{
	"data" : 
	[
		0.18242135643959045,
		0.31508105993270874,
		1.2603812217712402,
		0.48093417286872864,
		0.016568232327699661,
		0.13265971839427948,
		0.28194460272789001,
		0.59696877002716064,
		0.38146784901618958,
		0.016568232327699661,
		0.033193398267030716,
		0.016568232327699661,
		0.11609148979187012,
		0.28188768029212952,
		0.56388920545578003,
		0.29845592379570007,
		0.11609148979187012,
		0.96186834573745728,
		0.14922796189785004,
		0.48093417286872864,
		2.6367969512939453,
		0.016625167801976204,
		0.31508105993270874,
		0.11609148979187012,
		1.4427456855773926,
		0.51412761211395264,
		0.11609148979187012,
		0.29851284623146057,
		1.9236798286437988,
		0.13265971839427948,
		0.31508105993270874,
		1.4428025484085083,
		0.016568232327699661,
		0.033193398267030716,
		0.3316493034362793,
		0.11609148979187012,
		0.29851284623146057,
		0.016568232327699661,
		0.28194460272789001,
		0.29851284623146057,
		0.016568232327699661,
		0.28194460272789001,
		0.28188768029212952,
		0.016568232327699661,
		0.28194460272789001,
		0.29851284623146057,
		0.14922796189785004,
		0.41460436582565308,
		0.11609148979187012,
		0.31508105993270874,
		0.016568232327699661,
		0.049761626869440079,
		2.6534221172332764,
		77.661277770996094
	],
	"end" : 15.611944198608398,
	"labels" : 
	[
		"Prep",
		"Scan",
		"Break",
		"Prep",
		"Break",
		"Break",
		"Scan",
		"Break",
		"Prep",
		"Break",
		"Break",
		"Prep",
		"Break",
		"Scan",
		"Break",
		"Prep",
		"Break",
		"Scan",
		"Break",
		"Prep",
		"Scan",
		"Break",
		"Prep",
		"Break",
		"Scan",
		"Prep",
		"Break",
		"Scan",
		"Break",
		"Prep",
		"Scan",
		"Break",
		"Prep",
		"Break",
		"Scan",
		"Break",
		"Scan",
		"Break",
		"Break",
		"Scan",
		"Prep",
		"Break",
		"Scan",
		"Break",
		"Break",
		"Scan",
		"Break",
		"Prep",
		"Break",
		"Scan",
		"Break",
		"Prep",
		"Scan",
		"Dead"
	],
	"start" : 13.938611030578613
}