{
	"data" : 
	[
		1.2194157838821411,
		1.8288247585296631,
		0.087314717471599579,
		1.5674787759780884,
		1.5680767297744751,
		1.3061325550079346,
		1.5680767297744751,
		8.447998046875,
		1.3067306280136108,
		7.664557933807373,
		3.0482406616210938,
		0.087314717471599579,
		8.3612823486328125,
		1.4801639318466187,
		6.6197719573974609,
		9.8420438766479492,
		2.6995797157287598,
		0.087314717471599579,
		14.283731460571289,
		0.087314717471599579,
		7.7512750625610352,
		18.987363815307617
	],
	"end" : 16.873611450195312,
	"labels" : 
	[
		"Prep",
		"Scan",
		"Break",
		"Prep",
		"Scan",
		"Prep",
		"Scan",
		"Break",
		"Prep",
		"Scan",
		"Break",
		"Prep",
		"Scan",
		"Prep",
		"Scan",
		"Scan",
		"Break",
		"Prep",
		"Scan",
		"Break",
		"Scan",
		"Dead"
	],
	"start" : 16.555000305175781
}