{
	"data" : 
	[
		2.3751378059387207,
		1.0960245132446289,
		1.825871467590332,
		2.008960485458374,
		7.8527522087097168,
		3.1049847602844238,
		23.559511184692383,
		2.008960485458374,
		0.1830887645483017,
		18.810489654541016,
		0.36492350697517395,
		18.263731002807617,
		0.36492350697517395,
		18.080642700195312
	],
	"end" : 18.364999771118164,
	"labels" : 
	[
		"Prep",
		"Scan",
		"Break",
		"Scan",
		"Break",
		"Prep",
		"Scan",
		"Break",
		"Prep",
		"Scan",
		"Prep",
		"Scan",
		"Prep",
		"Scan"
	],
	"start" : 18.213054656982422
}