{
	"data" : 
	[
		0.44188371300697327,
		0.83947288990020752,
		2.3859901428222656,
		0.35344630479812622,
		0.30930343270301819,
		5.8323187828063965,
		0.92775863409042358,
		0.35359799861907959,
		1.9882490634918213,
		0.044142864644527435,
		0.75118714570999146,
		5.6554441452026367,
		0.17672315239906311,
		0.88376742601394653,
		3.0928826332092285,
		0.044142864644527435,
		17.055072784423828,
		1.1046334505081177,
		0.044142864644527435,
		0.044142864644527435,
		0.30930343270301819,
		2.8720166683197021,
		0.088285729289054871,
		0.044142864644527435,
		0.044294554740190506,
		0.17672315239906311,
		0.044142864644527435,
		0.75118714570999146,
		2.1208295822143555,
		0.044142864644527435,
		0.088285729289054871,
		0.75118714570999146,
		2.5185701847076416,
		0.66274970769882202,
		6.6274971961975098,
		1.060490608215332,
		0.30930343270301819,
		3.9323556423187256,
		0.17672315239906311,
		0.75103545188903809,
		0.70704430341720581,
		3.6671948432922363,
		0.044294554740190506,
		0.088285729289054871,
		1.7232403755187988,
		0.044142864644527435,
		0.30930343270301819,
		0.75103545188903809,
		0.7953299880027771,
		0.70704430341720581,
		0.044142864644527435,
		0.75118714570999146,
		0.75103545188903809,
		0.7953299880027771,
		0.70689260959625244,
		0.044294554740190506,
		0.35344630479812622,
		0.75103545188903809,
		0.75118714570999146,
		20.4129638671875
	],
	"end" : 12.132499694824219,
	"labels" : 
	[
		"Prep",
		"Scan",
		"Break",
		"Prep",
		"Break",
		"Scan",
		"Prep",
		"Break",
		"Scan",
		"Prep",
		"Break",
		"Scan",
		"Break",
		"Prep",
		"Break",
		"Prep",
		"Scan",
		"Prep",
		"Break",
		"Prep",
		"Break",
		"Scan",
		"Prep",
		"Break",
		"Prep",
		"Break",
		"Prep",
		"Break",
		"Scan",
		"Break",
		"Prep",
		"Break",
		"Scan",
		"Prep",
		"Scan",
		"Prep",
		"Break",
		"Scan",
		"Prep",
		"Break",
		"Scan",
		"Break",
		"Prep",
		"Break",
		"Scan",
		"Break",
		"Break",
		"Scan",
		"Break",
		"Scan",
		"Break",
		"Break",
		"Scan",
		"Break",
		"Scan",
		"Break",
		"Prep",
		"Break",
		"Scan",
		"Dead"
	],
	"start" : 11.504444122314453
}