{
	"data" : 
	[
		0.69689607620239258,
		0.94571423530578613,
		1.3937921524047852,
		0.69689607620239258,
		3.4843094348907471,
		5.4254674911499023,
		5.3260087966918945,
		0.049729466438293457,
		0.29871857166290283,
		4.7784714698791504,
		76.804000854492188
	],
	"end" : 11.504444122314453,
	"labels" : 
	[
		"Prep",
		"Scan",
		"Break",
		"Prep",
		"Scan",
		"Scan",
		"Scan",
		"Break",
		"Prep",
		"Scan",
		"Dead"
	],
	"start" : 10.946944236755371
}