{
	"data" : 
	[
		0.86390978097915649,
		1.2340054512023926,
		3.7024402618408203,
		0.49360218644142151,
		7.1576557159423828,
		0.12350647151470184,
		8.2067193984985352,
		0.061647310853004456,
		5.2448945045471191,
		0.061647310853004456,
		0.49381405115127563,
		6.3556046485900879,
		65.900558471679688
	],
	"end" : 13.938611030578613,
	"labels" : 
	[
		"Prep",
		"Scan",
		"Break",
		"Prep",
		"Scan",
		"Break",
		"Scan",
		"Prep",
		"Scan",
		"Break",
		"Prep",
		"Scan",
		"Dead"
	],
	"start" : 13.488888740539551
}