{
	"data" : 
	[
		0.29715469479560852,
		0.15991583466529846,
		1.3484561443328857,
		0.25140839815139771,
		1.3256222009658813,
		0.66281110048294067,
		3.1768951416015625,
		1.0056335926055908,
		0.045667819678783417,
		2.9026529788970947,
		0.022833909839391708,
		0.022833909839391708,
		2.4683377742767334,
		0.022912375628948212,
		2.7883265018463135,
		0.022833909839391708,
		0.36565643548965454,
		2.7198247909545898,
		0.068501725792884827,
		5.393824577331543,
		0.022912375628948212,
		0.045667819678783417,
		2.7198247909545898,
		3.2453968524932861,
		0.022833909839391708,
		0.20574058592319489,
		0.27424231171607971,
		0.13716039061546326,
		0.18282821774482727,
		0.022833909839391708,
		0.25140839815139771,
		0.84563934803009033,
		0.63997721672058105,
		3.5653855800628662,
		0.022833909839391708,
		0.04574628546833992,
		2.9025743007659912,
		0.022833909839391708,
		0.022912375628948212,
		2.5825858116149902,
		2.7883265018463135,
		0.04574628546833992,
		5.393824577331543,
		21.575298309326172,
		0.27424231171607971,
		0.022833909839391708,
		1.87418532371521,
		0.022833909839391708,
		0.045667819678783417,
		1.8512730598449707,
		2.1940953731536865,
		0.31998860836029053,
		0.13716039061546326,
		0.41140270233154297,
		0.27424231171607971,
		0.68564498424530029,
		0.25140839815139771,
		0.82280540466308594,
		0.66281110048294067,
		1.8055266141891479,
		0.04574628546833992,
		1.8741068840026855,
		13.667389869689941
	],
	"end" : 12.58305549621582,
	"labels" : 
	[
		"Prep",
		"Scan",
		"Break",
		"Scan",
		"Break",
		"Prep",
		"Scan",
		"Break",
		"Prep",
		"Scan",
		"Break",
		"Prep",
		"Scan",
		"Prep",
		"Scan",
		"Break",
		"Prep",
		"Scan",
		"Prep",
		"Scan",
		"Break",
		"Prep",
		"Scan",
		"Break",
		"Prep",
		"Break",
		"Prep",
		"Scan",
		"Break",
		"Prep",
		"Scan",
		"Break",
		"Prep",
		"Scan",
		"Break",
		"Prep",
		"Scan",
		"Break",
		"Prep",
		"Scan",
		"Scan",
		"Prep",
		"Scan",
		"Break",
		"Break",
		"Prep",
		"Scan",
		"Break",
		"Prep",
		"Scan",
		"Break",
		"Prep",
		"Scan",
		"Break",
		"Scan",
		"Break",
		"Scan",
		"Break",
		"Prep",
		"Scan",
		"Prep",
		"Scan",
		"Dead"
	],
	"start" : 11.368888854980469
}