{
	"data" : 
	[
		0.43917855620384216,
		0.81985354423522949,
		0.76124954223632812,
		0.40992677211761475,
		0.26346692442893982,
		1.8445700407028198,
		0.46843031048774719,
		5.3580985069274902,
		0.49778258800506592,
		0.29271867871284485,
		9.0764904022216797,
		0.58563840389251709,
		2.1958928108215332,
		1.7860665321350098,
		0.90760886669158936,
		8.2859897613525391,
		0.029251763597130775,
		0.087855815887451172,
		7.40753173828125,
		0.79060184955596924,
		0.087855815887451172,
		7.2319207191467285,
		1.3760391473770142,
		0.2343156635761261,
		4.7138562202453613,
		0.38067501783370972,
		0.1171075776219368,
		9.0764904022216797,
		34.37353515625
	],
	"end" : 13.53083324432373,
	"labels" : 
	[
		"Prep",
		"Scan",
		"Break",
		"Prep",
		"Scan",
		"Break",
		"Prep",
		"Scan",
		"Break",
		"Prep",
		"Scan",
		"Prep",
		"Scan",
		"Break",
		"Prep",
		"Scan",
		"Break",
		"Prep",
		"Scan",
		"Break",
		"Prep",
		"Scan",
		"Break",
		"Prep",
		"Scan",
		"Break",
		"Prep",
		"Scan",
		"Dead"
	],
	"start" : 12.58305549621582
}