{
	"data" : 
	[
		0.7949022650718689,
		0.46374985575675964,
		3.3786191940307617,
		2.7822718620300293,
		2.1861519813537598,
		1.1262822151184082,
		0.46374985575675964,
		6.0947060585021973,
		4.3058915138244629,
		1.987596869468689,
		7.1545758247375488,
		9.0757598876953125,
		0.72871732711791992,
		0.46374985575675964,
		11.460694313049316,
		0.06618499755859375,
		1.9873695373535156,
		14.905499458312988,
		1.6562169790267944,
		0.06618499755859375,
		0.06618499755859375,
		10.268227577209473,
		1.4574346542358398,
		0.66253232955932617,
		4.7034564018249512,
		5.8959231376647949,
		5.6973686218261719
	],
	"end" : 13.952500343322754,
	"labels" : 
	[
		"Prep",
		"Break",
		"Scan",
		"Break",
		"Prep",
		"Break",
		"Break",
		"Scan",
		"Break",
		"Prep",
		"Break",
		"Scan",
		"Prep",
		"Break",
		"Scan",
		"Break",
		"Prep",
		"Scan",
		"Prep",
		"Break",
		"Prep",
		"Scan",
		"Break",
		"Prep",
		"Break",
		"Scan",
		"Dead"
	],
	"start" : 13.53083324432373
}