{
	"data" : 
	[
		0.61805623769760132,
		1.0677095651626587,
		1.6855729818344116,
		0.50559473037719727,
		12.473394393920898,
		0.56192195415496826,
		0.50578761100769043,
		10.394495010375977,
		0.44946038722991943,
		0.50559473037719727,
		11.799203872680664,
		0.056327223777770996,
		9.8325738906860352,
		3.7644720077514648,
		15.058080673217773,
		30.621757507324219
	],
	"end" : 15.908333778381348,
	"labels" : 
	[
		"Prep",
		"Scan",
		"Break",
		"Prep",
		"Scan",
		"Break",
		"Prep",
		"Scan",
		"Break",
		"Prep",
		"Scan",
		"Prep",
		"Scan",
		"Prep",
		"Scan",
		"Dead"
	],
	"start" : 15.414443969726562
}