{
	"data" : 
	[
		0.53100621700286865,
		1.0620124340057373,
		1.3654073476791382,
		0.26537290215492249,
		1.0620124340057373,
		0.91031491756439209,
		0.53087598085403442,
		7.1683230400085449,
		3.7546746730804443,
		0.68270367383956909,
		8.950800895690918,
		0.038022022694349289,
		9.5954828262329102,
		10.354100227355957,
		1.3275154829025269,
		0.075783617794513702,
		1.3654073476791382,
		0.94820678234100342,
		9.6335048675537109,
		0.45509237051010132,
		0.11380564421415329,
		2.7306845188140869,
		0.037891808897256851,
		0.038022022694349289,
		9.4058933258056641,
		1.2894934415817261,
		0.037891808897256851,
		9.3680019378662109,
		16.80169677734375
	],
	"end" : 15.414443969726562,
	"labels" : 
	[
		"Prep",
		"Scan",
		"Break",
		"Prep",
		"Scan",
		"Break",
		"Prep",
		"Scan",
		"Break",
		"Prep",
		"Scan",
		"Break",
		"Scan",
		"Scan",
		"Break",
		"Prep",
		"Break",
		"Prep",
		"Scan",
		"Break",
		"Prep",
		"Scan",
		"Break",
		"Prep",
		"Scan",
		"Break",
		"Prep",
		"Scan",
		"Dead"
	],
	"start" : 14.682777404785156
}