{
	"data" : 
	[
		0.7515684962272644,
		1.5031369924545288,
		3.2746121883392334,
		0.42941507697105408,
		10.897190093994141,
		0.91264516115188599,
		4.1330738067626953,
		0.37596851587295532,
		1.0737220048904419,
		16.694477081298828,
		0.053815104067325592,
		0.16107672452926636,
		13.634757041931152,
		0.16107672452926636,
		12.400326728820801,
		0.053815104067325592,
		5.2606110572814941,
		7.8909163475036621,
		0.16107672452926636,
		16.748661041259766,
		0.053446505218744278,
		3.2746121883392334
	],
	"end" : 17.057222366333008,
	"labels" : 
	[
		"Prep",
		"Scan",
		"Break",
		"Prep",
		"Scan",
		"Prep",
		"Scan",
		"Break",
		"Prep",
		"Scan",
		"Break",
		"Prep",
		"Scan",
		"Prep",
		"Scan",
		"Prep",
		"Scan",
		"Break",
		"Prep",
		"Scan",
		"Prep",
		"Scan"
	],
	"start" : 16.540277481079102
}