{
	"data" : 
	[
		0.45595827698707581,
		0.68400263786315918,
		0.34193608164787292,
		0.26600828766822815,
		0.49405264854431152,
		0.075927816331386566,
		0.72196656465530396,
		0.76006090641021729,
		1.1019970178604126,
		0.26600828766822815,
		7.485804557800293,
		1.2539831399917603,
		0.34193608164787292,
		6.3078794479370117,
		0.30397218465805054,
		0.34206655621528625,
		7.5238986015319824,
		0.45595827698707581,
		0.037963908165693283,
		5.8898849487304688,
		0.037963908165693283,
		2.6599524021148682,
		10.183850288391113,
		0.95001089572906494,
		12.99578857421875,
		0.18994998931884766,
		0.72196656465530396,
		8.0559148788452148,
		28.993337631225586
	],
	"end" : 14.682777404785156,
	"labels" : 
	[
		"Prep",
		"Scan",
		"Break",
		"Prep",
		"Break",
		"Prep",
		"Break",
		"Scan",
		"Break",
		"Prep",
		"Scan",
		"Break",
		"Prep",
		"Scan",
		"Break",
		"Prep",
		"Scan",
		"Break",
		"Prep",
		"Scan",
		"Break",
		"Prep",
		"Scan",
		"Prep",
		"Scan",
		"Break",
		"Prep",
		"Scan",
		"Dead"
	],
	"start" : 13.952500343322754
}