{
	"data" : 
	[
		1.4049072265625,
		1.0787233114242554,
		1.3046489953994751,
		0.70241051912307739,
		0.25090396404266357,
		0.65228140354156494,
		0.82790559530258179,
		0.25090396404266357,
		0.15047347545623779,
		0.025064557790756226,
		0.75271189212799072,
		2.3582215309143066,
		0.7776903510093689,
		0.050215244293212891,
		0.72756123542785645,
		0.5519370436668396,
		0.025064557790756226,
		6.3723406791687012,
		7.0999021530151367,
		2.7847497463226318,
		0.37631288170814514,
		0.025064557790756226,
		3.4119665622711182,
		10.436502456665039,
		6.8992128372192383,
		0.30103307962417603,
		0.57708775997161865,
		0.42644199728965759,
		0.25090396404266357,
		0.67734599113464355,
		1.3798426389694214,
		0.22583940625190735,
		2.5087811946868896,
		0.25090396404266357,
		0.30103307962417603,
		3.5373754501342773,
		0.37631288170814514,
		2.4837167263031006,
		0.37631288170814514,
		0.025064557790756226,
		2.9854385852813721,
		33.918891906738281
	],
	"end" : 11.368888854980469,
	"labels" : 
	[
		"Prep",
		"Break",
		"Prep",
		"Break",
		"Prep",
		"Scan",
		"Break",
		"Prep",
		"Break",
		"Prep",
		"Scan",
		"Break",
		"Scan",
		"Prep",
		"Scan",
		"Break",
		"Prep",
		"Break",
		"Scan",
		"Break",
		"Scan",
		"Break",
		"Prep",
		"Break",
		"Scan",
		"Prep",
		"Scan",
		"Break",
		"Prep",
		"Scan",
		"Break",
		"Prep",
		"Break",
		"Scan",
		"Break",
		"Prep",
		"Prep",
		"Break",
		"Scan",
		"Break",
		"Prep",
		"Dead"
	],
	"start" : 10.251667022705078
}