{
	"data" : 
	[
		0.27591302990913391,
		0.61110979318618774,
		0.27598068118095398,
		0.25621944665908813,
		1.0250130891799927,
		0.01976124569773674,
		1.0250130891799927,
		0.019693570211529732,
		1.0250130891799927,
		52.689979553222656,
		0.019693570211529732,
		0.059148386120796204,
		0.25621944665908813,
		0.59134852886199951,
		0.27598068118095398,
		0.29567426443099976,
		1.0053195953369141,
		0.23652587831020355,
		0.29567426443099976,
		1.0250808000564575,
		0.19707106053829193,
		0.15768390893936157,
		1.0250130891799927,
		0.27598068118095398,
		0.15768390893936157,
		1.6558164358139038,
		0.51250654458999634,
		0.27598068118095398,
		4.0212106704711914,
		0.059148386120796204,
		0.39427745342254639,
		4.2971911430358887,
		0.059148386120796204,
		3.6466941833496094,
		21.880233764648438
	],
	"end" : 10.251667022705078,
	"labels" : 
	[
		"Prep",
		"Scan",
		"Break",
		"Prep",
		"Scan",
		"Prep",
		"Scan",
		"Break",
		"Scan",
		"Break",
		"Prep",
		"Break",
		"Prep",
		"Scan",
		"Break",
		"Prep",
		"Scan",
		"Break",
		"Prep",
		"Scan",
		"Break",
		"Prep",
		"Scan",
		"Break",
		"Prep",
		"Scan",
		"Break",
		"Prep",
		"Scan",
		"Break",
		"Prep",
		"Scan",
		"Prep",
		"Scan",
		"Dead"
	],
	"start" : 8.8438892364501953
}