{
	"data" : 
	[
		0.49080297350883484,
		0.31218990683555603,
		2.5433213710784912,
		1.5169855356216431,
		1.3385257720947266,
		0.26776641607284546,
		3.9264237880706787,
		0.044576674699783325,
		1.3385257720947266,
		4.5958395004272461,
		6.2018256187438965,
		1.2937958240509033,
		0.31249624490737915,
		6.3357086181640625,
		0.80299288034439087,
		0.35691973567008972,
		0.31249624490737915,
		1.2046425342559814,
		1.3385257720947266,
		0.31249624490737915,
		4.4169201850891113,
		1.0710656642913818,
		0.53522646427154541,
		0.31249624490737915,
		1.1599127054214478,
		0.044729858636856079,
		0.08915334939956665,
		10.039095878601074,
		0.44637948274612427,
		0.40134325623512268,
		4.2833433151245117,
		4.2833433151245117,
		0.17861306667327881,
		0.44607311487197876,
		7.0051250457763672,
		30.340324401855469
	],
	"end" : 16.540277481079102,
	"labels" : 
	[
		"Prep",
		"Break",
		"Scan",
		"Break",
		"Prep",
		"Break",
		"Scan",
		"Break",
		"Prep",
		"Break",
		"Scan",
		"Prep",
		"Break",
		"Scan",
		"Prep",
		"Break",
		"Break",
		"Scan",
		"Break",
		"Break",
		"Scan",
		"Prep",
		"Break",
		"Break",
		"Scan",
		"Break",
		"Prep",
		"Scan",
		"Break",
		"Prep",
		"Break",
		"Scan",
		"Prep",
		"Break",
		"Scan",
		"Dead"
	],
	"start" : 15.908333778381348
}