{
	"data" : 
	[
		0.14748075604438782,
		0.31758794188499451,
		0.74865853786468506,
		0.15881344676017761,
		2.4501588344573975,
		0.011332690715789795,
		0.27221822738647461,
		2.8358206748962402,
		0.011332690715789795,
		0.034037016332149506,
		2.8698577880859375,
		0.011332690715789795,
		1.1116551160812378,
		0.011332690715789795,
		0.19285045564174652,
		0.91880464553833008,
		0.011332690715789795,
		0.02266538143157959,
		3.0400040149688721,
		5.0023899078369141,
		1.2023556232452393,
		0.72599321603775024,
		1.985051155090332,
		0.056702394038438797,
		0.78269553184509277,
		0.045369703322649002,
		3.5277769565582275,
		0.71462154388427734,
		0.06803508847951889,
		3.5277769565582275,
		4.2877292633056641,
		0.045369703322649002,
		3.527738094329834,
		0.011371634900569916,
		0.81669366359710693,
		0.23822017014026642,
		0.41969898343086243,
		0.18147881329059601,
		0.17014612257480621,
		0.24955284595489502,
		0.37432926893234253,
		1.2023944854736328,
		0.17014612257480621,
		1.395206093788147,
		1.9397205114364624,
		0.011332690715789795,
		0.36299660801887512,
		1.7582026720046997,
		0.18147881329059601,
		0.17014612257480621,
		0.011332690715789795,
		2.2346429824829102,
		0.011332690715789795,
		0.45373600721359253,
		0.090739406645298004,
		0.011332690715789795,
		2.6543419361114502,
		0.65791916847229004,
		0.17014612257480621,
		2.9038558006286621,
		0.011332690715789795,
		0.17014612257480621,
		3.1874847412109375,
		0.033998068422079086,
		0.10211104899644852,
		0.011332690715789795,
		0.011332690715789795,
		2.9152274131774902,
		0.011332690715789795,
		2.5522308349609375,
		31.364097595214844
	],
	"end" : 15.873888969421387,
	"labels" : 
	[
		"Prep",
		"Scan",
		"Break",
		"Prep",
		"Scan",
		"Break",
		"Prep",
		"Scan",
		"Break",
		"Prep",
		"Scan",
		"Break",
		"Scan",
		"Break",
		"Prep",
		"Scan",
		"Break",
		"Prep",
		"Scan",
		"Break",
		"Prep",
		"Break",
		"Scan",
		"Break",
		"Prep",
		"Break",
		"Scan",
		"Prep",
		"Break",
		"Scan",
		"Break",
		"Prep",
		"Scan",
		"Prep",
		"Scan",
		"Prep",
		"Scan",
		"Break",
		"Prep",
		"Break",
		"Scan",
		"Break",
		"Prep",
		"Scan",
		"Scan",
		"Break",
		"Prep",
		"Scan",
		"Prep",
		"Break",
		"Prep",
		"Scan",
		"Prep",
		"Break",
		"Break",
		"Prep",
		"Scan",
		"Break",
		"Prep",
		"Scan",
		"Break",
		"Prep",
		"Scan",
		"Break",
		"Prep",
		"Break",
		"Prep",
		"Scan",
		"Break",
		"Scan",
		"Dead"
	],
	"start" : 13.427499771118164
}