{
	"data" : 
	[
		0.2590281069278717,
		0.48355072736740112,
		0.36260375380516052,
		0.2590281069278717,
		3.2638485431671143,
		0.29353353381156921,
		1.2606348991394043,
		0.10363494604825974,
		0.34535104036331177,
		4.4381012916564941,
		0.017252730205655098,
		0.051817473024129868,
		3.6437051296234131,
		0.017252730205655098,
		0.034564744681119919,
		4.282649040222168,
		0.13814041018486023,
		1.6750560998916626,
		78.970245361328125
	],
	"end" : 13.427499771118164,
	"labels" : 
	[
		"Prep",
		"Scan",
		"Break",
		"Prep",
		"Scan",
		"Prep",
		"Scan",
		"Break",
		"Prep",
		"Scan",
		"Break",
		"Prep",
		"Scan",
		"Break",
		"Prep",
		"Scan",
		"Prep",
		"Scan",
		"Dead"
	],
	"start" : 11.820555686950684
}