{
	"data" : 
	[
		0.57963967323303223,
		1.1591371297836304,
		2.0701010227203369,
		0.33118206262588501,
		0.041362222284078598,
		6.8311624526977539,
		0.70386850833892822,
		3.2292380332946777,
		0.2069532573223114,
		0.12422880530357361,
		8.6113014221191406,
		0.37268641591072083,
		7.0381159782409668,
		0.082724444568157196,
		7.7419843673706055,
		0.70386850833892822,
		0.041220083832740784,
		6.0445699691772461,
		16.353286743164062,
		1.8631477355957031,
		5.3407015800476074,
		0.78659290075302124,
		0.49691522121429443,
		0.041220083832740784,
		9.8948097229003906,
		7.2865734100341797,
		0.041220083832740784,
		0.041504360735416412,
		0.041504360735416412,
		6.2100191116333008,
		5.5891590118408203
	],
	"end" : 16.544445037841797,
	"labels" : 
	[
		"Prep",
		"Scan",
		"Break",
		"Prep",
		"Break",
		"Scan",
		"Prep",
		"Scan",
		"Break",
		"Prep",
		"Scan",
		"Prep",
		"Scan",
		"Prep",
		"Scan",
		"Break",
		"Prep",
		"Scan",
		"Break",
		"Prep",
		"Break",
		"Prep",
		"Break",
		"Prep",
		"Break",
		"Scan",
		"Prep",
		"Break",
		"Prep",
		"Break",
		"Scan"
	],
	"start" : 15.873888969421387
}