{
	"data" : 
	[
		0.20088024437427521,
		0.40185901522636414,
		0.61712652444839478,
		0.071739420294761658,
		0.51666182279586792,
		0.15786613523960114,
		2.7124004364013672,
		0.043063361197710037,
		0.3587956428527832,
		4.0614070892333984,
		0.27271819114685059,
		1.0332742929458618,
		0.043063361197710037,
		0.043063361197710037,
		3.343864917755127,
		0.043063361197710037,
		3.5447945594787598,
		0.014338030479848385,
		1.4064079523086548,
		0.11485205590724945,
		0.24394358694553375,
		0.086126722395420074,
		0.014338030479848385,
		0.60278850793838501,
		0.22960555553436279,
		0.22960555553436279,
		0.071788690984249115,
		0.6170772910118103,
		0.84673207998275757,
		0.22965481877326965,
		0.071739420294761658,
		0.70320397615432739,
		0.028725329786539078,
		0.086077451705932617,
		3.3869283199310303,
		2.0522599220275879,
		0.086126722395420074,
		0.071739420294761658,
		1.7508655786514282,
		0.014338030479848385,
		2.597597599029541,
		0.20092950761318207,
		1.305992603302002,
		0.014338030479848385,
		0.22965481877326965,
		2.5832102298736572,
		0.21526753902435303,
		3.9179282188415527,
		0.028725329786539078,
		0.20092950761318207,
		1.7078021764755249,
		0.1148027777671814,
		0.21526753902435303,
		3.3295271396636963,
		0.22965481877326965,
		2.6119358539581299,
		0.14352810382843018,
		0.014338030479848385,
		3.3725905418395996,
		0.014338030479848385,
		0.37313365936279297,
		0.014338030479848385,
		1.8943936824798584,
		44.144870758056641
	],
	"end" : 11.820555686950684,
	"labels" : 
	[
		"Prep",
		"Scan",
		"Break",
		"Prep",
		"Break",
		"Prep",
		"Scan",
		"Break",
		"Prep",
		"Scan",
		"Prep",
		"Scan",
		"Break",
		"Prep",
		"Scan",
		"Prep",
		"Scan",
		"Break",
		"Scan",
		"Break",
		"Prep",
		"Break",
		"Prep",
		"Scan",
		"Break",
		"Prep",
		"Break",
		"Scan",
		"Break",
		"Prep",
		"Break",
		"Scan",
		"Break",
		"Prep",
		"Scan",
		"Scan",
		"Prep",
		"Break",
		"Scan",
		"Break",
		"Scan",
		"Prep",
		"Scan",
		"Break",
		"Prep",
		"Scan",
		"Break",
		"Scan",
		"Break",
		"Prep",
		"Scan",
		"Break",
		"Prep",
		"Scan",
		"Prep",
		"Scan",
		"Prep",
		"Break",
		"Scan",
		"Break",
		"Break",
		"Prep",
		"Scan",
		"Dead"
	],
	"start" : 9.8869447708129883
}