{
	"data" : 
	[
		0.74635553359985352,
		0.74635553359985352,
		1.2258678674697876,
		0.053441837430000305,
		4.1578483581542969,
		0.90631508827209473,
		9.5422964096069336,
		0.053441837430000305,
		1.54578697681427,
		15.885769844055176,
		0.42680260539054871,
		8.7424993515014648,
		0.10651763528585434,
		7.7831087112426758,
		3.3584170341491699,
		7.9961433410644531,
		0.42643660306930542,
		15.512775421142578,
		20.683820724487305
	],
	"end" : 16.659444808959961,
	"labels" : 
	[
		"Prep",
		"Scan",
		"Break",
		"Prep",
		"Scan",
		"Prep",
		"Scan",
		"Break",
		"Prep",
		"Scan",
		"Prep",
		"Scan",
		"Prep",
		"Scan",
		"Break",
		"Scan",
		"Prep",
		"Scan",
		"Dead"
	],
	"start" : 16.138889312744141
}