{
	"data" : 
	[
		0.56557261943817139,
		0.97686606645584106,
		3.4448034763336182,
		1.4910712242126465,
		0.051367554813623428,
		0.41129344701766968,
		1.1311452388763428,
		0.20564672350883484,
		1.1825127601623535,
		0.051544070243835449,
		0.10273510962724686,
		0.35992589592933655,
		1.0284100770950317,
		3.4448034763336182,
		0.87395447492599487,
		0.35992589592933655,
		3.753361701965332,
		0.051367554813623428,
		1.6967178583145142,
		8.4322214126586914,
		0.41129344701766968,
		1.2854243516921997,
		0.35992589592933655,
		5.9127402305603027,
		0.15427917242050171,
		0.87395447492599487,
		0.8741309642791748,
		12.134038925170898,
		0.41129344701766968,
		0.10273510962724686,
		1.9023644924163818,
		0.051544070243835449,
		0.35992589592933655,
		0.92549854516983032,
		0.87395447492599487,
		0.92549854516983032,
		0.051367554813623428,
		0.8741309642791748,
		0.92549854516983032,
		0.87395447492599487,
		0.92549854516983032,
		0.051544070243835449,
		0.4626610279083252,
		0.8741309642791748,
		0.87395447492599487,
		36.813411712646484
	],
	"end" : 14.119166374206543,
	"labels" : 
	[
		"Prep",
		"Scan",
		"Break",
		"Prep",
		"Break",
		"Break",
		"Scan",
		"Break",
		"Prep",
		"Break",
		"Break",
		"Break",
		"Scan",
		"Break",
		"Prep",
		"Break",
		"Scan",
		"Break",
		"Prep",
		"Scan",
		"Break",
		"Prep",
		"Break",
		"Scan",
		"Prep",
		"Break",
		"Scan",
		"Break",
		"Prep",
		"Break",
		"Scan",
		"Prep",
		"Break",
		"Scan",
		"Break",
		"Scan",
		"Prep",
		"Break",
		"Scan",
		"Break",
		"Scan",
		"Break",
		"Prep",
		"Break",
		"Scan",
		"Dead"
	],
	"start" : 13.579444885253906
}