{
	"data" : 
	[
		1.2253401279449463,
		0.94254440069198608,
		0.94222080707550049,
		0.094480939209461212,
		3.3925776481628418,
		0.18863829970359802,
		1.6022932529449463,
		19.037261962890625,
		0.18863829970359802,
		15.173574447631836,
		0.094157367944717407,
		0.094157367944717407,
		14.890778541564941,
		0.18831473588943481,
		18.377836227416992,
		23.467187881469727
	],
	"end" : 8.3072223663330078,
	"labels" : 
	[
		"Prep",
		"Scan",
		"Break",
		"Prep",
		"Scan",
		"Break",
		"Prep",
		"Scan",
		"Prep",
		"Scan",
		"Break",
		"Prep",
		"Scan",
		"Prep",
		"Scan",
		"Dead"
	],
	"start" : 8.0127773284912109
}