{
	"data" : 
	[
		0.81099945306777954,
		1.3271130323410034,
		2.285682201385498,
		2.137859582901001,
		0.073911316692829132,
		0.51611363887786865,
		1.6219989061355591,
		0.88465768098831177,
		1.6219989061355591,
		0.073658190667629242,
		0.073658190667629242,
		0.073911316692829132,
		0.073658190667629242,
		0.51611363887786865,
		1.3271130323410034,
		0.073658190667629242,
		1.4007712602615356,
		0.51611363887786865,
		4.2023138999938965,
		2.5069098472595215,
		12.091081619262695,
		0.5897718071937561,
		1.8432265520095825,
		0.51611363887786865,
		7.0041098594665527,
		0.22122772037982941,
		1.2532017230987549,
		1.3271130323410034,
		2.21177077293396,
		0.5897718071937561,
		0.073911316692829132,
		1.5480877161026001,
		0.073911316692829132,
		0.51586043834686279,
		1.2534549236297607,
		0.073658190667629242,
		1.2534549236297607,
		1.3271130323410034,
		0.073658190667629242,
		1.2534549236297607,
		1.2532017230987549,
		0.073911316692829132,
		1.2532017230987549,
		1.3271130323410034,
		0.66343003511428833,
		1.2534549236297607,
		1.3271130323410034,
		35.536407470703125
	],
	"end" : 14.495555877685547,
	"labels" : 
	[
		"Prep",
		"Scan",
		"Break",
		"Prep",
		"Break",
		"Break",
		"Scan",
		"Break",
		"Prep",
		"Break",
		"Prep",
		"Break",
		"Prep",
		"Break",
		"Scan",
		"Break",
		"Prep",
		"Break",
		"Scan",
		"Prep",
		"Scan",
		"Break",
		"Prep",
		"Break",
		"Scan",
		"Prep",
		"Break",
		"Scan",
		"Break",
		"Prep",
		"Break",
		"Scan",
		"Prep",
		"Break",
		"Scan",
		"Break",
		"Break",
		"Scan",
		"Prep",
		"Break",
		"Scan",
		"Break",
		"Break",
		"Scan",
		"Prep",
		"Break",
		"Scan",
		"Dead"
	],
	"start" : 14.119166374206543
}