{
	"data" : 
	[
		1.2007007598876953,
		1.520869255065918,
		3.442155122756958,
		0.64033704996109009,
		6.2436985969543457,
		0.080248244106769562,
		0.4801153838634491,
		86.291877746582031
	],
	"end" : 13.579444885253906,
	"labels" : 
	[
		"Prep",
		"Scan",
		"Break",
		"Prep",
		"Scan",
		"Break",
		"Scan",
		"Dead"
	],
	"start" : 13.23277759552002
}