{
	"data" : 
	[
		1.0701416730880737,
		1.0696167945861816,
		2.3696367740631104,
		0.53533321619033813,
		9.2486686706542969,
		1.2989703416824341,
		11.006871223449707,
		0.22935354709625244,
		23.312713623046875,
		0.076101288199424744,
		0.53533321619033813,
		11.541679382324219,
		0.076101288199424744,
		0.61143451929092407,
		16.127700805664062,
		20.790348052978516
	],
	"end" : 17.601110458374023,
	"labels" : 
	[
		"Prep",
		"Scan",
		"Break",
		"Prep",
		"Scan",
		"Prep",
		"Scan",
		"Prep",
		"Scan",
		"Break",
		"Prep",
		"Scan",
		"Break",
		"Prep",
		"Scan",
		"Dead"
	],
	"start" : 17.238056182861328
}