{
	"data" : 
	[
		1.0930306911468506,
		1.1773320436477661,
		4.2886872291564941,
		6.3907361030578613,
		0.084301359951496124,
		1.8500106334686279,
		12.445422172546387,
		2.5226895809173584,
		25.059158325195312,
		0.67267870903015137,
		13.790779113769531,
		0.25232666730880737,
		13.454440116882324,
		16.818410873413086
	],
	"end" : 15.282500267028809,
	"labels" : 
	[
		"Prep",
		"Scan",
		"Break",
		"Scan",
		"Break",
		"Prep",
		"Scan",
		"Prep",
		"Scan",
		"Prep",
		"Scan",
		"Prep",
		"Scan",
		"Dead"
	],
	"start" : 14.952500343322754
}