{
	"data" : 
	[
		0.66802799701690674,
		1.7611837387084961,
		3.0970311164855957,
		0.66802799701690674,
		1.0324827432632446,
		0.060672953724861145,
		0.54668211936950684,
		0.060672953724861145,
		0.30357328057289124,
		9.8988656997680664,
		2.672111988067627,
		0.66802799701690674,
		0.2429003119468689,
		0.06088145449757576,
		16.579145431518555,
		0.48580062389373779,
		0.66802799701690674,
		0.85025537014007568,
		0.060672953724861145,
		0.30357328057289124,
		0.06088145449757576,
		18.70457649230957,
		0.060672953724861145,
		4.0690493583679199,
		9.2308378219604492,
		12.206522941589355,
		14.878844261169434
	],
	"end" : 14.952500343322754,
	"labels" : 
	[
		"Prep",
		"Scan",
		"Break",
		"Prep",
		"Break",
		"Prep",
		"Break",
		"Prep",
		"Break",
		"Scan",
		"Break",
		"Prep",
		"Break",
		"Prep",
		"Scan",
		"Break",
		"Prep",
		"Break",
		"Prep",
		"Break",
		"Prep",
		"Scan",
		"Break",
		"Prep",
		"Scan",
		"Scan",
		"Dead"
	],
	"start" : 14.495555877685547
}