{
	"data" : 
	[
		26.500940322875977,
		20.397184371948242,
		30.574777603149414,
		2.0439181327819824,
		20.383184432983398
	],
	"end" : 18.663055419921875,
	"labels" : 
	[
		"Prep",
		"Scan",
		"Break",
		"Prep",
		"Scan"
	],
	"start" : 18.649444580078125
}