{
	"data" : 
	[
		1.045343279838562,
		1.0450869798660278,
		4.1065220832824707,
		0.074850469827651978,
		5.375648021697998,
		0.074594132602214813,
		1.6426090002059937,
		11.796895027160645,
		2.2398748397827148,
		22.249814987182617,
		0.59726572036743164,
		13.140872001647949,
		0.2240387350320816,
		10.900997161865234,
		25.385587692260742
	],
	"end" : 16.138889312744141,
	"labels" : 
	[
		"Prep",
		"Scan",
		"Break",
		"Prep",
		"Scan",
		"Break",
		"Prep",
		"Scan",
		"Prep",
		"Scan",
		"Prep",
		"Scan",
		"Prep",
		"Scan",
		"Dead"
	],
	"start" : 15.76722240447998
}