{
	"data" : 
	[
		0.67259675264358521,
		0.67276173830032349,
		1.5377174615859985,
		3.555837869644165,
		0.81694847345352173,
		0.096014544367790222,
		0.048007272183895111,
		8.0728111267089844,
		0.33638086915016174,
		7.3038692474365234,
		0.33638086915016174,
		9.3701620101928711,
		0.14418679475784302,
		14.271357536315918,
		0.048007272183895111,
		15.424687385559082,
		37.192272186279297
	],
	"end" : 10.921388626098633,
	"labels" : 
	[
		"Prep",
		"Scan",
		"Break",
		"Scan",
		"Prep",
		"Break",
		"Prep",
		"Scan",
		"Prep",
		"Scan",
		"Prep",
		"Scan",
		"Prep",
		"Scan",
		"Break",
		"Scan",
		"Dead"
	],
	"start" : 10.343889236450195
}