{
	"data" : 
	[
		0.67146879434585571,
		1.0070385932922363,
		0.04807966947555542,
		0.7192191481590271,
		0.86345815658569336,
		0.047750353813171387,
		0.67146879434585571,
		0.86345815658569336,
		3.1172749996185303,
		0.76729881763458252,
		3.501253604888916,
		7.7691473960876465,
		0.04807966947555542,
		0.04807966947555542,
		4.6041221618652344,
		0.76729881763458252,
		5.8509006500244141,
		0.43172907829284668,
		0.04807966947555542,
		5.8509006500244141,
		5.1797609329223633,
		0.76729881763458252,
		0.04807966947555542,
		5.8989801406860352,
		0.04807966947555542,
		5.6592402458190918,
		0.047750353813171387,
		0.04807966947555542,
		0.23973971605300903,
		0.76729881763458252,
		3.5490038394927979,
		0.43172907829284668,
		4.1246428489685059,
		0.7192191481590271,
		6.7624378204345703,
		0.7192191481590271,
		7.0021781921386719,
		0.04807966947555542,
		0.047750353813171387,
		5.5153307914733887,
		14.579995155334473
	],
	"end" : 17.238056182861328,
	"labels" : 
	[
		"Prep",
		"Scan",
		"Break",
		"Prep",
		"Scan",
		"Break",
		"Prep",
		"Scan",
		"Break",
		"Prep",
		"Scan",
		"Scan",
		"Prep",
		"Break",
		"Scan",
		"Prep",
		"Scan",
		"Break",
		"Prep",
		"Scan",
		"Scan",
		"Break",
		"Prep",
		"Scan",
		"Prep",
		"Scan",
		"Prep",
		"Scan",
		"Break",
		"Prep",
		"Scan",
		"Prep",
		"Scan",
		"Prep",
		"Scan",
		"Prep",
		"Scan",
		"Break",
		"Prep",
		"Scan",
		"Dead"
	],
	"start" : 16.659444808959961
}