{
	"data" : 
	[
		0.89568376541137695,
		0.83602613210678101,
		2.3885583877563477,
		0.83582115173339844,
		4.0606107711791992,
		1.373354434967041,
		0.1195201650261879,
		0.059657584875822067,
		9.8527259826660156,
		3.1050643920898438,
		1.4926695823669434,
		17.734907150268555,
		0.059657584875822067,
		0.47767063975334167,
		9.7930688858032227,
		0.17917774617671967,
		8.4195098876953125,
		0.059657584875822067,
		0.4180130660533905,
		24.840719223022461,
		12.897928237915039
	],
	"end" : 8.7719440460205078,
	"labels" : 
	[
		"Prep",
		"Scan",
		"Break",
		"Prep",
		"Scan",
		"Prep",
		"Break",
		"Prep",
		"Scan",
		"Break",
		"Prep",
		"Scan",
		"Break",
		"Prep",
		"Scan",
		"Prep",
		"Scan",
		"Break",
		"Prep",
		"Scan",
		"Dead"
	],
	"start" : 8.3072223663330078
}