{
	"data" : 
	[
		0.80153030157089233,
		0.8013337254524231,
		1.3168840408325195,
		0.85872632265090942,
		4.2936315536499023,
		1.3166874647140503,
		10.190323829650879,
		0.057392556220293045,
		0.28617659211158752,
		17.060329437255859,
		0.45796114206314087,
		9.3315973281860352,
		0.057196006178855896,
		0.11458857357501984,
		8.1294984817504883,
		4.4080238342285156,
		8.1294984817504883,
		0.51515716314315796,
		16.60236930847168,
		15.171093940734863
	],
	"end" : 15.76722240447998,
	"labels" : 
	[
		"Prep",
		"Scan",
		"Break",
		"Prep",
		"Scan",
		"Prep",
		"Scan",
		"Break",
		"Prep",
		"Scan",
		"Prep",
		"Scan",
		"Break",
		"Prep",
		"Scan",
		"Break",
		"Scan",
		"Prep",
		"Scan",
		"Dead"
	],
	"start" : 15.282500267028809
}