{
	"data" : 
	[
		0.24715842306613922,
		0.37073761224746704,
		0.61783546209335327,
		2.3478837013244629,
		0.017697462812066078,
		0.035273712128400803,
		2.877474308013916,
		0.12357921153306961,
		1.5358610153198242,
		0.12357921153306961,
		2.4008548259735107,
		89.202064514160156
	],
	"end" : 10.343889236450195,
	"labels" : 
	[
		"Prep",
		"Scan",
		"Break",
		"Scan",
		"Break",
		"Break",
		"Scan",
		"Break",
		"Scan",
		"Prep",
		"Scan",
		"Dead"
	],
	"start" : 8.7719440460205078
}