{
	"data" : 
	[
		0.27548006176948547,
		0.88108247518539429,
		0.38552084565162659,
		0.7158321738243103,
		0.055209457874298096,
		1.9824354648590088,
		0.66100090742111206,
		0.77085262537002563,
		2.4783754348754883,
		0.44054123759269714,
		4.0202693939208984,
		0.93610286712646484,
		7.2144770622253418,
		1.6521240472793579,
		16.411388397216797,
		0.49556159973144531,
		8.9766416549682617,
		0.16525022685527802,
		7.8202681541442871,
		43.56158447265625
	],
	"end" : 11.425277709960938,
	"labels" : 
	[
		"Prep",
		"Break",
		"Prep",
		"Break",
		"Prep",
		"Break",
		"Prep",
		"Scan",
		"Break",
		"Prep",
		"Scan",
		"Prep",
		"Scan",
		"Prep",
		"Scan",
		"Prep",
		"Scan",
		"Prep",
		"Scan",
		"Dead"
	],
	"start" : 10.921388626098633
}