{
	"data" : 
	[
		1.5470151901245117,
		2.3208074569702148,
		4.1992311477661133,
		1.7682070732116699,
		0.33159813284873962,
		12.487476348876953,
		0.22100216150283813,
		0.1105959340929985,
		16.907899856567383,
		0.11040624231100082,
		9.945857048034668,
		0.88400864601135254,
		12.377070426940918,
		0.11040624231100082,
		1.5472049713134766,
		7.2936406135559082,
		27.737575531005859
	],
	"end" : 8.0127773284912109,
	"labels" : 
	[
		"Prep",
		"Scan",
		"Break",
		"Prep",
		"Break",
		"Scan",
		"Break",
		"Prep",
		"Scan",
		"Break",
		"Scan",
		"Prep",
		"Scan",
		"Break",
		"Prep",
		"Scan",
		"Dead"
	],
	"start" : 7.7616667747497559
}