{
	"data" : 
	[
		0.37060654163360596,
		0.55600070953369141,
		1.1381746530532837,
		0.37060654163360596,
		0.079428672790527344,
		2.9646706581115723,
		0.026536809280514717,
		0.052891857922077179,
		4.0764904022216797,
		2.382314920425415,
		0.21174919605255127,
		1.7470673322677612,
		0.026536809280514717,
		0.23810423910617828,
		2.4617433547973633,
		83.19708251953125
	],
	"end" : 18.649444580078125,
	"labels" : 
	[
		"Prep",
		"Scan",
		"Break",
		"Prep",
		"Break",
		"Scan",
		"Break",
		"Break",
		"Scan",
		"Scan",
		"Prep",
		"Scan",
		"Break",
		"Prep",
		"Scan",
		"Dead"
	],
	"start" : 17.601110458374023
}