{
	"data" : 
	[
		0.62273818254470825,
		0.044437669217586517,
		0.48927247524261475,
		0.13346570730209351,
		0.6225854754447937,
		9.8298873901367188,
		0.04459037259221077,
		1.2899140119552612,
		0.6225854754447937,
		1.1120105981826782,
		0.044437669217586517,
		10.096818923950195,
		0.088875338435173035,
		1.0231354236602783,
		12.276096343994141,
		0.97854495048522949,
		12.898987770080566,
		5.6043381690979004,
		0.13346570730209351,
		13.699628829956055,
		0.044437669217586517,
		0.35580676794052124,
		0.044437669217586517,
		12.2318115234375,
		15.567690849304199
	],
	"end" : 12.690278053283691,
	"labels" : 
	[
		"Prep",
		"Break",
		"Scan",
		"Break",
		"Prep",
		"Scan",
		"Break",
		"Prep",
		"Break",
		"Break",
		"Prep",
		"Scan",
		"Prep",
		"Break",
		"Scan",
		"Prep",
		"Scan",
		"Break",
		"Prep",
		"Scan",
		"Prep",
		"Break",
		"Prep",
		"Scan",
		"Dead"
	],
	"start" : 12.066389083862305
}