{
	"data" : 
	[
		0.56267642974853516,
		1.1253528594970703,
		1.7391337156295776,
		0.51157194375991821,
		0.35790717601776123,
		6.8033967018127441,
		0.51139628887176514,
		0.56267642974853516,
		0.35808277130126953,
		4.8083896636962891,
		0.051104508340358734,
		1.7391337156295776,
		8.1331682205200195,
		0.051104508340358734,
		1.0742483139038086,
		0.051104508340358734,
		0.35808277130126953,
		1.2788419723510742,
		0.10238462686538696,
		1.0229681730270386,
		3.069080114364624,
		0.10238462686538696,
		8.8493328094482422,
		0.051104508340358734,
		0.15348914265632629,
		0.051104508340358734,
		0.051104508340358734,
		0.35808277130126953,
		3.3249542713165283,
		0.051104508340358734,
		0.20459364354610443,
		0.56267642974853516,
		0.051280125975608826,
		28.593936920166016,
		23.223047256469727
	],
	"end" : 13.23277759552002,
	"labels" : 
	[
		"Prep",
		"Scan",
		"Break",
		"Prep",
		"Break",
		"Scan",
		"Break",
		"Prep",
		"Break",
		"Scan",
		"Break",
		"Prep",
		"Scan",
		"Break",
		"Prep",
		"Break",
		"Break",
		"Scan",
		"Break",
		"Prep",
		"Break",
		"Prep",
		"Scan",
		"Break",
		"Prep",
		"Break",
		"Prep",
		"Break",
		"Scan",
		"Break",
		"Prep",
		"Break",
		"Prep",
		"Scan",
		"Dead"
	],
	"start" : 12.690278053283691
}