{
	"data" : 
	[
		0.60600930452346802,
		0.47612899541854858,
		1.6015111207962036,
		0.77913367748260498,
		0.47612899541854858,
		2.6402571201324463,
		0.043392527848482132,
		0.043243922293186188,
		10.30156421661377,
		1.298506498336792,
		0.086636453866958618,
		0.043243922293186188,
		13.937620162963867,
		0.086487844586372375,
		11.556975364685059,
		0.043243922293186188,
		1.3417505025863647,
		11.816587448120117,
		4.458284854888916,
		0.82237756252288818,
		6.9688100814819336,
		0.043243922293186188,
		11.6002197265625,
		18.828641891479492
	],
	"end" : 12.066389083862305,
	"labels" : 
	[
		"Prep",
		"Scan",
		"Break",
		"Prep",
		"Scan",
		"Break",
		"Prep",
		"Break",
		"Scan",
		"Prep",
		"Break",
		"Prep",
		"Scan",
		"Prep",
		"Scan",
		"Break",
		"Prep",
		"Scan",
		"Break",
		"Prep",
		"Scan",
		"Prep",
		"Scan",
		"Dead"
	],
	"start" : 11.425277709960938
}