{
	"data" : 
	[
		1.2399550676345825,
		1.2399550676345825,
		1.7711471319198608,
		1.2399550676345825,
		6.4652194976806641,
		0.088481351733207703,
		2.0371994972229004,
		1.0626883506774902,
		84.755401611328125
	],
	"end" : 13.875277519226074,
	"labels" : 
	[
		"Prep",
		"Scan",
		"Break",
		"Prep",
		"Scan",
		"Break",
		"Prep",
		"Scan",
		"Dead"
	],
	"start" : 13.561944007873535
}