{
	"data" : 
	[
		0.88424360752105713,
		0.88467752933502197,
		0.94802367687225342,
		0.94758981466293335,
		4.6129918098449707,
		0.062912322580814362,
		1.0742822885513306,
		10.615695953369141,
		4.6759047508239746,
		1.8322672843933105,
		18.83030891418457,
		0.50546801090240479,
		0.063346207141876221,
		10.299398422241211,
		0.063346207141876221,
		8.972599983215332,
		11.879582405090332,
		8.972599983215332,
		0.062912322580814362,
		0.50590187311172485,
		13.205947875976562
	],
	"end" : 18.848054885864258,
	"labels" : 
	[
		"Prep",
		"Scan",
		"Break",
		"Prep",
		"Scan",
		"Break",
		"Prep",
		"Scan",
		"Break",
		"Prep",
		"Scan",
		"Prep",
		"Break",
		"Scan",
		"Prep",
		"Scan",
		"Break",
		"Scan",
		"Break",
		"Prep",
		"Scan"
	],
	"start" : 18.408889770507812
}