{
	"data" : 
	[
		0.48427042365074158,
		0.45191183686256409,
		1.5492221117019653,
		0.45191183686256409,
		2.3564133644104004,
		0.77461105585098267,
		0.1613495945930481,
		5.4550790786743164,
		0.032136939465999603,
		0.80696964263916016,
		9.6186971664428711,
		2.3887720108032227,
		0.25820368528366089,
		5.6807026863098145,
		0.58112454414367676,
		1.3233770132064819,
		0.51640737056732178,
		0.54876595735549927,
		0.032358571887016296,
		0.48404881358146667,
		0.54876595735549927,
		0.032358571887016296,
		4.6802463531494141,
		2.5498998165130615,
		0.51640737056732178,
		2.679112434387207,
		5.2290124893188477,
		0.51640737056732178,
		3.5505776405334473,
		0.54876595735549927,
		0.51640737056732178,
		3.5505776405334473,
		3.5827145576477051,
		3.744286060333252,
		3.6150732040405273,
		2.0013556480407715,
		0.32269918918609619,
		4.1961979866027832,
		0.032136939465999603,
		5.2935080528259277,
		0.032358571887016296,
		0.35505777597427368,
		3.0663073062896729,
		14.783434867858887
	],
	"end" : 18.408889770507812,
	"labels" : 
	[
		"Prep",
		"Scan",
		"Break",
		"Prep",
		"Scan",
		"Prep",
		"Break",
		"Scan",
		"Break",
		"Prep",
		"Scan",
		"Break",
		"Prep",
		"Scan",
		"Prep",
		"Scan",
		"Prep",
		"Scan",
		"Break",
		"Prep",
		"Scan",
		"Prep",
		"Scan",
		"Break",
		"Prep",
		"Scan",
		"Scan",
		"Break",
		"Scan",
		"Break",
		"Prep",
		"Scan",
		"Break",
		"Scan",
		"Scan",
		"Break",
		"Prep",
		"Scan",
		"Prep",
		"Scan",
		"Break",
		"Prep",
		"Scan",
		"Dead"
	],
	"start" : 17.549165725708008
}