{
	"data" : 
	[
		1.0352832078933716,
		0.739524245262146,
		1.7006772756576538,
		0.073876261711120605,
		1.4049183130264282,
		5.7679333686828613,
		0.073876261711120605,
		0.44351145625114441,
		0.074130132794380188,
		2.4402015209197998,
		1.9964362382888794,
		13.827808380126953,
		0.14775252342224121,
		10.943841934204102,
		0.074130132794380188,
		0.14775252342224121,
		11.831372261047363,
		0.14775252342224121,
		0.14800639450550079,
		14.271319389343262,
		32.609893798828125
	],
	"end" : 14.250555992126465,
	"labels" : 
	[
		"Prep",
		"Scan",
		"Break",
		"Prep",
		"Scan",
		"Break",
		"Prep",
		"Break",
		"Prep",
		"Break",
		"Prep",
		"Scan",
		"Prep",
		"Scan",
		"Break",
		"Prep",
		"Scan",
		"Break",
		"Prep",
		"Scan",
		"Dead"
	],
	"start" : 13.875277519226074
}