{
	"data" : 
	[
		0.60417681932449341,
		0.60417681932449341,
		0.86300396919250488,
		0.3020884096622467,
		3.3659374713897705,
		0.043261311948299408,
		0.73351627588272095,
		7.2067127227783203,
		0.99249154329299927,
		0.12948761880397797,
		12.859573364257812,
		0.34534972906112671,
		7.0339632034301758,
		0.043113157153129578,
		6.17095947265625,
		6.2140727043151855,
		6.1276984214782715,
		0.043261311948299408,
		0.34520158171653748,
		9.4505233764648438,
		36.421432495117188
	],
	"end" : 11.983611106872559,
	"labels" : 
	[
		"Prep",
		"Scan",
		"Break",
		"Prep",
		"Scan",
		"Break",
		"Prep",
		"Scan",
		"Break",
		"Prep",
		"Scan",
		"Prep",
		"Scan",
		"Break",
		"Scan",
		"Break",
		"Scan",
		"Break",
		"Prep",
		"Scan",
		"Dead"
	],
	"start" : 11.340555191040039
}