{
	"data" : 
	[
		0.79832917451858521,
		0.34219706058502197,
		3.7633843421936035,
		0.056771818548440933,
		1.0833629369735718,
		5.5311412811279297,
		1.7105937004089355,
		2.2810525894165039,
		1.4823318719863892,
		0.11393516510725021,
		0.62723070383071899,
		4.9610738754272461,
		8.0396728515625,
		0.11393516510725021,
		1.5966583490371704,
		0.057163350284099579,
		1.6534303426742554,
		1.5394951105117798,
		2.4521510601043701,
		1.140526294708252,
		0.056771818548440933,
		0.45613223314285278,
		0.057163350284099579,
		6.8423748016357422,
		0.22826187312602997,
		0.17109853029251099,
		0.57006740570068359,
		0.057163350284099579,
		10.605759620666504,
		0.11393516510725021,
		1.0265910625457764,
		1.1972980499267578,
		0.057163350284099579,
		0.2850337028503418,
		5.7018485069274902,
		33.128902435302734
	],
	"end" : 17.549165725708008,
	"labels" : 
	[
		"Prep",
		"Scan",
		"Break",
		"Prep",
		"Scan",
		"Break",
		"Prep",
		"Break",
		"Break",
		"Prep",
		"Break",
		"Scan",
		"Break",
		"Prep",
		"Break",
		"Prep",
		"Break",
		"Break",
		"Break",
		"Break",
		"Prep",
		"Break",
		"Prep",
		"Scan",
		"Break",
		"Prep",
		"Break",
		"Prep",
		"Scan",
		"Prep",
		"Break",
		"Break",
		"Prep",
		"Break",
		"Scan",
		"Dead"
	],
	"start" : 17.0625
}