{
	"data" : 
	[
		0.73536896705627441,
		0.78784376382827759,
		2.9412956237792969,
		0.42015931010246277,
		3.8342692852020264,
		0.052474834024906158,
		0.10512999445199966,
		0.57776415348052979,
		0.94526833295822144,
		8.7715921401977539,
		0.052474834024906158,
		0.99792343378067017,
		15.652106285095215,
		0.42015931010246277,
		8.6139869689941406,
		0.3150293231010437,
		0.052474834024906158,
		7.4584593772888184,
		6.6179599761962891,
		7.4584593772888184,
		0.052474834024906158,
		0.42015931010246277,
		15.284422874450684,
		17.332744598388672
	],
	"end" : 11.340555191040039,
	"labels" : 
	[
		"Prep",
		"Scan",
		"Break",
		"Prep",
		"Scan",
		"Break",
		"Prep",
		"Break",
		"Prep",
		"Scan",
		"Break",
		"Prep",
		"Scan",
		"Prep",
		"Scan",
		"Break",
		"Prep",
		"Scan",
		"Break",
		"Scan",
		"Break",
		"Prep",
		"Scan",
		"Dead"
	],
	"start" : 10.812222480773926
}