{
	"data" : 
	[
		0.45367217063903809,
		0.48841336369514465,
		2.7216734886169434,
		0.034980796277523041,
		3.4544734954833984,
		0.5931161642074585,
		5.7923169136047363,
		0.034860998392105103,
		1.0469081401824951,
		11.235664367675781,
		0.27912759780883789,
		6.1412858963012695,
		0.27912759780883789,
		6.664680004119873,
		3.0706429481506348,
		6.6645603179931641,
		0.034980796277523041,
		0.27912759780883789,
		10.154014587402344,
		40.476375579833984
	],
	"end" : 12.778888702392578,
	"labels" : 
	[
		"Prep",
		"Scan",
		"Break",
		"Prep",
		"Scan",
		"Prep",
		"Scan",
		"Break",
		"Prep",
		"Scan",
		"Prep",
		"Scan",
		"Prep",
		"Scan",
		"Break",
		"Scan",
		"Break",
		"Prep",
		"Scan",
		"Dead"
	],
	"start" : 11.983611106872559
}