{
	"data" : 
	[
		1.0521657466888428,
		1.5786358118057251,
		1.4281789064407349,
		1.4281789064407349,
		1.5786358118057251,
		3.0068144798278809,
		1.0524238348007202,
		6.690040111541748,
		0.075099393725395203,
		0.075099393725395203,
		8.1184768676757812,
		0.15019878745079041,
		0.75176817178726196,
		0.22555626928806305,
		0.075099393725395203,
		6.690040111541748,
		0.52621191740036011,
		9.0955429077148438,
		56.301837921142578
	],
	"end" : 8.9988889694213867,
	"labels" : 
	[
		"Prep",
		"Scan",
		"Break",
		"Prep",
		"Scan",
		"Break",
		"Prep",
		"Scan",
		"Prep",
		"Break",
		"Scan",
		"Break",
		"Prep",
		"Break",
		"Prep",
		"Scan",
		"Prep",
		"Scan",
		"Dead"
	],
	"start" : 8.6297225952148438
}